row_id,record_id,event_id,stage,role,time,coordinate,value,writer_field_T,source_time_s,protocol_segment
U1537A-24H-4W-126cm:hys:positive-history,U1537A-24H-4W-126cm,hys:positive-history,POST_WRITE,RECORD_READOUT,0,0.0,7.040729184278064e-07,1.500370361982332,90.34624203170503,HYSTERESIS_ZERO_FIELD_INTERPOLANT
U1537A-24H-4W-126cm:hys:negative-history,U1537A-24H-4W-126cm,hys:negative-history,POST_WRITE,RECORD_READOUT,1,0.0,-7.034195886458514e-07,-1.5001961868189653,271.93360426189173,HYSTERESIS_ZERO_FIELD_INTERPOLANT
U1537A-24H-4W-126cm:dcd:000,U1537A-24H-4W-126cm,dcd:000,POST_WRITE,RECORD_READOUT,2,0.0,6.913415110937991e-07,-1.7616834194576243e-06,0.0,DCD_WRITER_OFF_READOUT
U1537A-24H-4W-126cm:dcd:001,U1537A-24H-4W-126cm,dcd:001,POST_WRITE,RECORD_READOUT,3,0.0,6.906722123424957e-07,-9.973081237993616e-05,6.76,DCD_WRITER_OFF_READOUT
U1537A-24H-4W-126cm:dcd:002,U1537A-24H-4W-126cm,dcd:002,POST_WRITE,RECORD_READOUT,4,0.0,6.89047573334653e-07,-0.0002037365799291888,15.97,DCD_WRITER_OFF_READOUT
U1537A-24H-4W-126cm:dcd:003,U1537A-24H-4W-126cm,dcd:003,POST_WRITE,RECORD_READOUT,5,0.0,6.873105509132375e-07,-0.0003149179420647612,25.58,DCD_WRITER_OFF_READOUT
U1537A-24H-4W-126cm:dcd:004,U1537A-24H-4W-126cm,dcd:004,POST_WRITE,RECORD_READOUT,6,0.0,6.862336628410438e-07,-0.00043104556350872337,34.59,DCD_WRITER_OFF_READOUT
U1537A-24H-4W-126cm:dcd:005,U1537A-24H-4W-126cm,dcd:005,POST_WRITE,RECORD_READOUT,7,0.0,6.844463609413226e-07,-0.0005517340264700731,44.27,DCD_WRITER_OFF_READOUT
U1537A-24H-4W-126cm:dcd:006,U1537A-24H-4W-126cm,dcd:006,POST_WRITE,RECORD_READOUT,8,0.0,6.8281410149647e-07,-0.0006801111946359775,53.64,DCD_WRITER_OFF_READOUT
U1537A-24H-4W-126cm:dcd:007,U1537A-24H-4W-126cm,dcd:007,POST_WRITE,RECORD_READOUT,9,0.0,6.806856788757271e-07,-0.0008125820759888537,64.27,DCD_WRITER_OFF_READOUT
U1537A-24H-4W-126cm:dcd:008,U1537A-24H-4W-126cm,dcd:008,POST_WRITE,RECORD_READOUT,10,0.0,6.78137120877905e-07,-0.0009526830915756812,75.49,DCD_WRITER_OFF_READOUT
U1537A-24H-4W-126cm:dcd:009,U1537A-24H-4W-126cm,dcd:009,POST_WRITE,RECORD_READOUT,11,0.0,6.762720135215116e-07,-0.0011005924295873885,86.69,DCD_WRITER_OFF_READOUT
U1537A-24H-4W-126cm:dcd:010,U1537A-24H-4W-126cm,dcd:010,POST_WRITE,RECORD_READOUT,12,0.0,6.747628126258421e-07,-0.0012505753148803558,97.29,DCD_WRITER_OFF_READOUT
U1537A-24H-4W-126cm:dcd:011,U1537A-24H-4W-126cm,dcd:011,POST_WRITE,RECORD_READOUT,13,0.0,6.722153849599178e-07,-0.0014159987012956946,108.25,DCD_WRITER_OFF_READOUT
U1537A-24H-4W-126cm:dcd:012,U1537A-24H-4W-126cm,dcd:012,POST_WRITE,RECORD_READOUT,14,0.0,6.697316131576513e-07,-0.0015827424250445714,119.52,DCD_WRITER_OFF_READOUT
U1537A-24H-4W-126cm:dcd:013,U1537A-24H-4W-126cm,dcd:013,POST_WRITE,RECORD_READOUT,15,0.0,6.669325401653187e-07,-0.0017613249188357227,131.13,DCD_WRITER_OFF_READOUT
U1537A-24H-4W-126cm:dcd:014,U1537A-24H-4W-126cm,dcd:014,POST_WRITE,RECORD_READOUT,16,0.0,6.644480616184773e-07,-0.0019458816763349295,142.38,DCD_WRITER_OFF_READOUT
U1537A-24H-4W-126cm:dcd:015,U1537A-24H-4W-126cm,dcd:015,POST_WRITE,RECORD_READOUT,17,0.0,6.620305014458956e-07,-0.00214047001715421,154.51,DCD_WRITER_OFF_READOUT
U1537A-24H-4W-126cm:dcd:016,U1537A-24H-4W-126cm,dcd:016,POST_WRITE,RECORD_READOUT,18,0.0,6.590108809604439e-07,-0.0023458633091141957,166.78,DCD_WRITER_OFF_READOUT
U1537A-24H-4W-126cm:dcd:017,U1537A-24H-4W-126cm,dcd:017,POST_WRITE,RECORD_READOUT,19,0.0,6.560183258059735e-07,-0.002561097350694543,178.89,DCD_WRITER_OFF_READOUT
U1537A-24H-4W-126cm:dcd:018,U1537A-24H-4W-126cm,dcd:018,POST_WRITE,RECORD_READOUT,20,0.0,6.524150735064454e-07,-0.002787304677384895,191.31,DCD_WRITER_OFF_READOUT
U1537A-24H-4W-126cm:dcd:019,U1537A-24H-4W-126cm,dcd:019,POST_WRITE,RECORD_READOUT,21,0.0,6.492129758596477e-07,-0.0030196070772789954,203.69,DCD_WRITER_OFF_READOUT
U1537A-24H-4W-126cm:dcd:020,U1537A-24H-4W-126cm,dcd:020,POST_WRITE,RECORD_READOUT,22,0.0,6.451481420930787e-07,-0.0032687645350091515,216.48,DCD_WRITER_OFF_READOUT
U1537A-24H-4W-126cm:dcd:021,U1537A-24H-4W-126cm,dcd:021,POST_WRITE,RECORD_READOUT,23,0.0,6.413942806103404e-07,-0.0035283161762439796,229.08,DCD_WRITER_OFF_READOUT
U1537A-24H-4W-126cm:dcd:022,U1537A-24H-4W-126cm,dcd:022,POST_WRITE,RECORD_READOUT,24,0.0,6.37108434798178e-07,-0.0038022220367325515,241.9,DCD_WRITER_OFF_READOUT
U1537A-24H-4W-126cm:dcd:023,U1537A-24H-4W-126cm,dcd:023,POST_WRITE,RECORD_READOUT,25,0.0,6.321704010338964e-07,-0.004088055453101428,255.74,DCD_WRITER_OFF_READOUT
U1537A-24H-4W-126cm:dcd:024,U1537A-24H-4W-126cm,dcd:024,POST_WRITE,RECORD_READOUT,26,0.0,6.273527557331987e-07,-0.004388495170124201,269.62,DCD_WRITER_OFF_READOUT
U1537A-24H-4W-126cm:dcd:025,U1537A-24H-4W-126cm,dcd:025,POST_WRITE,RECORD_READOUT,27,0.0,6.225563210393542e-07,-0.004698059673087047,282.57,DCD_WRITER_OFF_READOUT
U1537A-24H-4W-126cm:dcd:026,U1537A-24H-4W-126cm,dcd:026,POST_WRITE,RECORD_READOUT,28,0.0,6.171758852325074e-07,-0.005031358695031459,297.3,DCD_WRITER_OFF_READOUT
U1537A-24H-4W-126cm:dcd:027,U1537A-24H-4W-126cm,dcd:027,POST_WRITE,RECORD_READOUT,29,0.0,6.111394828020315e-07,-0.005376907665503212,312.43,DCD_WRITER_OFF_READOUT
U1537A-24H-4W-126cm:dcd:028,U1537A-24H-4W-126cm,dcd:028,POST_WRITE,RECORD_READOUT,30,0.0,6.052286298316564e-07,-0.005739723740510513,327.67,DCD_WRITER_OFF_READOUT
U1537A-24H-4W-126cm:dcd:029,U1537A-24H-4W-126cm,dcd:029,POST_WRITE,RECORD_READOUT,31,0.0,5.99037679208092e-07,-0.006120497178241788,342.92,DCD_WRITER_OFF_READOUT
U1537A-24H-4W-126cm:dcd:030,U1537A-24H-4W-126cm,dcd:030,POST_WRITE,RECORD_READOUT,32,0.0,5.92776874119181e-07,-0.0065177757552336004,357.7,DCD_WRITER_OFF_READOUT
U1537A-24H-4W-126cm:dcd:031,U1537A-24H-4W-126cm,dcd:031,POST_WRITE,RECORD_READOUT,33,0.0,5.855746190228798e-07,-0.006937803093474701,372.93,DCD_WRITER_OFF_READOUT
U1537A-24H-4W-126cm:dcd:032,U1537A-24H-4W-126cm,dcd:032,POST_WRITE,RECORD_READOUT,34,0.0,5.778357458642504e-07,-0.007376273870018785,388.97,DCD_WRITER_OFF_READOUT
U1537A-24H-4W-126cm:dcd:033,U1537A-24H-4W-126cm,dcd:033,POST_WRITE,RECORD_READOUT,35,0.0,5.705815085941813e-07,-0.007835198090064043,404.43,DCD_WRITER_OFF_READOUT
U1537A-24H-4W-126cm:dcd:034,U1537A-24H-4W-126cm,dcd:034,POST_WRITE,RECORD_READOUT,36,0.0,5.61797676521225e-07,-0.008317821858841916,420.25,DCD_WRITER_OFF_READOUT
U1537A-24H-4W-126cm:dcd:035,U1537A-24H-4W-126cm,dcd:035,POST_WRITE,RECORD_READOUT,37,0.0,5.533814341701793e-07,-0.008824840522063226,435.33,DCD_WRITER_OFF_READOUT
U1537A-24H-4W-126cm:dcd:036,U1537A-24H-4W-126cm,dcd:036,POST_WRITE,RECORD_READOUT,38,0.0,5.432146718780303e-07,-0.009355909379952877,451.97,DCD_WRITER_OFF_READOUT
U1537A-24H-4W-126cm:dcd:037,U1537A-24H-4W-126cm,dcd:037,POST_WRITE,RECORD_READOUT,39,0.0,5.338199299475106e-07,-0.009912834994933799,468.39,DCD_WRITER_OFF_READOUT
U1537A-24H-4W-126cm:dcd:038,U1537A-24H-4W-126cm,dcd:038,POST_WRITE,RECORD_READOUT,40,0.0,5.246517481989245e-07,-0.010500423370357094,481.72,DCD_WRITER_OFF_READOUT
U1537A-24H-4W-126cm:dcd:039,U1537A-24H-4W-126cm,dcd:039,POST_WRITE,RECORD_READOUT,41,0.0,5.135860559654481e-07,-0.011117326845540386,495.11,DCD_WRITER_OFF_READOUT
U1537A-24H-4W-126cm:dcd:040,U1537A-24H-4W-126cm,dcd:040,POST_WRITE,RECORD_READOUT,42,0.0,5.00872092961971e-07,-0.011754553894671706,510.28,DCD_WRITER_OFF_READOUT
U1537A-24H-4W-126cm:dcd:041,U1537A-24H-4W-126cm,dcd:041,POST_WRITE,RECORD_READOUT,43,0.0,4.881719542039782e-07,-0.012428846130771226,525.38,DCD_WRITER_OFF_READOUT
U1537A-24H-4W-126cm:dcd:042,U1537A-24H-4W-126cm,dcd:042,POST_WRITE,RECORD_READOUT,44,0.0,4.7617994770600465e-07,-0.013137477992329272,539.26,DCD_WRITER_OFF_READOUT
U1537A-24H-4W-126cm:dcd:043,U1537A-24H-4W-126cm,dcd:043,POST_WRITE,RECORD_READOUT,45,0.0,4.613525867976317e-07,-0.013879323817340136,554.47,DCD_WRITER_OFF_READOUT
U1537A-24H-4W-126cm:dcd:044,U1537A-24H-4W-126cm,dcd:044,POST_WRITE,RECORD_READOUT,46,0.0,4.4702679883881925e-07,-0.014657567025703267,569.29,DCD_WRITER_OFF_READOUT
U1537A-24H-4W-126cm:dcd:045,U1537A-24H-4W-126cm,dcd:045,POST_WRITE,RECORD_READOUT,47,0.0,4.304687130396462e-07,-0.015471603303846202,584.86,DCD_WRITER_OFF_READOUT
U1537A-24H-4W-126cm:dcd:046,U1537A-24H-4W-126cm,dcd:046,POST_WRITE,RECORD_READOUT,48,0.0,4.146216436768639e-07,-0.01633070941345107,599.71,DCD_WRITER_OFF_READOUT
U1537A-24H-4W-126cm:dcd:047,U1537A-24H-4W-126cm,dcd:047,POST_WRITE,RECORD_READOUT,49,0.0,3.9689947567211097e-07,-0.01722527915636634,615.38,DCD_WRITER_OFF_READOUT
U1537A-24H-4W-126cm:dcd:048,U1537A-24H-4W-126cm,dcd:048,POST_WRITE,RECORD_READOUT,50,0.0,3.784024722724073e-07,-0.01816739586846211,630.91,DCD_WRITER_OFF_READOUT
U1537A-24H-4W-126cm:dcd:049,U1537A-24H-4W-126cm,dcd:049,POST_WRITE,RECORD_READOUT,51,0.0,3.5864360721517924e-07,-0.019157473485574745,647.43,DCD_WRITER_OFF_READOUT
U1537A-24H-4W-126cm:dcd:050,U1537A-24H-4W-126cm,dcd:050,POST_WRITE,RECORD_READOUT,52,0.0,3.3889999367525337e-07,-0.020191261944263877,665.09,DCD_WRITER_OFF_READOUT
U1537A-24H-4W-126cm:dcd:051,U1537A-24H-4W-126cm,dcd:051,POST_WRITE,RECORD_READOUT,53,0.0,3.1790612505375784e-07,-0.02127695572565828,682.55,DCD_WRITER_OFF_READOUT
U1537A-24H-4W-126cm:dcd:052,U1537A-24H-4W-126cm,dcd:052,POST_WRITE,RECORD_READOUT,54,0.0,2.951487223602583e-07,-0.02241590881509698,700.66,DCD_WRITER_OFF_READOUT
U1537A-24H-4W-126cm:dcd:053,U1537A-24H-4W-126cm,dcd:053,POST_WRITE,RECORD_READOUT,55,0.0,2.7223109278483816e-07,-0.02361366676389828,718.42,DCD_WRITER_OFF_READOUT
U1537A-24H-4W-126cm:dcd:054,U1537A-24H-4W-126cm,dcd:054,POST_WRITE,RECORD_READOUT,56,0.0,2.4807718574379677e-07,-0.02486539349106423,736.11,DCD_WRITER_OFF_READOUT
U1537A-24H-4W-126cm:dcd:055,U1537A-24H-4W-126cm,dcd:055,POST_WRITE,RECORD_READOUT,57,0.0,2.2199931399505897e-07,-0.02618190673576718,754.53,DCD_WRITER_OFF_READOUT
U1537A-24H-4W-126cm:dcd:056,U1537A-24H-4W-126cm,dcd:056,POST_WRITE,RECORD_READOUT,58,0.0,1.9624959711406428e-07,-0.0275607005488083,772.21,DCD_WRITER_OFF_READOUT
U1537A-24H-4W-126cm:dcd:057,U1537A-24H-4W-126cm,dcd:057,POST_WRITE,RECORD_READOUT,59,0.0,1.6858590003447253e-07,-0.02900720255668532,790.97,DCD_WRITER_OFF_READOUT
U1537A-24H-4W-126cm:dcd:058,U1537A-24H-4W-126cm,dcd:058,POST_WRITE,RECORD_READOUT,60,0.0,1.4064845202877255e-07,-0.030521883924541544,810.12,DCD_WRITER_OFF_READOUT
U1537A-24H-4W-126cm:dcd:059,U1537A-24H-4W-126cm,dcd:059,POST_WRITE,RECORD_READOUT,61,0.0,1.11868919718689e-07,-0.032117696363335446,829.1,DCD_WRITER_OFF_READOUT
U1537A-24H-4W-126cm:dcd:060,U1537A-24H-4W-126cm,dcd:060,POST_WRITE,RECORD_READOUT,62,0.0,8.213805650140676e-08,-0.033783552949550474,847.95,DCD_WRITER_OFF_READOUT
U1537A-24H-4W-126cm:dcd:061,U1537A-24H-4W-126cm,dcd:061,POST_WRITE,RECORD_READOUT,63,0.0,5.1275395053964394e-08,-0.03553632964920463,867.68,DCD_WRITER_OFF_READOUT
U1537A-24H-4W-126cm:dcd:062,U1537A-24H-4W-126cm,dcd:062,POST_WRITE,RECORD_READOUT,64,0.0,1.9875136768999353e-08,-0.037368824228835654,887.41,DCD_WRITER_OFF_READOUT
U1537A-24H-4W-126cm:dcd:063,U1537A-24H-4W-126cm,dcd:063,POST_WRITE,RECORD_READOUT,65,0.0,-1.1640954524301602e-08,-0.039298008035585766,906.79,DCD_WRITER_OFF_READOUT
U1537A-24H-4W-126cm:dcd:064,U1537A-24H-4W-126cm,dcd:064,POST_WRITE,RECORD_READOUT,66,0.0,-4.38136058736135e-08,-0.0413188284960164,926.6,DCD_WRITER_OFF_READOUT
U1537A-24H-4W-126cm:dcd:065,U1537A-24H-4W-126cm,dcd:065,POST_WRITE,RECORD_READOUT,67,0.0,-7.571666908721028e-08,-0.043439649325871965,945.7,DCD_WRITER_OFF_READOUT
U1537A-24H-4W-126cm:dcd:066,U1537A-24H-4W-126cm,dcd:066,POST_WRITE,RECORD_READOUT,68,0.0,-1.0852629823728847e-07,-0.04565911156855325,966.11,DCD_WRITER_OFF_READOUT
U1537A-24H-4W-126cm:dcd:067,U1537A-24H-4W-126cm,dcd:067,POST_WRITE,RECORD_READOUT,69,0.0,-1.4083920477873446e-07,-0.04798864644851208,986.43,DCD_WRITER_OFF_READOUT
U1537A-24H-4W-126cm:dcd:068,U1537A-24H-4W-126cm,dcd:068,POST_WRITE,RECORD_READOUT,70,0.0,-1.7268688087270533e-07,-0.05043542190027806,1007.04,DCD_WRITER_OFF_READOUT
U1537A-24H-4W-126cm:dcd:069,U1537A-24H-4W-126cm,dcd:069,POST_WRITE,RECORD_READOUT,71,0.0,-2.046795805514903e-07,-0.052997531153267496,1028.27,DCD_WRITER_OFF_READOUT
U1537A-24H-4W-126cm:dcd:070,U1537A-24H-4W-126cm,dcd:070,POST_WRITE,RECORD_READOUT,72,0.0,-2.3606387361145993e-07,-0.05568786083277968,1049.36,DCD_WRITER_OFF_READOUT
U1537A-24H-4W-126cm:dcd:071,U1537A-24H-4W-126cm,dcd:071,POST_WRITE,RECORD_READOUT,73,0.0,-2.6677596280175615e-07,-0.058511015078839844,1070.48,DCD_WRITER_OFF_READOUT
U1537A-24H-4W-126cm:dcd:072,U1537A-24H-4W-126cm,dcd:072,POST_WRITE,RECORD_READOUT,74,0.0,-2.963814297284047e-07,-0.06147096762888796,1091.21,DCD_WRITER_OFF_READOUT
U1537A-24H-4W-126cm:dcd:073,U1537A-24H-4W-126cm,dcd:073,POST_WRITE,RECORD_READOUT,75,0.0,-3.253389618044966e-07,-0.06456983116123788,1112.78,DCD_WRITER_OFF_READOUT
U1537A-24H-4W-126cm:dcd:074,U1537A-24H-4W-126cm,dcd:074,POST_WRITE,RECORD_READOUT,76,0.0,-3.5324891350285185e-07,-0.06782760988748185,1134.44,DCD_WRITER_OFF_READOUT
U1537A-24H-4W-126cm:dcd:075,U1537A-24H-4W-126cm,dcd:075,POST_WRITE,RECORD_READOUT,77,0.0,-3.798603610962903e-07,-0.07124222560990415,1156.13,DCD_WRITER_OFF_READOUT
U1537A-24H-4W-126cm:dcd:076,U1537A-24H-4W-126cm,dcd:076,POST_WRITE,RECORD_READOUT,78,0.0,-4.0527898916242653e-07,-0.07482276035148058,1178.18,DCD_WRITER_OFF_READOUT
U1537A-24H-4W-126cm:dcd:077,U1537A-24H-4W-126cm,dcd:077,POST_WRITE,RECORD_READOUT,79,0.0,-4.294185651386624e-07,-0.07857923455203866,1200.25,DCD_WRITER_OFF_READOUT
U1537A-24H-4W-126cm:dcd:078,U1537A-24H-4W-126cm,dcd:078,POST_WRITE,RECORD_READOUT,80,0.0,-4.519137178531757e-07,-0.08252027737291975,1221.76,DCD_WRITER_OFF_READOUT
U1537A-24H-4W-126cm:dcd:079,U1537A-24H-4W-126cm,dcd:079,POST_WRITE,RECORD_READOUT,81,0.0,-4.7314953772341875e-07,-0.08665219142350145,1243.82,DCD_WRITER_OFF_READOUT
U1537A-24H-4W-126cm:dcd:080,U1537A-24H-4W-126cm,dcd:080,POST_WRITE,RECORD_READOUT,82,0.0,-4.92303269239146e-07,-0.09098608022040376,1264.33,DCD_WRITER_OFF_READOUT
U1537A-24H-4W-126cm:dcd:081,U1537A-24H-4W-126cm,dcd:081,POST_WRITE,RECORD_READOUT,83,0.0,-5.113857969663519e-07,-0.09553129222625699,1287.93,DCD_WRITER_OFF_READOUT
U1537A-24H-4W-126cm:dcd:082,U1537A-24H-4W-126cm,dcd:082,POST_WRITE,RECORD_READOUT,84,0.0,-5.280317491868172e-07,-0.1002984249973681,1313.5,DCD_WRITER_OFF_READOUT
U1537A-24H-4W-126cm:dcd:083,U1537A-24H-4W-126cm,dcd:083,POST_WRITE,RECORD_READOUT,85,0.0,-5.430917300567202e-07,-0.1053026662702327,1336.83,DCD_WRITER_OFF_READOUT
U1537A-24H-4W-126cm:dcd:084,U1537A-24H-4W-126cm,dcd:084,POST_WRITE,RECORD_READOUT,86,0.0,-5.570995626665061e-07,-0.11054510856126146,1362.84,DCD_WRITER_OFF_READOUT
U1537A-24H-4W-126cm:dcd:085,U1537A-24H-4W-126cm,dcd:085,POST_WRITE,RECORD_READOUT,87,0.0,-5.693772148008686e-07,-0.11604648010365667,1388.88,DCD_WRITER_OFF_READOUT
U1537A-24H-4W-126cm:dcd:086,U1537A-24H-4W-126cm,dcd:086,POST_WRITE,RECORD_READOUT,88,0.0,-5.806204261106722e-07,-0.12181654174667039,1414.12,DCD_WRITER_OFF_READOUT
U1537A-24H-4W-126cm:dcd:087,U1537A-24H-4W-126cm,dcd:087,POST_WRITE,RECORD_READOUT,89,0.0,-5.905466293183743e-07,-0.12787135883521067,1440.6,DCD_WRITER_OFF_READOUT
U1537A-24H-4W-126cm:dcd:088,U1537A-24H-4W-126cm,dcd:088,POST_WRITE,RECORD_READOUT,90,0.0,-5.988383965682721e-07,-0.13421659563426,1466.86,DCD_WRITER_OFF_READOUT
U1537A-24H-4W-126cm:dcd:089,U1537A-24H-4W-126cm,dcd:089,POST_WRITE,RECORD_READOUT,91,0.0,-6.067366956061139e-07,-0.1408735620925622,1493.27,DCD_WRITER_OFF_READOUT
U1537A-24H-4W-126cm:dcd:090,U1537A-24H-4W-126cm,dcd:090,POST_WRITE,RECORD_READOUT,92,0.0,-6.13495894212842e-07,-0.1478595383634896,1519.85,DCD_WRITER_OFF_READOUT
U1537A-24H-4W-126cm:dcd:091,U1537A-24H-4W-126cm,dcd:091,POST_WRITE,RECORD_READOUT,93,0.0,-6.197542969827608e-07,-0.15518445943604112,1546.3,DCD_WRITER_OFF_READOUT
U1537A-24H-4W-126cm:dcd:092,U1537A-24H-4W-126cm,dcd:092,POST_WRITE,RECORD_READOUT,94,0.0,-6.252278579112168e-07,-0.16286804069486507,1573.24,DCD_WRITER_OFF_READOUT
U1537A-24H-4W-126cm:dcd:093,U1537A-24H-4W-126cm,dcd:093,POST_WRITE,RECORD_READOUT,95,0.0,-6.304073393591645e-07,-0.1709269394574574,1600.1,DCD_WRITER_OFF_READOUT
U1537A-24H-4W-126cm:dcd:094,U1537A-24H-4W-126cm,dcd:094,POST_WRITE,RECORD_READOUT,96,0.0,-6.34715120363653e-07,-0.17938037843898072,1626.77,DCD_WRITER_OFF_READOUT
U1537A-24H-4W-126cm:dcd:095,U1537A-24H-4W-126cm,dcd:095,POST_WRITE,RECORD_READOUT,97,0.0,-6.388484400532295e-07,-0.1882448675391316,1653.97,DCD_WRITER_OFF_READOUT
U1537A-24H-4W-126cm:dcd:096,U1537A-24H-4W-126cm,dcd:096,POST_WRITE,RECORD_READOUT,98,0.0,-6.430858863429701e-07,-0.19754350947250374,1681.57,DCD_WRITER_OFF_READOUT
U1537A-24H-4W-126cm:dcd:097,U1537A-24H-4W-126cm,dcd:097,POST_WRITE,RECORD_READOUT,99,0.0,-6.462703206587466e-07,-0.20729713478724424,1710.48,DCD_WRITER_OFF_READOUT
U1537A-24H-4W-126cm:dcd:098,U1537A-24H-4W-126cm,dcd:098,POST_WRITE,RECORD_READOUT,100,0.0,-6.494078187885664e-07,-0.21752780138430503,1738.28,DCD_WRITER_OFF_READOUT
U1537A-24H-4W-126cm:dcd:099,U1537A-24H-4W-126cm,dcd:099,POST_WRITE,RECORD_READOUT,101,0.0,-6.527675628955966e-07,-0.22825730503624264,1766.27,DCD_WRITER_OFF_READOUT
U1537A-24H-4W-126cm:dcd:100,U1537A-24H-4W-126cm,dcd:100,POST_WRITE,RECORD_READOUT,102,0.0,-6.557093045699556e-07,-0.23950534469364598,1796.93,DCD_WRITER_OFF_READOUT
U1537A-24H-4W-126cm:dcd:101,U1537A-24H-4W-126cm,dcd:101,POST_WRITE,RECORD_READOUT,103,0.0,-6.582329459547019e-07,-0.2513132249902545,1826.62,DCD_WRITER_OFF_READOUT
U1537A-24H-4W-126cm:dcd:102,U1537A-24H-4W-126cm,dcd:102,POST_WRITE,RECORD_READOUT,104,0.0,-6.608978068505288e-07,-0.26369453552935435,1857.22,DCD_WRITER_OFF_READOUT
U1537A-24H-4W-126cm:dcd:103,U1537A-24H-4W-126cm,dcd:103,POST_WRITE,RECORD_READOUT,105,0.0,-6.632935224135398e-07,-0.27667970322308433,1887.02,DCD_WRITER_OFF_READOUT
U1537A-24H-4W-126cm:dcd:104,U1537A-24H-4W-126cm,dcd:104,POST_WRITE,RECORD_READOUT,106,0.0,-6.653701263382683e-07,-0.29029910700612993,1918.13,DCD_WRITER_OFF_READOUT
U1537A-24H-4W-126cm:dcd:105,U1537A-24H-4W-126cm,dcd:105,POST_WRITE,RECORD_READOUT,107,0.0,-6.6744966765578e-07,-0.3045871078945812,1947.05,DCD_WRITER_OFF_READOUT
U1537A-24H-4W-126cm:dcd:106,U1537A-24H-4W-126cm,dcd:106,POST_WRITE,RECORD_READOUT,108,0.0,-6.694133949005703e-07,-0.31956674136855706,1977.44,DCD_WRITER_OFF_READOUT
U1537A-24H-4W-126cm:dcd:107,U1537A-24H-4W-126cm,dcd:107,POST_WRITE,RECORD_READOUT,109,0.0,-6.712047470669266e-07,-0.3352831143886706,2006.6,DCD_WRITER_OFF_READOUT
U1537A-24H-4W-126cm:dcd:108,U1537A-24H-4W-126cm,dcd:108,POST_WRITE,RECORD_READOUT,110,0.0,-6.7287064081536e-07,-0.35176940836381687,2035.66,DCD_WRITER_OFF_READOUT
U1537A-24H-4W-126cm:dcd:109,U1537A-24H-4W-126cm,dcd:109,POST_WRITE,RECORD_READOUT,111,0.0,-6.747796185564051e-07,-0.3690567284336315,2067.66,DCD_WRITER_OFF_READOUT
U1537A-24H-4W-126cm:dcd:110,U1537A-24H-4W-126cm,dcd:110,POST_WRITE,RECORD_READOUT,112,0.0,-6.761242671095856e-07,-0.3871920628091251,2100.52,DCD_WRITER_OFF_READOUT
U1537A-24H-4W-126cm:dcd:111,U1537A-24H-4W-126cm,dcd:111,POST_WRITE,RECORD_READOUT,113,0.0,-6.771541846157232e-07,-0.40620996080786576,2132.33,DCD_WRITER_OFF_READOUT
U1537A-24H-4W-126cm:dcd:112,U1537A-24H-4W-126cm,dcd:112,POST_WRITE,RECORD_READOUT,114,0.0,-6.78924917298533e-07,-0.42616326582799513,2165.01,DCD_WRITER_OFF_READOUT
U1537A-24H-4W-126cm:dcd:113,U1537A-24H-4W-126cm,dcd:113,POST_WRITE,RECORD_READOUT,115,0.0,-6.802452532257674e-07,-0.44708831670965693,2198.21,DCD_WRITER_OFF_READOUT
U1537A-24H-4W-126cm:dcd:114,U1537A-24H-4W-126cm,dcd:114,POST_WRITE,RECORD_READOUT,116,0.0,-6.812453315624648e-07,-0.4690337123441602,2230.72,DCD_WRITER_OFF_READOUT
U1537A-24H-4W-126cm:dcd:115,U1537A-24H-4W-126cm,dcd:115,POST_WRITE,RECORD_READOUT,117,0.0,-6.821049009611753e-07,-0.4920523543521722,2264.19,DCD_WRITER_OFF_READOUT
U1537A-24H-4W-126cm:dcd:116,U1537A-24H-4W-126cm,dcd:116,POST_WRITE,RECORD_READOUT,118,0.0,-6.83095092684e-07,-0.5161960135259598,2297.31,DCD_WRITER_OFF_READOUT
U1537A-24H-4W-126cm:dcd:117,U1537A-24H-4W-126cm,dcd:117,POST_WRITE,RECORD_READOUT,119,0.0,-6.841756951851574e-07,-0.5415204443361316,2333.15,DCD_WRITER_OFF_READOUT
U1537A-24H-4W-126cm:dcd:118,U1537A-24H-4W-126cm,dcd:118,POST_WRITE,RECORD_READOUT,120,0.0,-6.849119639191544e-07,-0.5680828820323104,2370.13,DCD_WRITER_OFF_READOUT
U1537A-24H-4W-126cm:dcd:119,U1537A-24H-4W-126cm,dcd:119,POST_WRITE,RECORD_READOUT,121,0.0,-6.854776398268012e-07,-0.5959451377646778,2405.23,DCD_WRITER_OFF_READOUT
U1537A-24H-4W-126cm:dcd:120,U1537A-24H-4W-126cm,dcd:120,POST_WRITE,RECORD_READOUT,122,0.0,-6.861909409700859e-07,-0.6251663126992381,2438.37,DCD_WRITER_OFF_READOUT
U1537A-24H-4W-126cm:dcd:121,U1537A-24H-4W-126cm,dcd:121,POST_WRITE,RECORD_READOUT,123,0.0,-6.868036113337459e-07,-0.6558175344386549,2474.21,DCD_WRITER_OFF_READOUT
U1537A-24H-4W-126cm:dcd:122,U1537A-24H-4W-126cm,dcd:122,POST_WRITE,RECORD_READOUT,124,0.0,-6.87317578500439e-07,-0.6879621758988906,2510.27,DCD_WRITER_OFF_READOUT
U1537A-24H-4W-126cm:dcd:123,U1537A-24H-4W-126cm,dcd:123,POST_WRITE,RECORD_READOUT,125,0.0,-6.881063935021679e-07,-0.7216786674539337,2545.08,DCD_WRITER_OFF_READOUT
U1537A-24H-4W-126cm:dcd:124,U1537A-24H-4W-126cm,dcd:124,POST_WRITE,RECORD_READOUT,126,0.0,-6.886967644282209e-07,-0.7570446017463169,2580.42,DCD_WRITER_OFF_READOUT
U1537A-24H-4W-126cm:dcd:125,U1537A-24H-4W-126cm,dcd:125,POST_WRITE,RECORD_READOUT,127,0.0,-6.891073802698122e-07,-0.7941375831873968,2616.04,DCD_WRITER_OFF_READOUT
U1537A-24H-4W-126cm:dcd:126,U1537A-24H-4W-126cm,dcd:126,POST_WRITE,RECORD_READOUT,128,0.0,-6.895867356354979e-07,-0.8330450462490405,2651.99,DCD_WRITER_OFF_READOUT
U1537A-24H-4W-126cm:dcd:127,U1537A-24H-4W-126cm,dcd:127,POST_WRITE,RECORD_READOUT,129,0.0,-6.898514982331041e-07,-0.8738522102522769,2690.56,DCD_WRITER_OFF_READOUT
U1537A-24H-4W-126cm:dcd:128,U1537A-24H-4W-126cm,dcd:128,POST_WRITE,RECORD_READOUT,130,0.0,-6.904671817942201e-07,-0.9166565268310729,2731.05,DCD_WRITER_OFF_READOUT
U1537A-24H-4W-126cm:dcd:129,U1537A-24H-4W-126cm,dcd:129,POST_WRITE,RECORD_READOUT,131,0.0,-6.906058433953036e-07,-0.9615476537671093,2768.79,DCD_WRITER_OFF_READOUT
U1537A-24H-4W-126cm:dcd:130,U1537A-24H-4W-126cm,dcd:130,POST_WRITE,RECORD_READOUT,132,0.0,-6.910732444406696e-07,-1.0086358832360955,2808.31,DCD_WRITER_OFF_READOUT
U1537A-24H-4W-126cm:dcd:131,U1537A-24H-4W-126cm,dcd:131,POST_WRITE,RECORD_READOUT,133,0.0,-6.915799605458492e-07,-1.0580237067072966,2847.34,DCD_WRITER_OFF_READOUT
U1537A-24H-4W-126cm:dcd:132,U1537A-24H-4W-126cm,dcd:132,POST_WRITE,RECORD_READOUT,134,0.0,-6.914931226944246e-07,-1.1098228846277018,2889.15,DCD_WRITER_OFF_READOUT
U1537A-24H-4W-126cm:dcd:133,U1537A-24H-4W-126cm,dcd:133,POST_WRITE,RECORD_READOUT,135,0.0,-6.919894197153331e-07,-1.1641557683968935,2931.13,DCD_WRITER_OFF_READOUT
U1537A-24H-4W-126cm:dcd:134,U1537A-24H-4W-126cm,dcd:134,POST_WRITE,RECORD_READOUT,136,0.0,-6.922613676770701e-07,-1.2211444414509327,2975.1,DCD_WRITER_OFF_READOUT
U1537A-24H-4W-126cm:dcd:135,U1537A-24H-4W-126cm,dcd:135,POST_WRITE,RECORD_READOUT,137,0.0,-6.921169933133367e-07,-1.2809173033225463,3019.46,DCD_WRITER_OFF_READOUT
U1537A-24H-4W-126cm:dcd:136,U1537A-24H-4W-126cm,dcd:136,POST_WRITE,RECORD_READOUT,138,0.0,-6.927191292777385e-07,-1.34361217019243,3064.96,DCD_WRITER_OFF_READOUT
U1537A-24H-4W-126cm:dcd:137,U1537A-24H-4W-126cm,dcd:137,POST_WRITE,RECORD_READOUT,139,0.0,-6.928117318065282e-07,-1.4093681109324927,3111.87,DCD_WRITER_OFF_READOUT
U1537A-24H-4W-126cm:dcd:138,U1537A-24H-4W-126cm,dcd:138,POST_WRITE,RECORD_READOUT,140,0.0,-6.931128562976671e-07,-1.4783386719471505,3159.21,DCD_WRITER_OFF_READOUT
U1537A-24H-4W-126cm:dcd:139,U1537A-24H-4W-126cm,dcd:139,POST_WRITE,RECORD_READOUT,141,0.0,-6.931868341543585e-07,-1.5506791472276524,3207.0,DCD_WRITER_OFF_READOUT
U1537A-24H-4W-126cm:dcd:140,U1537A-24H-4W-126cm,dcd:140,POST_WRITE,RECORD_READOUT,142,0.0,-6.935479590393812e-07,-1.6265567544054402,3255.38,DCD_WRITER_OFF_READOUT
U1537A-24H-4W-126cm:dcd:141,U1537A-24H-4W-126cm,dcd:141,POST_WRITE,RECORD_READOUT,143,0.0,-6.93801902395929e-07,-1.7061374544096004,3305.32,DCD_WRITER_OFF_READOUT
U1537A-24H-4W-126cm:dcd:142,U1537A-24H-4W-126cm,dcd:142,POST_WRITE,RECORD_READOUT,144,0.0,-6.941544207706331e-07,-1.789609814088792,3355.71,DCD_WRITER_OFF_READOUT
U1537A-24H-4W-126cm:dcd:143,U1537A-24H-4W-126cm,dcd:143,POST_WRITE,RECORD_READOUT,145,0.0,-6.938006461823321e-07,-1.8771657772753858,3406.62,DCD_WRITER_OFF_READOUT
U1537A-24H-4W-126cm:dcd:144,U1537A-24H-4W-126cm,dcd:144,POST_WRITE,RECORD_READOUT,146,0.0,-6.940900162018339e-07,-1.9689955227390292,3458.92,DCD_WRITER_OFF_READOUT
U1537A-24H-4W-126cm:dcd:145,U1537A-24H-4W-126cm,dcd:145,POST_WRITE,RECORD_READOUT,147,0.0,-6.940836894979053e-07,-2.0653115873118475,3511.12,DCD_WRITER_OFF_READOUT
U1537A-24H-4W-126cm:dcd:146,U1537A-24H-4W-126cm,dcd:146,POST_WRITE,RECORD_READOUT,148,0.0,-6.941656398621978e-07,-2.166337128041938,3562.29,DCD_WRITER_OFF_READOUT
U1537A-24H-4W-126cm:dcd:147,U1537A-24H-4W-126cm,dcd:147,POST_WRITE,RECORD_READOUT,149,0.0,-6.944720593480123e-07,-2.2722954403716105,3610.8,DCD_WRITER_OFF_READOUT
U1537A-24H-4W-126cm:dcd:148,U1537A-24H-4W-126cm,dcd:148,POST_WRITE,RECORD_READOUT,150,0.0,-6.946704876501906e-07,-2.38343479055478,3660.2,DCD_WRITER_OFF_READOUT
U1537A-24H-4W-126cm:dcd:149,U1537A-24H-4W-126cm,dcd:149,POST_WRITE,RECORD_READOUT,151,0.0,-6.947578856904898e-07,-2.4999994288731977,3712.31,DCD_WRITER_OFF_READOUT
U1537A-25H-4W-80cm:hys:positive-history,U1537A-25H-4W-80cm,hys:positive-history,POST_WRITE,RECORD_READOUT,0,0.0,3.239407331691522e-07,1.500362874538052,90.3441338161478,HYSTERESIS_ZERO_FIELD_INTERPOLANT
U1537A-25H-4W-80cm:hys:negative-history,U1537A-25H-4W-80cm,hys:negative-history,POST_WRITE,RECORD_READOUT,1,0.0,-3.2252054544842546e-07,-1.5001953165787028,271.85593121732376,HYSTERESIS_ZERO_FIELD_INTERPOLANT
U1537A-25H-4W-80cm:dcd:000,U1537A-25H-4W-80cm,dcd:000,POST_WRITE,RECORD_READOUT,2,0.0,3.1883158578826817e-07,9.378050791447445e-08,0.0,DCD_WRITER_OFF_READOUT
U1537A-25H-4W-80cm:dcd:001,U1537A-25H-4W-80cm,dcd:001,POST_WRITE,RECORD_READOUT,3,0.0,3.181854207088236e-07,-0.0001006130282569452,7.26,DCD_WRITER_OFF_READOUT
U1537A-25H-4W-80cm:dcd:002,U1537A-25H-4W-80cm,dcd:002,POST_WRITE,RECORD_READOUT,4,0.0,3.177811097486035e-07,-0.00020671911110091643,14.5,DCD_WRITER_OFF_READOUT
U1537A-25H-4W-80cm:dcd:003,U1537A-25H-4W-80cm,dcd:003,POST_WRITE,RECORD_READOUT,5,0.0,3.170200287286686e-07,-0.00031769358473380746,22.37,DCD_WRITER_OFF_READOUT
U1537A-25H-4W-80cm:dcd:004,U1537A-25H-4W-80cm,dcd:004,POST_WRITE,RECORD_READOUT,6,0.0,3.1577657956672885e-07,-0.00042917341673439095,31.0,DCD_WRITER_OFF_READOUT
U1537A-25H-4W-80cm:dcd:005,U1537A-25H-4W-80cm,dcd:005,POST_WRITE,RECORD_READOUT,7,0.0,3.1489865751218276e-07,-0.0005512639802843652,41.78,DCD_WRITER_OFF_READOUT
U1537A-25H-4W-80cm:dcd:006,U1537A-25H-4W-80cm,dcd:006,POST_WRITE,RECORD_READOUT,8,0.0,3.140815146105347e-07,-0.0006794057540398953,51.39,DCD_WRITER_OFF_READOUT
U1537A-25H-4W-80cm:dcd:007,U1537A-25H-4W-80cm,dcd:007,POST_WRITE,RECORD_READOUT,9,0.0,3.134125204561888e-07,-0.0008113553916322975,61.82,DCD_WRITER_OFF_READOUT
U1537A-25H-4W-80cm:dcd:008,U1537A-25H-4W-80cm,dcd:008,POST_WRITE,RECORD_READOUT,10,0.0,3.1213420891668467e-07,-0.0009530663224139278,73.19,DCD_WRITER_OFF_READOUT
U1537A-25H-4W-80cm:dcd:009,U1537A-25H-4W-80cm,dcd:009,POST_WRITE,RECORD_READOUT,11,0.0,3.1121094605826134e-07,-0.0010962404891147984,84.44,DCD_WRITER_OFF_READOUT
U1537A-25H-4W-80cm:dcd:010,U1537A-25H-4W-80cm,dcd:010,POST_WRITE,RECORD_READOUT,12,0.0,3.102720141442728e-07,-0.0012538444580579586,94.83,DCD_WRITER_OFF_READOUT
U1537A-25H-4W-80cm:dcd:011,U1537A-25H-4W-80cm,dcd:011,POST_WRITE,RECORD_READOUT,13,0.0,3.0893691387875664e-07,-0.0014157074253834689,105.97,DCD_WRITER_OFF_READOUT
U1537A-25H-4W-80cm:dcd:012,U1537A-25H-4W-80cm,dcd:012,POST_WRITE,RECORD_READOUT,14,0.0,3.078137793665579e-07,-0.0015839454273090447,117.5,DCD_WRITER_OFF_READOUT
U1537A-25H-4W-80cm:dcd:013,U1537A-25H-4W-80cm,dcd:013,POST_WRITE,RECORD_READOUT,15,0.0,3.06276869412752e-07,-0.0017597328550681527,128.72,DCD_WRITER_OFF_READOUT
U1537A-25H-4W-80cm:dcd:014,U1537A-25H-4W-80cm,dcd:014,POST_WRITE,RECORD_READOUT,16,0.0,3.0500129537906326e-07,-0.0019466130782771018,139.52,DCD_WRITER_OFF_READOUT
U1537A-25H-4W-80cm:dcd:015,U1537A-25H-4W-80cm,dcd:015,POST_WRITE,RECORD_READOUT,17,0.0,3.0417292469511285e-07,-0.0021414977143155785,151.4,DCD_WRITER_OFF_READOUT
U1537A-25H-4W-80cm:dcd:016,U1537A-25H-4W-80cm,dcd:016,POST_WRITE,RECORD_READOUT,18,0.0,3.0257519198157945e-07,-0.002345976262951928,163.65,DCD_WRITER_OFF_READOUT
U1537A-25H-4W-80cm:dcd:017,U1537A-25H-4W-80cm,dcd:017,POST_WRITE,RECORD_READOUT,19,0.0,3.0103542235392246e-07,-0.002560044318693033,175.67,DCD_WRITER_OFF_READOUT
U1537A-25H-4W-80cm:dcd:018,U1537A-25H-4W-80cm,dcd:018,POST_WRITE,RECORD_READOUT,20,0.0,2.994872813635732e-07,-0.002784870937661596,187.91,DCD_WRITER_OFF_READOUT
U1537A-25H-4W-80cm:dcd:019,U1537A-25H-4W-80cm,dcd:019,POST_WRITE,RECORD_READOUT,21,0.0,2.9785971518509265e-07,-0.0030216856181224903,201.25,DCD_WRITER_OFF_READOUT
U1537A-25H-4W-80cm:dcd:020,U1537A-25H-4W-80cm,dcd:020,POST_WRITE,RECORD_READOUT,22,0.0,2.9562396486302607e-07,-0.00326743629750584,214.58,DCD_WRITER_OFF_READOUT
U1537A-25H-4W-80cm:dcd:021,U1537A-25H-4W-80cm,dcd:021,POST_WRITE,RECORD_READOUT,23,0.0,2.939255619744092e-07,-0.003529225946422541,226.91,DCD_WRITER_OFF_READOUT
U1537A-25H-4W-80cm:dcd:022,U1537A-25H-4W-80cm,dcd:022,POST_WRITE,RECORD_READOUT,24,0.0,2.9197116303059147e-07,-0.003801689785167389,239.37,DCD_WRITER_OFF_READOUT
U1537A-25H-4W-80cm:dcd:023,U1537A-25H-4W-80cm,dcd:023,POST_WRITE,RECORD_READOUT,25,0.0,2.8943486865912504e-07,-0.004085753542698914,253.6,DCD_WRITER_OFF_READOUT
U1537A-25H-4W-80cm:dcd:024,U1537A-25H-4W-80cm,dcd:024,POST_WRITE,RECORD_READOUT,26,0.0,2.872033248072618e-07,-0.004388217727975973,267.32,DCD_WRITER_OFF_READOUT
U1537A-25H-4W-80cm:dcd:025,U1537A-25H-4W-80cm,dcd:025,POST_WRITE,RECORD_READOUT,27,0.0,2.851621002249946e-07,-0.004701607615643147,279.91,DCD_WRITER_OFF_READOUT
U1537A-25H-4W-80cm:dcd:026,U1537A-25H-4W-80cm,dcd:026,POST_WRITE,RECORD_READOUT,28,0.0,2.8224688027022886e-07,-0.00503138048033992,295.49,DCD_WRITER_OFF_READOUT
U1537A-25H-4W-80cm:dcd:027,U1537A-25H-4W-80cm,dcd:027,POST_WRITE,RECORD_READOUT,29,0.0,2.7985793804615276e-07,-0.005377171473278414,310.83,DCD_WRITER_OFF_READOUT
U1537A-25H-4W-80cm:dcd:028,U1537A-25H-4W-80cm,dcd:028,POST_WRITE,RECORD_READOUT,30,0.0,2.7660695101794947e-07,-0.0057404353430413994,326.51,DCD_WRITER_OFF_READOUT
U1537A-25H-4W-80cm:dcd:029,U1537A-25H-4W-80cm,dcd:029,POST_WRITE,RECORD_READOUT,31,0.0,2.738488211630609e-07,-0.006120264104550544,342.09,DCD_WRITER_OFF_READOUT
U1537A-25H-4W-80cm:dcd:030,U1537A-25H-4W-80cm,dcd:030,POST_WRITE,RECORD_READOUT,32,0.0,2.7064096006402413e-07,-0.006518507899854596,357.65,DCD_WRITER_OFF_READOUT
U1537A-25H-4W-80cm:dcd:031,U1537A-25H-4W-80cm,dcd:031,POST_WRITE,RECORD_READOUT,33,0.0,2.6766567918649194e-07,-0.006937081668646879,372.36,DCD_WRITER_OFF_READOUT
U1537A-25H-4W-80cm:dcd:032,U1537A-25H-4W-80cm,dcd:032,POST_WRITE,RECORD_READOUT,34,0.0,2.6406906102095426e-07,-0.007375267311705074,387.74,DCD_WRITER_OFF_READOUT
U1537A-25H-4W-80cm:dcd:033,U1537A-25H-4W-80cm,dcd:033,POST_WRITE,RECORD_READOUT,35,0.0,2.60434880453236e-07,-0.007835057532987343,403.36,DCD_WRITER_OFF_READOUT
U1537A-25H-4W-80cm:dcd:034,U1537A-25H-4W-80cm,dcd:034,POST_WRITE,RECORD_READOUT,36,0.0,2.5657510609830576e-07,-0.008317248598454001,419.77,DCD_WRITER_OFF_READOUT
U1537A-25H-4W-80cm:dcd:035,U1537A-25H-4W-80cm,dcd:035,POST_WRITE,RECORD_READOUT,37,0.0,2.52508738933377e-07,-0.00882700855048812,435.95,DCD_WRITER_OFF_READOUT
U1537A-25H-4W-80cm:dcd:036,U1537A-25H-4W-80cm,dcd:036,POST_WRITE,RECORD_READOUT,38,0.0,2.4866532326510796e-07,-0.009359744843984726,451.12,DCD_WRITER_OFF_READOUT
U1537A-25H-4W-80cm:dcd:037,U1537A-25H-4W-80cm,dcd:037,POST_WRITE,RECORD_READOUT,39,0.0,2.439151186252083e-07,-0.009913984222759136,467.22,DCD_WRITER_OFF_READOUT
U1537A-25H-4W-80cm:dcd:038,U1537A-25H-4W-80cm,dcd:038,POST_WRITE,RECORD_READOUT,40,0.0,2.39637613011595e-07,-0.010499973153115254,480.44,DCD_WRITER_OFF_READOUT
U1537A-25H-4W-80cm:dcd:039,U1537A-25H-4W-80cm,dcd:039,POST_WRITE,RECORD_READOUT,41,0.0,2.3440721387125345e-07,-0.011113779939625815,495.3,DCD_WRITER_OFF_READOUT
U1537A-25H-4W-80cm:dcd:040,U1537A-25H-4W-80cm,dcd:040,POST_WRITE,RECORD_READOUT,42,0.0,2.2917715194685002e-07,-0.011753889057162441,510.12,DCD_WRITER_OFF_READOUT
U1537A-25H-4W-80cm:dcd:041,U1537A-25H-4W-80cm,dcd:041,POST_WRITE,RECORD_READOUT,43,0.0,2.237692357210112e-07,-0.012430836512861613,524.68,DCD_WRITER_OFF_READOUT
U1537A-25H-4W-80cm:dcd:042,U1537A-25H-4W-80cm,dcd:042,POST_WRITE,RECORD_READOUT,44,0.0,2.1790677744912453e-07,-0.013137125128097586,539.93,DCD_WRITER_OFF_READOUT
U1537A-25H-4W-80cm:dcd:043,U1537A-25H-4W-80cm,dcd:043,POST_WRITE,RECORD_READOUT,45,0.0,2.118253617062719e-07,-0.013878178644401115,555.13,DCD_WRITER_OFF_READOUT
U1537A-25H-4W-80cm:dcd:044,U1537A-25H-4W-80cm,dcd:044,POST_WRITE,RECORD_READOUT,46,0.0,2.0540423275905846e-07,-0.014657612994700255,570.21,DCD_WRITER_OFF_READOUT
U1537A-25H-4W-80cm:dcd:045,U1537A-25H-4W-80cm,dcd:045,POST_WRITE,RECORD_READOUT,47,0.0,1.9902864262671587e-07,-0.015473999811135763,585.19,DCD_WRITER_OFF_READOUT
U1537A-25H-4W-80cm:dcd:046,U1537A-25H-4W-80cm,dcd:046,POST_WRITE,RECORD_READOUT,48,0.0,1.917729276249509e-07,-0.016327193871056373,601.0,DCD_WRITER_OFF_READOUT
U1537A-25H-4W-80cm:dcd:047,U1537A-25H-4W-80cm,dcd:047,POST_WRITE,RECORD_READOUT,49,0.0,1.8459178455114348e-07,-0.017226405202151726,616.87,DCD_WRITER_OFF_READOUT
U1537A-25H-4W-80cm:dcd:048,U1537A-25H-4W-80cm,dcd:048,POST_WRITE,RECORD_READOUT,50,0.0,1.771252803381812e-07,-0.01817127607267829,631.96,DCD_WRITER_OFF_READOUT
U1537A-25H-4W-80cm:dcd:049,U1537A-25H-4W-80cm,dcd:049,POST_WRITE,RECORD_READOUT,51,0.0,1.692974253958707e-07,-0.01915521866374226,647.7,DCD_WRITER_OFF_READOUT
U1537A-25H-4W-80cm:dcd:050,U1537A-25H-4W-80cm,dcd:050,POST_WRITE,RECORD_READOUT,52,0.0,1.6112464374454684e-07,-0.020190847765063993,665.56,DCD_WRITER_OFF_READOUT
U1537A-25H-4W-80cm:dcd:051,U1537A-25H-4W-80cm,dcd:051,POST_WRITE,RECORD_READOUT,53,0.0,1.5278709776564614e-07,-0.0212803655011599,683.12,DCD_WRITER_OFF_READOUT
U1537A-25H-4W-80cm:dcd:052,U1537A-25H-4W-80cm,dcd:052,POST_WRITE,RECORD_READOUT,54,0.0,1.438559654600148e-07,-0.022417719362285284,700.76,DCD_WRITER_OFF_READOUT
U1537A-25H-4W-80cm:dcd:053,U1537A-25H-4W-80cm,dcd:053,POST_WRITE,RECORD_READOUT,55,0.0,1.3456086308645336e-07,-0.02361212767563781,718.75,DCD_WRITER_OFF_READOUT
U1537A-25H-4W-80cm:dcd:054,U1537A-25H-4W-80cm,dcd:054,POST_WRITE,RECORD_READOUT,56,0.0,1.2522613820387425e-07,-0.02486574402108097,736.79,DCD_WRITER_OFF_READOUT
U1537A-25H-4W-80cm:dcd:055,U1537A-25H-4W-80cm,dcd:055,POST_WRITE,RECORD_READOUT,57,0.0,1.1540348232229513e-07,-0.026182020035393917,755.21,DCD_WRITER_OFF_READOUT
U1537A-25H-4W-80cm:dcd:056,U1537A-25H-4W-80cm,dcd:056,POST_WRITE,RECORD_READOUT,58,0.0,1.0558661139008827e-07,-0.02755919221416043,774.01,DCD_WRITER_OFF_READOUT
U1537A-25H-4W-80cm:dcd:057,U1537A-25H-4W-80cm,dcd:057,POST_WRITE,RECORD_READOUT,59,0.0,9.542027396781589e-08,-0.029005535365480773,792.82,DCD_WRITER_OFF_READOUT
U1537A-25H-4W-80cm:dcd:058,U1537A-25H-4W-80cm,dcd:058,POST_WRITE,RECORD_READOUT,60,0.0,8.531861536071753e-08,-0.030528223803173448,810.5,DCD_WRITER_OFF_READOUT
U1537A-25H-4W-80cm:dcd:059,U1537A-25H-4W-80cm,dcd:059,POST_WRITE,RECORD_READOUT,61,0.0,7.450034805720853e-08,-0.03211847925099326,829.35,DCD_WRITER_OFF_READOUT
U1537A-25H-4W-80cm:dcd:060,U1537A-25H-4W-80cm,dcd:060,POST_WRITE,RECORD_READOUT,62,0.0,6.357678728799684e-08,-0.033784644987842234,848.51,DCD_WRITER_OFF_READOUT
U1537A-25H-4W-80cm:dcd:061,U1537A-25H-4W-80cm,dcd:061,POST_WRITE,RECORD_READOUT,63,0.0,5.2567081227273365e-08,-0.035534938793723124,867.98,DCD_WRITER_OFF_READOUT
U1537A-25H-4W-80cm:dcd:062,U1537A-25H-4W-80cm,dcd:062,POST_WRITE,RECORD_READOUT,64,0.0,4.1602596664209054e-08,-0.037373823581390055,887.39,DCD_WRITER_OFF_READOUT
U1537A-25H-4W-80cm:dcd:063,U1537A-25H-4W-80cm,dcd:063,POST_WRITE,RECORD_READOUT,65,0.0,3.031382669345022e-08,-0.03929678304091654,907.92,DCD_WRITER_OFF_READOUT
U1537A-25H-4W-80cm:dcd:064,U1537A-25H-4W-80cm,dcd:064,POST_WRITE,RECORD_READOUT,66,0.0,1.903073815848596e-08,-0.04131903637288763,927.68,DCD_WRITER_OFF_READOUT
U1537A-25H-4W-80cm:dcd:065,U1537A-25H-4W-80cm,dcd:065,POST_WRITE,RECORD_READOUT,67,0.0,7.792484778467023e-09,-0.04343593820258266,947.98,DCD_WRITER_OFF_READOUT
U1537A-25H-4W-80cm:dcd:066,U1537A-25H-4W-80cm,dcd:066,POST_WRITE,RECORD_READOUT,68,0.0,-3.4233671605934687e-09,-0.04565861571093827,967.66,DCD_WRITER_OFF_READOUT
U1537A-25H-4W-80cm:dcd:067,U1537A-25H-4W-80cm,dcd:067,POST_WRITE,RECORD_READOUT,69,0.0,-1.4571976289719295e-08,-0.04799264753393087,987.17,DCD_WRITER_OFF_READOUT
U1537A-25H-4W-80cm:dcd:068,U1537A-25H-4W-80cm,dcd:068,POST_WRITE,RECORD_READOUT,70,0.0,-2.5866992309479187e-08,-0.05043477518743102,1007.37,DCD_WRITER_OFF_READOUT
U1537A-25H-4W-80cm:dcd:069,U1537A-25H-4W-80cm,dcd:069,POST_WRITE,RECORD_READOUT,71,0.0,-3.7104973462966175e-08,-0.05299920926330374,1027.92,DCD_WRITER_OFF_READOUT
U1537A-25H-4W-80cm:dcd:070,U1537A-25H-4W-80cm,dcd:070,POST_WRITE,RECORD_READOUT,72,0.0,-4.7859863001638564e-08,-0.05569006253428604,1048.6,DCD_WRITER_OFF_READOUT
U1537A-25H-4W-80cm:dcd:071,U1537A-25H-4W-80cm,dcd:071,POST_WRITE,RECORD_READOUT,73,0.0,-5.8899646892093774e-08,-0.05851100063687479,1069.04,DCD_WRITER_OFF_READOUT
U1537A-25H-4W-80cm:dcd:072,U1537A-25H-4W-80cm,dcd:072,POST_WRITE,RECORD_READOUT,74,0.0,-7.004191287116559e-08,-0.06146640273745731,1090.76,DCD_WRITER_OFF_READOUT
U1537A-25H-4W-80cm:dcd:073,U1537A-25H-4W-80cm,dcd:073,POST_WRITE,RECORD_READOUT,75,0.0,-8.034306769791175e-08,-0.06456987140333195,1112.62,DCD_WRITER_OFF_READOUT
U1537A-25H-4W-80cm:dcd:074,U1537A-25H-4W-80cm,dcd:074,POST_WRITE,RECORD_READOUT,76,0.0,-9.034405142084819e-08,-0.06782611183953251,1134.0,DCD_WRITER_OFF_READOUT
U1537A-25H-4W-80cm:dcd:075,U1537A-25H-4W-80cm,dcd:075,POST_WRITE,RECORD_READOUT,77,0.0,-1.0061621810046127e-07,-0.07124236621393482,1156.01,DCD_WRITER_OFF_READOUT
U1537A-25H-4W-80cm:dcd:076,U1537A-25H-4W-80cm,dcd:076,POST_WRITE,RECORD_READOUT,78,0.0,-1.1000998197841939e-07,-0.07482053425594527,1177.83,DCD_WRITER_OFF_READOUT
U1537A-25H-4W-80cm:dcd:077,U1537A-25H-4W-80cm,dcd:077,POST_WRITE,RECORD_READOUT,79,0.0,-1.1961080141944644e-07,-0.0785779993936806,1199.67,DCD_WRITER_OFF_READOUT
U1537A-25H-4W-80cm:dcd:078,U1537A-25H-4W-80cm,dcd:078,POST_WRITE,RECORD_READOUT,80,0.0,-1.2859137376234595e-07,-0.08251889320170941,1221.65,DCD_WRITER_OFF_READOUT
U1537A-25H-4W-80cm:dcd:079,U1537A-25H-4W-80cm,dcd:079,POST_WRITE,RECORD_READOUT,81,0.0,-1.3711862794095288e-07,-0.08665068786333613,1243.32,DCD_WRITER_OFF_READOUT
U1537A-25H-4W-80cm:dcd:080,U1537A-25H-4W-80cm,dcd:080,POST_WRITE,RECORD_READOUT,82,0.0,-1.4530497824584447e-07,-0.09098580697831721,1264.65,DCD_WRITER_OFF_READOUT
U1537A-25H-4W-80cm:dcd:081,U1537A-25H-4W-80cm,dcd:081,POST_WRITE,RECORD_READOUT,83,0.0,-1.5381022588767708e-07,-0.09553053146941198,1287.91,DCD_WRITER_OFF_READOUT
U1537A-25H-4W-80cm:dcd:082,U1537A-25H-4W-80cm,dcd:082,POST_WRITE,RECORD_READOUT,84,0.0,-1.6166067293871654e-07,-0.10029902899787613,1312.61,DCD_WRITER_OFF_READOUT
U1537A-25H-4W-80cm:dcd:083,U1537A-25H-4W-80cm,dcd:083,POST_WRITE,RECORD_READOUT,85,0.0,-1.6914633255219958e-07,-0.1052994393741134,1337.36,DCD_WRITER_OFF_READOUT
U1537A-25H-4W-80cm:dcd:084,U1537A-25H-4W-80cm,dcd:084,POST_WRITE,RECORD_READOUT,86,0.0,-1.7642143425445023e-07,-0.11054217522705764,1363.57,DCD_WRITER_OFF_READOUT
U1537A-25H-4W-80cm:dcd:085,U1537A-25H-4W-80cm,dcd:085,POST_WRITE,RECORD_READOUT,87,0.0,-1.8348555811438096e-07,-0.1160461827666969,1389.67,DCD_WRITER_OFF_READOUT
U1537A-25H-4W-80cm:dcd:086,U1537A-25H-4W-80cm,dcd:086,POST_WRITE,RECORD_READOUT,88,0.0,-1.9007243880246153e-07,-0.12181865266865245,1414.39,DCD_WRITER_OFF_READOUT
U1537A-25H-4W-80cm:dcd:087,U1537A-25H-4W-80cm,dcd:087,POST_WRITE,RECORD_READOUT,89,0.0,-1.9661923528129676e-07,-0.12787090511832888,1440.52,DCD_WRITER_OFF_READOUT
U1537A-25H-4W-80cm:dcd:088,U1537A-25H-4W-80cm,dcd:088,POST_WRITE,RECORD_READOUT,90,0.0,-2.0256114217185025e-07,-0.13421949429631166,1466.58,DCD_WRITER_OFF_READOUT
U1537A-25H-4W-80cm:dcd:089,U1537A-25H-4W-80cm,dcd:089,POST_WRITE,RECORD_READOUT,91,0.0,-2.088792168870231e-07,-0.14087639836240978,1492.83,DCD_WRITER_OFF_READOUT
U1537A-25H-4W-80cm:dcd:090,U1537A-25H-4W-80cm,dcd:090,POST_WRITE,RECORD_READOUT,92,0.0,-2.1476175045679105e-07,-0.14785687108908516,1519.97,DCD_WRITER_OFF_READOUT
U1537A-25H-4W-80cm:dcd:091,U1537A-25H-4W-80cm,dcd:091,POST_WRITE,RECORD_READOUT,93,0.0,-2.2027854045471099e-07,-0.15518362689893314,1546.9,DCD_WRITER_OFF_READOUT
U1537A-25H-4W-80cm:dcd:092,U1537A-25H-4W-80cm,dcd:092,POST_WRITE,RECORD_READOUT,94,0.0,-2.255706756096608e-07,-0.16286575428801064,1574.32,DCD_WRITER_OFF_READOUT
U1537A-25H-4W-80cm:dcd:093,U1537A-25H-4W-80cm,dcd:093,POST_WRITE,RECORD_READOUT,95,0.0,-2.3078474711262912e-07,-0.1709248927366049,1601.22,DCD_WRITER_OFF_READOUT
U1537A-25H-4W-80cm:dcd:094,U1537A-25H-4W-80cm,dcd:094,POST_WRITE,RECORD_READOUT,96,0.0,-2.3598470405353067e-07,-0.17938032398057427,1628.08,DCD_WRITER_OFF_READOUT
U1537A-25H-4W-80cm:dcd:095,U1537A-25H-4W-80cm,dcd:095,POST_WRITE,RECORD_READOUT,97,0.0,-2.4066087409809005e-07,-0.18824355708076956,1655.73,DCD_WRITER_OFF_READOUT
U1537A-25H-4W-80cm:dcd:096,U1537A-25H-4W-80cm,dcd:096,POST_WRITE,RECORD_READOUT,98,0.0,-2.451122062964795e-07,-0.1975411088106867,1683.31,DCD_WRITER_OFF_READOUT
U1537A-25H-4W-80cm:dcd:097,U1537A-25H-4W-80cm,dcd:097,POST_WRITE,RECORD_READOUT,99,0.0,-2.492307435771656e-07,-0.20729952042023753,1710.36,DCD_WRITER_OFF_READOUT
U1537A-25H-4W-80cm:dcd:098,U1537A-25H-4W-80cm,dcd:098,POST_WRITE,RECORD_READOUT,100,0.0,-2.537022435321655e-07,-0.21752829571187549,1738.93,DCD_WRITER_OFF_READOUT
U1537A-25H-4W-80cm:dcd:099,U1537A-25H-4W-80cm,dcd:099,POST_WRITE,RECORD_READOUT,101,0.0,-2.5784858772792906e-07,-0.22825806295361234,1766.44,DCD_WRITER_OFF_READOUT
U1537A-25H-4W-80cm:dcd:100,U1537A-25H-4W-80cm,dcd:100,POST_WRITE,RECORD_READOUT,102,0.0,-2.6160571260182864e-07,-0.23950840771537096,1794.3,DCD_WRITER_OFF_READOUT
U1537A-25H-4W-80cm:dcd:101,U1537A-25H-4W-80cm,dcd:101,POST_WRITE,RECORD_READOUT,103,0.0,-2.654228907031718e-07,-0.25131444108821477,1821.54,DCD_WRITER_OFF_READOUT
U1537A-25H-4W-80cm:dcd:102,U1537A-25H-4W-80cm,dcd:102,POST_WRITE,RECORD_READOUT,104,0.0,-2.6914972487212106e-07,-0.26369517446039037,1852.32,DCD_WRITER_OFF_READOUT
U1537A-25H-4W-80cm:dcd:103,U1537A-25H-4W-80cm,dcd:103,POST_WRITE,RECORD_READOUT,105,0.0,-2.722216115691523e-07,-0.2766802636048429,1882.02,DCD_WRITER_OFF_READOUT
U1537A-25H-4W-80cm:dcd:104,U1537A-25H-4W-80cm,dcd:104,POST_WRITE,RECORD_READOUT,106,0.0,-2.7565451966634244e-07,-0.29029712105067784,1913.07,DCD_WRITER_OFF_READOUT
U1537A-25H-4W-80cm:dcd:105,U1537A-25H-4W-80cm,dcd:105,POST_WRITE,RECORD_READOUT,107,0.0,-2.7872805354531297e-07,-0.304583764908147,1943.12,DCD_WRITER_OFF_READOUT
U1537A-25H-4W-80cm:dcd:106,U1537A-25H-4W-80cm,dcd:106,POST_WRITE,RECORD_READOUT,108,0.0,-2.813930152843261e-07,-0.31956779263427,1972.31,DCD_WRITER_OFF_READOUT
U1537A-25H-4W-80cm:dcd:107,U1537A-25H-4W-80cm,dcd:107,POST_WRITE,RECORD_READOUT,109,0.0,-2.8408503890865327e-07,-0.3352850398793409,2001.3,DCD_WRITER_OFF_READOUT
U1537A-25H-4W-80cm:dcd:108,U1537A-25H-4W-80cm,dcd:108,POST_WRITE,RECORD_READOUT,110,0.0,-2.8652753012782664e-07,-0.35176736153927773,2033.44,DCD_WRITER_OFF_READOUT
U1537A-25H-4W-80cm:dcd:109,U1537A-25H-4W-80cm,dcd:109,POST_WRITE,RECORD_READOUT,111,0.0,-2.8901329272159673e-07,-0.36905911879082404,2062.71,DCD_WRITER_OFF_READOUT
U1537A-25H-4W-80cm:dcd:110,U1537A-25H-4W-80cm,dcd:110,POST_WRITE,RECORD_READOUT,112,0.0,-2.9134136655000104e-07,-0.3871922217859847,2092.03,DCD_WRITER_OFF_READOUT
U1537A-25H-4W-80cm:dcd:111,U1537A-25H-4W-80cm,dcd:111,POST_WRITE,RECORD_READOUT,113,0.0,-2.932222869142673e-07,-0.4062105557918297,2126.12,DCD_WRITER_OFF_READOUT
U1537A-25H-4W-80cm:dcd:112,U1537A-25H-4W-80cm,dcd:112,POST_WRITE,RECORD_READOUT,114,0.0,-2.95210743366137e-07,-0.4261629777795204,2158.52,DCD_WRITER_OFF_READOUT
U1537A-25H-4W-80cm:dcd:113,U1537A-25H-4W-80cm,dcd:113,POST_WRITE,RECORD_READOUT,115,0.0,-2.968013638402493e-07,-0.44708961681909876,2188.27,DCD_WRITER_OFF_READOUT
U1537A-25H-4W-80cm:dcd:114,U1537A-25H-4W-80cm,dcd:114,POST_WRITE,RECORD_READOUT,116,0.0,-2.9861826520584713e-07,-0.46903383662809583,2223.07,DCD_WRITER_OFF_READOUT
U1537A-25H-4W-80cm:dcd:115,U1537A-25H-4W-80cm,dcd:115,POST_WRITE,RECORD_READOUT,117,0.0,-3.002999470384961e-07,-0.4920544545448678,2253.04,DCD_WRITER_OFF_READOUT
U1537A-25H-4W-80cm:dcd:116,U1537A-25H-4W-80cm,dcd:116,POST_WRITE,RECORD_READOUT,118,0.0,-3.016311641522237e-07,-0.5161981607610656,2289.17,DCD_WRITER_OFF_READOUT
U1537A-25H-4W-80cm:dcd:117,U1537A-25H-4W-80cm,dcd:117,POST_WRITE,RECORD_READOUT,119,0.0,-3.0262306729953356e-07,-0.5415217081629927,2322.06,DCD_WRITER_OFF_READOUT
U1537A-25H-4W-80cm:dcd:118,U1537A-25H-4W-80cm,dcd:118,POST_WRITE,RECORD_READOUT,120,0.0,-3.038307330954203e-07,-0.5680850029669142,2356.59,DCD_WRITER_OFF_READOUT
U1537A-25H-4W-80cm:dcd:119,U1537A-25H-4W-80cm,dcd:119,POST_WRITE,RECORD_READOUT,121,0.0,-3.051430602589805e-07,-0.5959448956748046,2389.4,DCD_WRITER_OFF_READOUT
U1537A-25H-4W-80cm:dcd:120,U1537A-25H-4W-80cm,dcd:120,POST_WRITE,RECORD_READOUT,122,0.0,-3.063098425657468e-07,-0.6251664113609738,2422.39,DCD_WRITER_OFF_READOUT
U1537A-25H-4W-80cm:dcd:121,U1537A-25H-4W-80cm,dcd:121,POST_WRITE,RECORD_READOUT,123,0.0,-3.0728290181997064e-07,-0.6558152576955436,2458.37,DCD_WRITER_OFF_READOUT
U1537A-25H-4W-80cm:dcd:122,U1537A-25H-4W-80cm,dcd:122,POST_WRITE,RECORD_READOUT,124,0.0,-3.080521443614811e-07,-0.6879617322581966,2494.76,DCD_WRITER_OFF_READOUT
U1537A-25H-4W-80cm:dcd:123,U1537A-25H-4W-80cm,dcd:123,POST_WRITE,RECORD_READOUT,125,0.0,-3.089485841958798e-07,-0.7216804978040101,2529.49,DCD_WRITER_OFF_READOUT
U1537A-25H-4W-80cm:dcd:124,U1537A-25H-4W-80cm,dcd:124,POST_WRITE,RECORD_READOUT,126,0.0,-3.0956830037415924e-07,-0.7570460198161421,2567.67,DCD_WRITER_OFF_READOUT
U1537A-25H-4W-80cm:dcd:125,U1537A-25H-4W-80cm,dcd:125,POST_WRITE,RECORD_READOUT,127,0.0,-3.103259486675454e-07,-0.7941387338369073,2602.96,DCD_WRITER_OFF_READOUT
U1537A-25H-4W-80cm:dcd:126,U1537A-25H-4W-80cm,dcd:126,POST_WRITE,RECORD_READOUT,128,0.0,-3.1101519484420113e-07,-0.8330449830971282,2639.0,DCD_WRITER_OFF_READOUT
U1537A-25H-4W-80cm:dcd:127,U1537A-25H-4W-80cm,dcd:127,POST_WRITE,RECORD_READOUT,129,0.0,-3.1172350509206057e-07,-0.8738526709233775,2674.65,DCD_WRITER_OFF_READOUT
U1537A-25H-4W-80cm:dcd:128,U1537A-25H-4W-80cm,dcd:128,POST_WRITE,RECORD_READOUT,130,0.0,-3.125052557491388e-07,-0.9166563789011152,2715.03,DCD_WRITER_OFF_READOUT
U1537A-25H-4W-80cm:dcd:129,U1537A-25H-4W-80cm,dcd:129,POST_WRITE,RECORD_READOUT,131,0.0,-3.1311076130781424e-07,-0.9615504770693205,2752.32,DCD_WRITER_OFF_READOUT
U1537A-25H-4W-80cm:dcd:130,U1537A-25H-4W-80cm,dcd:130,POST_WRITE,RECORD_READOUT,132,0.0,-3.1365125092151916e-07,-1.0086341204505913,2791.67,DCD_WRITER_OFF_READOUT
U1537A-25H-4W-80cm:dcd:131,U1537A-25H-4W-80cm,dcd:131,POST_WRITE,RECORD_READOUT,133,0.0,-3.14022696880731e-07,-1.0580224676202643,2830.84,DCD_WRITER_OFF_READOUT
U1537A-25H-4W-80cm:dcd:132,U1537A-25H-4W-80cm,dcd:132,POST_WRITE,RECORD_READOUT,134,0.0,-3.143239549871768e-07,-1.10982203719569,2872.48,DCD_WRITER_OFF_READOUT
U1537A-25H-4W-80cm:dcd:133,U1537A-25H-4W-80cm,dcd:133,POST_WRITE,RECORD_READOUT,135,0.0,-3.149740738928675e-07,-1.1641563420752439,2914.44,DCD_WRITER_OFF_READOUT
U1537A-25H-4W-80cm:dcd:134,U1537A-25H-4W-80cm,dcd:134,POST_WRITE,RECORD_READOUT,136,0.0,-3.153346820427045e-07,-1.2211440975229062,2957.92,DCD_WRITER_OFF_READOUT
U1537A-25H-4W-80cm:dcd:135,U1537A-25H-4W-80cm,dcd:135,POST_WRITE,RECORD_READOUT,137,0.0,-3.1560050207721014e-07,-1.2809169693994251,3001.73,DCD_WRITER_OFF_READOUT
U1537A-25H-4W-80cm:dcd:136,U1537A-25H-4W-80cm,dcd:136,POST_WRITE,RECORD_READOUT,138,0.0,-3.1629252278145833e-07,-1.3436109236936151,3047.11,DCD_WRITER_OFF_READOUT
U1537A-25H-4W-80cm:dcd:137,U1537A-25H-4W-80cm,dcd:137,POST_WRITE,RECORD_READOUT,139,0.0,-3.1643574051136956e-07,-1.4093696822510784,3094.0,DCD_WRITER_OFF_READOUT
U1537A-25H-4W-80cm:dcd:138,U1537A-25H-4W-80cm,dcd:138,POST_WRITE,RECORD_READOUT,140,0.0,-3.1685625491181245e-07,-1.4783382638231786,3141.34,DCD_WRITER_OFF_READOUT
U1537A-25H-4W-80cm:dcd:139,U1537A-25H-4W-80cm,dcd:139,POST_WRITE,RECORD_READOUT,141,0.0,-3.1732341284623316e-07,-1.550678786759954,3189.27,DCD_WRITER_OFF_READOUT
U1537A-25H-4W-80cm:dcd:140,U1537A-25H-4W-80cm,dcd:140,POST_WRITE,RECORD_READOUT,142,0.0,-3.17678343570649e-07,-1.6265520133077083,3237.73,DCD_WRITER_OFF_READOUT
U1537A-25H-4W-80cm:dcd:141,U1537A-25H-4W-80cm,dcd:141,POST_WRITE,RECORD_READOUT,143,0.0,-3.179055744707957e-07,-1.7061390674735688,3287.67,DCD_WRITER_OFF_READOUT
U1537A-25H-4W-80cm:dcd:142,U1537A-25H-4W-80cm,dcd:142,POST_WRITE,RECORD_READOUT,144,0.0,-3.182158220542981e-07,-1.7896127618350886,3338.08,DCD_WRITER_OFF_READOUT
U1537A-25H-4W-80cm:dcd:143,U1537A-25H-4W-80cm,dcd:143,POST_WRITE,RECORD_READOUT,145,0.0,-3.1838430027484594e-07,-1.877164109390939,3386.77,DCD_WRITER_OFF_READOUT
U1537A-25H-4W-80cm:dcd:144,U1537A-25H-4W-80cm,dcd:144,POST_WRITE,RECORD_READOUT,146,0.0,-3.1896343442157725e-07,-1.968994728763531,3439.31,DCD_WRITER_OFF_READOUT
U1537A-25H-4W-80cm:dcd:145,U1537A-25H-4W-80cm,dcd:145,POST_WRITE,RECORD_READOUT,147,0.0,-3.1902992181947293e-07,-2.065310814238153,3491.28,DCD_WRITER_OFF_READOUT
U1537A-25H-4W-80cm:dcd:146,U1537A-25H-4W-80cm,dcd:146,POST_WRITE,RECORD_READOUT,148,0.0,-3.1910855538476673e-07,-2.1663374989306843,3539.79,DCD_WRITER_OFF_READOUT
U1537A-25H-4W-80cm:dcd:147,U1537A-25H-4W-80cm,dcd:147,POST_WRITE,RECORD_READOUT,149,0.0,-3.1941674322514133e-07,-2.272298220032629,3590.29,DCD_WRITER_OFF_READOUT
U1537A-25H-4W-80cm:dcd:148,U1537A-25H-4W-80cm,dcd:148,POST_WRITE,RECORD_READOUT,150,0.0,-3.197176584877264e-07,-2.383433567769129,3639.59,DCD_WRITER_OFF_READOUT
U1537A-25H-4W-80cm:dcd:149,U1537A-25H-4W-80cm,dcd:149,POST_WRITE,RECORD_READOUT,151,0.0,-3.196675783221106e-07,-2.5000001364941546,3691.45,DCD_WRITER_OFF_READOUT
U1537A-26H-4W-62cm:hys:positive-history,U1537A-26H-4W-62cm,hys:positive-history,POST_WRITE,RECORD_READOUT,0,0.0,8.091245792253689e-07,1.5003723590535933,90.34646373195358,HYSTERESIS_ZERO_FIELD_INTERPOLANT
U1537A-26H-4W-62cm:hys:negative-history,U1537A-26H-4W-62cm,hys:negative-history,POST_WRITE,RECORD_READOUT,1,0.0,-8.087337339158838e-07,-1.5001950111540523,271.8450132300118,HYSTERESIS_ZERO_FIELD_INTERPOLANT
U1537A-26H-4W-62cm:dcd:000,U1537A-26H-4W-62cm,dcd:000,POST_WRITE,RECORD_READOUT,2,0.0,7.947923420032638e-07,-8.608811885173187e-07,0.0,DCD_WRITER_OFF_READOUT
U1537A-26H-4W-62cm:dcd:001,U1537A-26H-4W-62cm,dcd:001,POST_WRITE,RECORD_READOUT,3,0.0,7.940072454121584e-07,-0.00010546365421987903,7.11,DCD_WRITER_OFF_READOUT
U1537A-26H-4W-62cm:dcd:002,U1537A-26H-4W-62cm,dcd:002,POST_WRITE,RECORD_READOUT,4,0.0,7.925066037063146e-07,-0.00020648839438119885,14.89,DCD_WRITER_OFF_READOUT
U1537A-26H-4W-62cm:dcd:003,U1537A-26H-4W-62cm,dcd:003,POST_WRITE,RECORD_READOUT,5,0.0,7.907116346616536e-07,-0.00031477751010715175,24.09,DCD_WRITER_OFF_READOUT
U1537A-26H-4W-62cm:dcd:004,U1537A-26H-4W-62cm,dcd:004,POST_WRITE,RECORD_READOUT,6,0.0,7.892648649630403e-07,-0.00043149799130928247,33.41,DCD_WRITER_OFF_READOUT
U1537A-26H-4W-62cm:dcd:005,U1537A-26H-4W-62cm,dcd:005,POST_WRITE,RECORD_READOUT,7,0.0,7.875345291263231e-07,-0.0005534766479450089,43.51,DCD_WRITER_OFF_READOUT
U1537A-26H-4W-62cm:dcd:006,U1537A-26H-4W-62cm,dcd:006,POST_WRITE,RECORD_READOUT,8,0.0,7.852831620462582e-07,-0.0006801086871399554,53.76,DCD_WRITER_OFF_READOUT
U1537A-26H-4W-62cm:dcd:007,U1537A-26H-4W-62cm,dcd:007,POST_WRITE,RECORD_READOUT,9,0.0,7.831076679397034e-07,-0.0008106973333960783,64.74,DCD_WRITER_OFF_READOUT
U1537A-26H-4W-62cm:dcd:008,U1537A-26H-4W-62cm,dcd:008,POST_WRITE,RECORD_READOUT,10,0.0,7.807142882325977e-07,-0.0009517547261592999,77.09,DCD_WRITER_OFF_READOUT
U1537A-26H-4W-62cm:dcd:009,U1537A-26H-4W-62cm,dcd:009,POST_WRITE,RECORD_READOUT,11,0.0,7.784427862063287e-07,-0.0010993241544811057,88.43,DCD_WRITER_OFF_READOUT
U1537A-26H-4W-62cm:dcd:010,U1537A-26H-4W-62cm,dcd:010,POST_WRITE,RECORD_READOUT,12,0.0,7.765050899798737e-07,-0.0012510235662088563,99.05,DCD_WRITER_OFF_READOUT
U1537A-26H-4W-62cm:dcd:011,U1537A-26H-4W-62cm,dcd:011,POST_WRITE,RECORD_READOUT,13,0.0,7.738603122686761e-07,-0.0014129853010152243,110.0,DCD_WRITER_OFF_READOUT
U1537A-26H-4W-62cm:dcd:012,U1537A-26H-4W-62cm,dcd:012,POST_WRITE,RECORD_READOUT,14,0.0,7.71568236241664e-07,-0.0015801548085449051,120.78,DCD_WRITER_OFF_READOUT
U1537A-26H-4W-62cm:dcd:013,U1537A-26H-4W-62cm,dcd:013,POST_WRITE,RECORD_READOUT,15,0.0,7.686434467892397e-07,-0.0017603722555063904,132.35,DCD_WRITER_OFF_READOUT
U1537A-26H-4W-62cm:dcd:014,U1537A-26H-4W-62cm,dcd:014,POST_WRITE,RECORD_READOUT,16,0.0,7.655199999360703e-07,-0.0019459869225460186,144.02,DCD_WRITER_OFF_READOUT
U1537A-26H-4W-62cm:dcd:015,U1537A-26H-4W-62cm,dcd:015,POST_WRITE,RECORD_READOUT,17,0.0,7.631673650108482e-07,-0.0021405214280687634,155.88,DCD_WRITER_OFF_READOUT
U1537A-26H-4W-62cm:dcd:016,U1537A-26H-4W-62cm,dcd:016,POST_WRITE,RECORD_READOUT,18,0.0,7.601202600481746e-07,-0.002345093192779055,167.85,DCD_WRITER_OFF_READOUT
U1537A-26H-4W-62cm:dcd:017,U1537A-26H-4W-62cm,dcd:017,POST_WRITE,RECORD_READOUT,19,0.0,7.567518233657223e-07,-0.002561674695411506,179.87,DCD_WRITER_OFF_READOUT
U1537A-26H-4W-62cm:dcd:018,U1537A-26H-4W-62cm,dcd:018,POST_WRITE,RECORD_READOUT,20,0.0,7.53136671570264e-07,-0.002785995090874977,192.02,DCD_WRITER_OFF_READOUT
U1537A-26H-4W-62cm:dcd:019,U1537A-26H-4W-62cm,dcd:019,POST_WRITE,RECORD_READOUT,21,0.0,7.492550888618362e-07,-0.0030210969573125387,204.2,DCD_WRITER_OFF_READOUT
U1537A-26H-4W-62cm:dcd:020,U1537A-26H-4W-62cm,dcd:020,POST_WRITE,RECORD_READOUT,22,0.0,7.452429288526754e-07,-0.0032702659162991013,216.74,DCD_WRITER_OFF_READOUT
U1537A-26H-4W-62cm:dcd:021,U1537A-26H-4W-62cm,dcd:021,POST_WRITE,RECORD_READOUT,23,0.0,7.403984947931963e-07,-0.003530881304057858,230.51,DCD_WRITER_OFF_READOUT
U1537A-26H-4W-62cm:dcd:022,U1537A-26H-4W-62cm,dcd:022,POST_WRITE,RECORD_READOUT,24,0.0,7.362782817315354e-07,-0.003803014193474604,242.95,DCD_WRITER_OFF_READOUT
U1537A-26H-4W-62cm:dcd:023,U1537A-26H-4W-62cm,dcd:023,POST_WRITE,RECORD_READOUT,25,0.0,7.308411898951389e-07,-0.004087428485889833,257.15,DCD_WRITER_OFF_READOUT
U1537A-26H-4W-62cm:dcd:024,U1537A-26H-4W-62cm,dcd:024,POST_WRITE,RECORD_READOUT,26,0.0,7.266716172716751e-07,-0.004386552271332535,269.98,DCD_WRITER_OFF_READOUT
U1537A-26H-4W-62cm:dcd:025,U1537A-26H-4W-62cm,dcd:025,POST_WRITE,RECORD_READOUT,27,0.0,7.203839420296724e-07,-0.004701802188583394,284.51,DCD_WRITER_OFF_READOUT
U1537A-26H-4W-62cm:dcd:026,U1537A-26H-4W-62cm,dcd:026,POST_WRITE,RECORD_READOUT,28,0.0,7.147792621416399e-07,-0.005031657119359481,299.53,DCD_WRITER_OFF_READOUT
U1537A-26H-4W-62cm:dcd:027,U1537A-26H-4W-62cm,dcd:027,POST_WRITE,RECORD_READOUT,29,0.0,7.085537401462267e-07,-0.005376715533445963,314.71,DCD_WRITER_OFF_READOUT
U1537A-26H-4W-62cm:dcd:028,U1537A-26H-4W-62cm,dcd:028,POST_WRITE,RECORD_READOUT,30,0.0,7.020421884374162e-07,-0.005736164733698216,330.36,DCD_WRITER_OFF_READOUT
U1537A-26H-4W-62cm:dcd:029,U1537A-26H-4W-62cm,dcd:029,POST_WRITE,RECORD_READOUT,31,0.0,6.955485015162874e-07,-0.006119095723936073,345.14,DCD_WRITER_OFF_READOUT
U1537A-26H-4W-62cm:dcd:030,U1537A-26H-4W-62cm,dcd:030,POST_WRITE,RECORD_READOUT,32,0.0,6.889408979363665e-07,-0.0065215590161144515,359.32,DCD_WRITER_OFF_READOUT
U1537A-26H-4W-62cm:dcd:031,U1537A-26H-4W-62cm,dcd:031,POST_WRITE,RECORD_READOUT,33,0.0,6.807847051996826e-07,-0.006937421900385405,374.87,DCD_WRITER_OFF_READOUT
U1537A-26H-4W-62cm:dcd:032,U1537A-26H-4W-62cm,dcd:032,POST_WRITE,RECORD_READOUT,34,0.0,6.726165625837611e-07,-0.007374234858726247,390.97,DCD_WRITER_OFF_READOUT
U1537A-26H-4W-62cm:dcd:033,U1537A-26H-4W-62cm,dcd:033,POST_WRITE,RECORD_READOUT,35,0.0,6.639273853553953e-07,-0.00783755887299786,406.98,DCD_WRITER_OFF_READOUT
U1537A-26H-4W-62cm:dcd:034,U1537A-26H-4W-62cm,dcd:034,POST_WRITE,RECORD_READOUT,36,0.0,6.549072536548958e-07,-0.008319028577451633,423.69,DCD_WRITER_OFF_READOUT
U1537A-26H-4W-62cm:dcd:035,U1537A-26H-4W-62cm,dcd:035,POST_WRITE,RECORD_READOUT,37,0.0,6.454844162155494e-07,-0.008825167422124386,439.89,DCD_WRITER_OFF_READOUT
U1537A-26H-4W-62cm:dcd:036,U1537A-26H-4W-62cm,dcd:036,POST_WRITE,RECORD_READOUT,38,0.0,6.353563156081914e-07,-0.009359164104338576,456.46,DCD_WRITER_OFF_READOUT
U1537A-26H-4W-62cm:dcd:037,U1537A-26H-4W-62cm,dcd:037,POST_WRITE,RECORD_READOUT,39,0.0,6.246721571747489e-07,-0.009913156880622644,472.54,DCD_WRITER_OFF_READOUT
U1537A-26H-4W-62cm:dcd:038,U1537A-26H-4W-62cm,dcd:038,POST_WRITE,RECORD_READOUT,40,0.0,6.142556636624636e-07,-0.010499942047358497,486.79,DCD_WRITER_OFF_READOUT
U1537A-26H-4W-62cm:dcd:039,U1537A-26H-4W-62cm,dcd:039,POST_WRITE,RECORD_READOUT,41,0.0,6.01927683580747e-07,-0.011113001775914426,501.72,DCD_WRITER_OFF_READOUT
U1537A-26H-4W-62cm:dcd:040,U1537A-26H-4W-62cm,dcd:040,POST_WRITE,RECORD_READOUT,42,0.0,5.896198169289587e-07,-0.011757430339899429,516.0,DCD_WRITER_OFF_READOUT
U1537A-26H-4W-62cm:dcd:041,U1537A-26H-4W-62cm,dcd:041,POST_WRITE,RECORD_READOUT,43,0.0,5.758511979855343e-07,-0.012430155810561267,530.93,DCD_WRITER_OFF_READOUT
U1537A-26H-4W-62cm:dcd:042,U1537A-26H-4W-62cm,dcd:042,POST_WRITE,RECORD_READOUT,44,0.0,5.621054937226921e-07,-0.013138609740706278,545.35,DCD_WRITER_OFF_READOUT
U1537A-26H-4W-62cm:dcd:043,U1537A-26H-4W-62cm,dcd:043,POST_WRITE,RECORD_READOUT,45,0.0,5.466701595838351e-07,-0.013880670169317055,560.39,DCD_WRITER_OFF_READOUT
U1537A-26H-4W-62cm:dcd:044,U1537A-26H-4W-62cm,dcd:044,POST_WRITE,RECORD_READOUT,46,0.0,5.305634799675108e-07,-0.014658986587622786,575.53,DCD_WRITER_OFF_READOUT
U1537A-26H-4W-62cm:dcd:045,U1537A-26H-4W-62cm,dcd:045,POST_WRITE,RECORD_READOUT,47,0.0,5.136892853905106e-07,-0.015473011479894938,590.37,DCD_WRITER_OFF_READOUT
U1537A-26H-4W-62cm:dcd:046,U1537A-26H-4W-62cm,dcd:046,POST_WRITE,RECORD_READOUT,48,0.0,4.955553638615122e-07,-0.01632819461396848,605.97,DCD_WRITER_OFF_READOUT
U1537A-26H-4W-62cm:dcd:047,U1537A-26H-4W-62cm,dcd:047,POST_WRITE,RECORD_READOUT,49,0.0,4.7622478402595627e-07,-0.01722473978338433,621.97,DCD_WRITER_OFF_READOUT
U1537A-26H-4W-62cm:dcd:048,U1537A-26H-4W-62cm,dcd:048,POST_WRITE,RECORD_READOUT,50,0.0,4.5640335905686894e-07,-0.018168938116713024,637.7,DCD_WRITER_OFF_READOUT
U1537A-26H-4W-62cm:dcd:049,U1537A-26H-4W-62cm,dcd:049,POST_WRITE,RECORD_READOUT,51,0.0,4.3547080504491416e-07,-0.019156242845532995,653.2,DCD_WRITER_OFF_READOUT
U1537A-26H-4W-62cm:dcd:050,U1537A-26H-4W-62cm,dcd:050,POST_WRITE,RECORD_READOUT,52,0.0,4.134270245925732e-07,-0.020193603801325902,670.58,DCD_WRITER_OFF_READOUT
U1537A-26H-4W-62cm:dcd:051,U1537A-26H-4W-62cm,dcd:051,POST_WRITE,RECORD_READOUT,53,0.0,3.899061258494639e-07,-0.021279575620007575,688.11,DCD_WRITER_OFF_READOUT
U1537A-26H-4W-62cm:dcd:052,U1537A-26H-4W-62cm,dcd:052,POST_WRITE,RECORD_READOUT,54,0.0,3.652160188969199e-07,-0.02241883494896548,705.52,DCD_WRITER_OFF_READOUT
U1537A-26H-4W-62cm:dcd:053,U1537A-26H-4W-62cm,dcd:053,POST_WRITE,RECORD_READOUT,55,0.0,3.389524140612861e-07,-0.023612408746366775,723.63,DCD_WRITER_OFF_READOUT
U1537A-26H-4W-62cm:dcd:054,U1537A-26H-4W-62cm,dcd:054,POST_WRITE,RECORD_READOUT,56,0.0,3.11968859859428e-07,-0.02486397923215051,741.74,DCD_WRITER_OFF_READOUT
U1537A-26H-4W-62cm:dcd:055,U1537A-26H-4W-62cm,dcd:055,POST_WRITE,RECORD_READOUT,57,0.0,2.831941926204993e-07,-0.026182191356569295,760.06,DCD_WRITER_OFF_READOUT
U1537A-26H-4W-62cm:dcd:056,U1537A-26H-4W-62cm,dcd:056,POST_WRITE,RECORD_READOUT,58,0.0,2.537197484427499e-07,-0.027557336933638998,778.85,DCD_WRITER_OFF_READOUT
U1537A-26H-4W-62cm:dcd:057,U1537A-26H-4W-62cm,dcd:057,POST_WRITE,RECORD_READOUT,59,0.0,2.2363875175956735e-07,-0.029006354020012184,796.92,DCD_WRITER_OFF_READOUT
U1537A-26H-4W-62cm:dcd:058,U1537A-26H-4W-62cm,dcd:058,POST_WRITE,RECORD_READOUT,60,0.0,1.9198097837320312e-07,-0.03052376405162966,815.38,DCD_WRITER_OFF_READOUT
U1537A-26H-4W-62cm:dcd:059,U1537A-26H-4W-62cm,dcd:059,POST_WRITE,RECORD_READOUT,61,0.0,1.5864358331845498e-07,-0.03211778819006473,834.77,DCD_WRITER_OFF_READOUT
U1537A-26H-4W-62cm:dcd:060,U1537A-26H-4W-62cm,dcd:060,POST_WRITE,RECORD_READOUT,62,0.0,1.2484334970250832e-07,-0.03378429251751078,853.83,DCD_WRITER_OFF_READOUT
U1537A-26H-4W-62cm:dcd:061,U1537A-26H-4W-62cm,dcd:061,POST_WRITE,RECORD_READOUT,63,0.0,8.961603249774783e-08,-0.03553486590885232,873.24,DCD_WRITER_OFF_READOUT
U1537A-26H-4W-62cm:dcd:062,U1537A-26H-4W-62cm,dcd:062,POST_WRITE,RECORD_READOUT,64,0.0,5.39820410072389e-08,-0.03737294600698095,892.46,DCD_WRITER_OFF_READOUT
U1537A-26H-4W-62cm:dcd:063,U1537A-26H-4W-62cm,dcd:063,POST_WRITE,RECORD_READOUT,65,0.0,1.754647633733353e-08,-0.039298106490847286,911.5,DCD_WRITER_OFF_READOUT
U1537A-26H-4W-62cm:dcd:064,U1537A-26H-4W-62cm,dcd:064,POST_WRITE,RECORD_READOUT,66,0.0,-1.986784307086092e-08,-0.04131701932928683,931.38,DCD_WRITER_OFF_READOUT
U1537A-26H-4W-62cm:dcd:065,U1537A-26H-4W-62cm,dcd:065,POST_WRITE,RECORD_READOUT,67,0.0,-5.731929259121061e-08,-0.043437140131209445,950.61,DCD_WRITER_OFF_READOUT
U1537A-26H-4W-62cm:dcd:066,U1537A-26H-4W-62cm,dcd:066,POST_WRITE,RECORD_READOUT,68,0.0,-9.610934758945079e-08,-0.04565568660529691,971.11,DCD_WRITER_OFF_READOUT
U1537A-26H-4W-62cm:dcd:067,U1537A-26H-4W-62cm,dcd:067,POST_WRITE,RECORD_READOUT,69,0.0,-1.3402609957410842e-07,-0.04798962018297569,991.18,DCD_WRITER_OFF_READOUT
U1537A-26H-4W-62cm:dcd:068,U1537A-26H-4W-62cm,dcd:068,POST_WRITE,RECORD_READOUT,70,0.0,-1.7045767165162142e-07,-0.050438076764131146,1009.75,DCD_WRITER_OFF_READOUT
U1537A-26H-4W-62cm:dcd:069,U1537A-26H-4W-62cm,dcd:069,POST_WRITE,RECORD_READOUT,71,0.0,-2.0966722552611706e-07,-0.05300069539788773,1029.93,DCD_WRITER_OFF_READOUT
U1537A-26H-4W-62cm:dcd:070,U1537A-26H-4W-62cm,dcd:070,POST_WRITE,RECORD_READOUT,72,0.0,-2.474036804037619e-07,-0.05568887997458467,1050.41,DCD_WRITER_OFF_READOUT
U1537A-26H-4W-62cm:dcd:071,U1537A-26H-4W-62cm,dcd:071,POST_WRITE,RECORD_READOUT,73,0.0,-2.8446832456233126e-07,-0.05851125864793322,1070.71,DCD_WRITER_OFF_READOUT
U1537A-26H-4W-62cm:dcd:072,U1537A-26H-4W-62cm,dcd:072,POST_WRITE,RECORD_READOUT,74,0.0,-3.2118245488208267e-07,-0.06146894750359471,1091.58,DCD_WRITER_OFF_READOUT
U1537A-26H-4W-62cm:dcd:073,U1537A-26H-4W-62cm,dcd:073,POST_WRITE,RECORD_READOUT,75,0.0,-3.5686206995086894e-07,-0.06457087922218964,1113.34,DCD_WRITER_OFF_READOUT
U1537A-26H-4W-62cm:dcd:074,U1537A-26H-4W-62cm,dcd:074,POST_WRITE,RECORD_READOUT,76,0.0,-3.9130674631049663e-07,-0.06782650514119327,1135.49,DCD_WRITER_OFF_READOUT
U1537A-26H-4W-62cm:dcd:075,U1537A-26H-4W-62cm,dcd:075,POST_WRITE,RECORD_READOUT,77,0.0,-4.240439903347142e-07,-0.07124347525241072,1156.78,DCD_WRITER_OFF_READOUT
U1537A-26H-4W-62cm:dcd:076,U1537A-26H-4W-62cm,dcd:076,POST_WRITE,RECORD_READOUT,78,0.0,-4.5543312957209703e-07,-0.07482397735624861,1177.68,DCD_WRITER_OFF_READOUT
U1537A-26H-4W-62cm:dcd:077,U1537A-26H-4W-62cm,dcd:077,POST_WRITE,RECORD_READOUT,79,0.0,-4.860716147988495e-07,-0.07857835747163705,1199.56,DCD_WRITER_OFF_READOUT
U1537A-26H-4W-62cm:dcd:078,U1537A-26H-4W-62cm,dcd:078,POST_WRITE,RECORD_READOUT,80,0.0,-5.147993131562714e-07,-0.08251819969180237,1222.44,DCD_WRITER_OFF_READOUT
U1537A-26H-4W-62cm:dcd:079,U1537A-26H-4W-62cm,dcd:079,POST_WRITE,RECORD_READOUT,81,0.0,-5.414286590752164e-07,-0.08665033047921382,1244.6,DCD_WRITER_OFF_READOUT
U1537A-26H-4W-62cm:dcd:080,U1537A-26H-4W-62cm,dcd:080,POST_WRITE,RECORD_READOUT,82,0.0,-5.66010600033955e-07,-0.0909860813660613,1267.08,DCD_WRITER_OFF_READOUT
U1537A-26H-4W-62cm:dcd:081,U1537A-26H-4W-62cm,dcd:081,POST_WRITE,RECORD_READOUT,83,0.0,-5.890155812863117e-07,-0.09552748505695813,1290.05,DCD_WRITER_OFF_READOUT
U1537A-26H-4W-62cm:dcd:082,U1537A-26H-4W-62cm,dcd:082,POST_WRITE,RECORD_READOUT,84,0.0,-6.098781505867096e-07,-0.10029854678297223,1315.03,DCD_WRITER_OFF_READOUT
U1537A-26H-4W-62cm:dcd:083,U1537A-26H-4W-62cm,dcd:083,POST_WRITE,RECORD_READOUT,85,0.0,-6.287477883944388e-07,-0.1053020505908424,1339.17,DCD_WRITER_OFF_READOUT
U1537A-26H-4W-62cm:dcd:084,U1537A-26H-4W-62cm,dcd:084,POST_WRITE,RECORD_READOUT,86,0.0,-6.457513017614639e-07,-0.11054726155031817,1364.03,DCD_WRITER_OFF_READOUT
U1537A-26H-4W-62cm:dcd:085,U1537A-26H-4W-62cm,dcd:085,POST_WRITE,RECORD_READOUT,87,0.0,-6.608572590076539e-07,-0.11604778808714691,1389.95,DCD_WRITER_OFF_READOUT
U1537A-26H-4W-62cm:dcd:086,U1537A-26H-4W-62cm,dcd:086,POST_WRITE,RECORD_READOUT,88,0.0,-6.742195947676702e-07,-0.12181615000824404,1416.47,DCD_WRITER_OFF_READOUT
U1537A-26H-4W-62cm:dcd:087,U1537A-26H-4W-62cm,dcd:087,POST_WRITE,RECORD_READOUT,89,0.0,-6.85508074407489e-07,-0.12786846003130778,1442.55,DCD_WRITER_OFF_READOUT
U1537A-26H-4W-62cm:dcd:088,U1537A-26H-4W-62cm,dcd:088,POST_WRITE,RECORD_READOUT,90,0.0,-6.957015001127121e-07,-0.1342165681869197,1468.87,DCD_WRITER_OFF_READOUT
U1537A-26H-4W-62cm:dcd:089,U1537A-26H-4W-62cm,dcd:089,POST_WRITE,RECORD_READOUT,91,0.0,-7.04752297023873e-07,-0.14087624381517996,1495.15,DCD_WRITER_OFF_READOUT
U1537A-26H-4W-62cm:dcd:090,U1537A-26H-4W-62cm,dcd:090,POST_WRITE,RECORD_READOUT,92,0.0,-7.123544680173531e-07,-0.14786185485355238,1521.08,DCD_WRITER_OFF_READOUT
U1537A-26H-4W-62cm:dcd:091,U1537A-26H-4W-62cm,dcd:091,POST_WRITE,RECORD_READOUT,93,0.0,-7.192887293993001e-07,-0.15518506367927362,1547.12,DCD_WRITER_OFF_READOUT
U1537A-26H-4W-62cm:dcd:092,U1537A-26H-4W-62cm,dcd:092,POST_WRITE,RECORD_READOUT,94,0.0,-7.254325158868967e-07,-0.16286809170796168,1574.39,DCD_WRITER_OFF_READOUT
U1537A-26H-4W-62cm:dcd:093,U1537A-26H-4W-62cm,dcd:093,POST_WRITE,RECORD_READOUT,95,0.0,-7.305933780992429e-07,-0.17092665055583828,1602.08,DCD_WRITER_OFF_READOUT
U1537A-26H-4W-62cm:dcd:094,U1537A-26H-4W-62cm,dcd:094,POST_WRITE,RECORD_READOUT,96,0.0,-7.359191402835875e-07,-0.1793760634943983,1629.63,DCD_WRITER_OFF_READOUT
U1537A-26H-4W-62cm:dcd:095,U1537A-26H-4W-62cm,dcd:095,POST_WRITE,RECORD_READOUT,97,0.0,-7.403547836329691e-07,-0.18824550853635855,1656.9,DCD_WRITER_OFF_READOUT
U1537A-26H-4W-62cm:dcd:096,U1537A-26H-4W-62cm,dcd:096,POST_WRITE,RECORD_READOUT,98,0.0,-7.444212161124289e-07,-0.19754455075718774,1683.71,DCD_WRITER_OFF_READOUT
U1537A-26H-4W-62cm:dcd:097,U1537A-26H-4W-62cm,dcd:097,POST_WRITE,RECORD_READOUT,99,0.0,-7.47886148008471e-07,-0.20729880914600682,1710.57,DCD_WRITER_OFF_READOUT
U1537A-26H-4W-62cm:dcd:098,U1537A-26H-4W-62cm,dcd:098,POST_WRITE,RECORD_READOUT,100,0.0,-7.514386646233898e-07,-0.21752618238626292,1738.14,DCD_WRITER_OFF_READOUT
U1537A-26H-4W-62cm:dcd:099,U1537A-26H-4W-62cm,dcd:099,POST_WRITE,RECORD_READOUT,101,0.0,-7.545272589382878e-07,-0.22825496137057158,1767.84,DCD_WRITER_OFF_READOUT
U1537A-26H-4W-62cm:dcd:100,U1537A-26H-4W-62cm,dcd:100,POST_WRITE,RECORD_READOUT,102,0.0,-7.574307076142187e-07,-0.2395099018458748,1795.04,DCD_WRITER_OFF_READOUT
U1537A-26H-4W-62cm:dcd:101,U1537A-26H-4W-62cm,dcd:101,POST_WRITE,RECORD_READOUT,103,0.0,-7.603208529529366e-07,-0.25131631200115573,1822.69,DCD_WRITER_OFF_READOUT
U1537A-26H-4W-62cm:dcd:102,U1537A-26H-4W-62cm,dcd:102,POST_WRITE,RECORD_READOUT,104,0.0,-7.631605324410524e-07,-0.2636917598290317,1853.32,DCD_WRITER_OFF_READOUT
U1537A-26H-4W-62cm:dcd:103,U1537A-26H-4W-62cm,dcd:103,POST_WRITE,RECORD_READOUT,105,0.0,-7.655132061108848e-07,-0.27668090364188597,1884.04,DCD_WRITER_OFF_READOUT
U1537A-26H-4W-62cm:dcd:104,U1537A-26H-4W-62cm,dcd:104,POST_WRITE,RECORD_READOUT,106,0.0,-7.678959609125472e-07,-0.2903004794580116,1914.07,DCD_WRITER_OFF_READOUT
U1537A-26H-4W-62cm:dcd:105,U1537A-26H-4W-62cm,dcd:105,POST_WRITE,RECORD_READOUT,107,0.0,-7.698548885729976e-07,-0.3045833387864428,1942.92,DCD_WRITER_OFF_READOUT
U1537A-26H-4W-62cm:dcd:106,U1537A-26H-4W-62cm,dcd:106,POST_WRITE,RECORD_READOUT,108,0.0,-7.720105027127021e-07,-0.31956820822906895,1974.22,DCD_WRITER_OFF_READOUT
U1537A-26H-4W-62cm:dcd:107,U1537A-26H-4W-62cm,dcd:107,POST_WRITE,RECORD_READOUT,109,0.0,-7.739492490253003e-07,-0.3352844208290128,2003.52,DCD_WRITER_OFF_READOUT
U1537A-26H-4W-62cm:dcd:108,U1537A-26H-4W-62cm,dcd:108,POST_WRITE,RECORD_READOUT,110,0.0,-7.757282866842858e-07,-0.351769664348965,2035.02,DCD_WRITER_OFF_READOUT
U1537A-26H-4W-62cm:dcd:109,U1537A-26H-4W-62cm,dcd:109,POST_WRITE,RECORD_READOUT,111,0.0,-7.771949248641932e-07,-0.3690559717192913,2064.56,DCD_WRITER_OFF_READOUT
U1537A-26H-4W-62cm:dcd:110,U1537A-26H-4W-62cm,dcd:110,POST_WRITE,RECORD_READOUT,112,0.0,-7.785215862702302e-07,-0.3871927464349151,2096.53,DCD_WRITER_OFF_READOUT
U1537A-26H-4W-62cm:dcd:111,U1537A-26H-4W-62cm,dcd:111,POST_WRITE,RECORD_READOUT,113,0.0,-7.804882352874469e-07,-0.4062123298427967,2127.75,DCD_WRITER_OFF_READOUT
U1537A-26H-4W-62cm:dcd:112,U1537A-26H-4W-62cm,dcd:112,POST_WRITE,RECORD_READOUT,114,0.0,-7.816063491566289e-07,-0.42616210822772843,2160.61,DCD_WRITER_OFF_READOUT
U1537A-26H-4W-62cm:dcd:113,U1537A-26H-4W-62cm,dcd:113,POST_WRITE,RECORD_READOUT,115,0.0,-7.826583708459135e-07,-0.44708644490126326,2193.03,DCD_WRITER_OFF_READOUT
U1537A-26H-4W-62cm:dcd:114,U1537A-26H-4W-62cm,dcd:114,POST_WRITE,RECORD_READOUT,116,0.0,-7.839955161147599e-07,-0.469032268537418,2227.28,DCD_WRITER_OFF_READOUT
U1537A-26H-4W-62cm:dcd:115,U1537A-26H-4W-62cm,dcd:115,POST_WRITE,RECORD_READOUT,117,0.0,-7.847727763403937e-07,-0.49205638440765853,2258.91,DCD_WRITER_OFF_READOUT
U1537A-26H-4W-62cm:dcd:116,U1537A-26H-4W-62cm,dcd:116,POST_WRITE,RECORD_READOUT,118,0.0,-7.859770629707099e-07,-0.5161961013690191,2293.42,DCD_WRITER_OFF_READOUT
U1537A-26H-4W-62cm:dcd:117,U1537A-26H-4W-62cm,dcd:117,POST_WRITE,RECORD_READOUT,119,0.0,-7.86970433129863e-07,-0.5415223455094033,2326.0,DCD_WRITER_OFF_READOUT
U1537A-26H-4W-62cm:dcd:118,U1537A-26H-4W-62cm,dcd:118,POST_WRITE,RECORD_READOUT,120,0.0,-7.878005483549863e-07,-0.5680830925773329,2358.92,DCD_WRITER_OFF_READOUT
U1537A-26H-4W-62cm:dcd:119,U1537A-26H-4W-62cm,dcd:119,POST_WRITE,RECORD_READOUT,121,0.0,-7.884028786550039e-07,-0.5959443598546983,2394.7,DCD_WRITER_OFF_READOUT
U1537A-26H-4W-62cm:dcd:120,U1537A-26H-4W-62cm,dcd:120,POST_WRITE,RECORD_READOUT,122,0.0,-7.891994168511881e-07,-0.6251669452116728,2428.11,DCD_WRITER_OFF_READOUT
U1537A-26H-4W-62cm:dcd:121,U1537A-26H-4W-62cm,dcd:121,POST_WRITE,RECORD_READOUT,123,0.0,-7.90038323274378e-07,-0.6558146084058755,2461.97,DCD_WRITER_OFF_READOUT
U1537A-26H-4W-62cm:dcd:122,U1537A-26H-4W-62cm,dcd:122,POST_WRITE,RECORD_READOUT,124,0.0,-7.903982703538695e-07,-0.6879623571867686,2500.54,DCD_WRITER_OFF_READOUT
U1537A-26H-4W-62cm:dcd:123,U1537A-26H-4W-62cm,dcd:123,POST_WRITE,RECORD_READOUT,125,0.0,-7.910095313631795e-07,-0.7216809784561002,2535.45,DCD_WRITER_OFF_READOUT
U1537A-26H-4W-62cm:dcd:124,U1537A-26H-4W-62cm,dcd:124,POST_WRITE,RECORD_READOUT,126,0.0,-7.913273080735179e-07,-0.7570454478571818,2570.44,DCD_WRITER_OFF_READOUT
U1537A-26H-4W-62cm:dcd:125,U1537A-26H-4W-62cm,dcd:125,POST_WRITE,RECORD_READOUT,127,0.0,-7.918660863393082e-07,-0.7941414548895,2608.15,DCD_WRITER_OFF_READOUT
U1537A-26H-4W-62cm:dcd:126,U1537A-26H-4W-62cm,dcd:126,POST_WRITE,RECORD_READOUT,128,0.0,-7.924066157696086e-07,-0.8330478336882648,2645.6,DCD_WRITER_OFF_READOUT
U1537A-26H-4W-62cm:dcd:127,U1537A-26H-4W-62cm,dcd:127,POST_WRITE,RECORD_READOUT,129,0.0,-7.92811934319413e-07,-0.8738523300960538,2681.49,DCD_WRITER_OFF_READOUT
U1537A-26H-4W-62cm:dcd:128,U1537A-26H-4W-62cm,dcd:128,POST_WRITE,RECORD_READOUT,130,0.0,-7.934215724961636e-07,-0.9166561400063745,2718.56,DCD_WRITER_OFF_READOUT
U1537A-26H-4W-62cm:dcd:129,U1537A-26H-4W-62cm,dcd:129,POST_WRITE,RECORD_READOUT,131,0.0,-7.936055361947991e-07,-0.9615503014994463,2758.45,DCD_WRITER_OFF_READOUT
U1537A-26H-4W-62cm:dcd:130,U1537A-26H-4W-62cm,dcd:130,POST_WRITE,RECORD_READOUT,132,0.0,-7.939759159880885e-07,-1.0086343775393722,2797.18,DCD_WRITER_OFF_READOUT
U1537A-26H-4W-62cm:dcd:131,U1537A-26H-4W-62cm,dcd:131,POST_WRITE,RECORD_READOUT,133,0.0,-7.945830063621315e-07,-1.0580238595264748,2836.23,DCD_WRITER_OFF_READOUT
U1537A-26H-4W-62cm:dcd:132,U1537A-26H-4W-62cm,dcd:132,POST_WRITE,RECORD_READOUT,134,0.0,-7.946918456392578e-07,-1.1098227929155826,2878.12,DCD_WRITER_OFF_READOUT
U1537A-26H-4W-62cm:dcd:133,U1537A-26H-4W-62cm,dcd:133,POST_WRITE,RECORD_READOUT,135,0.0,-7.949889873988335e-07,-1.1641552461806524,2920.09,DCD_WRITER_OFF_READOUT
U1537A-26H-4W-62cm:dcd:134,U1537A-26H-4W-62cm,dcd:134,POST_WRITE,RECORD_READOUT,136,0.0,-7.953732778855621e-07,-1.2211454930187782,2963.55,DCD_WRITER_OFF_READOUT
U1537A-26H-4W-62cm:dcd:135,U1537A-26H-4W-62cm,dcd:135,POST_WRITE,RECORD_READOUT,137,0.0,-7.954437358020459e-07,-1.2809163901856258,3007.36,DCD_WRITER_OFF_READOUT
U1537A-26H-4W-62cm:dcd:136,U1537A-26H-4W-62cm,dcd:136,POST_WRITE,RECORD_READOUT,138,0.0,-7.957502958710718e-07,-1.343608966647741,3052.91,DCD_WRITER_OFF_READOUT
U1537A-26H-4W-62cm:dcd:137,U1537A-26H-4W-62cm,dcd:137,POST_WRITE,RECORD_READOUT,139,0.0,-7.958124175706661e-07,-1.409366653819345,3100.01,DCD_WRITER_OFF_READOUT
U1537A-26H-4W-62cm:dcd:138,U1537A-26H-4W-62cm,dcd:138,POST_WRITE,RECORD_READOUT,140,0.0,-7.961518842184147e-07,-1.4783347946121927,3147.34,DCD_WRITER_OFF_READOUT
U1537A-26H-4W-62cm:dcd:139,U1537A-26H-4W-62cm,dcd:139,POST_WRITE,RECORD_READOUT,141,0.0,-7.964200030487635e-07,-1.5506765895395818,3195.1,DCD_WRITER_OFF_READOUT
U1537A-26H-4W-62cm:dcd:140,U1537A-26H-4W-62cm,dcd:140,POST_WRITE,RECORD_READOUT,142,0.0,-7.965931416869917e-07,-1.6265551949739063,3243.8,DCD_WRITER_OFF_READOUT
U1537A-26H-4W-62cm:dcd:141,U1537A-26H-4W-62cm,dcd:141,POST_WRITE,RECORD_READOUT,143,0.0,-7.965854991977133e-07,-1.7061404583709758,3293.9,DCD_WRITER_OFF_READOUT
U1537A-26H-4W-62cm:dcd:142,U1537A-26H-4W-62cm,dcd:142,POST_WRITE,RECORD_READOUT,144,0.0,-7.971376062220815e-07,-1.7896104737494243,3344.78,DCD_WRITER_OFF_READOUT
U1537A-26H-4W-62cm:dcd:143,U1537A-26H-4W-62cm,dcd:143,POST_WRITE,RECORD_READOUT,145,0.0,-7.973051941205766e-07,-1.877164946326766,3393.41,DCD_WRITER_OFF_READOUT
U1537A-26H-4W-62cm:dcd:144,U1537A-26H-4W-62cm,dcd:144,POST_WRITE,RECORD_READOUT,146,0.0,-7.972086777735626e-07,-1.9689976404495009,3442.1,DCD_WRITER_OFF_READOUT
U1537A-26H-4W-62cm:dcd:145,U1537A-26H-4W-62cm,dcd:145,POST_WRITE,RECORD_READOUT,147,0.0,-7.974807895959052e-07,-2.065310650531502,3493.43,DCD_WRITER_OFF_READOUT
U1537A-26H-4W-62cm:dcd:146,U1537A-26H-4W-62cm,dcd:146,POST_WRITE,RECORD_READOUT,148,0.0,-7.976646269534196e-07,-2.1663357029068595,3544.18,DCD_WRITER_OFF_READOUT
U1537A-26H-4W-62cm:dcd:147,U1537A-26H-4W-62cm,dcd:147,POST_WRITE,RECORD_READOUT,149,0.0,-7.975218202915745e-07,-2.272297299906895,3594.75,DCD_WRITER_OFF_READOUT
U1537A-26H-4W-62cm:dcd:148,U1537A-26H-4W-62cm,dcd:148,POST_WRITE,RECORD_READOUT,150,0.0,-7.979008537625343e-07,-2.383434335111169,3644.0,DCD_WRITER_OFF_READOUT
U1537A-26H-4W-62cm:dcd:149,U1537A-26H-4W-62cm,dcd:149,POST_WRITE,RECORD_READOUT,151,0.0,-7.98039507859721e-07,-2.499998759351688,3696.06,DCD_WRITER_OFF_READOUT
U1537A-29f-3W-20cm:hys:positive-history,U1537A-29f-3W-20cm,hys:positive-history,POST_WRITE,RECORD_READOUT,0,0.0,2.85510195674474e-07,1.5003707985139836,90.34541625087064,HYSTERESIS_ZERO_FIELD_INTERPOLANT
U1537A-29f-3W-20cm:hys:negative-history,U1537A-29f-3W-20cm,hys:negative-history,POST_WRITE,RECORD_READOUT,1,0.0,-2.84893687805896e-07,-1.500195783552361,271.95572988593636,HYSTERESIS_ZERO_FIELD_INTERPOLANT
U1537A-29f-3W-20cm:dcd:000,U1537A-29f-3W-20cm,dcd:000,POST_WRITE,RECORD_READOUT,2,0.0,2.794514577705961e-07,-9.068815541873217e-07,0.0,DCD_WRITER_OFF_READOUT
U1537A-29f-3W-20cm:dcd:001,U1537A-29f-3W-20cm,dcd:001,POST_WRITE,RECORD_READOUT,3,0.0,2.7917110023754906e-07,-0.00010243762804544831,6.95,DCD_WRITER_OFF_READOUT
U1537A-29f-3W-20cm:dcd:002,U1537A-29f-3W-20cm,dcd:002,POST_WRITE,RECORD_READOUT,4,0.0,2.78544514547942e-07,-0.00020587586408878891,16.1,DCD_WRITER_OFF_READOUT
U1537A-29f-3W-20cm:dcd:003,U1537A-29f-3W-20cm,dcd:003,POST_WRITE,RECORD_READOUT,5,0.0,2.780550211112669e-07,-0.0003127541081774838,25.03,DCD_WRITER_OFF_READOUT
U1537A-29f-3W-20cm:dcd:004,U1537A-29f-3W-20cm,dcd:004,POST_WRITE,RECORD_READOUT,6,0.0,2.7728742050662494e-07,-0.00043071748069245085,34.28,DCD_WRITER_OFF_READOUT
U1537A-29f-3W-20cm:dcd:005,U1537A-29f-3W-20cm,dcd:005,POST_WRITE,RECORD_READOUT,7,0.0,2.7663735508534223e-07,-0.0005522347922956016,43.23,DCD_WRITER_OFF_READOUT
U1537A-29f-3W-20cm:dcd:006,U1537A-29f-3W-20cm,dcd:006,POST_WRITE,RECORD_READOUT,8,0.0,2.761926347980582e-07,-0.0006789289007778548,52.99,DCD_WRITER_OFF_READOUT
U1537A-29f-3W-20cm:dcd:007,U1537A-29f-3W-20cm,dcd:007,POST_WRITE,RECORD_READOUT,9,0.0,2.7532613038206306e-07,-0.0008147584109285112,62.27,DCD_WRITER_OFF_READOUT
U1537A-29f-3W-20cm:dcd:008,U1537A-29f-3W-20cm,dcd:008,POST_WRITE,RECORD_READOUT,10,0.0,2.7444481943750864e-07,-0.0009522698653862143,73.09,DCD_WRITER_OFF_READOUT
U1537A-29f-3W-20cm:dcd:009,U1537A-29f-3W-20cm,dcd:009,POST_WRITE,RECORD_READOUT,11,0.0,2.7361285848345974e-07,-0.0011009355231847101,83.93,DCD_WRITER_OFF_READOUT
U1537A-29f-3W-20cm:dcd:010,U1537A-29f-3W-20cm,dcd:010,POST_WRITE,RECORD_READOUT,12,0.0,2.727545421206754e-07,-0.0012533142577809695,94.92,DCD_WRITER_OFF_READOUT
U1537A-29f-3W-20cm:dcd:011,U1537A-29f-3W-20cm,dcd:011,POST_WRITE,RECORD_READOUT,13,0.0,2.7171958333580465e-07,-0.0014155084250326298,105.89,DCD_WRITER_OFF_READOUT
U1537A-29f-3W-20cm:dcd:012,U1537A-29f-3W-20cm,dcd:012,POST_WRITE,RECORD_READOUT,14,0.0,2.7096863131326927e-07,-0.0015824081482919475,116.74,DCD_WRITER_OFF_READOUT
U1537A-29f-3W-20cm:dcd:013,U1537A-29f-3W-20cm,dcd:013,POST_WRITE,RECORD_READOUT,15,0.0,2.6966490177786406e-07,-0.00176049550583687,128.2,DCD_WRITER_OFF_READOUT
U1537A-29f-3W-20cm:dcd:014,U1537A-29f-3W-20cm,dcd:014,POST_WRITE,RECORD_READOUT,16,0.0,2.6873070723478427e-07,-0.0019469444382074653,139.49,DCD_WRITER_OFF_READOUT
U1537A-29f-3W-20cm:dcd:015,U1537A-29f-3W-20cm,dcd:015,POST_WRITE,RECORD_READOUT,17,0.0,2.677775417683639e-07,-0.002141653101607427,151.49,DCD_WRITER_OFF_READOUT
U1537A-29f-3W-20cm:dcd:016,U1537A-29f-3W-20cm,dcd:016,POST_WRITE,RECORD_READOUT,18,0.0,2.667621695326608e-07,-0.002345062949225003,164.14,DCD_WRITER_OFF_READOUT
U1537A-29f-3W-20cm:dcd:017,U1537A-29f-3W-20cm,dcd:017,POST_WRITE,RECORD_READOUT,19,0.0,2.6549909653178003e-07,-0.002559465409005227,176.5,DCD_WRITER_OFF_READOUT
U1537A-29f-3W-20cm:dcd:018,U1537A-29f-3W-20cm,dcd:018,POST_WRITE,RECORD_READOUT,20,0.0,2.640466660235173e-07,-0.002785879410645848,188.62,DCD_WRITER_OFF_READOUT
U1537A-29f-3W-20cm:dcd:019,U1537A-29f-3W-20cm,dcd:019,POST_WRITE,RECORD_READOUT,21,0.0,2.6238190394696337e-07,-0.0030222375212497696,201.78,DCD_WRITER_OFF_READOUT
U1537A-29f-3W-20cm:dcd:020,U1537A-29f-3W-20cm,dcd:020,POST_WRITE,RECORD_READOUT,22,0.0,2.6136500623793447e-07,-0.003268255537209533,214.0,DCD_WRITER_OFF_READOUT
U1537A-29f-3W-20cm:dcd:021,U1537A-29f-3W-20cm,dcd:021,POST_WRITE,RECORD_READOUT,23,0.0,2.5968228285673923e-07,-0.003529236203260394,226.51,DCD_WRITER_OFF_READOUT
U1537A-29f-3W-20cm:dcd:022,U1537A-29f-3W-20cm,dcd:022,POST_WRITE,RECORD_READOUT,24,0.0,2.581375765071982e-07,-0.0038033194090168507,239.22,DCD_WRITER_OFF_READOUT
U1537A-29f-3W-20cm:dcd:023,U1537A-29f-3W-20cm,dcd:023,POST_WRITE,RECORD_READOUT,25,0.0,2.562687958018481e-07,-0.004086020671093591,252.15,DCD_WRITER_OFF_READOUT
U1537A-29f-3W-20cm:dcd:024,U1537A-29f-3W-20cm,dcd:024,POST_WRITE,RECORD_READOUT,26,0.0,2.5447373548529855e-07,-0.004387782794986664,265.22,DCD_WRITER_OFF_READOUT
U1537A-29f-3W-20cm:dcd:025,U1537A-29f-3W-20cm,dcd:025,POST_WRITE,RECORD_READOUT,27,0.0,2.5231476419400695e-07,-0.004702173871216084,278.93,DCD_WRITER_OFF_READOUT
U1537A-29f-3W-20cm:dcd:026,U1537A-29f-3W-20cm,dcd:026,POST_WRITE,RECORD_READOUT,28,0.0,2.502505721358829e-07,-0.0050306549124398995,294.35,DCD_WRITER_OFF_READOUT
U1537A-29f-3W-20cm:dcd:027,U1537A-29f-3W-20cm,dcd:027,POST_WRITE,RECORD_READOUT,29,0.0,2.4785875921182144e-07,-0.005378871883171525,308.9,DCD_WRITER_OFF_READOUT
U1537A-29f-3W-20cm:dcd:028,U1537A-29f-3W-20cm,dcd:028,POST_WRITE,RECORD_READOUT,30,0.0,2.45713812052982e-07,-0.0057406021874740485,323.73,DCD_WRITER_OFF_READOUT
U1537A-29f-3W-20cm:dcd:029,U1537A-29f-3W-20cm,dcd:029,POST_WRITE,RECORD_READOUT,31,0.0,2.4343930195947236e-07,-0.006121430807328923,339.28,DCD_WRITER_OFF_READOUT
U1537A-29f-3W-20cm:dcd:030,U1537A-29f-3W-20cm,dcd:030,POST_WRITE,RECORD_READOUT,32,0.0,2.405928644464972e-07,-0.006518380985429842,354.78,DCD_WRITER_OFF_READOUT
U1537A-29f-3W-20cm:dcd:031,U1537A-29f-3W-20cm,dcd:031,POST_WRITE,RECORD_READOUT,33,0.0,2.3790493959613883e-07,-0.006936992242476485,370.56,DCD_WRITER_OFF_READOUT
U1537A-29f-3W-20cm:dcd:032,U1537A-29f-3W-20cm,dcd:032,POST_WRITE,RECORD_READOUT,34,0.0,2.3513458742461272e-07,-0.007375480803446631,385.5,DCD_WRITER_OFF_READOUT
U1537A-29f-3W-20cm:dcd:033,U1537A-29f-3W-20cm,dcd:033,POST_WRITE,RECORD_READOUT,35,0.0,2.3181739749574766e-07,-0.007834322391390081,402.35,DCD_WRITER_OFF_READOUT
U1537A-29f-3W-20cm:dcd:034,U1537A-29f-3W-20cm,dcd:034,POST_WRITE,RECORD_READOUT,36,0.0,2.2881507578975487e-07,-0.00831832782611655,417.75,DCD_WRITER_OFF_READOUT
U1537A-29f-3W-20cm:dcd:035,U1537A-29f-3W-20cm,dcd:035,POST_WRITE,RECORD_READOUT,37,0.0,2.2558021000347528e-07,-0.008826368889086443,433.07,DCD_WRITER_OFF_READOUT
U1537A-29f-3W-20cm:dcd:036,U1537A-29f-3W-20cm,dcd:036,POST_WRITE,RECORD_READOUT,38,0.0,2.2189421204143922e-07,-0.009356877356241595,449.68,DCD_WRITER_OFF_READOUT
U1537A-29f-3W-20cm:dcd:037,U1537A-29f-3W-20cm,dcd:037,POST_WRITE,RECORD_READOUT,39,0.0,2.177982513448382e-07,-0.009913146377675042,466.19,DCD_WRITER_OFF_READOUT
U1537A-29f-3W-20cm:dcd:038,U1537A-29f-3W-20cm,dcd:038,POST_WRITE,RECORD_READOUT,40,0.0,2.141025584245817e-07,-0.010497838505312796,480.93,DCD_WRITER_OFF_READOUT
U1537A-29f-3W-20cm:dcd:039,U1537A-29f-3W-20cm,dcd:039,POST_WRITE,RECORD_READOUT,41,0.0,2.1021827128874142e-07,-0.011113364127626616,495.57,DCD_WRITER_OFF_READOUT
U1537A-29f-3W-20cm:dcd:040,U1537A-29f-3W-20cm,dcd:040,POST_WRITE,RECORD_READOUT,42,0.0,2.0564329098755548e-07,-0.011755200744763819,510.78,DCD_WRITER_OFF_READOUT
U1537A-29f-3W-20cm:dcd:041,U1537A-29f-3W-20cm,dcd:041,POST_WRITE,RECORD_READOUT,43,0.0,2.0091048570230403e-07,-0.012429316540776074,525.93,DCD_WRITER_OFF_READOUT
U1537A-29f-3W-20cm:dcd:042,U1537A-29f-3W-20cm,dcd:042,POST_WRITE,RECORD_READOUT,44,0.0,1.958222591828049e-07,-0.013136658640373543,540.68,DCD_WRITER_OFF_READOUT
U1537A-29f-3W-20cm:dcd:043,U1537A-29f-3W-20cm,dcd:043,POST_WRITE,RECORD_READOUT,45,0.0,1.9051343524630114e-07,-0.01387975569096111,555.63,DCD_WRITER_OFF_READOUT
U1537A-29f-3W-20cm:dcd:044,U1537A-29f-3W-20cm,dcd:044,POST_WRITE,RECORD_READOUT,46,0.0,1.8508460753578502e-07,-0.014655605154953755,570.6,DCD_WRITER_OFF_READOUT
U1537A-29f-3W-20cm:dcd:045,U1537A-29f-3W-20cm,dcd:045,POST_WRITE,RECORD_READOUT,47,0.0,1.7920742432107538e-07,-0.015474133302749021,586.09,DCD_WRITER_OFF_READOUT
U1537A-29f-3W-20cm:dcd:046,U1537A-29f-3W-20cm,dcd:046,POST_WRITE,RECORD_READOUT,48,0.0,1.72988230178147e-07,-0.01632853413045446,601.58,DCD_WRITER_OFF_READOUT
U1537A-29f-3W-20cm:dcd:047,U1537A-29f-3W-20cm,dcd:047,POST_WRITE,RECORD_READOUT,49,0.0,1.6667303225030486e-07,-0.01722384089385581,617.53,DCD_WRITER_OFF_READOUT
U1537A-29f-3W-20cm:dcd:048,U1537A-29f-3W-20cm,dcd:048,POST_WRITE,RECORD_READOUT,50,0.0,1.594125633001444e-07,-0.018169603463925817,633.71,DCD_WRITER_OFF_READOUT
U1537A-29f-3W-20cm:dcd:049,U1537A-29f-3W-20cm,dcd:049,POST_WRITE,RECORD_READOUT,51,0.0,1.5245464408382564e-07,-0.01915583166090242,648.98,DCD_WRITER_OFF_READOUT
U1537A-29f-3W-20cm:dcd:050,U1537A-29f-3W-20cm,dcd:050,POST_WRITE,RECORD_READOUT,52,0.0,1.4496205309015097e-07,-0.020191419660394044,666.41,DCD_WRITER_OFF_READOUT
U1537A-29f-3W-20cm:dcd:051,U1537A-29f-3W-20cm,dcd:051,POST_WRITE,RECORD_READOUT,53,0.0,1.3663685867868332e-07,-0.02127789520442983,684.73,DCD_WRITER_OFF_READOUT
U1537A-29f-3W-20cm:dcd:052,U1537A-29f-3W-20cm,dcd:052,POST_WRITE,RECORD_READOUT,54,0.0,1.2837187484678305e-07,-0.022418175591601554,702.29,DCD_WRITER_OFF_READOUT
U1537A-29f-3W-20cm:dcd:053,U1537A-29f-3W-20cm,dcd:053,POST_WRITE,RECORD_READOUT,55,0.0,1.1920812192877362e-07,-0.0236104817634311,720.8,DCD_WRITER_OFF_READOUT
U1537A-29f-3W-20cm:dcd:054,U1537A-29f-3W-20cm,dcd:054,POST_WRITE,RECORD_READOUT,56,0.0,1.1030510628453526e-07,-0.024866992020956925,738.65,DCD_WRITER_OFF_READOUT
U1537A-29f-3W-20cm:dcd:055,U1537A-29f-3W-20cm,dcd:055,POST_WRITE,RECORD_READOUT,57,0.0,1.0065365778314837e-07,-0.026180321459056712,756.55,DCD_WRITER_OFF_READOUT
U1537A-29f-3W-20cm:dcd:056,U1537A-29f-3W-20cm,dcd:056,POST_WRITE,RECORD_READOUT,58,0.0,9.025507779558925e-08,-0.027559123188105696,774.77,DCD_WRITER_OFF_READOUT
U1537A-29f-3W-20cm:dcd:057,U1537A-29f-3W-20cm,dcd:057,POST_WRITE,RECORD_READOUT,59,0.0,8.010503897137505e-08,-0.029007208052642362,792.9,DCD_WRITER_OFF_READOUT
U1537A-29f-3W-20cm:dcd:058,U1537A-29f-3W-20cm,dcd:058,POST_WRITE,RECORD_READOUT,60,0.0,6.959922766545352e-08,-0.030522384202847218,811.36,DCD_WRITER_OFF_READOUT
U1537A-29f-3W-20cm:dcd:059,U1537A-29f-3W-20cm,dcd:059,POST_WRITE,RECORD_READOUT,61,0.0,5.822485687120181e-08,-0.03211635365950262,830.54,DCD_WRITER_OFF_READOUT
U1537A-29f-3W-20cm:dcd:060,U1537A-29f-3W-20cm,dcd:060,POST_WRITE,RECORD_READOUT,62,0.0,4.644655944259213e-08,-0.03378321300776904,850.13,DCD_WRITER_OFF_READOUT
U1537A-29f-3W-20cm:dcd:061,U1537A-29f-3W-20cm,dcd:061,POST_WRITE,RECORD_READOUT,63,0.0,3.469290386383362e-08,-0.035537392161629336,868.86,DCD_WRITER_OFF_READOUT
U1537A-29f-3W-20cm:dcd:062,U1537A-29f-3W-20cm,dcd:062,POST_WRITE,RECORD_READOUT,64,0.0,2.2249845390394363e-08,-0.03737127050954301,888.42,DCD_WRITER_OFF_READOUT
U1537A-29f-3W-20cm:dcd:063,U1537A-29f-3W-20cm,dcd:063,POST_WRITE,RECORD_READOUT,65,0.0,9.897683119769903e-09,-0.03929660312040706,908.25,DCD_WRITER_OFF_READOUT
U1537A-29f-3W-20cm:dcd:064,U1537A-29f-3W-20cm,dcd:064,POST_WRITE,RECORD_READOUT,66,0.0,-2.902265840372764e-09,-0.04131962741900676,928.05,DCD_WRITER_OFF_READOUT
U1537A-29f-3W-20cm:dcd:065,U1537A-29f-3W-20cm,dcd:065,POST_WRITE,RECORD_READOUT,67,0.0,-1.593250630110013e-08,-0.04343703534978592,948.1,DCD_WRITER_OFF_READOUT
U1537A-29f-3W-20cm:dcd:066,U1537A-29f-3W-20cm,dcd:066,POST_WRITE,RECORD_READOUT,68,0.0,-2.90227786109134e-08,-0.04565981722091407,968.83,DCD_WRITER_OFF_READOUT
U1537A-29f-3W-20cm:dcd:067,U1537A-29f-3W-20cm,dcd:067,POST_WRITE,RECORD_READOUT,69,0.0,-4.191487383279302e-08,-0.04799083210967095,988.55,DCD_WRITER_OFF_READOUT
U1537A-29f-3W-20cm:dcd:068,U1537A-29f-3W-20cm,dcd:068,POST_WRITE,RECORD_READOUT,70,0.0,-5.499439470102635e-08,-0.05043537363680843,1008.93,DCD_WRITER_OFF_READOUT
U1537A-29f-3W-20cm:dcd:069,U1537A-29f-3W-20cm,dcd:069,POST_WRITE,RECORD_READOUT,71,0.0,-6.821231732398517e-08,-0.052997778980946,1029.86,DCD_WRITER_OFF_READOUT
U1537A-29f-3W-20cm:dcd:070,U1537A-29f-3W-20cm,dcd:070,POST_WRITE,RECORD_READOUT,72,0.0,-8.123940147276764e-08,-0.05568781246778078,1050.83,DCD_WRITER_OFF_READOUT
U1537A-29f-3W-20cm:dcd:071,U1537A-29f-3W-20cm,dcd:071,POST_WRITE,RECORD_READOUT,73,0.0,-9.4226883394111e-08,-0.05850865706126591,1071.89,DCD_WRITER_OFF_READOUT
U1537A-29f-3W-20cm:dcd:072,U1537A-29f-3W-20cm,dcd:072,POST_WRITE,RECORD_READOUT,74,0.0,-1.0688421665082025e-07,-0.061470971680051764,1092.74,DCD_WRITER_OFF_READOUT
U1537A-29f-3W-20cm:dcd:073,U1537A-29f-3W-20cm,dcd:073,POST_WRITE,RECORD_READOUT,75,0.0,-1.192981406631009e-07,-0.06457457892470067,1114.83,DCD_WRITER_OFF_READOUT
U1537A-29f-3W-20cm:dcd:074,U1537A-29f-3W-20cm,dcd:074,POST_WRITE,RECORD_READOUT,76,0.0,-1.31241494343847e-07,-0.06782957974823549,1136.46,DCD_WRITER_OFF_READOUT
U1537A-29f-3W-20cm:dcd:075,U1537A-29f-3W-20cm,dcd:075,POST_WRITE,RECORD_READOUT,77,0.0,-1.4288544988916284e-07,-0.07124060542504579,1158.56,DCD_WRITER_OFF_READOUT
U1537A-29f-3W-20cm:dcd:076,U1537A-29f-3W-20cm,dcd:076,POST_WRITE,RECORD_READOUT,78,0.0,-1.5409169016894606e-07,-0.07482129360821335,1180.13,DCD_WRITER_OFF_READOUT
U1537A-29f-3W-20cm:dcd:077,U1537A-29f-3W-20cm,dcd:077,POST_WRITE,RECORD_READOUT,79,0.0,-1.645766908525184e-07,-0.07858053378515308,1202.19,DCD_WRITER_OFF_READOUT
U1537A-29f-3W-20cm:dcd:078,U1537A-29f-3W-20cm,dcd:078,POST_WRITE,RECORD_READOUT,80,0.0,-1.747604718679744e-07,-0.08251924653662535,1224.78,DCD_WRITER_OFF_READOUT
U1537A-29f-3W-20cm:dcd:079,U1537A-29f-3W-20cm,dcd:079,POST_WRITE,RECORD_READOUT,81,0.0,-1.8439018986879457e-07,-0.08664824560557569,1247.4,DCD_WRITER_OFF_READOUT
U1537A-29f-3W-20cm:dcd:080,U1537A-29f-3W-20cm,dcd:080,POST_WRITE,RECORD_READOUT,82,0.0,-1.9311515413859134e-07,-0.09098597590900266,1269.41,DCD_WRITER_OFF_READOUT
U1537A-29f-3W-20cm:dcd:081,U1537A-29f-3W-20cm,dcd:081,POST_WRITE,RECORD_READOUT,83,0.0,-2.0139014164132775e-07,-0.09553244924782364,1290.53,DCD_WRITER_OFF_READOUT
U1537A-29f-3W-20cm:dcd:082,U1537A-29f-3W-20cm,dcd:082,POST_WRITE,RECORD_READOUT,84,0.0,-2.093060720803439e-07,-0.10029798615038596,1315.95,DCD_WRITER_OFF_READOUT
U1537A-29f-3W-20cm:dcd:083,U1537A-29f-3W-20cm,dcd:083,POST_WRITE,RECORD_READOUT,85,0.0,-2.1605943613923857e-07,-0.10530266368389973,1339.97,DCD_WRITER_OFF_READOUT
U1537A-29f-3W-20cm:dcd:084,U1537A-29f-3W-20cm,dcd:084,POST_WRITE,RECORD_READOUT,86,0.0,-2.227770536624313e-07,-0.11054287039539118,1365.61,DCD_WRITER_OFF_READOUT
U1537A-29f-3W-20cm:dcd:085,U1537A-29f-3W-20cm,dcd:085,POST_WRITE,RECORD_READOUT,87,0.0,-2.2869912017301896e-07,-0.11604585257236973,1390.54,DCD_WRITER_OFF_READOUT
U1537A-29f-3W-20cm:dcd:086,U1537A-29f-3W-20cm,dcd:086,POST_WRITE,RECORD_READOUT,88,0.0,-2.3375026499916148e-07,-0.12181553077488388,1416.1,DCD_WRITER_OFF_READOUT
U1537A-29f-3W-20cm:dcd:087,U1537A-29f-3W-20cm,dcd:087,POST_WRITE,RECORD_READOUT,89,0.0,-2.3870589766049267e-07,-0.12787098103506947,1442.14,DCD_WRITER_OFF_READOUT
U1537A-29f-3W-20cm:dcd:088,U1537A-29f-3W-20cm,dcd:088,POST_WRITE,RECORD_READOUT,90,0.0,-2.4310260661968785e-07,-0.13421643174845715,1468.98,DCD_WRITER_OFF_READOUT
U1537A-29f-3W-20cm:dcd:089,U1537A-29f-3W-20cm,dcd:089,POST_WRITE,RECORD_READOUT,91,0.0,-2.468411206424423e-07,-0.14087550838244706,1494.98,DCD_WRITER_OFF_READOUT
U1537A-29f-3W-20cm:dcd:090,U1537A-29f-3W-20cm,dcd:090,POST_WRITE,RECORD_READOUT,92,0.0,-2.5011701463585407e-07,-0.14786200059146035,1521.12,DCD_WRITER_OFF_READOUT
U1537A-29f-3W-20cm:dcd:091,U1537A-29f-3W-20cm,dcd:091,POST_WRITE,RECORD_READOUT,93,0.0,-2.529784543147005e-07,-0.15518454836625736,1547.62,DCD_WRITER_OFF_READOUT
U1537A-29f-3W-20cm:dcd:092,U1537A-29f-3W-20cm,dcd:092,POST_WRITE,RECORD_READOUT,94,0.0,-2.5543293343030375e-07,-0.16286531421848344,1575.13,DCD_WRITER_OFF_READOUT
U1537A-29f-3W-20cm:dcd:093,U1537A-29f-3W-20cm,dcd:093,POST_WRITE,RECORD_READOUT,95,0.0,-2.577917449432313e-07,-0.1709257251064993,1602.46,DCD_WRITER_OFF_READOUT
U1537A-29f-3W-20cm:dcd:094,U1537A-29f-3W-20cm,dcd:094,POST_WRITE,RECORD_READOUT,96,0.0,-2.596790523871681e-07,-0.1793760811190526,1629.95,DCD_WRITER_OFF_READOUT
U1537A-29f-3W-20cm:dcd:095,U1537A-29f-3W-20cm,dcd:095,POST_WRITE,RECORD_READOUT,97,0.0,-2.6140590871283645e-07,-0.18824222792144857,1658.08,DCD_WRITER_OFF_READOUT
U1537A-29f-3W-20cm:dcd:096,U1537A-29f-3W-20cm,dcd:096,POST_WRITE,RECORD_READOUT,98,0.0,-2.6303185347530946e-07,-0.1975427039431376,1686.06,DCD_WRITER_OFF_READOUT
U1537A-29f-3W-20cm:dcd:097,U1537A-29f-3W-20cm,dcd:097,POST_WRITE,RECORD_READOUT,99,0.0,-2.6440808401626955e-07,-0.2072969943657491,1712.93,DCD_WRITER_OFF_READOUT
U1537A-29f-3W-20cm:dcd:098,U1537A-29f-3W-20cm,dcd:098,POST_WRITE,RECORD_READOUT,100,0.0,-2.6567111762169164e-07,-0.2175239352194496,1742.61,DCD_WRITER_OFF_READOUT
U1537A-29f-3W-20cm:dcd:099,U1537A-29f-3W-20cm,dcd:099,POST_WRITE,RECORD_READOUT,101,0.0,-2.668604714206128e-07,-0.22825577599908456,1769.9,DCD_WRITER_OFF_READOUT
U1537A-29f-3W-20cm:dcd:100,U1537A-29f-3W-20cm,dcd:100,POST_WRITE,RECORD_READOUT,102,0.0,-2.676221037855437e-07,-0.23951170094037044,1797.04,DCD_WRITER_OFF_READOUT
U1537A-29f-3W-20cm:dcd:101,U1537A-29f-3W-20cm,dcd:101,POST_WRITE,RECORD_READOUT,103,0.0,-2.689081022634299e-07,-0.2513134135003717,1827.55,DCD_WRITER_OFF_READOUT
U1537A-29f-3W-20cm:dcd:102,U1537A-29f-3W-20cm,dcd:102,POST_WRITE,RECORD_READOUT,104,0.0,-2.698069231685413e-07,-0.2636944773806094,1857.97,DCD_WRITER_OFF_READOUT
U1537A-29f-3W-20cm:dcd:103,U1537A-29f-3W-20cm,dcd:103,POST_WRITE,RECORD_READOUT,105,0.0,-2.7084458109746893e-07,-0.27667618012194817,1889.64,DCD_WRITER_OFF_READOUT
U1537A-29f-3W-20cm:dcd:104,U1537A-29f-3W-20cm,dcd:104,POST_WRITE,RECORD_READOUT,106,0.0,-2.7137814706459006e-07,-0.2902983914392918,1921.33,DCD_WRITER_OFF_READOUT
U1537A-29f-3W-20cm:dcd:105,U1537A-29f-3W-20cm,dcd:105,POST_WRITE,RECORD_READOUT,107,0.0,-2.722049213710461e-07,-0.304582725649281,1950.16,DCD_WRITER_OFF_READOUT
U1537A-29f-3W-20cm:dcd:106,U1537A-29f-3W-20cm,dcd:106,POST_WRITE,RECORD_READOUT,108,0.0,-2.728845975140507e-07,-0.31956655499567593,1979.17,DCD_WRITER_OFF_READOUT
U1537A-29f-3W-20cm:dcd:107,U1537A-29f-3W-20cm,dcd:107,POST_WRITE,RECORD_READOUT,109,0.0,-2.733479395637585e-07,-0.33528390010883224,2008.64,DCD_WRITER_OFF_READOUT
U1537A-29f-3W-20cm:dcd:108,U1537A-29f-3W-20cm,dcd:108,POST_WRITE,RECORD_READOUT,110,0.0,-2.739540159928759e-07,-0.35176703142294474,2037.99,DCD_WRITER_OFF_READOUT
U1537A-29f-3W-20cm:dcd:109,U1537A-29f-3W-20cm,dcd:109,POST_WRITE,RECORD_READOUT,111,0.0,-2.747210350072232e-07,-0.36905634627146616,2069.62,DCD_WRITER_OFF_READOUT
U1537A-29f-3W-20cm:dcd:110,U1537A-29f-3W-20cm,dcd:110,POST_WRITE,RECORD_READOUT,112,0.0,-2.7510558242585026e-07,-0.38719119691308074,2101.69,DCD_WRITER_OFF_READOUT
U1537A-29f-3W-20cm:dcd:111,U1537A-29f-3W-20cm,dcd:111,POST_WRITE,RECORD_READOUT,113,0.0,-2.753541833140889e-07,-0.4062132503540935,2134.11,DCD_WRITER_OFF_READOUT
U1537A-29f-3W-20cm:dcd:112,U1537A-29f-3W-20cm,dcd:112,POST_WRITE,RECORD_READOUT,114,0.0,-2.757359360288294e-07,-0.42616204830121995,2166.63,DCD_WRITER_OFF_READOUT
U1537A-29f-3W-20cm:dcd:113,U1537A-29f-3W-20cm,dcd:113,POST_WRITE,RECORD_READOUT,115,0.0,-2.761077390357068e-07,-0.44708667718167133,2199.08,DCD_WRITER_OFF_READOUT
U1537A-29f-3W-20cm:dcd:114,U1537A-29f-3W-20cm,dcd:114,POST_WRITE,RECORD_READOUT,116,0.0,-2.7664784564438846e-07,-0.46903213791012305,2233.32,DCD_WRITER_OFF_READOUT
U1537A-29f-3W-20cm:dcd:115,U1537A-29f-3W-20cm,dcd:115,POST_WRITE,RECORD_READOUT,117,0.0,-2.767133427576049e-07,-0.49205268481274944,2266.5,DCD_WRITER_OFF_READOUT
U1537A-29f-3W-20cm:dcd:116,U1537A-29f-3W-20cm,dcd:116,POST_WRITE,RECORD_READOUT,118,0.0,-2.773076639493814e-07,-0.5162002726769043,2298.84,DCD_WRITER_OFF_READOUT
U1537A-29f-3W-20cm:dcd:117,U1537A-29f-3W-20cm,dcd:117,POST_WRITE,RECORD_READOUT,119,0.0,-2.7707298118190863e-07,-0.54152146194037,2334.05,DCD_WRITER_OFF_READOUT
U1537A-29f-3W-20cm:dcd:118,U1537A-29f-3W-20cm,dcd:118,POST_WRITE,RECORD_READOUT,120,0.0,-2.777177691814171e-07,-0.5680845230613982,2369.02,DCD_WRITER_OFF_READOUT
U1537A-29f-3W-20cm:dcd:119,U1537A-29f-3W-20cm,dcd:119,POST_WRITE,RECORD_READOUT,121,0.0,-2.778332059153232e-07,-0.5959449755613928,2401.91,DCD_WRITER_OFF_READOUT
U1537A-29f-3W-20cm:dcd:120,U1537A-29f-3W-20cm,dcd:120,POST_WRITE,RECORD_READOUT,122,0.0,-2.780511767387028e-07,-0.6251668650922615,2437.99,DCD_WRITER_OFF_READOUT
U1537A-29f-3W-20cm:dcd:121,U1537A-29f-3W-20cm,dcd:121,POST_WRITE,RECORD_READOUT,123,0.0,-2.780782594128742e-07,-0.6558145707122037,2474.59,DCD_WRITER_OFF_READOUT
U1537A-29f-3W-20cm:dcd:122,U1537A-29f-3W-20cm,dcd:122,POST_WRITE,RECORD_READOUT,124,0.0,-2.783406491710831e-07,-0.6879614746391146,2512.2,DCD_WRITER_OFF_READOUT
U1537A-29f-3W-20cm:dcd:123,U1537A-29f-3W-20cm,dcd:123,POST_WRITE,RECORD_READOUT,125,0.0,-2.7870795106494844e-07,-0.7216789508246104,2547.16,DCD_WRITER_OFF_READOUT
U1537A-29f-3W-20cm:dcd:124,U1537A-29f-3W-20cm,dcd:124,POST_WRITE,RECORD_READOUT,126,0.0,-2.7854362188682154e-07,-0.7570448693765864,2583.91,DCD_WRITER_OFF_READOUT
U1537A-29f-3W-20cm:dcd:125,U1537A-29f-3W-20cm,dcd:125,POST_WRITE,RECORD_READOUT,127,0.0,-2.787487813759424e-07,-0.7941401938366335,2619.09,DCD_WRITER_OFF_READOUT
U1537A-29f-3W-20cm:dcd:126,U1537A-29f-3W-20cm,dcd:126,POST_WRITE,RECORD_READOUT,128,0.0,-2.7888718018749383e-07,-0.833045529226818,2654.83,DCD_WRITER_OFF_READOUT
U1537A-29f-3W-20cm:dcd:127,U1537A-29f-3W-20cm,dcd:127,POST_WRITE,RECORD_READOUT,129,0.0,-2.791215690395764e-07,-0.8738529263466659,2690.97,DCD_WRITER_OFF_READOUT
U1537A-29f-3W-20cm:dcd:128,U1537A-29f-3W-20cm,dcd:128,POST_WRITE,RECORD_READOUT,130,0.0,-2.7902708433436206e-07,-0.9166552984084301,2728.22,DCD_WRITER_OFF_READOUT
U1537A-29f-3W-20cm:dcd:129,U1537A-29f-3W-20cm,dcd:129,POST_WRITE,RECORD_READOUT,131,0.0,-2.7899217888596083e-07,-0.9615518942382579,2767.17,DCD_WRITER_OFF_READOUT
U1537A-29f-3W-20cm:dcd:130,U1537A-29f-3W-20cm,dcd:130,POST_WRITE,RECORD_READOUT,132,0.0,-2.7910280765107105e-07,-1.008636669404655,2806.13,DCD_WRITER_OFF_READOUT
U1537A-29f-3W-20cm:dcd:131,U1537A-29f-3W-20cm,dcd:131,POST_WRITE,RECORD_READOUT,133,0.0,-2.791031596068066e-07,-1.0580261245141804,2845.52,DCD_WRITER_OFF_READOUT
U1537A-29f-3W-20cm:dcd:132,U1537A-29f-3W-20cm,dcd:132,POST_WRITE,RECORD_READOUT,134,0.0,-2.7935211451818094e-07,-1.1098234576549626,2887.17,DCD_WRITER_OFF_READOUT
U1537A-29f-3W-20cm:dcd:133,U1537A-29f-3W-20cm,dcd:133,POST_WRITE,RECORD_READOUT,135,0.0,-2.7946405405328126e-07,-1.1641548949795657,2929.2,DCD_WRITER_OFF_READOUT
U1537A-29f-3W-20cm:dcd:134,U1537A-29f-3W-20cm,dcd:134,POST_WRITE,RECORD_READOUT,136,0.0,-2.793375724637022e-07,-1.2211425928109494,2972.66,DCD_WRITER_OFF_READOUT
U1537A-29f-3W-20cm:dcd:135,U1537A-29f-3W-20cm,dcd:135,POST_WRITE,RECORD_READOUT,137,0.0,-2.7938356897799856e-07,-1.280917142543289,3016.52,DCD_WRITER_OFF_READOUT
U1537A-29f-3W-20cm:dcd:136,U1537A-29f-3W-20cm,dcd:136,POST_WRITE,RECORD_READOUT,138,0.0,-2.794392377473987e-07,-1.3436102396834333,3061.89,DCD_WRITER_OFF_READOUT
U1537A-29f-3W-20cm:dcd:137,U1537A-29f-3W-20cm,dcd:137,POST_WRITE,RECORD_READOUT,139,0.0,-2.796604601701015e-07,-1.4093670536377452,3108.79,DCD_WRITER_OFF_READOUT
U1537A-29f-3W-20cm:dcd:138,U1537A-29f-3W-20cm,dcd:138,POST_WRITE,RECORD_READOUT,140,0.0,-2.794263072696341e-07,-1.4783399170239568,3156.34,DCD_WRITER_OFF_READOUT
U1537A-29f-3W-20cm:dcd:139,U1537A-29f-3W-20cm,dcd:139,POST_WRITE,RECORD_READOUT,141,0.0,-2.799196388347164e-07,-1.5506771505071022,3204.18,DCD_WRITER_OFF_READOUT
U1537A-29f-3W-20cm:dcd:140,U1537A-29f-3W-20cm,dcd:140,POST_WRITE,RECORD_READOUT,142,0.0,-2.797815457686783e-07,-1.6265543747577593,3252.47,DCD_WRITER_OFF_READOUT
U1537A-29f-3W-20cm:dcd:141,U1537A-29f-3W-20cm,dcd:141,POST_WRITE,RECORD_READOUT,143,0.0,-2.799022470605355e-07,-1.706140071124436,3302.35,DCD_WRITER_OFF_READOUT
U1537A-29f-3W-20cm:dcd:142,U1537A-29f-3W-20cm,dcd:142,POST_WRITE,RECORD_READOUT,144,0.0,-2.79961514829057e-07,-1.789613828352867,3352.76,DCD_WRITER_OFF_READOUT
U1537A-29f-3W-20cm:dcd:143,U1537A-29f-3W-20cm,dcd:143,POST_WRITE,RECORD_READOUT,145,0.0,-2.7997772948684e-07,-1.8771664221635656,3402.71,DCD_WRITER_OFF_READOUT
U1537A-29f-3W-20cm:dcd:144,U1537A-29f-3W-20cm,dcd:144,POST_WRITE,RECORD_READOUT,146,0.0,-2.8010554102728845e-07,-1.9689949562237299,3454.55,DCD_WRITER_OFF_READOUT
U1537A-29f-3W-20cm:dcd:145,U1537A-29f-3W-20cm,dcd:145,POST_WRITE,RECORD_READOUT,147,0.0,-2.8000280092521706e-07,-2.065311228252231,3506.58,DCD_WRITER_OFF_READOUT
U1537A-29f-3W-20cm:dcd:146,U1537A-29f-3W-20cm,dcd:146,POST_WRITE,RECORD_READOUT,148,0.0,-2.798530787332482e-07,-2.1663386625419347,3555.89,DCD_WRITER_OFF_READOUT
U1537A-29f-3W-20cm:dcd:147,U1537A-29f-3W-20cm,dcd:147,POST_WRITE,RECORD_READOUT,149,0.0,-2.8002228000786137e-07,-2.272296191850516,3607.13,DCD_WRITER_OFF_READOUT
U1537A-29f-3W-20cm:dcd:148,U1537A-29f-3W-20cm,dcd:148,POST_WRITE,RECORD_READOUT,150,0.0,-2.8012239581341903e-07,-2.3834343750356535,3656.33,DCD_WRITER_OFF_READOUT
U1537A-29f-3W-20cm:dcd:149,U1537A-29f-3W-20cm,dcd:149,POST_WRITE,RECORD_READOUT,151,0.0,-2.8014451810546005e-07,-2.4999998749368655,3708.59,DCD_WRITER_OFF_READOUT
U1537A-31F-4W-40cm:hys:positive-history,U1537A-31F-4W-40cm,hys:positive-history,POST_WRITE,RECORD_READOUT,0,0.0,1.9595755986269297e-07,1.5003689228720032,90.34653287898544,HYSTERESIS_ZERO_FIELD_INTERPOLANT
U1537A-31F-4W-40cm:hys:negative-history,U1537A-31F-4W-40cm,hys:negative-history,POST_WRITE,RECORD_READOUT,1,0.0,-1.9444560813244223e-07,-1.500197122865312,271.8551071946057,HYSTERESIS_ZERO_FIELD_INTERPOLANT
U1537A-31F-4W-40cm:dcd:000,U1537A-31F-4W-40cm,dcd:000,POST_WRITE,RECORD_READOUT,2,0.0,1.916822801292992e-07,-2.6941078094033516e-06,0.0,DCD_WRITER_OFF_READOUT
U1537A-31F-4W-40cm:dcd:001,U1537A-31F-4W-40cm,dcd:001,POST_WRITE,RECORD_READOUT,3,0.0,1.9119854689062228e-07,-9.841688540132721e-05,8.91,DCD_WRITER_OFF_READOUT
U1537A-31F-4W-40cm:dcd:002,U1537A-31F-4W-40cm,dcd:002,POST_WRITE,RECORD_READOUT,4,0.0,1.9071549608542584e-07,-0.00020540957966744505,18.08,DCD_WRITER_OFF_READOUT
U1537A-31F-4W-40cm:dcd:003,U1537A-31F-4W-40cm,dcd:003,POST_WRITE,RECORD_READOUT,5,0.0,1.9038213140755092e-07,-0.0003148733624173727,27.43,DCD_WRITER_OFF_READOUT
U1537A-31F-4W-40cm:dcd:004,U1537A-31F-4W-40cm,dcd:004,POST_WRITE,RECORD_READOUT,6,0.0,1.8960393082112353e-07,-0.00043184925187904935,35.66,DCD_WRITER_OFF_READOUT
U1537A-31F-4W-40cm:dcd:005,U1537A-31F-4W-40cm,dcd:005,POST_WRITE,RECORD_READOUT,7,0.0,1.8948457483249627e-07,-0.0005534886595251537,45.09,DCD_WRITER_OFF_READOUT
U1537A-31F-4W-40cm:dcd:006,U1537A-31F-4W-40cm,dcd:006,POST_WRITE,RECORD_READOUT,8,0.0,1.883324606533337e-07,-0.0006806473639664159,54.2,DCD_WRITER_OFF_READOUT
U1537A-31F-4W-40cm:dcd:007,U1537A-31F-4W-40cm,dcd:007,POST_WRITE,RECORD_READOUT,9,0.0,1.8787690933315312e-07,-0.0008132881635473426,63.7,DCD_WRITER_OFF_READOUT
U1537A-31F-4W-40cm:dcd:008,U1537A-31F-4W-40cm,dcd:008,POST_WRITE,RECORD_READOUT,10,0.0,1.8706431815753606e-07,-0.0009515880811331415,74.29,DCD_WRITER_OFF_READOUT
U1537A-31F-4W-40cm:dcd:009,U1537A-31F-4W-40cm,dcd:009,POST_WRITE,RECORD_READOUT,11,0.0,1.866051273707901e-07,-0.0011011617690797665,84.54,DCD_WRITER_OFF_READOUT
U1537A-31F-4W-40cm:dcd:010,U1537A-31F-4W-40cm,dcd:010,POST_WRITE,RECORD_READOUT,12,0.0,1.8562118777234736e-07,-0.001252086851159548,96.17,DCD_WRITER_OFF_READOUT
U1537A-31F-4W-40cm:dcd:011,U1537A-31F-4W-40cm,dcd:011,POST_WRITE,RECORD_READOUT,13,0.0,1.849220085418855e-07,-0.0014173581937098776,106.88,DCD_WRITER_OFF_READOUT
U1537A-31F-4W-40cm:dcd:012,U1537A-31F-4W-40cm,dcd:012,POST_WRITE,RECORD_READOUT,14,0.0,1.8411619116462542e-07,-0.0015849991703818568,117.67,DCD_WRITER_OFF_READOUT
U1537A-31F-4W-40cm:dcd:013,U1537A-31F-4W-40cm,dcd:013,POST_WRITE,RECORD_READOUT,15,0.0,1.830036004315559e-07,-0.0017607703104648316,129.56,DCD_WRITER_OFF_READOUT
U1537A-31F-4W-40cm:dcd:014,U1537A-31F-4W-40cm,dcd:014,POST_WRITE,RECORD_READOUT,16,0.0,1.8221522704947352e-07,-0.001944369470701488,140.82,DCD_WRITER_OFF_READOUT
U1537A-31F-4W-40cm:dcd:015,U1537A-31F-4W-40cm,dcd:015,POST_WRITE,RECORD_READOUT,17,0.0,1.8153198096580546e-07,-0.002143178725115341,152.72,DCD_WRITER_OFF_READOUT
U1537A-31F-4W-40cm:dcd:016,U1537A-31F-4W-40cm,dcd:016,POST_WRITE,RECORD_READOUT,18,0.0,1.8036354971598127e-07,-0.0023464389547358925,164.87,DCD_WRITER_OFF_READOUT
U1537A-31F-4W-40cm:dcd:017,U1537A-31F-4W-40cm,dcd:017,POST_WRITE,RECORD_READOUT,19,0.0,1.7941499171882598e-07,-0.00256022776037097,177.13,DCD_WRITER_OFF_READOUT
U1537A-31F-4W-40cm:dcd:018,U1537A-31F-4W-40cm,dcd:018,POST_WRITE,RECORD_READOUT,20,0.0,1.781800750236507e-07,-0.002786237470267929,189.3,DCD_WRITER_OFF_READOUT
U1537A-31F-4W-40cm:dcd:019,U1537A-31F-4W-40cm,dcd:019,POST_WRITE,RECORD_READOUT,21,0.0,1.7676741547522308e-07,-0.0030210598730338136,202.07,DCD_WRITER_OFF_READOUT
U1537A-31F-4W-40cm:dcd:020,U1537A-31F-4W-40cm,dcd:020,POST_WRITE,RECORD_READOUT,22,0.0,1.7547971472301192e-07,-0.0032700842804851285,215.27,DCD_WRITER_OFF_READOUT
U1537A-31F-4W-40cm:dcd:021,U1537A-31F-4W-40cm,dcd:021,POST_WRITE,RECORD_READOUT,23,0.0,1.7453813600081896e-07,-0.00352887214479337,227.66,DCD_WRITER_OFF_READOUT
U1537A-31F-4W-40cm:dcd:022,U1537A-31F-4W-40cm,dcd:022,POST_WRITE,RECORD_READOUT,24,0.0,1.7313987321458065e-07,-0.003801752890448282,240.2,DCD_WRITER_OFF_READOUT
U1537A-31F-4W-40cm:dcd:023,U1537A-31F-4W-40cm,dcd:023,POST_WRITE,RECORD_READOUT,25,0.0,1.7135957543690903e-07,-0.00408669152445959,253.83,DCD_WRITER_OFF_READOUT
U1537A-31F-4W-40cm:dcd:024,U1537A-31F-4W-40cm,dcd:024,POST_WRITE,RECORD_READOUT,26,0.0,1.7013150164485555e-07,-0.004388134203953879,266.39,DCD_WRITER_OFF_READOUT
U1537A-31F-4W-40cm:dcd:025,U1537A-31F-4W-40cm,dcd:025,POST_WRITE,RECORD_READOUT,27,0.0,1.6840471270111857e-07,-0.004702215963910772,279.5,DCD_WRITER_OFF_READOUT
U1537A-31F-4W-40cm:dcd:026,U1537A-31F-4W-40cm,dcd:026,POST_WRITE,RECORD_READOUT,28,0.0,1.6667700361116721e-07,-0.005031554359355685,293.12,DCD_WRITER_OFF_READOUT
U1537A-31F-4W-40cm:dcd:027,U1537A-31F-4W-40cm,dcd:027,POST_WRITE,RECORD_READOUT,29,0.0,1.648471869861673e-07,-0.005375543298750476,308.32,DCD_WRITER_OFF_READOUT
U1537A-31F-4W-40cm:dcd:028,U1537A-31F-4W-40cm,dcd:028,POST_WRITE,RECORD_READOUT,30,0.0,1.6321487080266587e-07,-0.005740458564177161,321.88,DCD_WRITER_OFF_READOUT
U1537A-31F-4W-40cm:dcd:029,U1537A-31F-4W-40cm,dcd:029,POST_WRITE,RECORD_READOUT,31,0.0,1.607294571975293e-07,-0.006120284252211057,337.4,DCD_WRITER_OFF_READOUT
U1537A-31F-4W-40cm:dcd:030,U1537A-31F-4W-40cm,dcd:030,POST_WRITE,RECORD_READOUT,32,0.0,1.5844180154006747e-07,-0.006518276500516622,352.91,DCD_WRITER_OFF_READOUT
U1537A-31F-4W-40cm:dcd:031,U1537A-31F-4W-40cm,dcd:031,POST_WRITE,RECORD_READOUT,33,0.0,1.5629254947980559e-07,-0.006937111650559633,368.11,DCD_WRITER_OFF_READOUT
U1537A-31F-4W-40cm:dcd:032,U1537A-31F-4W-40cm,dcd:032,POST_WRITE,RECORD_READOUT,34,0.0,1.5425815999048168e-07,-0.0073758725035922325,383.73,DCD_WRITER_OFF_READOUT
U1537A-31F-4W-40cm:dcd:033,U1537A-31F-4W-40cm,dcd:033,POST_WRITE,RECORD_READOUT,35,0.0,1.516401619836183e-07,-0.0078362791781636,398.53,DCD_WRITER_OFF_READOUT
U1537A-31F-4W-40cm:dcd:034,U1537A-31F-4W-40cm,dcd:034,POST_WRITE,RECORD_READOUT,36,0.0,1.4898022450557223e-07,-0.008319893753681829,414.18,DCD_WRITER_OFF_READOUT
U1537A-31F-4W-40cm:dcd:035,U1537A-31F-4W-40cm,dcd:035,POST_WRITE,RECORD_READOUT,37,0.0,1.4612384980399047e-07,-0.008825672717158336,430.19,DCD_WRITER_OFF_READOUT
U1537A-31F-4W-40cm:dcd:036,U1537A-31F-4W-40cm,dcd:036,POST_WRITE,RECORD_READOUT,38,0.0,1.431199482979896e-07,-0.009357379317944272,446.76,DCD_WRITER_OFF_READOUT
U1537A-31F-4W-40cm:dcd:037,U1537A-31F-4W-40cm,dcd:037,POST_WRITE,RECORD_READOUT,39,0.0,1.4017114528436735e-07,-0.009913732125898904,462.53,DCD_WRITER_OFF_READOUT
U1537A-31F-4W-40cm:dcd:038,U1537A-31F-4W-40cm,dcd:038,POST_WRITE,RECORD_READOUT,40,0.0,1.3720333200937348e-07,-0.010498496668680368,476.78,DCD_WRITER_OFF_READOUT
U1537A-31F-4W-40cm:dcd:039,U1537A-31F-4W-40cm,dcd:039,POST_WRITE,RECORD_READOUT,41,0.0,1.3389470825738104e-07,-0.011113842475087002,490.65,DCD_WRITER_OFF_READOUT
U1537A-31F-4W-40cm:dcd:040,U1537A-31F-4W-40cm,dcd:040,POST_WRITE,RECORD_READOUT,42,0.0,1.303197471422766e-07,-0.011753540767205334,505.78,DCD_WRITER_OFF_READOUT
U1537A-31F-4W-40cm:dcd:041,U1537A-31F-4W-40cm,dcd:041,POST_WRITE,RECORD_READOUT,43,0.0,1.2637181693003107e-07,-0.012429886468665625,520.68,DCD_WRITER_OFF_READOUT
U1537A-31F-4W-40cm:dcd:042,U1537A-31F-4W-40cm,dcd:042,POST_WRITE,RECORD_READOUT,44,0.0,1.226248370567399e-07,-0.013136291958441768,535.56,DCD_WRITER_OFF_READOUT
U1537A-31F-4W-40cm:dcd:043,U1537A-31F-4W-40cm,dcd:043,POST_WRITE,RECORD_READOUT,45,0.0,1.185405982893658e-07,-0.013879578813966583,550.27,DCD_WRITER_OFF_READOUT
U1537A-31F-4W-40cm:dcd:044,U1537A-31F-4W-40cm,dcd:044,POST_WRITE,RECORD_READOUT,46,0.0,1.1395560281264476e-07,-0.014656817546694652,565.64,DCD_WRITER_OFF_READOUT
U1537A-31F-4W-40cm:dcd:045,U1537A-31F-4W-40cm,dcd:045,POST_WRITE,RECORD_READOUT,47,0.0,1.0939546054872778e-07,-0.015469297880467027,581.22,DCD_WRITER_OFF_READOUT
U1537A-31F-4W-40cm:dcd:046,U1537A-31F-4W-40cm,dcd:046,POST_WRITE,RECORD_READOUT,48,0.0,1.0463037686812222e-07,-0.016329057709806204,596.54,DCD_WRITER_OFF_READOUT
U1537A-31F-4W-40cm:dcd:047,U1537A-31F-4W-40cm,dcd:047,POST_WRITE,RECORD_READOUT,49,0.0,9.989763852452222e-08,-0.01722824953146767,611.56,DCD_WRITER_OFF_READOUT
U1537A-31F-4W-40cm:dcd:048,U1537A-31F-4W-40cm,dcd:048,POST_WRITE,RECORD_READOUT,50,0.0,9.45138977870849e-08,-0.018168135776101973,627.5,DCD_WRITER_OFF_READOUT
U1537A-31F-4W-40cm:dcd:049,U1537A-31F-4W-40cm,dcd:049,POST_WRITE,RECORD_READOUT,51,0.0,8.932332563695124e-08,-0.019155299189945765,643.58,DCD_WRITER_OFF_READOUT
U1537A-31F-4W-40cm:dcd:050,U1537A-31F-4W-40cm,dcd:050,POST_WRITE,RECORD_READOUT,52,0.0,8.349909640808526e-08,-0.02019040457681248,661.1,DCD_WRITER_OFF_READOUT
U1537A-31F-4W-40cm:dcd:051,U1537A-31F-4W-40cm,dcd:051,POST_WRITE,RECORD_READOUT,53,0.0,7.747961743779621e-08,-0.021278303551778302,679.12,DCD_WRITER_OFF_READOUT
U1537A-31F-4W-40cm:dcd:052,U1537A-31F-4W-40cm,dcd:052,POST_WRITE,RECORD_READOUT,54,0.0,7.11861587204011e-08,-0.022418607251277704,696.83,DCD_WRITER_OFF_READOUT
U1537A-31F-4W-40cm:dcd:053,U1537A-31F-4W-40cm,dcd:053,POST_WRITE,RECORD_READOUT,55,0.0,6.488898552618553e-08,-0.02361395890395427,714.72,DCD_WRITER_OFF_READOUT
U1537A-31F-4W-40cm:dcd:054,U1537A-31F-4W-40cm,dcd:054,POST_WRITE,RECORD_READOUT,56,0.0,5.8330761502507055e-08,-0.02486701746469692,732.8,DCD_WRITER_OFF_READOUT
U1537A-31F-4W-40cm:dcd:055,U1537A-31F-4W-40cm,dcd:055,POST_WRITE,RECORD_READOUT,57,0.0,5.150554054806474e-08,-0.02617962859902309,750.74,DCD_WRITER_OFF_READOUT
U1537A-31F-4W-40cm:dcd:056,U1537A-31F-4W-40cm,dcd:056,POST_WRITE,RECORD_READOUT,58,0.0,4.4373383061554866e-08,-0.02756087842138115,769.69,DCD_WRITER_OFF_READOUT
U1537A-31F-4W-40cm:dcd:057,U1537A-31F-4W-40cm,dcd:057,POST_WRITE,RECORD_READOUT,59,0.0,3.702157456789401e-08,-0.029009707886490883,787.83,DCD_WRITER_OFF_READOUT
U1537A-31F-4W-40cm:dcd:058,U1537A-31F-4W-40cm,dcd:058,POST_WRITE,RECORD_READOUT,60,0.0,2.949809485941416e-08,-0.03052455204796867,806.95,DCD_WRITER_OFF_READOUT
U1537A-31F-4W-40cm:dcd:059,U1537A-31F-4W-40cm,dcd:059,POST_WRITE,RECORD_READOUT,61,0.0,2.151396314537257e-08,-0.03211479264553131,826.54,DCD_WRITER_OFF_READOUT
U1537A-31F-4W-40cm:dcd:060,U1537A-31F-4W-40cm,dcd:060,POST_WRITE,RECORD_READOUT,62,0.0,1.3611161610269878e-08,-0.033785669407848766,845.82,DCD_WRITER_OFF_READOUT
U1537A-31F-4W-40cm:dcd:061,U1537A-31F-4W-40cm,dcd:061,POST_WRITE,RECORD_READOUT,63,0.0,5.478127953350861e-09,-0.03553523643372589,865.83,DCD_WRITER_OFF_READOUT
U1537A-31F-4W-40cm:dcd:062,U1537A-31F-4W-40cm,dcd:062,POST_WRITE,RECORD_READOUT,64,0.0,-2.6318386134393654e-09,-0.03737354599216523,885.17,DCD_WRITER_OFF_READOUT
U1537A-31F-4W-40cm:dcd:063,U1537A-31F-4W-40cm,dcd:063,POST_WRITE,RECORD_READOUT,65,0.0,-1.08798524391382e-08,-0.03929640040111897,905.5,DCD_WRITER_OFF_READOUT
U1537A-31F-4W-40cm:dcd:064,U1537A-31F-4W-40cm,dcd:064,POST_WRITE,RECORD_READOUT,66,0.0,-1.9230795415179187e-08,-0.04131732628569653,925.39,DCD_WRITER_OFF_READOUT
U1537A-31F-4W-40cm:dcd:065,U1537A-31F-4W-40cm,dcd:065,POST_WRITE,RECORD_READOUT,67,0.0,-2.76970209363163e-08,-0.04343748843809419,945.6,DCD_WRITER_OFF_READOUT
U1537A-31F-4W-40cm:dcd:066,U1537A-31F-4W-40cm,dcd:066,POST_WRITE,RECORD_READOUT,68,0.0,-3.613634751868609e-08,-0.0456566083455575,966.27,DCD_WRITER_OFF_READOUT
U1537A-31F-4W-40cm:dcd:067,U1537A-31F-4W-40cm,dcd:067,POST_WRITE,RECORD_READOUT,69,0.0,-4.42789783064954e-08,-0.04798640881289143,986.76,DCD_WRITER_OFF_READOUT
U1537A-31F-4W-40cm:dcd:068,U1537A-31F-4W-40cm,dcd:068,POST_WRITE,RECORD_READOUT,70,0.0,-5.230081628649053e-08,-0.050436674288900564,1005.28,DCD_WRITER_OFF_READOUT
U1537A-31F-4W-40cm:dcd:069,U1537A-31F-4W-40cm,dcd:069,POST_WRITE,RECORD_READOUT,71,0.0,-6.064605355871302e-08,-0.0530018157679976,1026.19,DCD_WRITER_OFF_READOUT
U1537A-31F-4W-40cm:dcd:070,U1537A-31F-4W-40cm,dcd:070,POST_WRITE,RECORD_READOUT,72,0.0,-6.870894075483737e-08,-0.055686115962346204,1047.22,DCD_WRITER_OFF_READOUT
U1537A-31F-4W-40cm:dcd:071,U1537A-31F-4W-40cm,dcd:071,POST_WRITE,RECORD_READOUT,73,0.0,-7.655495418008018e-08,-0.05851212210035385,1067.82,DCD_WRITER_OFF_READOUT
U1537A-31F-4W-40cm:dcd:072,U1537A-31F-4W-40cm,dcd:072,POST_WRITE,RECORD_READOUT,74,0.0,-8.389933330374842e-08,-0.061470882354379044,1088.97,DCD_WRITER_OFF_READOUT
U1537A-31F-4W-40cm:dcd:073,U1537A-31F-4W-40cm,dcd:073,POST_WRITE,RECORD_READOUT,75,0.0,-9.124344583807962e-08,-0.06457200110204148,1110.7,DCD_WRITER_OFF_READOUT
U1537A-31F-4W-40cm:dcd:074,U1537A-31F-4W-40cm,dcd:074,POST_WRITE,RECORD_READOUT,76,0.0,-9.81932218140002e-08,-0.06782814520950067,1131.62,DCD_WRITER_OFF_READOUT
U1537A-31F-4W-40cm:dcd:075,U1537A-31F-4W-40cm,dcd:075,POST_WRITE,RECORD_READOUT,77,0.0,-1.0489529863272106e-07,-0.07124244189471905,1153.13,DCD_WRITER_OFF_READOUT
U1537A-31F-4W-40cm:dcd:076,U1537A-31F-4W-40cm,dcd:076,POST_WRITE,RECORD_READOUT,78,0.0,-1.110758790239146e-07,-0.07482279633655022,1175.53,DCD_WRITER_OFF_READOUT
U1537A-31F-4W-40cm:dcd:077,U1537A-31F-4W-40cm,dcd:077,POST_WRITE,RECORD_READOUT,79,0.0,-1.1674785385931824e-07,-0.07858004942214583,1197.3,DCD_WRITER_OFF_READOUT
U1537A-31F-4W-40cm:dcd:078,U1537A-31F-4W-40cm,dcd:078,POST_WRITE,RECORD_READOUT,80,0.0,-1.226480511812442e-07,-0.0825173424490084,1219.77,DCD_WRITER_OFF_READOUT
U1537A-31F-4W-40cm:dcd:079,U1537A-31F-4W-40cm,dcd:079,POST_WRITE,RECORD_READOUT,81,0.0,-1.2790604372016849e-07,-0.08664765302781895,1242.89,DCD_WRITER_OFF_READOUT
U1537A-31F-4W-40cm:dcd:080,U1537A-31F-4W-40cm,dcd:080,POST_WRITE,RECORD_READOUT,82,0.0,-1.3226706992678532e-07,-0.09098693361343128,1265.36,DCD_WRITER_OFF_READOUT
U1537A-31F-4W-40cm:dcd:081,U1537A-31F-4W-40cm,dcd:081,POST_WRITE,RECORD_READOUT,83,0.0,-1.3642335360826652e-07,-0.0955309447678422,1285.83,DCD_WRITER_OFF_READOUT
U1537A-31F-4W-40cm:dcd:082,U1537A-31F-4W-40cm,dcd:082,POST_WRITE,RECORD_READOUT,84,0.0,-1.404409504778677e-07,-0.1002992534045552,1310.68,DCD_WRITER_OFF_READOUT
U1537A-31F-4W-40cm:dcd:083,U1537A-31F-4W-40cm,dcd:083,POST_WRITE,RECORD_READOUT,85,0.0,-1.4441505933613445e-07,-0.10529889211903742,1335.52,DCD_WRITER_OFF_READOUT
U1537A-31F-4W-40cm:dcd:084,U1537A-31F-4W-40cm,dcd:084,POST_WRITE,RECORD_READOUT,86,0.0,-1.4778818001994288e-07,-0.11054435398717974,1360.77,DCD_WRITER_OFF_READOUT
U1537A-31F-4W-40cm:dcd:085,U1537A-31F-4W-40cm,dcd:085,POST_WRITE,RECORD_READOUT,87,0.0,-1.5081702729319033e-07,-0.11604805745262228,1385.67,DCD_WRITER_OFF_READOUT
U1537A-31F-4W-40cm:dcd:086,U1537A-31F-4W-40cm,dcd:086,POST_WRITE,RECORD_READOUT,88,0.0,-1.5336709497169806e-07,-0.12181588636942153,1411.31,DCD_WRITER_OFF_READOUT
U1537A-31F-4W-40cm:dcd:087,U1537A-31F-4W-40cm,dcd:087,POST_WRITE,RECORD_READOUT,89,0.0,-1.557473082111385e-07,-0.12786703421437792,1437.78,DCD_WRITER_OFF_READOUT
U1537A-31F-4W-40cm:dcd:088,U1537A-31F-4W-40cm,dcd:088,POST_WRITE,RECORD_READOUT,90,0.0,-1.5813261451002917e-07,-0.13421915115447633,1464.09,DCD_WRITER_OFF_READOUT
U1537A-31F-4W-40cm:dcd:089,U1537A-31F-4W-40cm,dcd:089,POST_WRITE,RECORD_READOUT,91,0.0,-1.6019863441789587e-07,-0.14087650735405743,1490.22,DCD_WRITER_OFF_READOUT
U1537A-31F-4W-40cm:dcd:090,U1537A-31F-4W-40cm,dcd:090,POST_WRITE,RECORD_READOUT,92,0.0,-1.6203797109523378e-07,-0.1478590632669227,1517.52,DCD_WRITER_OFF_READOUT
U1537A-31F-4W-40cm:dcd:091,U1537A-31F-4W-40cm,dcd:091,POST_WRITE,RECORD_READOUT,93,0.0,-1.638821835252934e-07,-0.15518610158098967,1543.93,DCD_WRITER_OFF_READOUT
U1537A-31F-4W-40cm:dcd:092,U1537A-31F-4W-40cm,dcd:092,POST_WRITE,RECORD_READOUT,94,0.0,-1.6555984738486338e-07,-0.16286652893361916,1570.68,DCD_WRITER_OFF_READOUT
U1537A-31F-4W-40cm:dcd:093,U1537A-31F-4W-40cm,dcd:093,POST_WRITE,RECORD_READOUT,95,0.0,-1.6719871866258406e-07,-0.17092781799062357,1596.41,DCD_WRITER_OFF_READOUT
U1537A-31F-4W-40cm:dcd:094,U1537A-31F-4W-40cm,dcd:094,POST_WRITE,RECORD_READOUT,96,0.0,-1.684562350469553e-07,-0.17938064864565348,1623.95,DCD_WRITER_OFF_READOUT
U1537A-31F-4W-40cm:dcd:095,U1537A-31F-4W-40cm,dcd:095,POST_WRITE,RECORD_READOUT,97,0.0,-1.6992487471907663e-07,-0.18824249461069617,1652.43,DCD_WRITER_OFF_READOUT
U1537A-31F-4W-40cm:dcd:096,U1537A-31F-4W-40cm,dcd:096,POST_WRITE,RECORD_READOUT,98,0.0,-1.7098497362595232e-07,-0.19754414965562814,1679.37,DCD_WRITER_OFF_READOUT
U1537A-31F-4W-40cm:dcd:097,U1537A-31F-4W-40cm,dcd:097,POST_WRITE,RECORD_READOUT,99,0.0,-1.7215958207604508e-07,-0.20729532022059938,1708.49,DCD_WRITER_OFF_READOUT
U1537A-31F-4W-40cm:dcd:098,U1537A-31F-4W-40cm,dcd:098,POST_WRITE,RECORD_READOUT,100,0.0,-1.7325871169864105e-07,-0.21752542084640714,1738.52,DCD_WRITER_OFF_READOUT
U1537A-31F-4W-40cm:dcd:099,U1537A-31F-4W-40cm,dcd:099,POST_WRITE,RECORD_READOUT,101,0.0,-1.7440481284442248e-07,-0.22825263338453292,1768.14,DCD_WRITER_OFF_READOUT
U1537A-31F-4W-40cm:dcd:100,U1537A-31F-4W-40cm,dcd:100,POST_WRITE,RECORD_READOUT,102,0.0,-1.7541757161832015e-07,-0.23950910947099033,1798.19,DCD_WRITER_OFF_READOUT
U1537A-31F-4W-40cm:dcd:101,U1537A-31F-4W-40cm,dcd:101,POST_WRITE,RECORD_READOUT,103,0.0,-1.763553995406204e-07,-0.251314434926629,1827.32,DCD_WRITER_OFF_READOUT
U1537A-31F-4W-40cm:dcd:102,U1537A-31F-4W-40cm,dcd:102,POST_WRITE,RECORD_READOUT,104,0.0,-1.7736740834596547e-07,-0.2636944434698369,1854.77,DCD_WRITER_OFF_READOUT
U1537A-31F-4W-40cm:dcd:103,U1537A-31F-4W-40cm,dcd:103,POST_WRITE,RECORD_READOUT,105,0.0,-1.7830245603618026e-07,-0.27668077241253275,1885.12,DCD_WRITER_OFF_READOUT
U1537A-31F-4W-40cm:dcd:104,U1537A-31F-4W-40cm,dcd:104,POST_WRITE,RECORD_READOUT,106,0.0,-1.79156938060791e-07,-0.29030030311128846,1915.17,DCD_WRITER_OFF_READOUT
U1537A-31F-4W-40cm:dcd:105,U1537A-31F-4W-40cm,dcd:105,POST_WRITE,RECORD_READOUT,107,0.0,-1.7992328716091437e-07,-0.3045859713483603,1944.42,DCD_WRITER_OFF_READOUT
U1537A-31F-4W-40cm:dcd:106,U1537A-31F-4W-40cm,dcd:106,POST_WRITE,RECORD_READOUT,108,0.0,-1.8061139060127122e-07,-0.31956549083791136,1973.29,DCD_WRITER_OFF_READOUT
U1537A-31F-4W-40cm:dcd:107,U1537A-31F-4W-40cm,dcd:107,POST_WRITE,RECORD_READOUT,109,0.0,-1.8147410688931518e-07,-0.33528498263612283,2003.73,DCD_WRITER_OFF_READOUT
U1537A-31F-4W-40cm:dcd:108,U1537A-31F-4W-40cm,dcd:108,POST_WRITE,RECORD_READOUT,110,0.0,-1.819819853328099e-07,-0.3517697838506602,2035.43,DCD_WRITER_OFF_READOUT
U1537A-31F-4W-40cm:dcd:109,U1537A-31F-4W-40cm,dcd:109,POST_WRITE,RECORD_READOUT,111,0.0,-1.8268723326331684e-07,-0.36905729483377275,2064.61,DCD_WRITER_OFF_READOUT
U1537A-31F-4W-40cm:dcd:110,U1537A-31F-4W-40cm,dcd:110,POST_WRITE,RECORD_READOUT,112,0.0,-1.8335035454635562e-07,-0.38719177277023253,2094.42,DCD_WRITER_OFF_READOUT
U1537A-31F-4W-40cm:dcd:111,U1537A-31F-4W-40cm,dcd:111,POST_WRITE,RECORD_READOUT,113,0.0,-1.8392899167477315e-07,-0.4062126521138545,2123.85,DCD_WRITER_OFF_READOUT
U1537A-31F-4W-40cm:dcd:112,U1537A-31F-4W-40cm,dcd:112,POST_WRITE,RECORD_READOUT,114,0.0,-1.8457711025594818e-07,-0.4261625080746807,2156.91,DCD_WRITER_OFF_READOUT
U1537A-31F-4W-40cm:dcd:113,U1537A-31F-4W-40cm,dcd:113,POST_WRITE,RECORD_READOUT,115,0.0,-1.8528304318504324e-07,-0.4470877213759205,2186.98,DCD_WRITER_OFF_READOUT
U1537A-31F-4W-40cm:dcd:114,U1537A-31F-4W-40cm,dcd:114,POST_WRITE,RECORD_READOUT,116,0.0,-1.8574818858197323e-07,-0.469036370451718,2219.94,DCD_WRITER_OFF_READOUT
U1537A-31F-4W-40cm:dcd:115,U1537A-31F-4W-40cm,dcd:115,POST_WRITE,RECORD_READOUT,117,0.0,-1.862160059404763e-07,-0.4920533346129258,2253.14,DCD_WRITER_OFF_READOUT
U1537A-31F-4W-40cm:dcd:116,U1537A-31F-4W-40cm,dcd:116,POST_WRITE,RECORD_READOUT,118,0.0,-1.8649151293159813e-07,-0.5161972879207967,2285.54,DCD_WRITER_OFF_READOUT
U1537A-31F-4W-40cm:dcd:117,U1537A-31F-4W-40cm,dcd:117,POST_WRITE,RECORD_READOUT,119,0.0,-1.868773867788573e-07,-0.541521711005238,2318.13,DCD_WRITER_OFF_READOUT
U1537A-31F-4W-40cm:dcd:118,U1537A-31F-4W-40cm,dcd:118,POST_WRITE,RECORD_READOUT,120,0.0,-1.8770005411831423e-07,-0.5680828418882852,2354.72,DCD_WRITER_OFF_READOUT
U1537A-31F-4W-40cm:dcd:119,U1537A-31F-4W-40cm,dcd:119,POST_WRITE,RECORD_READOUT,121,0.0,-1.8774896976335908e-07,-0.5959451531943171,2387.55,DCD_WRITER_OFF_READOUT
U1537A-31F-4W-40cm:dcd:120,U1537A-31F-4W-40cm,dcd:120,POST_WRITE,RECORD_READOUT,122,0.0,-1.8827773250904758e-07,-0.6251657298786104,2422.37,DCD_WRITER_OFF_READOUT
U1537A-31F-4W-40cm:dcd:121,U1537A-31F-4W-40cm,dcd:121,POST_WRITE,RECORD_READOUT,123,0.0,-1.885127607237739e-07,-0.6558110757301536,2460.24,DCD_WRITER_OFF_READOUT
U1537A-31F-4W-40cm:dcd:122,U1537A-31F-4W-40cm,dcd:122,POST_WRITE,RECORD_READOUT,124,0.0,-1.886130231233174e-07,-0.6879639286678333,2495.86,DCD_WRITER_OFF_READOUT
U1537A-31F-4W-40cm:dcd:123,U1537A-31F-4W-40cm,dcd:123,POST_WRITE,RECORD_READOUT,125,0.0,-1.8902773004355474e-07,-0.7216797015496096,2530.69,DCD_WRITER_OFF_READOUT
U1537A-31F-4W-40cm:dcd:124,U1537A-31F-4W-40cm,dcd:124,POST_WRITE,RECORD_READOUT,126,0.0,-1.889419466810702e-07,-0.757046935297105,2566.58,DCD_WRITER_OFF_READOUT
U1537A-31F-4W-40cm:dcd:125,U1537A-31F-4W-40cm,dcd:125,POST_WRITE,RECORD_READOUT,127,0.0,-1.8943311379303474e-07,-0.7941393825499403,2601.86,DCD_WRITER_OFF_READOUT
U1537A-31F-4W-40cm:dcd:126,U1537A-31F-4W-40cm,dcd:126,POST_WRITE,RECORD_READOUT,128,0.0,-1.896761630226957e-07,-0.8330452499452109,2638.2,DCD_WRITER_OFF_READOUT
U1537A-31F-4W-40cm:dcd:127,U1537A-31F-4W-40cm,dcd:127,POST_WRITE,RECORD_READOUT,129,0.0,-1.8982430231355638e-07,-0.8738488142477736,2673.85,DCD_WRITER_OFF_READOUT
U1537A-31F-4W-40cm:dcd:128,U1537A-31F-4W-40cm,dcd:128,POST_WRITE,RECORD_READOUT,130,0.0,-1.9009014761628633e-07,-0.9166565471318643,2710.95,DCD_WRITER_OFF_READOUT
U1537A-31F-4W-40cm:dcd:129,U1537A-31F-4W-40cm,dcd:129,POST_WRITE,RECORD_READOUT,131,0.0,-1.903254000673603e-07,-0.9615513272150736,2748.25,DCD_WRITER_OFF_READOUT
U1537A-31F-4W-40cm:dcd:130,U1537A-31F-4W-40cm,dcd:130,POST_WRITE,RECORD_READOUT,132,0.0,-1.902258365256431e-07,-1.0086362578945585,2787.3,DCD_WRITER_OFF_READOUT
U1537A-31F-4W-40cm:dcd:131,U1537A-31F-4W-40cm,dcd:131,POST_WRITE,RECORD_READOUT,133,0.0,-1.9050566063116232e-07,-1.0580230781101545,2828.22,DCD_WRITER_OFF_READOUT
U1537A-31F-4W-40cm:dcd:132,U1537A-31F-4W-40cm,dcd:132,POST_WRITE,RECORD_READOUT,134,0.0,-1.906061744112518e-07,-1.1098224542762196,2869.87,DCD_WRITER_OFF_READOUT
U1537A-31F-4W-40cm:dcd:133,U1537A-31F-4W-40cm,dcd:133,POST_WRITE,RECORD_READOUT,135,0.0,-1.906185588273764e-07,-1.1641556540907747,2911.86,DCD_WRITER_OFF_READOUT
U1537A-31F-4W-40cm:dcd:134,U1537A-31F-4W-40cm,dcd:134,POST_WRITE,RECORD_READOUT,136,0.0,-1.9105308717641132e-07,-1.2211455981736434,2955.41,DCD_WRITER_OFF_READOUT
U1537A-31F-4W-40cm:dcd:135,U1537A-31F-4W-40cm,dcd:135,POST_WRITE,RECORD_READOUT,137,0.0,-1.9101913514405308e-07,-1.280919151883816,2999.71,DCD_WRITER_OFF_READOUT
U1537A-31F-4W-40cm:dcd:136,U1537A-31F-4W-40cm,dcd:136,POST_WRITE,RECORD_READOUT,138,0.0,-1.9101016852325393e-07,-1.3436107591698687,3045.04,DCD_WRITER_OFF_READOUT
U1537A-31F-4W-40cm:dcd:137,U1537A-31F-4W-40cm,dcd:137,POST_WRITE,RECORD_READOUT,139,0.0,-1.9119679870868057e-07,-1.409368752693466,3092.1,DCD_WRITER_OFF_READOUT
U1537A-31F-4W-40cm:dcd:138,U1537A-31F-4W-40cm,dcd:138,POST_WRITE,RECORD_READOUT,140,0.0,-1.911883879888148e-07,-1.4783423228388015,3139.46,DCD_WRITER_OFF_READOUT
U1537A-31F-4W-40cm:dcd:139,U1537A-31F-4W-40cm,dcd:139,POST_WRITE,RECORD_READOUT,141,0.0,-1.9128637957898766e-07,-1.5506780284435704,3187.32,DCD_WRITER_OFF_READOUT
U1537A-31F-4W-40cm:dcd:140,U1537A-31F-4W-40cm,dcd:140,POST_WRITE,RECORD_READOUT,142,0.0,-1.9133608933540712e-07,-1.6265544859046057,3235.55,DCD_WRITER_OFF_READOUT
U1537A-31F-4W-40cm:dcd:141,U1537A-31F-4W-40cm,dcd:141,POST_WRITE,RECORD_READOUT,143,0.0,-1.9150731781073807e-07,-1.7061390642013943,3285.43,DCD_WRITER_OFF_READOUT
U1537A-31F-4W-40cm:dcd:142,U1537A-31F-4W-40cm,dcd:142,POST_WRITE,RECORD_READOUT,144,0.0,-1.918038669538848e-07,-1.789614106751297,3335.82,DCD_WRITER_OFF_READOUT
U1537A-31F-4W-40cm:dcd:143,U1537A-31F-4W-40cm,dcd:143,POST_WRITE,RECORD_READOUT,145,0.0,-1.920096485390295e-07,-1.8771640954547488,3384.57,DCD_WRITER_OFF_READOUT
U1537A-31F-4W-40cm:dcd:144,U1537A-31F-4W-40cm,dcd:144,POST_WRITE,RECORD_READOUT,146,0.0,-1.918680735882609e-07,-1.9689950728336276,3437.04,DCD_WRITER_OFF_READOUT
U1537A-31F-4W-40cm:dcd:145,U1537A-31F-4W-40cm,dcd:145,POST_WRITE,RECORD_READOUT,147,0.0,-1.917455322719713e-07,-2.065310722734143,3490.13,DCD_WRITER_OFF_READOUT
U1537A-31F-4W-40cm:dcd:146,U1537A-31F-4W-40cm,dcd:146,POST_WRITE,RECORD_READOUT,148,0.0,-1.9202123700609041e-07,-2.1663359444459287,3538.71,DCD_WRITER_OFF_READOUT
U1537A-31F-4W-40cm:dcd:147,U1537A-31F-4W-40cm,dcd:147,POST_WRITE,RECORD_READOUT,149,0.0,-1.918770185779287e-07,-2.2722961730991975,3590.07,DCD_WRITER_OFF_READOUT
U1537A-31F-4W-40cm:dcd:148,U1537A-31F-4W-40cm,dcd:148,POST_WRITE,RECORD_READOUT,150,0.0,-1.919593126666414e-07,-2.383434618021296,3639.23,DCD_WRITER_OFF_READOUT
U1537A-31F-4W-40cm:dcd:149,U1537A-31F-4W-40cm,dcd:149,POST_WRITE,RECORD_READOUT,151,0.0,-1.9195306521305247e-07,-2.5000000804175,3691.57,DCD_WRITER_OFF_READOUT
