Time;Extension;Load
(sec);(mm);(N)
0,00000;0,00017;-0,00418
0,00200;0,00017;-0,00421
0,00400;0,00017;-0,00420
0,00600;0,00017;-0,00416
0,01600;0,00017;-0,00411
0,02600;0,00006;-0,00407
0,03600;-0,00011;-0,00423
0,04600;-0,00051;-0,00429
0,05600;-0,00119;-0,00489
0,06600;-0,00204;-0,00498
0,07600;-0,00300;-0,00530
0,08600;-0,00408;-0,00517
0,09600;-0,00521;-0,00508
0,10600;-0,00640;-0,00507
0,11600;-0,00754;-0,00513
0,12600;-0,00861;-0,00490
0,13600;-0,00969;-0,00496
0,14600;-0,01071;-0,00529
0,15600;-0,01167;-0,00499
0,16600;-0,01269;-0,00556
0,17600;-0,01366;-0,00558
0,18600;-0,01462;-0,00577
0,19600;-0,01547;-0,00585
0,20600;-0,01638;-0,00607
0,21600;-0,01723;-0,00604
0,22600;-0,01802;-0,00635
0,23600;-0,01887;-0,00648
0,24600;-0,01972;-0,00656
0,25600;-0,02057;-0,00694
0,26600;-0,02142;-0,00681
0,27600;-0,02227;-0,00725
0,28600;-0,02318;-0,00704
0,29600;-0,02397;-0,00743
0,30600;-0,02482;-0,00734
0,31600;-0,02573;-0,00771
0,32600;-0,02658;-0,00782
0,33600;-0,02743;-0,00787
0,34600;-0,02828;-0,00820
0,35600;-0,02907;-0,00808
0,36600;-0,02986;-0,00849
0,37600;-0,03066;-0,00836
0,38600;-0,03151;-0,00884
0,39600;-0,03236;-0,00881
0,40600;-0,03326;-0,00930
0,41600;-0,03406;-0,00924
0,42600;-0,03496;-0,00955
0,43600;-0,03581;-0,00957
0,44600;-0,03666;-0,00982
0,45600;-0,03746;-0,01006
0,46600;-0,03825;-0,00996
0,47600;-0,03904;-0,01044
0,48600;-0,03989;-0,01039
0,49600;-0,04069;-0,01080
0,50600;-0,04154;-0,01085
0,51600;-0,04239;-0,01116
0,52600;-0,04324;-0,01126
0,53600;-0,04403;-0,01146
0,54600;-0,04488;-0,01177
0,55600;-0,04573;-0,01175
0,56600;-0,04658;-0,01222
0,57600;-0,04743;-0,01203
0,58600;-0,04828;-0,01266
0,59600;-0,04913;-0,01255
0,60600;-0,04998;-0,01295
0,61600;-0,05077;-0,01288
0,62600;-0,05157;-0,01314
0,63600;-0,05230;-0,01334
0,64600;-0,05315;-0,01348
0,65600;-0,05395;-0,01391
0,66600;-0,05480;-0,01379
0,67600;-0,05565;-0,01443
0,68600;-0,05650;-0,01427
0,69600;-0,05740;-0,01472
0,70600;-0,05825;-0,01460
0,71600;-0,05905;-0,01506
0,72600;-0,05990;-0,01518
0,73600;-0,06075;-0,01541
0,74600;-0,06154;-0,01566
0,75600;-0,06239;-0,01568
0,76600;-0,06318;-0,01614
0,77600;-0,06403;-0,01614
0,78600;-0,06488;-0,01661
0,79600;-0,06573;-0,01662
0,80600;-0,06653;-0,01691
0,81600;-0,06738;-0,01703
0,82600;-0,06828;-0,01748
0,83600;-0,06913;-0,01753
0,84600;-0,06998;-0,01773
0,85600;-0,07078;-0,01799
0,86600;-0,07163;-0,01812
0,87600;-0,07236;-0,01840
0,88600;-0,07316;-0,01852
0,89600;-0,07395;-0,01883
0,90600;-0,07480;-0,01906
0,91600;-0,07565;-0,01934
0,92600;-0,07650;-0,01956
0,93600;-0,07735;-0,01967
0,94600;-0,07820;-0,02016
0,95600;-0,07905;-0,02014
0,96600;-0,07990;-0,02049
0,97600;-0,08075;-0,02049
0,98600;-0,08160;-0,02090
0,99600;-0,08239;-0,02091
1,00600;-0,08324;-0,02132
1,01600;-0,08404;-0,02150
1,02600;-0,08489;-0,02169
1,03600;-0,08568;-0,02206
1,04600;-0,08653;-0,02216
1,05600;-0,08732;-0,02249
1,06600;-0,08817;-0,02249
1,07600;-0,08902;-0,02295
1,08600;-0,08993;-0,02299
1,09600;-0,09078;-0,02342
1,10600;-0,09163;-0,02347
1,11600;-0,09242;-0,02372
1,12600;-0,09327;-0,02404
1,13600;-0,09407;-0,02414
1,14600;-0,09480;-0,02440
1,15600;-0,09560;-0,02444
1,16600;-0,09645;-0,02508
1,17600;-0,09730;-0,02498
1,18600;-0,09815;-0,02558
1,19600;-0,09900;-0,02531
1,20600;-0,09985;-0,02591
1,21600;-0,10070;-0,02585
1,22600;-0,10155;-0,02641
1,23600;-0,10240;-0,02656
1,24600;-0,10325;-0,02670
1,25600;-0,10410;-0,02703
1,26600;-0,10489;-0,02700
1,27600;-0,10574;-0,02754
1,28600;-0,10653;-0,02731
1,29600;-0,10738;-0,02802
1,30600;-0,10818;-0,02772
1,31600;-0,10897;-0,02854
1,32600;-0,10976;-0,02836
1,33600;-0,11061;-0,02892
1,34600;-0,11146;-0,02895
1,35600;-0,11237;-0,02936
1,36600;-0,11316;-0,02955
1,37600;-0,11401;-0,02958
1,38600;-0,11486;-0,03000
1,39600;-0,11566;-0,02997
1,40600;-0,11651;-0,03056
1,41600;-0,11730;-0,03042
1,42600;-0,11815;-0,03107
1,43600;-0,11900;-0,03106
1,44600;-0,11985;-0,03147
1,45600;-0,12064;-0,03162
1,46600;-0,12149;-0,03190
1,47600;-0,12240;-0,03205
1,48600;-0,12325;-0,03234
1,49600;-0,12410;-0,03269
1,50600;-0,12489;-0,03270
1,51600;-0,12574;-0,03311
1,52600;-0,12654;-0,03312
1,53600;-0,12733;-0,03353
1,54600;-0,12818;-0,03358
1,55600;-0,12897;-0,03409
1,56600;-0,12982;-0,03403
1,57600;-0,13062;-0,03449
1,58600;-0,13147;-0,03462
1,59600;-0,13232;-0,03484
1,60600;-0,13322;-0,03517
1,61600;-0,13402;-0,03525
1,62600;-0,13487;-0,03576
1,63600;-0,13572;-0,03569
1,64600;-0,13651;-0,03633
1,65600;-0,13730;-0,03608
1,66600;-0,13810;-0,03676
1,67600;-0,13895;-0,03674
1,68600;-0,13980;-0,03721
1,69600;-0,14059;-0,03734
1,70600;-0,14150;-0,03758
1,71600;-0,14229;-0,03797
1,72600;-0,14314;-0,03796
1,73600;-0,14399;-0,03866
1,74600;-0,14478;-0,03850
1,75600;-0,14563;-0,03923
1,76600;-0,14648;-0,03904
1,77600;-0,14733;-0,03969
1,78600;-0,14807;-0,03952
1,79600;-0,14892;-0,04000
1,80600;-0,14971;-0,04018
1,81600;-0,15056;-0,04038
1,82600;-0,15136;-0,04079
1,83600;-0,15221;-0,04097
1,84600;-0,15306;-0,04150
1,85600;-0,15396;-0,04144
1,86600;-0,15481;-0,04200
1,87600;-0,15566;-0,04199
1,88600;-0,15651;-0,04245
1,89600;-0,15736;-0,04253
1,90600;-0,15816;-0,04275
1,91600;-0,15895;-0,04310
1,92600;-0,15980;-0,04327
1,93600;-0,16059;-0,04380
1,94600;-0,16144;-0,04386
1,95600;-0,16229;-0,04432
1,96600;-0,16314;-0,04444
1,97600;-0,16399;-0,04484
1,98600;-0,16479;-0,04491
1,99600;-0,16558;-0,04523
2,00600;-0,16643;-0,04552
2,01600;-0,16728;-0,04582
2,02600;-0,16807;-0,04606
2,03600;-0,16892;-0,04631
2,04600;-0,16972;-0,04660
2,05600;-0,17051;-0,04682
2,06600;-0,17142;-0,04711
2,07600;-0,17221;-0,04738
2,08600;-0,17306;-0,04769
2,09600;-0,17397;-0,04791
2,10600;-0,17476;-0,04819
2,11600;-0,17567;-0,04844
2,12600;-0,17652;-0,04871
2,13600;-0,17737;-0,04905
2,14600;-0,17822;-0,04937
2,15600;-0,17907;-0,04956
2,16600;-0,17986;-0,04974
2,17600;-0,18065;-0,05007
2,18600;-0,18150;-0,05032
2,19600;-0,18235;-0,05068
2,20600;-0,18320;-0,05086
2,21600;-0,18405;-0,05121
2,22600;-0,18485;-0,05138
2,23600;-0,18570;-0,05176
2,24600;-0,18655;-0,05192
2,25600;-0,18740;-0,05227
2,26600;-0,18825;-0,05248
2,27600;-0,18910;-0,05278
2,28600;-0,18989;-0,05315
2,29600;-0,19074;-0,05321
2,30600;-0,19153;-0,05368
2,31600;-0,19233;-0,05367
2,32600;-0,19318;-0,05414
2,33600;-0,19397;-0,05422
2,34600;-0,19482;-0,05478
2,35600;-0,19567;-0,05479
2,36600;-0,19652;-0,05534
2,37600;-0,19737;-0,05545
2,38600;-0,19822;-0,05575
2,39600;-0,19907;-0,05602
2,40600;-0,19986;-0,05610
2,41600;-0,20066;-0,05648
2,42600;-0,20145;-0,05650
2,43600;-0,20224;-0,05690
2,44600;-0,20304;-0,05705
2,45600;-0,20389;-0,05759
2,46600;-0,20474;-0,05769
2,47600;-0,20559;-0,05796
2,48600;-0,20644;-0,05814
2,49600;-0,20723;-0,05834
2,50600;-0,20808;-0,05872
2,51600;-0,20893;-0,05869
2,52600;-0,20978;-0,05914
2,53600;-0,21063;-0,05928
2,54600;-0,21142;-0,05970
2,55600;-0,21227;-0,05981
2,56600;-0,21307;-0,06014
2,57600;-0,21386;-0,06016
2,58600;-0,21471;-0,06052
2,59600;-0,21556;-0,06093
2,60600;-0,21641;-0,06096
2,61600;-0,21732;-0,06125
2,62600;-0,21817;-0,06133
2,63600;-0,21902;-0,06177
2,64600;-0,21987;-0,06185
2,65600;-0,22072;-0,06228
2,66600;-0,22151;-0,06233
2,67600;-0,22230;-0,06256
2,68600;-0,22310;-0,06275
2,69600;-0,22389;-0,06291
2,70600;-0,22468;-0,06327
2,71600;-0,22559;-0,06334
2,72600;-0,22644;-0,06384
2,73600;-0,22729;-0,06385
2,74600;-0,22814;-0,06424
2,75600;-0,22893;-0,06426
2,76600;-0,22978;-0,06465
2,77600;-0,23063;-0,06465
2,78600;-0,23148;-0,06497
2,79600;-0,23233;-0,06521
2,80600;-0,23313;-0,06538
2,81600;-0,23398;-0,06565
2,82600;-0,23471;-0,06568
2,83600;-0,23551;-0,06606
2,84600;-0,23636;-0,06615
2,85600;-0,23721;-0,06669
2,86600;-0,23806;-0,06658
2,87600;-0,23891;-0,06698
2,88600;-0,23976;-0,06703
2,89600;-0,24066;-0,06741
2,90600;-0,24151;-0,06747
2,91600;-0,24231;-0,06765
2,92600;-0,24316;-0,06782
2,93600;-0,24395;-0,06803
2,94600;-0,24474;-0,06837
2,95600;-0,24554;-0,06842
2,96600;-0,24639;-0,06890
2,97600;-0,24724;-0,06878
2,98600;-0,24809;-0,06937
2,99600;-0,24894;-0,06923
3,00600;-0,24979;-0,06966
3,01600;-0,25064;-0,06964
3,02600;-0,25149;-0,06995
3,03600;-0,25234;-0,07011
3,04600;-0,25319;-0,07037
3,05600;-0,25404;-0,07072
3,06600;-0,25489;-0,07072
3,07600;-0,25568;-0,07114
3,08600;-0,25647;-0,07096
3,09600;-0,25727;-0,07148
3,10600;-0,25812;-0,07144
3,11600;-0,25891;-0,07193
3,12600;-0,25976;-0,07193
3,13600;-0,26067;-0,07231
3,14600;-0,26146;-0,07245
3,15600;-0,26231;-0,07254
3,16600;-0,26316;-0,07277
3,17600;-0,26401;-0,07292
3,18600;-0,26480;-0,07321
3,19600;-0,26565;-0,07323
3,20600;-0,26645;-0,07361
3,21600;-0,26724;-0,07364
3,22600;-0,26809;-0,07401
3,23600;-0,26894;-0,07418
3,24600;-0,26979;-0,07444
3,25600;-0,27064;-0,07453
3,26600;-0,27143;-0,07479
3,27600;-0,27228;-0,07493
3,28600;-0,27313;-0,07517
3,29600;-0,27404;-0,07537
3,30600;-0,27489;-0,07547
3,31600;-0,27574;-0,07579
3,32600;-0,27659;-0,07585
3,33600;-0,27738;-0,07614
3,34600;-0,27818;-0,07610
3,35600;-0,27897;-0,07653
3,36600;-0,27976;-0,07656
3,37600;-0,28061;-0,07697
3,38600;-0,28141;-0,07709
3,39600;-0,28226;-0,07734
3,40600;-0,28311;-0,07751
3,41600;-0,28396;-0,07775
3,42600;-0,28486;-0,07786
3,43600;-0,28571;-0,07802
3,44600;-0,28651;-0,07814
3,45600;-0,28736;-0,07837
3,46600;-0,28821;-0,07860
3,47600;-0,28900;-0,07872
3,48600;-0,28985;-0,07898
3,49600;-0,29064;-0,07920
3,50600;-0,29155;-0,07943
3,51600;-0,29234;-0,07954
3,52600;-0,29319;-0,07982
3,53600;-0,29404;-0,07997
3,54600;-0,29489;-0,08022
3,55600;-0,29580;-0,08043
3,56600;-0,29659;-0,08059
3,57600;-0,29744;-0,08076
3,58600;-0,29829;-0,08095
3,59600;-0,29909;-0,08116
3,60600;-0,29988;-0,08112
3,61600;-0,30067;-0,08149
3,62600;-0,30152;-0,08164
3,63600;-0,30237;-0,08195
3,64600;-0,30322;-0,08195
3,65600;-0,30402;-0,08223
3,66600;-0,30492;-0,08239
3,67600;-0,30577;-0,08255
3,68600;-0,30662;-0,08287
3,69600;-0,30742;-0,08285
3,70600;-0,30827;-0,08318
3,71600;-0,30912;-0,08313
3,72600;-0,30997;-0,08352
3,73600;-0,31076;-0,08337
3,74600;-0,31155;-0,08387
3,75600;-0,31240;-0,08387
3,76600;-0,31325;-0,08424
3,77600;-0,31405;-0,08418
3,78600;-0,31490;-0,08449
3,79600;-0,31575;-0,08469
3,80600;-0,31665;-0,08476
3,81600;-0,31750;-0,08510
3,82600;-0,31830;-0,08507
3,83600;-0,31915;-0,08546
3,84600;-0,32000;-0,08539
3,85600;-0,32073;-0,08575
3,86600;-0,32153;-0,08560
3,87600;-0,32232;-0,08608
3,88600;-0,32311;-0,08617
3,89600;-0,32396;-0,08635
3,90600;-0,32481;-0,08646
3,91600;-0,32561;-0,08663
3,92600;-0,32646;-0,08691
3,93600;-0,32736;-0,08695
3,94600;-0,32821;-0,08723
3,95600;-0,32906;-0,08714
3,96600;-0,32991;-0,08757
3,97600;-0,33071;-0,08747
3,98600;-0,33156;-0,08785
3,99600;-0,33241;-0,08784
4,00600;-0,33320;-0,08808
4,01600;-0,33405;-0,08823
4,02600;-0,33484;-0,08838
4,03600;-0,33569;-0,08846
4,04600;-0,33649;-0,08858
4,05600;-0,33734;-0,08892
4,06600;-0,33819;-0,08889
4,07600;-0,33909;-0,08929
4,08600;-0,33994;-0,08923
4,09600;-0,34074;-0,08959
4,10600;-0,34159;-0,08946
4,11600;-0,34238;-0,08982
4,12600;-0,34317;-0,08965
4,13600;-0,34397;-0,09001
4,14600;-0,34482;-0,09025
4,15600;-0,34561;-0,09033
4,16600;-0,34646;-0,09052
4,17600;-0,34731;-0,09055
4,18600;-0,34816;-0,09090
4,19600;-0,34901;-0,09071
4,20600;-0,34986;-0,09123
4,21600;-0,35065;-0,09101
4,22600;-0,35150;-0,09145
4,23600;-0,35235;-0,09129
4,24600;-0,35315;-0,09160
4,25600;-0,35394;-0,09158
4,26600;-0,35479;-0,09181
4,27600;-0,35558;-0,09208
4,28600;-0,35638;-0,09198
4,29600;-0,35723;-0,09242
4,30600;-0,35808;-0,09227
4,31600;-0,35893;-0,09264
4,32600;-0,35978;-0,09253
4,33600;-0,36063;-0,09299
4,34600;-0,36153;-0,09288
4,35600;-0,36233;-0,09313
4,36600;-0,36312;-0,09316
4,37600;-0,36391;-0,09316
4,38600;-0,36471;-0,09341
4,39600;-0,36556;-0,09337
4,40600;-0,36641;-0,09380
4,41600;-0,36726;-0,09365
4,42600;-0,36811;-0,09414
4,43600;-0,36890;-0,09387
4,44600;-0,36975;-0,09431
4,45600;-0,37054;-0,09408
4,46600;-0,37139;-0,09446
4,47600;-0,37224;-0,09445
4,48600;-0,37315;-0,09462
4,49600;-0,37394;-0,09475
4,50600;-0,37474;-0,09476
4,51600;-0,37559;-0,09497
4,52600;-0,37638;-0,09488
4,53600;-0,37723;-0,09531
4,54600;-0,37802;-0,09516
4,55600;-0,37887;-0,09547
4,56600;-0,37972;-0,09537
4,57600;-0,38057;-0,09565
4,58600;-0,38142;-0,09559
4,59600;-0,38233;-0,09588
4,60600;-0,38318;-0,09599
4,61600;-0,38403;-0,09597
4,62600;-0,38482;-0,09615
4,63600;-0,38567;-0,09611
4,64600;-0,38647;-0,09632
4,65600;-0,38732;-0,09631
4,66600;-0,38817;-0,09659
4,67600;-0,38902;-0,09663
4,68600;-0,38987;-0,09672
4,69600;-0,39072;-0,09680
4,70600;-0,39151;-0,09683
4,71600;-0,39230;-0,09708
4,72600;-0,39315;-0,09703
4,73600;-0,39400;-0,09730
4,74600;-0,39485;-0,09726
4,75600;-0,39565;-0,09738
4,76600;-0,39644;-0,09742
4,77600;-0,39723;-0,09748
4,78600;-0,39808;-0,09766
4,79600;-0,39899;-0,09781
4,80600;-0,39978;-0,09796
4,81600;-0,40063;-0,09780
4,82600;-0,40148;-0,09814
4,83600;-0,40239;-0,09804
4,84600;-0,40324;-0,09808
4,85600;-0,40409;-0,09818
4,86600;-0,40488;-0,09829
4,87600;-0,40573;-0,09834
4,88600;-0,40658;-0,09856
4,89600;-0,40738;-0,09864
4,90600;-0,40817;-0,09844
4,91600;-0,40902;-0,09865
4,92600;-0,40987;-0,09880
4,93600;-0,41072;-0,09876
4,94600;-0,41151;-0,09875
4,95600;-0,41236;-0,09889
4,96600;-0,41316;-0,09898
4,97600;-0,41401;-0,09903
4,98600;-0,41486;-0,09914
4,99600;-0,41571;-0,09919
5,00600;-0,41656;-0,09931
5,01600;-0,41741;-0,09940
5,02600;-0,41820;-0,09933
5,03600;-0,41899;-0,09942
5,04600;-0,41984;-0,09938
5,05600;-0,42069;-0,09971
5,06600;-0,42154;-0,09952
5,07600;-0,42239;-0,09970
5,08600;-0,42324;-0,09958
5,09600;-0,42409;-0,09971
5,10600;-0,42494;-0,09977
5,11600;-0,42574;-0,09972
5,12600;-0,42659;-0,09980
5,13600;-0,42744;-0,09975
5,14600;-0,42823;-0,09985
5,15600;-0,42902;-0,09972
5,16600;-0,42982;-0,09998
5,17600;-0,43067;-0,09979
5,18600;-0,43152;-0,09997
5,19600;-0,43231;-0,09989
5,20600;-0,43322;-0,09975
5,21600;-0,43401;-0,09682
5,22600;-0,43480;-0,09284
5,23600;-0,43571;-0,08937
5,24600;-0,43656;-0,08768
5,25600;-0,43741;-0,08604
5,26600;-0,43826;-0,08618
5,27600;-0,43905;-0,08563
5,28600;-0,43985;-0,08649
5,29600;-0,44070;-0,08617
5,30600;-0,44149;-0,08688
5,31600;-0,44234;-0,08680
5,32600;-0,44319;-0,08701
5,33600;-0,44404;-0,08728
5,34600;-0,44489;-0,08709
5,35600;-0,44574;-0,08754
5,36600;-0,44659;-0,08709
5,37600;-0,44744;-0,08781
5,38600;-0,44823;-0,08713
5,39600;-0,44903;-0,08779
5,40600;-0,44982;-0,08738
5,41600;-0,45056;-0,08788
5,42600;-0,45141;-0,08765
5,43600;-0,45226;-0,08785
5,44600;-0,45305;-0,08800
5,45600;-0,45396;-0,08786
5,46600;-0,45475;-0,08828
5,47600;-0,45566;-0,08791
5,48600;-0,45651;-0,08837
5,49600;-0,45736;-0,08798
5,50600;-0,45821;-0,08859
5,51600;-0,45906;-0,08811
5,52600;-0,45991;-0,08844
5,52800;-0,46002;-0,08826
5,53000;-0,46019;-0,08811
5,54000;-0,46093;-0,08865
5,55000;-0,46104;-0,08778
5,56000;-0,46093;-0,08764
5,57000;-0,46076;-0,08731
5,58000;-0,46047;-0,08805
5,59000;-0,46008;-0,08766
5,60000;-0,45951;-0,08799
5,61000;-0,45866;-0,08747
5,62000;-0,45753;-0,08720
5,63000;-0,45628;-0,08687
5,64000;-0,45486;-0,08682
5,65000;-0,45350;-0,08703
5,66000;-0,45209;-0,08673
5,67000;-0,45078;-0,08724
5,68000;-0,44948;-0,08698
5,69000;-0,44829;-0,08718
5,70000;-0,44716;-0,08663
5,71000;-0,44614;-0,08688
5,72000;-0,44512;-0,08639
5,73000;-0,44410;-0,08631
5,74000;-0,44313;-0,08607
5,75000;-0,44217;-0,08578
5,76000;-0,44121;-0,08583
5,77000;-0,44030;-0,08555
5,78000;-0,43939;-0,08557
5,79000;-0,43854;-0,08519
5,80000;-0,43769;-0,08535
5,81000;-0,43679;-0,08481
5,82000;-0,43594;-0,08505
5,83000;-0,43509;-0,08469
5,84000;-0,43424;-0,08469
5,85000;-0,43339;-0,08449
5,86000;-0,43254;-0,08443
5,87000;-0,43169;-0,08436
5,88000;-0,43089;-0,08420
5,89000;-0,43004;-0,08421
5,90000;-0,42919;-0,08389
5,91000;-0,42834;-0,08400
5,92000;-0,42749;-0,08374
5,93000;-0,42670;-0,08377
5,94000;-0,42585;-0,08357
5,95000;-0,42500;-0,08351
5,96000;-0,42421;-0,08341
5,97000;-0,42336;-0,08327
5,98000;-0,42251;-0,08330
5,99000;-0,42166;-0,08298
6,00000;-0,42075;-0,08303
6,01000;-0,41996;-0,08264
6,02000;-0,41911;-0,08283
6,03000;-0,41826;-0,08260
6,04000;-0,41746;-0,08250
6,05000;-0,41661;-0,08233
6,06000;-0,41576;-0,08218
6,07000;-0,41491;-0,08231
6,08000;-0,41406;-0,08200
6,09000;-0,41327;-0,08195
6,10000;-0,41242;-0,08172
6,11000;-0,41163;-0,08189
6,12000;-0,41078;-0,08170
6,13000;-0,40998;-0,08164
6,14000;-0,40913;-0,08136
6,15000;-0,40828;-0,08122
6,16000;-0,40743;-0,08125
6,17000;-0,40664;-0,08114
6,18000;-0,40579;-0,08097
6,19000;-0,40500;-0,08086
6,20000;-0,40420;-0,08081
6,21000;-0,40335;-0,08071
6,22000;-0,40250;-0,08046
6,23000;-0,40165;-0,08040
6,24000;-0,40080;-0,08024
6,25000;-0,39995;-0,08016
6,26000;-0,39910;-0,08003
6,27000;-0,39825;-0,08007
6,28000;-0,39740;-0,07986
6,29000;-0,39661;-0,07991
6,30000;-0,39582;-0,07977
6,31000;-0,39497;-0,07962
6,32000;-0,39412;-0,07938
6,33000;-0,39332;-0,07938
6,34000;-0,39247;-0,07916
6,35000;-0,39162;-0,07913
6,36000;-0,39083;-0,07900
6,37000;-0,39004;-0,07899
6,38000;-0,38919;-0,07867
6,39000;-0,38834;-0,07862
6,40000;-0,38754;-0,07854
6,41000;-0,38669;-0,07842
6,42000;-0,38584;-0,07842
6,43000;-0,38499;-0,07818
6,44000;-0,38420;-0,07817
6,45000;-0,38335;-0,07789
6,46000;-0,38256;-0,07803
6,47000;-0,38171;-0,07763
6,48000;-0,38086;-0,07774
6,49000;-0,38006;-0,07736
6,50000;-0,37916;-0,07746
6,51000;-0,37831;-0,07723
6,52000;-0,37746;-0,07724
6,53000;-0,37666;-0,07700
6,54000;-0,37581;-0,07692
6,55000;-0,37502;-0,07689
6,56000;-0,37423;-0,07659
6,57000;-0,37343;-0,07677
6,58000;-0,37258;-0,07617
6,59000;-0,37173;-0,07643
6,60000;-0,37088;-0,07595
6,61000;-0,37009;-0,07619
6,62000;-0,36924;-0,07579
6,63000;-0,36839;-0,07587
6,64000;-0,36754;-0,07565
6,65000;-0,36669;-0,07554
6,66000;-0,36590;-0,07553
6,67000;-0,36505;-0,07517
6,68000;-0,36420;-0,07528
6,69000;-0,36340;-0,07491
6,70000;-0,36250;-0,07509
6,71000;-0,36170;-0,07452
6,72000;-0,36091;-0,07479
6,73000;-0,36006;-0,07430
6,74000;-0,35921;-0,07437
6,75000;-0,35836;-0,07415
6,76000;-0,35751;-0,07404
6,77000;-0,35666;-0,07391
6,78000;-0,35581;-0,07365
6,79000;-0,35496;-0,07377
6,80000;-0,35411;-0,07328
6,81000;-0,35332;-0,07360
6,82000;-0,35252;-0,07314
6,83000;-0,35167;-0,07337
6,84000;-0,35088;-0,07283
6,85000;-0,35003;-0,07306
6,86000;-0,34924;-0,07265
6,87000;-0,34839;-0,07265
6,88000;-0,34759;-0,07258
6,89000;-0,34669;-0,07222
6,90000;-0,34584;-0,07226
6,91000;-0,34499;-0,07178
6,92000;-0,34414;-0,07209
6,93000;-0,34329;-0,07148
6,94000;-0,34249;-0,07179
6,95000;-0,34170;-0,07121
6,96000;-0,34085;-0,07162
6,97000;-0,34006;-0,07110
6,98000;-0,33926;-0,07126
6,99000;-0,33847;-0,07095
7,00000;-0,33756;-0,07063
7,01000;-0,33671;-0,07068
7,02000;-0,33586;-0,07035
7,03000;-0,33501;-0,07065
7,04000;-0,33416;-0,07002
7,05000;-0,33337;-0,07036
7,06000;-0,33252;-0,06976
7,07000;-0,33173;-0,07010
7,08000;-0,33093;-0,06951
7,09000;-0,33008;-0,06967
7,10000;-0,32923;-0,06930
7,11000;-0,32838;-0,06930
7,12000;-0,32759;-0,06921
7,13000;-0,32674;-0,06885
7,14000;-0,32589;-0,06895
7,15000;-0,32504;-0,06850
7,16000;-0,32419;-0,06881
7,17000;-0,32334;-0,06809
7,18000;-0,32255;-0,06852
7,19000;-0,32170;-0,06794
7,20000;-0,32085;-0,06815
7,21000;-0,32005;-0,06784
7,22000;-0,31926;-0,06780
7,23000;-0,31847;-0,06759
7,24000;-0,31762;-0,06736
7,25000;-0,31682;-0,06725
7,26000;-0,31597;-0,06676
7,27000;-0,31507;-0,06707
7,28000;-0,31422;-0,06640
7,29000;-0,31337;-0,06683
7,30000;-0,31252;-0,06629
7,31000;-0,31167;-0,06651
7,32000;-0,31087;-0,06620
7,33000;-0,31002;-0,06612
7,34000;-0,30917;-0,06583
7,35000;-0,30838;-0,06562
7,36000;-0,30753;-0,06574
7,37000;-0,30674;-0,06523
7,38000;-0,30589;-0,06560
7,39000;-0,30509;-0,06481
7,40000;-0,30424;-0,06527
7,41000;-0,30334;-0,06460
7,42000;-0,30249;-0,06480
7,43000;-0,30164;-0,06430
7,44000;-0,30079;-0,06440
7,45000;-0,29999;-0,06420
7,46000;-0,29914;-0,06396
7,47000;-0,29829;-0,06401
7,48000;-0,29750;-0,06348
7,49000;-0,29671;-0,06386
7,50000;-0,29586;-0,06319
7,51000;-0,29506;-0,06349
7,52000;-0,29421;-0,06277
7,53000;-0,29342;-0,06304
7,54000;-0,29251;-0,06253
7,55000;-0,29166;-0,06262
7,56000;-0,29081;-0,06235
7,57000;-0,28996;-0,06221
7,58000;-0,28911;-0,06217
7,59000;-0,28826;-0,06180
7,60000;-0,28747;-0,06193
7,61000;-0,28662;-0,06142
7,62000;-0,28577;-0,06169
7,63000;-0,28498;-0,06117
7,64000;-0,28418;-0,06131
7,65000;-0,28339;-0,06086
7,66000;-0,28254;-0,06099
7,67000;-0,28169;-0,06063
7,68000;-0,28084;-0,06043
7,69000;-0,27999;-0,06043
7,70000;-0,27914;-0,05999
7,71000;-0,27835;-0,06019
7,72000;-0,27750;-0,05977
7,73000;-0,27670;-0,05986
7,74000;-0,27591;-0,05939
7,75000;-0,27512;-0,05964
7,76000;-0,27427;-0,05910
7,77000;-0,27342;-0,05909
7,78000;-0,27262;-0,05889
7,79000;-0,27172;-0,05864
7,80000;-0,27087;-0,05850
7,81000;-0,27002;-0,05835
7,82000;-0,26922;-0,05846
7,83000;-0,26837;-0,05796
7,84000;-0,26752;-0,05815
7,85000;-0,26667;-0,05759
7,86000;-0,26582;-0,05785
7,87000;-0,26503;-0,05729
7,88000;-0,26418;-0,05746
7,89000;-0,26339;-0,05703
7,90000;-0,26259;-0,05715
7,91000;-0,26180;-0,05685
7,92000;-0,26095;-0,05659
7,93000;-0,26010;-0,05652
7,94000;-0,25919;-0,05602
7,95000;-0,25840;-0,05633
7,96000;-0,25755;-0,05581
7,97000;-0,25670;-0,05601
7,98000;-0,25585;-0,05539
7,99000;-0,25506;-0,05578
8,00000;-0,25421;-0,05513
8,01000;-0,25341;-0,05533
8,02000;-0,25262;-0,05499
8,03000;-0,25177;-0,05484
8,04000;-0,25092;-0,05469
8,05000;-0,25007;-0,05442
8,06000;-0,24922;-0,05448
8,07000;-0,24837;-0,05396
8,08000;-0,24752;-0,05427
8,09000;-0,24673;-0,05377
8,10000;-0,24588;-0,05402
8,11000;-0,24503;-0,05342
8,12000;-0,24418;-0,05358
8,13000;-0,24333;-0,05321
8,14000;-0,24248;-0,05312
8,15000;-0,24168;-0,05302
8,16000;-0,24089;-0,05274
8,17000;-0,24004;-0,05286
8,18000;-0,23919;-0,05227
8,19000;-0,23834;-0,05266
8,20000;-0,23749;-0,05195
8,21000;-0,23670;-0,05229
8,22000;-0,23579;-0,05185
8,23000;-0,23494;-0,05193
8,24000;-0,23415;-0,05162
8,25000;-0,23330;-0,05162
8,26000;-0,23245;-0,05147
8,27000;-0,23165;-0,05139
8,28000;-0,23080;-0,05177
8,29000;-0,23001;-0,05376
8,30000;-0,22916;-0,05694
8,31000;-0,22831;-0,05876
8,32000;-0,22746;-0,06020
8,33000;-0,22667;-0,06076
8,34000;-0,22582;-0,06073
8,35000;-0,22497;-0,06059
8,36000;-0,22417;-0,05999
8,37000;-0,22327;-0,05996
8,38000;-0,22242;-0,05910
8,39000;-0,22162;-0,05927
8,40000;-0,22083;-0,05853
8,41000;-0,22004;-0,05878
8,42000;-0,21924;-0,05809
8,43000;-0,21839;-0,05813
8,44000;-0,21754;-0,05765
8,45000;-0,21669;-0,05748
8,46000;-0,21584;-0,05725
8,47000;-0,21499;-0,05697
8,48000;-0,21414;-0,05700
8,49000;-0,21335;-0,05647
8,50000;-0,21244;-0,05654
8,51000;-0,21165;-0,05596
8,52000;-0,21080;-0,05618
8,53000;-0,20995;-0,05553
8,54000;-0,20916;-0,05554
8,55000;-0,20831;-0,05504
8,56000;-0,20746;-0,05499
8,57000;-0,20666;-0,05470
8,58000;-0,20581;-0,05446
8,59000;-0,20502;-0,05423
8,60000;-0,20417;-0,05380
8,61000;-0,20338;-0,05394
8,62000;-0,20258;-0,05326
8,63000;-0,20173;-0,05347
8,64000;-0,20088;-0,05272
8,65000;-0,20003;-0,05291
8,66000;-0,19924;-0,05242
8,67000;-0,19845;-0,05242
8,68000;-0,19765;-0,05193
8,69000;-0,19680;-0,05182
8,70000;-0,19595;-0,05163
8,71000;-0,19510;-0,05112
8,72000;-0,19425;-0,05121
8,73000;-0,19335;-0,05057
8,74000;-0,19255;-0,05074
8,75000;-0,19170;-0,05018
8,76000;-0,19085;-0,05027
8,77000;-0,19000;-0,04967
8,78000;-0,18921;-0,04976
8,79000;-0,18836;-0,04932
8,80000;-0,18751;-0,04912
8,81000;-0,18672;-0,04905
8,82000;-0,18587;-0,04859
8,83000;-0,18507;-0,04848
8,84000;-0,18422;-0,04805
8,85000;-0,18337;-0,04783
8,86000;-0,18252;-0,04745
8,87000;-0,18167;-0,04749
8,88000;-0,18088;-0,04700
8,89000;-0,18003;-0,04680
8,90000;-0,17918;-0,04672
8,91000;-0,17833;-0,04628
8,92000;-0,17754;-0,04631
8,93000;-0,17669;-0,04573
8,94000;-0,17584;-0,04567
8,95000;-0,17504;-0,04522
8,96000;-0,17414;-0,04522
8,97000;-0,17329;-0,04470
8,98000;-0,17244;-0,04464
8,99000;-0,17164;-0,04448
9,00000;-0,17079;-0,04410
9,01000;-0,16994;-0,04397
9,02000;-0,16915;-0,04346
9,03000;-0,16830;-0,04335
9,04000;-0,16751;-0,04286
9,05000;-0,16666;-0,04294
9,06000;-0,16586;-0,04237
9,07000;-0,16501;-0,04240
9,08000;-0,16422;-0,04208
9,09000;-0,16343;-0,04180
9,10000;-0,16258;-0,04165
9,11000;-0,16178;-0,04114
9,12000;-0,16093;-0,04118
9,13000;-0,16008;-0,04053
9,14000;-0,15923;-0,04078
9,15000;-0,15838;-0,04010
9,16000;-0,15759;-0,04034
9,17000;-0,15674;-0,03968
9,18000;-0,15589;-0,03969
9,19000;-0,15510;-0,03934
9,20000;-0,15425;-0,03906
9,21000;-0,15345;-0,03888
9,22000;-0,15260;-0,03841
9,23000;-0,15170;-0,03855
9,24000;-0,15090;-0,03790
9,25000;-0,15005;-0,03806
9,26000;-0,14920;-0,03743
9,27000;-0,14841;-0,03761
9,28000;-0,14762;-0,03704
9,29000;-0,14677;-0,03700
9,30000;-0,14597;-0,03646
9,31000;-0,14512;-0,03645
9,32000;-0,14427;-0,03616
9,33000;-0,14348;-0,03587
9,34000;-0,14263;-0,03587
9,35000;-0,14178;-0,03526
9,36000;-0,14093;-0,03534
9,37000;-0,14014;-0,03471
9,38000;-0,13923;-0,03484
9,39000;-0,13838;-0,03424
9,40000;-0,13759;-0,03440
9,41000;-0,13674;-0,03392
9,42000;-0,13589;-0,03382
9,43000;-0,13504;-0,03355
9,44000;-0,13424;-0,03330
9,45000;-0,13345;-0,03325
9,46000;-0,13260;-0,03269
9,47000;-0,13181;-0,03267
9,48000;-0,13090;-0,03216
9,49000;-0,12999;-0,03223
9,50000;-0,12920;-0,03175
9,51000;-0,12835;-0,03191
9,52000;-0,12750;-0,03142
9,53000;-0,12665;-0,03135
9,54000;-0,12586;-0,03107
9,55000;-0,12501;-0,03080
9,56000;-0,12421;-0,03053
9,57000;-0,12336;-0,03025
9,58000;-0,12251;-0,03008
9,59000;-0,12172;-0,02974
9,60000;-0,12087;-0,02975
9,61000;-0,12002;-0,02929
9,62000;-0,11917;-0,02921
9,63000;-0,11832;-0,02887
9,64000;-0,11747;-0,02875
9,65000;-0,11656;-0,02839
9,66000;-0,11577;-0,02826
9,67000;-0,11498;-0,02812
9,68000;-0,11413;-0,02783
9,69000;-0,11333;-0,02755
9,70000;-0,11254;-0,02736
9,71000;-0,11169;-0,02719
9,72000;-0,11084;-0,02683
9,73000;-0,10999;-0,02674
9,74000;-0,10914;-0,02630
9,75000;-0,10829;-0,02611
9,76000;-0,10750;-0,02584
9,77000;-0,10665;-0,02579
9,78000;-0,10580;-0,02544
9,79000;-0,10500;-0,02526
9,80000;-0,10415;-0,02509
9,81000;-0,10330;-0,02488
9,82000;-0,10251;-0,02462
9,83000;-0,10166;-0,02419
9,84000;-0,10081;-0,02415
9,85000;-0,09996;-0,02384
9,86000;-0,09911;-0,02380
9,87000;-0,09826;-0,02334
9,88000;-0,09747;-0,02313
9,89000;-0,09662;-0,02291
9,90000;-0,09571;-0,02276
9,91000;-0,09492;-0,02258
9,92000;-0,09407;-0,02229
9,93000;-0,09327;-0,02211
9,94000;-0,09242;-0,02194
9,95000;-0,09163;-0,02186
9,96000;-0,09084;-0,02136
9,97000;-0,09004;-0,02128
9,98000;-0,08919;-0,02095
9,99000;-0,08834;-0,02080
10,00000;-0,08749;-0,02048
10,01000;-0,08664;-0,02030
10,02000;-0,08579;-0,02008
10,03000;-0,08494;-0,01982
10,04000;-0,08415;-0,01978
10,05000;-0,08330;-0,01939
10,06000;-0,08245;-0,01925
10,07000;-0,08166;-0,01890
10,08000;-0,08081;-0,01896
10,09000;-0,07996;-0,01842
10,10000;-0,07916;-0,01846
10,11000;-0,07831;-0,01808
10,12000;-0,07746;-0,01805
10,13000;-0,07661;-0,01774
10,14000;-0,07576;-0,01734
10,15000;-0,07491;-0,01741
10,16000;-0,07406;-0,01696
10,17000;-0,07327;-0,01703
10,18000;-0,07242;-0,01668
10,19000;-0,07157;-0,01660
10,20000;-0,07078;-0,01610
10,21000;-0,06998;-0,01620
10,22000;-0,06919;-0,01582
10,23000;-0,06834;-0,01556
10,24000;-0,06755;-0,01539
10,25000;-0,06670;-0,01513
10,26000;-0,06585;-0,01504
10,27000;-0,06500;-0,01467
10,28000;-0,06409;-0,01467
10,29000;-0,06330;-0,01424
10,30000;-0,06239;-0,01426
10,31000;-0,06160;-0,01387
10,32000;-0,06075;-0,01390
10,33000;-0,05995;-0,01346
10,34000;-0,05910;-0,01342
10,35000;-0,05831;-0,01324
10,36000;-0,05746;-0,01294
10,37000;-0,05667;-0,01295
10,38000;-0,05582;-0,01243
10,39000;-0,05497;-0,01255
10,40000;-0,05412;-0,01198
10,41000;-0,05327;-0,01221
10,42000;-0,05247;-0,01169
10,43000;-0,05162;-0,01186
10,44000;-0,05077;-0,01141
10,45000;-0,04998;-0,01142
10,46000;-0,04919;-0,01116
10,47000;-0,04839;-0,01091
10,48000;-0,04754;-0,01091
10,49000;-0,04669;-0,01043
10,50000;-0,04590;-0,01050
10,51000;-0,04505;-0,01004
10,52000;-0,04420;-0,01029
10,53000;-0,04335;-0,00960
10,54000;-0,04250;-0,00979
10,55000;-0,04165;-0,00938
10,56000;-0,04080;-0,00941
10,57000;-0,03995;-0,00914
10,58000;-0,03910;-0,00892
10,59000;-0,03825;-0,00879
10,60000;-0,03746;-0,00860
10,61000;-0,03666;-0,00864
10,62000;-0,03581;-0,00826
10,63000;-0,03502;-0,00828
10,64000;-0,03423;-0,00789
10,65000;-0,03332;-0,00794
10,66000;-0,03253;-0,00748
10,67000;-0,03168;-0,00750
10,68000;-0,03083;-0,00733
10,69000;-0,02998;-0,00722
10,70000;-0,02913;-0,00718
10,71000;-0,02828;-0,00683
10,72000;-0,02743;-0,00693
10,73000;-0,02658;-0,00660
10,74000;-0,02578;-0,00668
10,75000;-0,02493;-0,00622
10,76000;-0,02408;-0,00639
10,77000;-0,02318;-0,00596
10,78000;-0,02233;-0,00602
10,79000;-0,02153;-0,00574
10,80000;-0,02068;-0,00571
10,81000;-0,01989;-0,00559
10,82000;-0,01904;-0,00556
10,83000;-0,01819;-0,00539
10,84000;-0,01740;-0,00516
10,85000;-0,01655;-0,00525
10,86000;-0,01575;-0,00496
10,87000;-0,01496;-0,00516
10,88000;-0,01417;-0,00486
10,89000;-0,01332;-0,00496
10,90000;-0,01252;-0,00467
10,91000;-0,01167;-0,00476
10,92000;-0,01082;-0,00453
10,93000;-0,00997;-0,00460
10,94000;-0,00918;-0,00446
10,95000;-0,00833;-0,00440
10,96000;-0,00754;-0,00449
10,97000;-0,00669;-0,00421
10,98000;-0,00584;-0,00423
10,99000;-0,00499;-0,00395
11,00000;-0,00419;-0,00419
11,01000;-0,00334;-0,00374
11,02000;-0,00255;-0,00404
11,03000;-0,00170;-0,00367
11,04000;-0,00091;-0,00387
11,05000;-0,00011;-0,00351
11,05200;0,00006;-0,00358
11,05400;0,00023;-0,00367
11,05600;0,00040;-0,00372
11,05800;0,00057;-0,00371
11,06800;0,00108;-0,00335
11,07800;0,00119;-0,00413
11,08800;0,00102;-0,00431
11,09800;0,00079;-0,00419
11,10800;0,00057;-0,00393
11,11800;0,00028;-0,00379
11,12800;-0,00023;-0,00389
11,13800;-0,00102;-0,00396
11,14800;-0,00210;-0,00459
11,15800;-0,00323;-0,00448
11,16800;-0,00459;-0,00472
11,17800;-0,00606;-0,00464
11,18800;-0,00748;-0,00464
11,19800;-0,00884;-0,00436
11,20800;-0,01014;-0,00436
11,21800;-0,01139;-0,00440
11,22800;-0,01258;-0,00451
11,23800;-0,01371;-0,00472
11,24800;-0,01479;-0,00469
11,25800;-0,01581;-0,00513
11,26800;-0,01677;-0,00488
11,27800;-0,01774;-0,00534
11,28800;-0,01859;-0,00518
11,29800;-0,01949;-0,00560
11,30800;-0,02040;-0,00566
11,31800;-0,02131;-0,00606
11,32800;-0,02221;-0,00611
11,33800;-0,02306;-0,00618
11,34800;-0,02391;-0,00644
11,35800;-0,02482;-0,00639
11,36800;-0,02567;-0,00671
11,37800;-0,02652;-0,00663
11,38800;-0,02737;-0,00710
11,39800;-0,02822;-0,00684
11,40800;-0,02907;-0,00741
11,41800;-0,02986;-0,00724
11,42800;-0,03066;-0,00759
11,43800;-0,03151;-0,00764
11,44800;-0,03236;-0,00784
11,45800;-0,03321;-0,00817
11,46800;-0,03406;-0,00820
11,47800;-0,03491;-0,00847
11,48800;-0,03576;-0,00844
11,49800;-0,03661;-0,00888
11,50800;-0,03746;-0,00878
11,51800;-0,03825;-0,00911
11,52800;-0,03904;-0,00907
11,53800;-0,03984;-0,00941
11,54800;-0,04069;-0,00956
11,55800;-0,04154;-0,00986
11,56800;-0,04239;-0,01008
11,57800;-0,04318;-0,01003
11,58800;-0,04403;-0,01045
11,59800;-0,04488;-0,01046
11,60800;-0,04573;-0,01072
11,61800;-0,04652;-0,01072
11,62800;-0,04743;-0,01112
11,63800;-0,04828;-0,01124
11,64800;-0,04913;-0,01154
11,65800;-0,04992;-0,01166
11,66800;-0,05077;-0,01174
11,67800;-0,05151;-0,01205
11,68800;-0,05236;-0,01210
11,69800;-0,05315;-0,01240
11,70800;-0,05395;-0,01255
11,71800;-0,05480;-0,01288
11,72800;-0,05565;-0,01309
11,73800;-0,05650;-0,01346
11,74800;-0,05735;-0,01339
11,75800;-0,05820;-0,01362
11,76800;-0,05905;-0,01389
11,77800;-0,05984;-0,01402
11,78800;-0,06069;-0,01418
11,79800;-0,06154;-0,01439
11,80800;-0,06233;-0,01466
11,81800;-0,06318;-0,01464
11,82800;-0,06403;-0,01520
11,83800;-0,06488;-0,01518
11,84800;-0,06568;-0,01557
11,85800;-0,06653;-0,01557
11,86800;-0,06738;-0,01608
11,87800;-0,06823;-0,01610
11,88800;-0,06913;-0,01646
11,89800;-0,06998;-0,01666
11,90800;-0,07078;-0,01667
11,91800;-0,07163;-0,01705
11,92800;-0,07236;-0,01710
11,93800;-0,07316;-0,01751
11,94800;-0,07395;-0,01745
11,95800;-0,07480;-0,01804
11,96800;-0,07565;-0,01804
11,97800;-0,07650;-0,01845
11,98800;-0,07735;-0,01859
11,99800;-0,07820;-0,01884
12,00800;-0,07905;-0,01894
12,01800;-0,07990;-0,01922
12,02800;-0,08075;-0,01950
12,03800;-0,08154;-0,01958
12,04800;-0,08239;-0,01998
12,05800;-0,08324;-0,02004
12,06800;-0,08404;-0,02051
12,07800;-0,08489;-0,02046
12,08800;-0,08568;-0,02078
12,09800;-0,08653;-0,02090
12,10800;-0,08732;-0,02127
12,11800;-0,08817;-0,02142
12,12800;-0,08902;-0,02179
12,13800;-0,08987;-0,02203
12,14800;-0,09078;-0,02208
12,15800;-0,09163;-0,02252
12,16800;-0,09242;-0,02239
12,17800;-0,09327;-0,02296
12,18800;-0,09401;-0,02281
12,19800;-0,09480;-0,02325
12,20800;-0,09560;-0,02331
12,21800;-0,09645;-0,02391
12,22800;-0,09730;-0,02391
12,23800;-0,09815;-0,02431
12,24800;-0,09894;-0,02453
12,25800;-0,09985;-0,02462
12,26800;-0,10070;-0,02504
12,27800;-0,10155;-0,02502
12,28800;-0,10240;-0,02541
12,29800;-0,10325;-0,02547
12,30800;-0,10410;-0,02597
12,31800;-0,10489;-0,02590
12,32800;-0,10574;-0,02646
12,33800;-0,10659;-0,02647
12,34800;-0,10738;-0,02676
12,35800;-0,10818;-0,02697
12,36800;-0,10897;-0,02716
12,37800;-0,10982;-0,02748
12,38800;-0,11061;-0,02757
12,39800;-0,11152;-0,02807
12,40800;-0,11237;-0,02806
12,41800;-0,11316;-0,02861
12,42800;-0,11401;-0,02846
12,43800;-0,11486;-0,02897
12,44800;-0,11566;-0,02892
12,45800;-0,11645;-0,02930
12,46800;-0,11730;-0,02950
12,47800;-0,11815;-0,02986
12,48800;-0,11900;-0,03011
12,49800;-0,11985;-0,03020
12,50800;-0,12064;-0,03075
12,51800;-0,12149;-0,03067
12,52800;-0,12234;-0,03115
12,53800;-0,12319;-0,03103
12,54800;-0,12404;-0,03159
12,55800;-0,12489;-0,03159
12,56800;-0,12574;-0,03204
12,57800;-0,12654;-0,03218
12,58800;-0,12733;-0,03228
12,59800;-0,12818;-0,03274
12,60800;-0,12897;-0,03282
12,61800;-0,12977;-0,03319
12,62800;-0,13062;-0,03313
12,63800;-0,13147;-0,03389
12,64800;-0,13232;-0,03365
12,65800;-0,13317;-0,03428
12,66800;-0,13402;-0,03420
12,67800;-0,13487;-0,03456
12,68800;-0,13566;-0,03470
12,69800;-0,13651;-0,03504
12,70800;-0,13730;-0,03523
12,71800;-0,13810;-0,03526
12,72800;-0,13895;-0,03588
12,73800;-0,13980;-0,03582
12,74800;-0,14065;-0,03650
12,75800;-0,14150;-0,03619
12,76800;-0,14229;-0,03697
12,77800;-0,14314;-0,03679
12,78800;-0,14399;-0,03735
12,79800;-0,14478;-0,03742
12,80800;-0,14563;-0,03775
12,81800;-0,14648;-0,03814
12,82800;-0,14733;-0,03824
12,83800;-0,14813;-0,03873
12,84800;-0,14892;-0,03849
12,85800;-0,14971;-0,03932
12,86800;-0,15056;-0,03918
12,87800;-0,15136;-0,03987
12,88800;-0,15221;-0,03964
12,89800;-0,15306;-0,04024
12,90800;-0,15396;-0,04030
12,91800;-0,15481;-0,04066
12,92800;-0,15566;-0,04093
12,93800;-0,15651;-0,04104
12,94800;-0,15731;-0,04158
12,95800;-0,15816;-0,04151
12,96800;-0,15895;-0,04227
12,97800;-0,15974;-0,04193
12,98800;-0,16065;-0,04270
12,99800;-0,16144;-0,04264
13,00800;-0,16229;-0,04321
13,01800;-0,16314;-0,04317
13,02800;-0,16399;-0,04354
13,03800;-0,16479;-0,04384
13,04800;-0,16564;-0,04391
13,05800;-0,16643;-0,04447
13,06800;-0,16728;-0,04446
13,07800;-0,16807;-0,04503
13,08800;-0,16892;-0,04491
13,09800;-0,16972;-0,04549
13,10800;-0,17057;-0,04547
13,11800;-0,17136;-0,04599
13,12800;-0,17221;-0,04615
13,13800;-0,17306;-0,04651
13,14800;-0,17391;-0,04691
13,15800;-0,17476;-0,04690
13,16800;-0,17567;-0,04756
13,17800;-0,17652;-0,04738
13,18800;-0,17737;-0,04801
13,19800;-0,17822;-0,04794
13,20800;-0,17907;-0,04850
13,21800;-0,17986;-0,04846
13,22800;-0,18065;-0,04891
13,23800;-0,18150;-0,04917
13,24800;-0,18235;-0,04947
13,25800;-0,18320;-0,04985
13,26800;-0,18405;-0,04986
13,27800;-0,18490;-0,05048
13,28800;-0,18570;-0,05031
13,29800;-0,18649;-0,05088
13,30800;-0,18734;-0,05089
13,31800;-0,18819;-0,05147
13,32800;-0,18904;-0,05160
13,33800;-0,18989;-0,05196
13,34800;-0,19074;-0,05212
13,35800;-0,19153;-0,05219
13,36800;-0,19233;-0,05270
13,37800;-0,19318;-0,05272
13,38800;-0,19397;-0,05338
13,39800;-0,19482;-0,05323
13,40800;-0,19567;-0,05389
13,41800;-0,19652;-0,05397
13,42800;-0,19737;-0,05429
13,43800;-0,19822;-0,05446
13,44800;-0,19907;-0,05469
13,45800;-0,19986;-0,05506
13,46800;-0,20066;-0,05505
13,47800;-0,20151;-0,05561
13,48800;-0,20224;-0,05538
13,49800;-0,20304;-0,05604
13,50800;-0,20389;-0,05610
13,51800;-0,20474;-0,05663
13,52800;-0,20559;-0,05656
13,53800;-0,20644;-0,05696
13,54800;-0,20723;-0,05716
13,55800;-0,20808;-0,05751
13,56800;-0,20893;-0,05769
13,57800;-0,20978;-0,05780
13,58800;-0,21063;-0,05837
13,59800;-0,21148;-0,05827
13,60800;-0,21227;-0,05883
13,61800;-0,21312;-0,05874
13,62800;-0,21392;-0,05918
13,63800;-0,21471;-0,05921
13,64800;-0,21556;-0,05970
13,65800;-0,21641;-0,05983
13,66800;-0,21732;-0,06008
13,67800;-0,21817;-0,06037
13,68800;-0,21902;-0,06047
13,69800;-0,21992;-0,06081
13,70800;-0,22072;-0,06087
13,71800;-0,22151;-0,06131
13,72800;-0,22230;-0,06125
13,73800;-0,22310;-0,06174
13,74800;-0,22389;-0,06171
13,75800;-0,22468;-0,06219
13,76800;-0,22559;-0,06230
13,77800;-0,22638;-0,06273
13,78800;-0,22729;-0,06285
13,79800;-0,22814;-0,06301
13,80800;-0,22893;-0,06328
13,81800;-0,22978;-0,06336
13,82800;-0,23063;-0,06377
13,83800;-0,23148;-0,06378
13,84800;-0,23233;-0,06425
13,85800;-0,23313;-0,06427
13,86800;-0,23398;-0,06466
13,87800;-0,23477;-0,06469
13,88800;-0,23556;-0,06487
13,89800;-0,23636;-0,06514
13,90800;-0,23721;-0,06546
13,91800;-0,23806;-0,06572
13,92800;-0,23896;-0,06583
13,93800;-0,23976;-0,06607
13,94800;-0,24061;-0,06621
13,95800;-0,24146;-0,06657
13,96800;-0,24231;-0,06679
13,97800;-0,24316;-0,06687
13,98800;-0,24395;-0,06715
13,99800;-0,24480;-0,06725
14,00800;-0,24559;-0,06752
14,01800;-0,24639;-0,06766
14,02800;-0,24729;-0,06800
14,03800;-0,24814;-0,06813
14,04800;-0,24894;-0,06849
14,05800;-0,24979;-0,06857
14,06800;-0,25064;-0,06879
14,07800;-0,25149;-0,06900
14,08800;-0,25234;-0,06916
14,09800;-0,25319;-0,06953
14,10800;-0,25404;-0,06958
14,11800;-0,25483;-0,06996
14,12800;-0,25568;-0,06999
14,13800;-0,25647;-0,07030
14,14800;-0,25727;-0,07030
14,15800;-0,25812;-0,07065
14,16800;-0,25891;-0,07087
14,17800;-0,25976;-0,07112
14,18800;-0,26061;-0,07136
14,19800;-0,26146;-0,07146
14,20800;-0,26231;-0,07182
14,21800;-0,26316;-0,07181
14,22800;-0,26401;-0,07214
14,23800;-0,26480;-0,07220
14,24800;-0,26560;-0,07249
14,25800;-0,26639;-0,07268
14,26800;-0,26718;-0,07293
14,27800;-0,26803;-0,07312
14,28800;-0,26888;-0,07330
14,29800;-0,26973;-0,07364
14,30800;-0,27064;-0,07373
14,31800;-0,27149;-0,07394
14,32800;-0,27234;-0,07404
14,33800;-0,27319;-0,07435
14,34800;-0,27404;-0,07444
14,35800;-0,27489;-0,07482
14,36800;-0,27574;-0,07501
14,37800;-0,27659;-0,07513
14,38800;-0,27738;-0,07532
14,39800;-0,27818;-0,07540
14,40800;-0,27897;-0,07574
14,41800;-0,27976;-0,07584
14,42800;-0,28061;-0,07622
14,43800;-0,28141;-0,07616
14,44800;-0,28226;-0,07655
14,45800;-0,28316;-0,07666
14,46800;-0,28401;-0,07702
14,47800;-0,28486;-0,07708
14,48800;-0,28566;-0,07736
14,49800;-0,28656;-0,07747
14,50800;-0,28736;-0,07763
14,51800;-0,28815;-0,07790
14,52800;-0,28894;-0,07785
14,53800;-0,28979;-0,07831
14,54800;-0,29064;-0,07834
14,55800;-0,29149;-0,07880
14,56800;-0,29234;-0,07877
14,57800;-0,29319;-0,07916
14,58800;-0,29399;-0,07914
14,59800;-0,29484;-0,07956
14,60800;-0,29574;-0,07957
14,61800;-0,29659;-0,07982
14,62800;-0,29744;-0,08009
14,63800;-0,29829;-0,08005
14,64800;-0,29909;-0,08050
14,65800;-0,29988;-0,08041
14,66800;-0,30067;-0,08096
14,67800;-0,30152;-0,08077
14,68800;-0,30232;-0,08135
14,69800;-0,30322;-0,08121
14,70800;-0,30402;-0,08163
14,71800;-0,30487;-0,08166
14,72800;-0,30572;-0,08178
14,73800;-0,30662;-0,08207
14,74800;-0,30742;-0,08215
14,75800;-0,30827;-0,08258
14,76800;-0,30912;-0,08244
14,77800;-0,30991;-0,08299
14,78800;-0,31070;-0,08266
14,79800;-0,31155;-0,08331
14,80800;-0,31235;-0,08319
14,81800;-0,31320;-0,08357
14,82800;-0,31399;-0,08354
14,83800;-0,31484;-0,08395
14,84800;-0,31575;-0,08389
14,85800;-0,31660;-0,08428
14,86800;-0,31745;-0,08449
14,87800;-0,31835;-0,08459
14,88800;-0,31920;-0,08480
14,89800;-0,32000;-0,08472
14,90800;-0,32079;-0,08517
14,91800;-0,32153;-0,08495
14,92800;-0,32232;-0,08553
14,93800;-0,32317;-0,08529
14,94800;-0,32396;-0,08602
14,95800;-0,32481;-0,08582
14,96800;-0,32566;-0,08632
14,97800;-0,32646;-0,08621
14,98800;-0,32736;-0,08630
14,99800;-0,32821;-0,08668
15,00800;-0,32906;-0,08661
15,01800;-0,32986;-0,08699
15,02800;-0,33071;-0,08669
15,03800;-0,33156;-0,08742
15,04800;-0,33241;-0,08703
15,05800;-0,33320;-0,08773
15,06800;-0,33405;-0,08749
15,07800;-0,33484;-0,08786
15,08800;-0,33569;-0,08790
15,09800;-0,33649;-0,08808
15,10800;-0,33734;-0,08842
15,11800;-0,33819;-0,08820
15,12800;-0,33909;-0,08884
15,13800;-0,33989;-0,08843
15,14800;-0,34074;-0,08915
15,15800;-0,34159;-0,08879
15,16800;-0,34238;-0,08932
15,17800;-0,34317;-0,08905
15,18800;-0,34397;-0,08947
15,19800;-0,34482;-0,08963
15,20800;-0,34561;-0,08977
15,21800;-0,34646;-0,08998
15,22800;-0,34731;-0,08992
15,23800;-0,34816;-0,09047
15,24800;-0,34895;-0,09004
15,25800;-0,34980;-0,09080
15,26800;-0,35071;-0,09037
15,27800;-0,35150;-0,09098
15,28800;-0,35235;-0,09073
15,29800;-0,35315;-0,09114
15,30800;-0,35394;-0,09104
15,31800;-0,35479;-0,09132
15,32800;-0,35558;-0,09152
15,33800;-0,35638;-0,09141
15,34800;-0,35728;-0,09186
15,35800;-0,35808;-0,09157
15,36800;-0,35893;-0,09212
15,37800;-0,35978;-0,09186
15,38800;-0,36063;-0,09241
15,39800;-0,36153;-0,09216
15,40800;-0,36233;-0,09262
15,41800;-0,36318;-0,09250
15,42800;-0,36397;-0,09264
15,43800;-0,36476;-0,09286
15,44800;-0,36561;-0,09279
15,45800;-0,36646;-0,09332
15,46800;-0,36726;-0,09311
15,47800;-0,36811;-0,09366
15,48800;-0,36896;-0,09326
15,49800;-0,36975;-0,09384
15,50800;-0,37060;-0,09350
15,51800;-0,37145;-0,09394
15,52800;-0,37230;-0,09389
15,53800;-0,37309;-0,09405
15,54800;-0,37394;-0,09429
15,55800;-0,37474;-0,09409
15,56800;-0,37553;-0,09459
15,57800;-0,37638;-0,09429
15,58800;-0,37717;-0,09484
15,59800;-0,37802;-0,09462
15,60800;-0,37882;-0,09500
15,61800;-0,37967;-0,09487
15,62800;-0,38057;-0,09524
15,63800;-0,38142;-0,09516
15,64800;-0,38233;-0,09531
15,65800;-0,38318;-0,09552
15,66800;-0,38403;-0,09544
15,67800;-0,38482;-0,09576
15,68800;-0,38567;-0,09548
15,69800;-0,38647;-0,09601
15,70800;-0,38732;-0,09585
15,71800;-0,38817;-0,09626
15,72800;-0,38902;-0,09608
15,73800;-0,38987;-0,09629
15,74800;-0,39066;-0,09634
15,75800;-0,39151;-0,09643
15,76800;-0,39236;-0,09668
15,77800;-0,39321;-0,09655
15,78800;-0,39400;-0,09693
15,79800;-0,39480;-0,09662
15,80800;-0,39565;-0,09714
15,81800;-0,39644;-0,09685
15,82800;-0,39723;-0,09725
15,83800;-0,39808;-0,09709
15,84800;-0,39893;-0,09737
15,85800;-0,39978;-0,09741
15,86800;-0,40063;-0,09739
15,87800;-0,40148;-0,09774
15,88800;-0,40239;-0,09744
15,89800;-0,40324;-0,09798
15,90800;-0,40409;-0,09763
15,91800;-0,40494;-0,09814
15,92800;-0,40579;-0,09773
15,93800;-0,40658;-0,09812
15,94800;-0,40738;-0,09789
15,95800;-0,40817;-0,09823
15,96800;-0,40902;-0,09833
15,97800;-0,40987;-0,09827
15,98800;-0,41066;-0,09858
15,99800;-0,41151;-0,09819
16,00800;-0,41231;-0,09880
16,01800;-0,41316;-0,09844
16,02800;-0,41401;-0,09885
16,03800;-0,41486;-0,09853
16,04800;-0,41565;-0,09894
16,05800;-0,41650;-0,09872
16,06800;-0,41735;-0,09908
16,07800;-0,41820;-0,09907
16,08800;-0,41899;-0,09894
16,09800;-0,41984;-0,09925
16,10800;-0,42064;-0,09895
16,11800;-0,42149;-0,09942
16,12800;-0,42234;-0,09897
16,13800;-0,42319;-0,09947
16,14800;-0,42404;-0,09906
16,15800;-0,42489;-0,09953
16,16800;-0,42574;-0,09926
16,17800;-0,42659;-0,09941
16,18800;-0,42744;-0,09920
16,19800;-0,42823;-0,09907
16,20800;-0,42902;-0,09805
16,21800;-0,42982;-0,09321
16,22800;-0,43067;-0,09059
16,23800;-0,43152;-0,08710
16,24800;-0,43237;-0,08651
16,25800;-0,43322;-0,08522
16,26800;-0,43401;-0,08547
16,27800;-0,43486;-0,08557
16,28800;-0,43571;-0,08568
16,29800;-0,43662;-0,08648
16,30800;-0,43747;-0,08590
16,31800;-0,43826;-0,08696
16,32800;-0,43911;-0,08609
16,33800;-0,43990;-0,08710
16,34800;-0,44070;-0,08636
16,35800;-0,44155;-0,08728
16,36800;-0,44234;-0,08673
16,37800;-0,44319;-0,08709
16,38800;-0,44404;-0,08722
16,39800;-0,44489;-0,08708
16,40800;-0,44574;-0,08751
16,41800;-0,44659;-0,08698
16,42800;-0,44744;-0,08786
16,43800;-0,44823;-0,08703
16,44800;-0,44903;-0,08793
16,45800;-0,44982;-0,08718
16,46800;-0,45056;-0,08788
16,47800;-0,45141;-0,08755
16,48800;-0,45226;-0,08799
16,49800;-0,45311;-0,08791
16,50800;-0,45396;-0,08792
16,51800;-0,45481;-0,08827
16,52800;-0,45560;-0,08786
16,53800;-0,45645;-0,08850
16,54800;-0,45730;-0,08777
16,55800;-0,45815;-0,08865
16,56800;-0,45900;-0,08783
16,57800;-0,45979;-0,08873
16,58800;-0,46064;-0,08816
16,59800;-0,46144;-0,08876
16,60800;-0,46223;-0,08845
16,61800;-0,46308;-0,08864
16,62800;-0,46393;-0,08888
16,63800;-0,46478;-0,08858
16,64800;-0,46563;-0,08914
16,65800;-0,46648;-0,08857
16,66800;-0,46733;-0,08939
16,67800;-0,46818;-0,08857
16,68800;-0,46903;-0,08943
16,69800;-0,46988;-0,08879
16,70800;-0,47067;-0,08939
16,71800;-0,47147;-0,08910
16,72800;-0,47226;-0,08916
16,73800;-0,47311;-0,08941
16,74800;-0,47402;-0,08927
16,75800;-0,47481;-0,08971
16,76800;-0,47572;-0,08919
16,77800;-0,47657;-0,08991
16,78800;-0,47736;-0,08924
16,79800;-0,47821;-0,08994
16,80800;-0,47906;-0,08936
16,81800;-0,47997;-0,08991
16,82800;-0,48082;-0,08960
16,83800;-0,48161;-0,08978
16,84800;-0,48240;-0,08984
16,85800;-0,48320;-0,08956
16,86800;-0,48399;-0,09001
16,87800;-0,48484;-0,08968
16,88800;-0,48563;-0,09032
16,89800;-0,48648;-0,08967
16,90800;-0,48739;-0,09031
16,91800;-0,48824;-0,08981
16,92800;-0,48903;-0,09024
16,93800;-0,48988;-0,08995
16,94800;-0,49073;-0,09000
16,95800;-0,49158;-0,08965
16,96800;-0,49238;-0,08658
16,97800;-0,49317;-0,08406
16,98800;-0,49396;-0,08059
16,99800;-0,49481;-0,08026
17,00800;-0,49566;-0,07836
17,01800;-0,49651;-0,07932
17,02800;-0,49731;-0,07832
17,03800;-0,49816;-0,07939
17,04800;-0,49901;-0,07896
17,05800;-0,49986;-0,07961
17,06000;-0,50003;-0,07928
17,06200;-0,50020;-0,07902
17,07200;-0,50093;-0,08008
17,08200;-0,50105;-0,07891
17,09200;-0,50088;-0,07910
17,10200;-0,50076;-0,07847
17,11200;-0,50048;-0,07944
17,12200;-0,50008;-0,07904
17,13200;-0,49952;-0,07921
17,14200;-0,49867;-0,07890
17,15200;-0,49753;-0,07842
17,16200;-0,49629;-0,07842
17,17200;-0,49493;-0,07808
17,18200;-0,49351;-0,07867
17,19200;-0,49215;-0,07824
17,20200;-0,49079;-0,07876
17,21200;-0,48954;-0,07845
17,22200;-0,48835;-0,07877
17,23200;-0,48722;-0,07827
17,24200;-0,48614;-0,07835
17,25200;-0,48507;-0,07805
17,26200;-0,48405;-0,07790
17,27200;-0,48303;-0,07793
17,28200;-0,48212;-0,07760
17,29200;-0,48116;-0,07781
17,30200;-0,48031;-0,07726
17,31200;-0,47940;-0,07757
17,32200;-0,47855;-0,07710
17,33200;-0,47764;-0,07720
17,34200;-0,47679;-0,07677
17,35200;-0,47594;-0,07700
17,36200;-0,47504;-0,07668
17,37200;-0,47419;-0,07668
17,38200;-0,47334;-0,07667
17,39200;-0,47249;-0,07638
17,40200;-0,47164;-0,07637
17,41200;-0,47073;-0,07607
17,42200;-0,46994;-0,07635
17,43200;-0,46909;-0,07589
17,44200;-0,46829;-0,07627
17,45200;-0,46744;-0,07590
17,46200;-0,46665;-0,07607
17,47200;-0,46580;-0,07563
17,48200;-0,46495;-0,07577
17,49200;-0,46410;-0,07554
17,50200;-0,46325;-0,07541
17,51200;-0,46240;-0,07538
17,52200;-0,46155;-0,07529
17,53200;-0,46070;-0,07531
17,54200;-0,45991;-0,07499
17,55200;-0,45906;-0,07523
17,56200;-0,45826;-0,07483
17,57200;-0,45741;-0,07506
17,58200;-0,45662;-0,07467
17,59200;-0,45577;-0,07468
17,60200;-0,45498;-0,07456
17,61200;-0,45413;-0,07440
17,62200;-0,45333;-0,07450
17,63200;-0,45248;-0,07423
17,64200;-0,45169;-0,07443
17,65200;-0,45084;-0,07398
17,66200;-0,44999;-0,07417
17,67200;-0,44920;-0,07368
17,68200;-0,44835;-0,07396
17,69200;-0,44755;-0,07367
17,70200;-0,44676;-0,07388
17,71200;-0,44597;-0,07362
17,72200;-0,44517;-0,07353
17,73200;-0,44432;-0,07340
17,74200;-0,44347;-0,07320
17,75200;-0,44262;-0,07327
17,76200;-0,44172;-0,07294
17,77200;-0,44092;-0,07320
17,78200;-0,44007;-0,07285
17,79200;-0,43922;-0,07312
17,80200;-0,43837;-0,07265
17,81200;-0,43758;-0,07293
17,82200;-0,43673;-0,07258
17,83200;-0,43588;-0,07249
17,84200;-0,43503;-0,07235
17,85200;-0,43418;-0,07230
17,86200;-0,43339;-0,07226
17,87200;-0,43254;-0,07219
17,88200;-0,43169;-0,07213
17,89200;-0,43089;-0,07196
17,90200;-0,43004;-0,07201
17,91200;-0,42919;-0,07163
17,92200;-0,42840;-0,07184
17,93200;-0,42755;-0,07148
17,94200;-0,42670;-0,07152
17,95200;-0,42585;-0,07141
17,96200;-0,42506;-0,07139
17,97200;-0,42421;-0,07134
17,98200;-0,42341;-0,07119
17,99200;-0,42256;-0,07103
18,00200;-0,42166;-0,07087
18,01200;-0,42081;-0,07083
18,02200;-0,41996;-0,07064
18,03200;-0,41911;-0,07066
18,04200;-0,41826;-0,07050
18,05200;-0,41746;-0,07043
18,06200;-0,41661;-0,07038
18,07200;-0,41576;-0,07019
18,08200;-0,41497;-0,07026
18,09200;-0,41412;-0,07005
18,10200;-0,41327;-0,06997
18,11200;-0,41248;-0,06987
18,12200;-0,41163;-0,06985
18,13200;-0,41078;-0,06965
18,14200;-0,40998;-0,06966
18,15200;-0,40908;-0,06943
18,16200;-0,40828;-0,06936
18,17200;-0,40743;-0,06942
18,18200;-0,40664;-0,06925
18,19200;-0,40579;-0,06913
18,20200;-0,40500;-0,06910
18,21200;-0,40420;-0,06905
18,22200;-0,40335;-0,06891
18,23200;-0,40250;-0,06870
18,24200;-0,40165;-0,06857
18,25200;-0,40080;-0,06852
18,26200;-0,39995;-0,06842
18,27200;-0,39910;-0,06830
18,28200;-0,39825;-0,06819
18,29200;-0,39740;-0,06816
18,30200;-0,39661;-0,06801
18,31200;-0,39576;-0,06816
18,32200;-0,39497;-0,06788
18,33200;-0,39412;-0,06773
18,34200;-0,39332;-0,06766
18,35200;-0,39247;-0,06762
18,36200;-0,39168;-0,06751
18,37200;-0,39089;-0,06730
18,38200;-0,39004;-0,06744
18,39200;-0,38919;-0,06707
18,40200;-0,38839;-0,06722
18,41200;-0,38754;-0,06686
18,42200;-0,38669;-0,06698
18,43200;-0,38590;-0,06674
18,44200;-0,38505;-0,06670
18,45200;-0,38420;-0,06663
18,46200;-0,38341;-0,06645
18,47200;-0,38256;-0,06651
18,48200;-0,38176;-0,06628
18,49200;-0,38091;-0,06647
18,50200;-0,38006;-0,06589
18,51200;-0,37921;-0,06612
18,52200;-0,37831;-0,06576
18,53200;-0,37751;-0,06587
18,54200;-0,37666;-0,06564
18,55200;-0,37587;-0,06560
18,56200;-0,37508;-0,06571
18,57200;-0,37423;-0,06535
18,58200;-0,37343;-0,06555
18,59200;-0,37258;-0,06493
18,60200;-0,37173;-0,06538
18,61200;-0,37088;-0,06474
18,62200;-0,37009;-0,06516
18,63200;-0,36924;-0,06465
18,64200;-0,36839;-0,06483
18,65200;-0,36754;-0,06451
18,66200;-0,36669;-0,06458
18,67200;-0,36584;-0,06450
18,68200;-0,36505;-0,06419
18,69200;-0,36420;-0,06441
18,70200;-0,36335;-0,06391
18,71200;-0,36255;-0,06427
18,72200;-0,36170;-0,06368
18,73200;-0,36091;-0,06406
18,74200;-0,36006;-0,06352
18,75200;-0,35921;-0,06375
18,76200;-0,35836;-0,06333
18,77200;-0,35751;-0,06340
18,78200;-0,35666;-0,06324
18,79200;-0,35581;-0,06312
18,80200;-0,35496;-0,06320
18,81200;-0,35411;-0,06292
18,82200;-0,35332;-0,06304
18,83200;-0,35252;-0,06262
18,84200;-0,35167;-0,06284
18,85200;-0,35088;-0,06237
18,86200;-0,35003;-0,06257
18,87200;-0,34918;-0,06218
18,88200;-0,34839;-0,06236
18,89200;-0,34754;-0,06212
18,90200;-0,34674;-0,06208
18,91200;-0,34589;-0,06192
18,92200;-0,34499;-0,06169
18,93200;-0,34414;-0,06177
18,94200;-0,34329;-0,06150
18,95200;-0,34249;-0,06166
18,96200;-0,34164;-0,06125
18,97200;-0,34085;-0,06149
18,98200;-0,34006;-0,06119
18,99200;-0,33926;-0,06133
19,00200;-0,33841;-0,06101
19,01200;-0,33756;-0,06083
19,02200;-0,33671;-0,06074
19,03200;-0,33586;-0,06060
19,04200;-0,33501;-0,06056
19,05200;-0,33416;-0,06040
19,06200;-0,33337;-0,06035
19,07200;-0,33252;-0,06020
19,08200;-0,33173;-0,06024
19,09200;-0,33093;-0,06015
19,10200;-0,33008;-0,06003
19,11200;-0,32923;-0,05973
19,12200;-0,32844;-0,05969
19,13200;-0,32759;-0,05954
19,14200;-0,32674;-0,05949
19,15200;-0,32589;-0,05935
19,16200;-0,32504;-0,05928
19,17200;-0,32419;-0,05911
19,18200;-0,32334;-0,05903
19,19200;-0,32249;-0,05900
19,20200;-0,32170;-0,05883
19,21200;-0,32085;-0,05875
19,22200;-0,32000;-0,05857
19,23200;-0,31920;-0,05863
19,24200;-0,31841;-0,05847
19,25200;-0,31762;-0,05837
19,26200;-0,31682;-0,05816
19,27200;-0,31592;-0,05810
19,28200;-0,31507;-0,05796
19,29200;-0,31422;-0,05782
19,30200;-0,31331;-0,05775
19,31200;-0,31246;-0,05759
19,32200;-0,31167;-0,05757
19,33200;-0,31082;-0,05747
19,34200;-0,31002;-0,05746
19,35200;-0,30917;-0,05729
19,36200;-0,30832;-0,05717
19,37200;-0,30747;-0,05704
19,38200;-0,30668;-0,05693
19,39200;-0,30589;-0,05683
19,40200;-0,30504;-0,05671
19,41200;-0,30419;-0,05664
19,42200;-0,30334;-0,05656
19,43200;-0,30249;-0,05652
19,44200;-0,30164;-0,05631
19,45200;-0,30073;-0,05627
19,46200;-0,29994;-0,05614
19,47200;-0,29909;-0,05619
19,48200;-0,29829;-0,05610
19,49200;-0,29750;-0,05611
19,50200;-0,29665;-0,05600
19,51200;-0,29586;-0,05592
19,52200;-0,29501;-0,05598
19,53200;-0,29421;-0,05599
19,54200;-0,29331;-0,05672
19,55200;-0,29251;-0,05896
19,56200;-0,29166;-0,06058
19,57200;-0,29081;-0,06201
19,58200;-0,28996;-0,06239
19,59200;-0,28911;-0,06283
19,60200;-0,28826;-0,06267
19,61200;-0,28741;-0,06232
19,62200;-0,28656;-0,06213
19,63200;-0,28577;-0,06173
19,64200;-0,28498;-0,06169
19,65200;-0,28418;-0,06125
19,66200;-0,28339;-0,06124
19,67200;-0,28254;-0,06085
19,68200;-0,28169;-0,06080
19,69200;-0,28084;-0,06050
19,70200;-0,27999;-0,06036
19,71200;-0,27908;-0,06025
19,72200;-0,27829;-0,06001
19,73200;-0,27750;-0,05999
19,74200;-0,27670;-0,05976
19,75200;-0,27585;-0,05966
19,76200;-0,27506;-0,05933
19,77200;-0,27427;-0,05935
19,78200;-0,27342;-0,05888
19,79200;-0,27257;-0,05883
19,80200;-0,27177;-0,05866
19,81200;-0,27092;-0,05848
19,82200;-0,27007;-0,05838
19,83200;-0,26917;-0,05820
19,84200;-0,26837;-0,05805
19,85200;-0,26752;-0,05794
19,86200;-0,26667;-0,05773
19,87200;-0,26582;-0,05746
19,88200;-0,26497;-0,05742
19,89200;-0,26418;-0,05716
19,90200;-0,26339;-0,05716
19,91200;-0,26259;-0,05683
19,92200;-0,26180;-0,05681
19,93200;-0,26095;-0,05649
19,94200;-0,26010;-0,05644
19,95200;-0,25919;-0,05611
19,96200;-0,25834;-0,05599
19,97200;-0,25749;-0,05582
19,98200;-0,25670;-0,05565
19,99200;-0,25585;-0,05557
20,00200;-0,25506;-0,05541
20,01200;-0,25421;-0,05544
20,02200;-0,25341;-0,05496
20,03200;-0,25262;-0,05495
20,04200;-0,25177;-0,05466
20,05200;-0,25092;-0,05446
20,06200;-0,25007;-0,05430
20,07200;-0,24922;-0,05411
20,08200;-0,24837;-0,05406
20,09200;-0,24752;-0,05377
20,10200;-0,24667;-0,05392
20,11200;-0,24588;-0,05355
20,12200;-0,24503;-0,05333
20,13200;-0,24418;-0,05327
20,14200;-0,24333;-0,05313
20,15200;-0,24253;-0,05293
20,16200;-0,24174;-0,05273
20,17200;-0,24089;-0,05270
20,18200;-0,24010;-0,05240
20,19200;-0,23925;-0,05242
20,20200;-0,23840;-0,05201
20,21200;-0,23755;-0,05199
20,22200;-0,23670;-0,05194
20,23200;-0,23585;-0,05174
20,24200;-0,23500;-0,05171
20,25200;-0,23415;-0,05141
20,26200;-0,23330;-0,05135
20,27200;-0,23245;-0,05116
20,28200;-0,23165;-0,05124
20,29200;-0,23080;-0,05099
20,30200;-0,22995;-0,05109
20,31200;-0,22910;-0,05308
20,32200;-0,22831;-0,05618
20,33200;-0,22746;-0,05826
20,34200;-0,22667;-0,05972
20,35200;-0,22582;-0,06034
20,36200;-0,22497;-0,06027
20,37200;-0,22417;-0,06032
20,38200;-0,22332;-0,05973
20,39200;-0,22247;-0,05953
20,40200;-0,22162;-0,05893
20,41200;-0,22083;-0,05888
20,42200;-0,22004;-0,05835
20,43200;-0,21924;-0,05837
20,44200;-0,21839;-0,05784
20,45200;-0,21754;-0,05764
20,46200;-0,21675;-0,05739
20,47200;-0,21584;-0,05711
20,48200;-0,21499;-0,05699
20,49200;-0,21414;-0,05663
20,50200;-0,21329;-0,05657
20,51200;-0,21244;-0,05608
20,52200;-0,21159;-0,05618
20,53200;-0,21080;-0,05569
20,54200;-0,20995;-0,05564
20,55200;-0,20916;-0,05520
20,56200;-0,20831;-0,05507
20,57200;-0,20746;-0,05483
20,58200;-0,20666;-0,05454
20,59200;-0,20581;-0,05444
20,60200;-0,20496;-0,05391
20,61200;-0,20417;-0,05402
20,62200;-0,20332;-0,05350
20,63200;-0,20253;-0,05361
20,64200;-0,20168;-0,05297
20,65200;-0,20088;-0,05298
20,66200;-0,20003;-0,05250
20,67200;-0,19924;-0,05246
20,68200;-0,19839;-0,05222
20,69200;-0,19760;-0,05196
20,70200;-0,19680;-0,05172
20,71200;-0,19595;-0,05131
20,72200;-0,19510;-0,05128
20,73200;-0,19425;-0,05074
20,74200;-0,19335;-0,05087
20,75200;-0,19250;-0,05034
20,76200;-0,19170;-0,05040
20,77200;-0,19085;-0,04996
20,78200;-0,19006;-0,04985
20,79200;-0,18921;-0,04948
20,80200;-0,18836;-0,04924
20,81200;-0,18757;-0,04903
20,82200;-0,18672;-0,04872
20,83200;-0,18587;-0,04857
20,84200;-0,18502;-0,04812
20,85200;-0,18422;-0,04820
20,86200;-0,18337;-0,04764
20,87200;-0,18252;-0,04757
20,88200;-0,18167;-0,04716
20,89200;-0,18088;-0,04718
20,90200;-0,18003;-0,04676
20,91200;-0,17918;-0,04658
20,92200;-0,17833;-0,04625
20,93200;-0,17754;-0,04608
20,94200;-0,17669;-0,04571
20,95200;-0,17589;-0,04539
20,96200;-0,17504;-0,04534
20,97200;-0,17414;-0,04488
20,98200;-0,17329;-0,04479
20,99200;-0,17244;-0,04444
21,00200;-0,17159;-0,04425
21,01200;-0,17079;-0,04391
21,02200;-0,17000;-0,04389
21,03200;-0,16915;-0,04356
21,04200;-0,16836;-0,04318
21,05200;-0,16751;-0,04310
21,06200;-0,16666;-0,04261
21,07200;-0,16586;-0,04259
21,08200;-0,16501;-0,04215
21,09200;-0,16422;-0,04212
21,10200;-0,16337;-0,04166
21,11200;-0,16258;-0,04154
21,12200;-0,16173;-0,04110
21,13200;-0,16093;-0,04103
21,14200;-0,16008;-0,04060
21,15200;-0,15923;-0,04049
21,16200;-0,15844;-0,04020
21,17200;-0,15759;-0,04000
21,18200;-0,15674;-0,03965
21,19200;-0,15595;-0,03947
21,20200;-0,15510;-0,03931
21,21200;-0,15430;-0,03886
21,22200;-0,15345;-0,03880
21,23200;-0,15260;-0,03841
21,24200;-0,15170;-0,03821
21,25200;-0,15085;-0,03789
21,26200;-0,15005;-0,03766
21,27200;-0,14920;-0,03749
21,28200;-0,14841;-0,03726
21,29200;-0,14762;-0,03722
21,30200;-0,14677;-0,03675
21,31200;-0,14597;-0,03659
21,32200;-0,14512;-0,03616
21,33200;-0,14433;-0,03608
21,34200;-0,14348;-0,03566
21,35200;-0,14263;-0,03552
21,36200;-0,14178;-0,03530
21,37200;-0,14093;-0,03497
21,38200;-0,14008;-0,03488
21,39200;-0,13923;-0,03451
21,40200;-0,13838;-0,03433
21,41200;-0,13753;-0,03396
21,42200;-0,13674;-0,03393
21,43200;-0,13589;-0,03353
21,44200;-0,13504;-0,03350
21,45200;-0,13419;-0,03307
21,46200;-0,13339;-0,03293
21,47200;-0,13254;-0,03267
21,48200;-0,13175;-0,03247
21,49200;-0,13084;-0,03221
21,50200;-0,12999;-0,03191
21,51200;-0,12920;-0,03173
21,52200;-0,12835;-0,03146
21,53200;-0,12750;-0,03136
21,54200;-0,12665;-0,03101
21,55200;-0,12580;-0,03099
21,56200;-0,12501;-0,03059
21,57200;-0,12416;-0,03050
21,58200;-0,12336;-0,03011
21,59200;-0,12251;-0,02993
21,60200;-0,12166;-0,02959
21,61200;-0,12087;-0,02944
21,62200;-0,12002;-0,02917
21,63200;-0,11917;-0,02895
21,64200;-0,11826;-0,02884
21,65200;-0,11741;-0,02839
21,66200;-0,11656;-0,02846
21,67200;-0,11577;-0,02795
21,68200;-0,11492;-0,02792
21,69200;-0,11413;-0,02763
21,70200;-0,11333;-0,02747
21,71200;-0,11254;-0,02714
21,72200;-0,11169;-0,02700
21,73200;-0,11084;-0,02664
21,74200;-0,10999;-0,02636
21,75200;-0,10908;-0,02637
21,76200;-0,10823;-0,02584
21,77200;-0,10744;-0,02589
21,78200;-0,10659;-0,02549
21,79200;-0,10580;-0,02539
21,80200;-0,10495;-0,02505
21,81200;-0,10415;-0,02498
21,82200;-0,10330;-0,02453
21,83200;-0,10251;-0,02445
21,84200;-0,10160;-0,02421
21,85200;-0,10081;-0,02384
21,86200;-0,09996;-0,02382
21,87200;-0,09917;-0,02347
21,88200;-0,09832;-0,02325
21,89200;-0,09747;-0,02299
21,90200;-0,09656;-0,02277
21,91200;-0,09571;-0,02253
21,92200;-0,09486;-0,02237
21,93200;-0,09407;-0,02224
21,94200;-0,09327;-0,02180
21,95200;-0,09242;-0,02188
21,96200;-0,09163;-0,02142
21,97200;-0,09084;-0,02139
21,98200;-0,09004;-0,02104
21,99200;-0,08919;-0,02084
22,00200;-0,08834;-0,02057
22,01200;-0,08749;-0,02040
22,02200;-0,08664;-0,02016
22,03200;-0,08579;-0,01987
22,04200;-0,08494;-0,01983
22,05200;-0,08415;-0,01942
22,06200;-0,08330;-0,01947
22,07200;-0,08245;-0,01904
22,08200;-0,08160;-0,01893
22,09200;-0,08081;-0,01867
22,10200;-0,07996;-0,01850
22,11200;-0,07916;-0,01822
22,12200;-0,07831;-0,01809
22,13200;-0,07746;-0,01789
22,14200;-0,07661;-0,01759
22,15200;-0,07582;-0,01745
22,16200;-0,07491;-0,01715
22,17200;-0,07406;-0,01706
22,18200;-0,07327;-0,01662
22,19200;-0,07242;-0,01667
22,20200;-0,07163;-0,01630
22,21200;-0,07078;-0,01617
22,22200;-0,06998;-0,01583
22,23200;-0,06919;-0,01576
22,24200;-0,06834;-0,01538
22,25200;-0,06755;-0,01532
22,26200;-0,06670;-0,01508
22,27200;-0,06579;-0,01473
22,28200;-0,06494;-0,01469
22,29200;-0,06409;-0,01435
22,30200;-0,06330;-0,01432
22,31200;-0,06239;-0,01400
22,32200;-0,06160;-0,01391
22,33200;-0,06080;-0,01370
22,34200;-0,05990;-0,01355
22,35200;-0,05910;-0,01333
22,36200;-0,05831;-0,01314
22,37200;-0,05746;-0,01292
22,38200;-0,05667;-0,01261
22,39200;-0,05582;-0,01260
22,40200;-0,05497;-0,01240
22,41200;-0,05412;-0,01209
22,42200;-0,05327;-0,01194
22,43200;-0,05247;-0,01172
22,44200;-0,05162;-0,01167
22,45200;-0,05077;-0,01142
22,46200;-0,04998;-0,01145
22,47200;-0,04919;-0,01090
22,48200;-0,04834;-0,01097
22,49200;-0,04754;-0,01060
22,50200;-0,04669;-0,01048
22,51200;-0,04584;-0,01022
22,52200;-0,04505;-0,01012
22,53200;-0,04420;-0,01005
22,54200;-0,04335;-0,00972
22,55200;-0,04250;-0,00964
22,56200;-0,04165;-0,00918
22,57200;-0,04080;-0,00933
22,58200;-0,03995;-0,00882
22,59200;-0,03910;-0,00900
22,60200;-0,03825;-0,00854
22,61200;-0,03746;-0,00860
22,62200;-0,03661;-0,00845
22,63200;-0,03581;-0,00827
22,64200;-0,03502;-0,00821
22,65200;-0,03417;-0,00769
22,66200;-0,03332;-0,00783
22,67200;-0,03247;-0,00748
22,68200;-0,03168;-0,00761
22,69200;-0,03083;-0,00713
22,70200;-0,02998;-0,00726
22,71200;-0,02913;-0,00695
22,72200;-0,02828;-0,00699
22,73200;-0,02743;-0,00683
22,74200;-0,02663;-0,00658
22,75200;-0,02578;-0,00659
22,76200;-0,02493;-0,00620
22,77200;-0,02408;-0,00624
22,78200;-0,02323;-0,00597
22,79200;-0,02238;-0,00599
22,80200;-0,02159;-0,00573
22,81200;-0,02074;-0,00571
22,82200;-0,01989;-0,00560
22,83200;-0,01904;-0,00534
22,84200;-0,01819;-0,00539
22,85200;-0,01740;-0,00518
22,86200;-0,01655;-0,00531
22,87200;-0,01575;-0,00498
22,88200;-0,01496;-0,00507
22,89200;-0,01417;-0,00492
22,90200;-0,01332;-0,00486
22,91200;-0,01252;-0,00471
22,92200;-0,01162;-0,00459
22,93200;-0,01082;-0,00463
22,94200;-0,00997;-0,00445
22,95200;-0,00912;-0,00461
22,96200;-0,00833;-0,00438
22,97200;-0,00748;-0,00446
22,98200;-0,00663;-0,00424
22,99200;-0,00584;-0,00416
23,00200;-0,00499;-0,00408
23,01200;-0,00414;-0,00385
23,02200;-0,00334;-0,00395
23,03200;-0,00249;-0,00384
23,04200;-0,00170;-0,00378
23,05200;-0,00085;-0,00364
23,06200;-0,00006;-0,00359
23,06400;0,00011;-0,00360
23,06600;0,00028;-0,00361
23,06800;0,00045;-0,00360
23,07000;0,00057;-0,00357
23,08000;0,00113;-0,00362
23,09000;0,00119;-0,00401
23,10000;0,00102;-0,00435
23,11000;0,00085;-0,00411
23,12000;0,00062;-0,00391
23,13000;0,00028;-0,00389
23,14000;-0,00023;-0,00382
23,15000;-0,00102;-0,00409
23,16000;-0,00204;-0,00444
23,17000;-0,00323;-0,00486
23,18000;-0,00459;-0,00461
23,19000;-0,00606;-0,00485
23,20000;-0,00748;-0,00448
23,21000;-0,00884;-0,00452
23,22000;-0,01014;-0,00438
23,23000;-0,01139;-0,00443
23,24000;-0,01258;-0,00440
23,25000;-0,01371;-0,00456
23,26000;-0,01479;-0,00476
23,27000;-0,01581;-0,00486
23,28000;-0,01677;-0,00503
23,29000;-0,01774;-0,00513
23,30000;-0,01859;-0,00531
23,31000;-0,01949;-0,00544
23,32000;-0,02040;-0,00586
23,33000;-0,02131;-0,00587
23,34000;-0,02221;-0,00613
23,35000;-0,02306;-0,00621
23,36000;-0,02391;-0,00636
23,37000;-0,02476;-0,00647
23,38000;-0,02567;-0,00651
23,39000;-0,02652;-0,00669
23,40000;-0,02743;-0,00693
23,41000;-0,02828;-0,00695
23,42000;-0,02907;-0,00722
23,43000;-0,02986;-0,00736
23,44000;-0,03066;-0,00751
23,45000;-0,03151;-0,00768
23,46000;-0,03230;-0,00783
23,47000;-0,03315;-0,00799
23,48000;-0,03406;-0,00820
23,49000;-0,03491;-0,00845
23,50000;-0,03576;-0,00860
23,51000;-0,03661;-0,00864
23,52000;-0,03746;-0,00891
23,53000;-0,03825;-0,00903
23,54000;-0,03904;-0,00915
23,55000;-0,03984;-0,00921
23,56000;-0,04069;-0,00952
23,57000;-0,04148;-0,00970
23,58000;-0,04233;-0,00999
23,59000;-0,04318;-0,01011
23,60000;-0,04403;-0,01039
23,61000;-0,04488;-0,01045
23,62000;-0,04573;-0,01072
23,63000;-0,04652;-0,01085
23,64000;-0,04743;-0,01094
23,65000;-0,04828;-0,01128
23,66000;-0,04913;-0,01144
23,67000;-0,04992;-0,01169
23,68000;-0,05077;-0,01191
23,69000;-0,05157;-0,01194
23,70000;-0,05236;-0,01223
23,71000;-0,05315;-0,01242
23,72000;-0,05395;-0,01258
23,73000;-0,05480;-0,01274
23,74000;-0,05565;-0,01306
23,75000;-0,05650;-0,01311
23,76000;-0,05735;-0,01345
23,77000;-0,05820;-0,01359
23,78000;-0,05899;-0,01377
23,79000;-0,05984;-0,01402
23,80000;-0,06069;-0,01420
23,81000;-0,06154;-0,01436
23,82000;-0,06233;-0,01455
23,83000;-0,06318;-0,01486
23,84000;-0,06403;-0,01502
23,85000;-0,06483;-0,01532
23,86000;-0,06568;-0,01544
23,87000;-0,06653;-0,01574
23,88000;-0,06732;-0,01591
23,89000;-0,06823;-0,01609
23,90000;-0,06908;-0,01637
23,91000;-0,06993;-0,01656
23,92000;-0,07078;-0,01682
23,93000;-0,07163;-0,01699
23,94000;-0,07236;-0,01727
23,95000;-0,07316;-0,01737
23,96000;-0,07395;-0,01757
23,97000;-0,07480;-0,01785
23,98000;-0,07559;-0,01802
23,99000;-0,07650;-0,01833
24,00000;-0,07735;-0,01840
24,01000;-0,07820;-0,01876
24,02000;-0,07905;-0,01893
24,03000;-0,07990;-0,01929
24,04000;-0,08075;-0,01936
24,05000;-0,08154;-0,01953
24,06000;-0,08245;-0,01973
24,07000;-0,08324;-0,02010
24,08000;-0,08404;-0,02019
24,09000;-0,08489;-0,02039
24,10000;-0,08568;-0,02070
24,11000;-0,08653;-0,02085
24,12000;-0,08732;-0,02133
24,13000;-0,08817;-0,02138
24,14000;-0,08902;-0,02170
24,15000;-0,08987;-0,02179
24,16000;-0,09078;-0,02229
24,17000;-0,09163;-0,02233
24,18000;-0,09242;-0,02249
24,19000;-0,09327;-0,02269
24,20000;-0,09401;-0,02285
24,21000;-0,09480;-0,02317
24,22000;-0,09560;-0,02337
24,23000;-0,09645;-0,02379
24,24000;-0,09730;-0,02386
24,25000;-0,09815;-0,02427
24,26000;-0,09894;-0,02420
24,27000;-0,09979;-0,02474
24,28000;-0,10064;-0,02476
24,29000;-0,10155;-0,02512
24,30000;-0,10240;-0,02533
24,31000;-0,10325;-0,02549
24,32000;-0,10410;-0,02575
24,33000;-0,10489;-0,02598
24,34000;-0,10574;-0,02635
24,35000;-0,10659;-0,02635
24,36000;-0,10738;-0,02673
24,37000;-0,10818;-0,02691
24,38000;-0,10897;-0,02725
24,39000;-0,10982;-0,02733
24,40000;-0,11061;-0,02769
24,41000;-0,11152;-0,02790
24,42000;-0,11237;-0,02807
24,43000;-0,11322;-0,02839
24,44000;-0,11407;-0,02853
24,45000;-0,11486;-0,02889
24,46000;-0,11566;-0,02895
24,47000;-0,11645;-0,02928
24,48000;-0,11730;-0,02938
24,49000;-0,11815;-0,02983
24,50000;-0,11900;-0,02992
24,51000;-0,11979;-0,03027
24,52000;-0,12064;-0,03041
24,53000;-0,12149;-0,03068
24,54000;-0,12234;-0,03091
24,55000;-0,12314;-0,03110
24,56000;-0,12404;-0,03141
24,57000;-0,12484;-0,03165
24,58000;-0,12569;-0,03200
24,59000;-0,12654;-0,03204
24,60000;-0,12733;-0,03226
24,61000;-0,12812;-0,03244
24,62000;-0,12897;-0,03277
24,63000;-0,12977;-0,03303
24,64000;-0,13062;-0,03317
24,65000;-0,13141;-0,03353
24,66000;-0,13232;-0,03363
24,67000;-0,13317;-0,03417
24,68000;-0,13402;-0,03416
24,69000;-0,13481;-0,03445
24,70000;-0,13566;-0,03460
24,71000;-0,13651;-0,03482
24,72000;-0,13730;-0,03511
24,73000;-0,13810;-0,03524
24,74000;-0,13895;-0,03564
24,75000;-0,13974;-0,03583
24,76000;-0,14065;-0,03632
24,77000;-0,14150;-0,03641
24,78000;-0,14229;-0,03680
24,79000;-0,14314;-0,03681
24,80000;-0,14393;-0,03722
24,81000;-0,14484;-0,03739
24,82000;-0,14569;-0,03775
24,83000;-0,14648;-0,03791
24,84000;-0,14733;-0,03817
24,85000;-0,14813;-0,03861
24,86000;-0,14892;-0,03868
24,87000;-0,14977;-0,03904
24,88000;-0,15056;-0,03911
24,89000;-0,15141;-0,03961
24,90000;-0,15221;-0,03967
24,91000;-0,15306;-0,04016
24,92000;-0,15396;-0,04024
24,93000;-0,15481;-0,04063
24,94000;-0,15566;-0,04080
24,95000;-0,15651;-0,04114
24,96000;-0,15731;-0,04132
24,97000;-0,15816;-0,04159
24,98000;-0,15895;-0,04176
24,99000;-0,15980;-0,04220
25,00000;-0,16065;-0,04242
25,01000;-0,16150;-0,04267
25,02000;-0,16229;-0,04291
25,03000;-0,16314;-0,04327
25,04000;-0,16394;-0,04348
25,05000;-0,16479;-0,04360
25,06000;-0,16558;-0,04402
25,07000;-0,16643;-0,04417
25,08000;-0,16728;-0,04458
25,09000;-0,16807;-0,04471
25,10000;-0,16892;-0,04498
25,11000;-0,16972;-0,04522
25,12000;-0,17057;-0,04554
25,13000;-0,17142;-0,04582
25,14000;-0,17227;-0,04610
25,15000;-0,17312;-0,04642
25,16000;-0,17397;-0,04666
25,17000;-0,17482;-0,04699
25,18000;-0,17567;-0,04718
25,19000;-0,17652;-0,04743
25,20000;-0,17737;-0,04774
25,21000;-0,17822;-0,04813
25,22000;-0,17907;-0,04822
25,23000;-0,17986;-0,04849
25,24000;-0,18065;-0,04873
25,25000;-0,18150;-0,04905
25,26000;-0,18230;-0,04939
25,27000;-0,18315;-0,04962
25,28000;-0,18400;-0,04990
25,29000;-0,18485;-0,05015
25,30000;-0,18570;-0,05036
25,31000;-0,18649;-0,05059
25,32000;-0,18734;-0,05091
25,33000;-0,18819;-0,05114
25,34000;-0,18904;-0,05153
25,35000;-0,18989;-0,05169
25,36000;-0,19068;-0,05209
25,37000;-0,19153;-0,05218
25,38000;-0,19233;-0,05263
25,39000;-0,19318;-0,05263
25,40000;-0,19403;-0,05304
25,41000;-0,19482;-0,05324
25,42000;-0,19567;-0,05356
25,43000;-0,19652;-0,05381
25,44000;-0,19731;-0,05406
25,45000;-0,19822;-0,05442
25,46000;-0,19907;-0,05456
25,47000;-0,19986;-0,05496
25,48000;-0,20066;-0,05496
25,49000;-0,20151;-0,05539
25,50000;-0,20224;-0,05538
25,51000;-0,20304;-0,05584
25,52000;-0,20389;-0,05606
25,53000;-0,20474;-0,05653
25,54000;-0,20559;-0,05654
25,55000;-0,20638;-0,05688
25,56000;-0,20723;-0,05699
25,57000;-0,20808;-0,05721
25,58000;-0,20893;-0,05762
25,59000;-0,20978;-0,05764
25,60000;-0,21063;-0,05817
25,61000;-0,21148;-0,05808
25,62000;-0,21227;-0,05859
25,63000;-0,21312;-0,05855
25,64000;-0,21392;-0,05895
25,65000;-0,21477;-0,05905
25,66000;-0,21556;-0,05953
25,67000;-0,21641;-0,05970
25,68000;-0,21732;-0,05983
25,69000;-0,21817;-0,06029
25,70000;-0,21902;-0,06019
25,71000;-0,21987;-0,06074
25,72000;-0,22072;-0,06070
25,73000;-0,22151;-0,06114
25,74000;-0,22230;-0,06096
25,75000;-0,22310;-0,06159
25,76000;-0,22389;-0,06156
25,77000;-0,22468;-0,06186
25,78000;-0,22553;-0,06221
25,79000;-0,22638;-0,06247
25,80000;-0,22723;-0,06268
25,81000;-0,22814;-0,06280
25,82000;-0,22893;-0,06318
25,83000;-0,22978;-0,06308
25,84000;-0,23063;-0,06361
25,85000;-0,23148;-0,06357
25,86000;-0,23233;-0,06397
25,87000;-0,23313;-0,06416
25,88000;-0,23398;-0,06435
25,89000;-0,23477;-0,06458
25,90000;-0,23556;-0,06464
25,91000;-0,23636;-0,06519
25,92000;-0,23721;-0,06518
25,93000;-0,23806;-0,06569
25,94000;-0,23896;-0,06553
25,95000;-0,23976;-0,06601
25,96000;-0,24061;-0,06598
25,97000;-0,24146;-0,06629
25,98000;-0,24231;-0,06648
25,99000;-0,24316;-0,06669
26,00000;-0,24401;-0,06705
26,01000;-0,24480;-0,06696
26,02000;-0,24559;-0,06742
26,03000;-0,24644;-0,06740
26,04000;-0,24729;-0,06794
26,05000;-0,24814;-0,06788
26,06000;-0,24894;-0,06829
26,07000;-0,24979;-0,06838
26,08000;-0,25064;-0,06868
26,09000;-0,25149;-0,06885
26,10000;-0,25234;-0,06913
26,11000;-0,25319;-0,06935
26,12000;-0,25409;-0,06953
26,13000;-0,25489;-0,06992
26,14000;-0,25574;-0,06985
26,15000;-0,25647;-0,07007
26,16000;-0,25727;-0,07026
26,17000;-0,25812;-0,07061
26,18000;-0,25897;-0,07081
26,19000;-0,25976;-0,07096
26,20000;-0,26061;-0,07120
26,21000;-0,26146;-0,07128
26,22000;-0,26231;-0,07168
26,23000;-0,26316;-0,07170
26,24000;-0,26401;-0,07209
26,25000;-0,26480;-0,07202
26,26000;-0,26560;-0,07240
26,27000;-0,26639;-0,07244
26,28000;-0,26718;-0,07287
26,29000;-0,26803;-0,07297
26,30000;-0,26888;-0,07336
26,31000;-0,26973;-0,07347
26,32000;-0,27058;-0,07356
26,33000;-0,27143;-0,07390
26,34000;-0,27228;-0,07390
26,35000;-0,27319;-0,07428
26,36000;-0,27404;-0,07432
26,37000;-0,27489;-0,07471
26,38000;-0,27574;-0,07467
26,39000;-0,27653;-0,07511
26,40000;-0,27738;-0,07508
26,41000;-0,27818;-0,07541
26,42000;-0,27897;-0,07552
26,43000;-0,27976;-0,07579
26,44000;-0,28056;-0,07603
26,45000;-0,28141;-0,07612
26,46000;-0,28226;-0,07660
26,47000;-0,28316;-0,07655
26,48000;-0,28401;-0,07701
26,49000;-0,28481;-0,07689
26,50000;-0,28566;-0,07736
26,51000;-0,28651;-0,07723
26,52000;-0,28736;-0,07764
26,53000;-0,28815;-0,07766
26,54000;-0,28894;-0,07804
26,55000;-0,28979;-0,07808
26,56000;-0,29064;-0,07842
26,57000;-0,29149;-0,07865
26,58000;-0,29234;-0,07872
26,59000;-0,29314;-0,07911
26,60000;-0,29404;-0,07900
26,61000;-0,29489;-0,07946
26,62000;-0,29574;-0,07948
26,63000;-0,29659;-0,07986
26,64000;-0,29744;-0,07989
26,65000;-0,29824;-0,08011
26,66000;-0,29909;-0,08027
26,67000;-0,29988;-0,08038
26,68000;-0,30067;-0,08077
26,69000;-0,30152;-0,08079
26,70000;-0,30232;-0,08120
26,71000;-0,30322;-0,08120
26,72000;-0,30402;-0,08160
26,73000;-0,30492;-0,08158
26,74000;-0,30577;-0,08182
26,75000;-0,30662;-0,08198
26,76000;-0,30742;-0,08214
26,77000;-0,30827;-0,08230
26,78000;-0,30912;-0,08258
26,79000;-0,30997;-0,08276
26,80000;-0,31076;-0,08276
26,81000;-0,31155;-0,08316
26,82000;-0,31235;-0,08325
26,83000;-0,31314;-0,08341
26,84000;-0,31399;-0,08352
26,85000;-0,31484;-0,08388
26,86000;-0,31563;-0,08383
26,87000;-0,31654;-0,08417
26,88000;-0,31745;-0,08436
26,89000;-0,31830;-0,08459
26,90000;-0,31915;-0,08465
26,91000;-0,32000;-0,08482
26,92000;-0,32079;-0,08498
26,93000;-0,32158;-0,08493
26,94000;-0,32238;-0,08542
26,95000;-0,32317;-0,08545
26,96000;-0,32402;-0,08575
26,97000;-0,32481;-0,08575
26,98000;-0,32566;-0,08614
26,99000;-0,32651;-0,08617
27,00000;-0,32736;-0,08637
27,01000;-0,32827;-0,08650
27,02000;-0,32912;-0,08660
27,03000;-0,32991;-0,08694
27,04000;-0,33076;-0,08699
27,05000;-0,33156;-0,08718
27,06000;-0,33235;-0,08716
27,07000;-0,33320;-0,08754
27,08000;-0,33405;-0,08755
27,09000;-0,33484;-0,08791
27,10000;-0,33564;-0,08788
27,11000;-0,33649;-0,08810
27,12000;-0,33728;-0,08837
27,13000;-0,33819;-0,08837
27,14000;-0,33904;-0,08863
27,15000;-0,33989;-0,08868
27,16000;-0,34074;-0,08892
27,17000;-0,34153;-0,08891
27,18000;-0,34232;-0,08913
27,19000;-0,34317;-0,08920
27,20000;-0,34397;-0,08945
27,21000;-0,34482;-0,08972
27,22000;-0,34561;-0,08966
27,23000;-0,34646;-0,08993
27,24000;-0,34731;-0,09002
27,25000;-0,34810;-0,09022
27,26000;-0,34901;-0,09015
27,27000;-0,34980;-0,09052
27,28000;-0,35065;-0,09048
27,29000;-0,35150;-0,09073
27,30000;-0,35235;-0,09086
27,31000;-0,35315;-0,09096
27,32000;-0,35394;-0,09105
27,33000;-0,35479;-0,09117
27,34000;-0,35558;-0,09145
27,35000;-0,35638;-0,09142
27,36000;-0,35723;-0,09164
27,37000;-0,35808;-0,09176
27,38000;-0,35893;-0,09190
27,39000;-0,35978;-0,09200
27,40000;-0,36068;-0,09214
27,41000;-0,36153;-0,09221
27,42000;-0,36238;-0,09235
27,43000;-0,36318;-0,09258
27,44000;-0,36403;-0,09265
27,45000;-0,36482;-0,09274
27,46000;-0,36561;-0,09288
27,47000;-0,36646;-0,09304
27,48000;-0,36731;-0,09317
27,49000;-0,36816;-0,09329
27,50000;-0,36896;-0,09337
27,51000;-0,36975;-0,09345
27,52000;-0,37060;-0,09366
27,53000;-0,37145;-0,09369
27,54000;-0,37230;-0,09391
27,55000;-0,37315;-0,09394
27,56000;-0,37394;-0,09407
27,57000;-0,37474;-0,09412
27,58000;-0,37559;-0,09427
27,59000;-0,37638;-0,09433
27,60000;-0,37717;-0,09461
27,61000;-0,37802;-0,09454
27,62000;-0,37882;-0,09478
27,63000;-0,37972;-0,09490
27,64000;-0,38057;-0,09500
27,65000;-0,38142;-0,09511
27,66000;-0,38233;-0,09525
27,67000;-0,38318;-0,09528
27,68000;-0,38397;-0,09530
27,69000;-0,38482;-0,09549
27,70000;-0,38567;-0,09546
27,71000;-0,38647;-0,09579
27,72000;-0,38732;-0,09581
27,73000;-0,38817;-0,09597
27,74000;-0,38902;-0,09603
27,75000;-0,38987;-0,09611
27,76000;-0,39066;-0,09620
27,77000;-0,39151;-0,09622
27,78000;-0,39230;-0,09640
27,79000;-0,39315;-0,09643
27,80000;-0,39400;-0,09665
27,81000;-0,39480;-0,09653
27,82000;-0,39559;-0,09684
27,83000;-0,39644;-0,09666
27,84000;-0,39723;-0,09694
27,85000;-0,39808;-0,09696
27,86000;-0,39893;-0,09717
27,87000;-0,39978;-0,09712
27,88000;-0,40069;-0,09728
27,89000;-0,40154;-0,09751
27,90000;-0,40239;-0,09734
27,91000;-0,40324;-0,09767
27,92000;-0,40415;-0,09757
27,93000;-0,40494;-0,09782
27,94000;-0,40579;-0,09763
27,95000;-0,40658;-0,09784
27,96000;-0,40738;-0,09777
27,97000;-0,40817;-0,09792
27,98000;-0,40902;-0,09819
27,99000;-0,40981;-0,09812
28,00000;-0,41066;-0,09829
28,01000;-0,41146;-0,09820
28,02000;-0,41231;-0,09847
28,03000;-0,41310;-0,09831
28,04000;-0,41395;-0,09854
28,05000;-0,41480;-0,09853
28,06000;-0,41565;-0,09870
28,07000;-0,41650;-0,09864
28,08000;-0,41735;-0,09874
28,09000;-0,41814;-0,09877
28,10000;-0,41899;-0,09865
28,11000;-0,41979;-0,09889
28,12000;-0,42064;-0,09895
28,13000;-0,42149;-0,09897
28,14000;-0,42228;-0,09886
28,15000;-0,42313;-0,09901
28,16000;-0,42398;-0,09897
28,17000;-0,42483;-0,09904
28,18000;-0,42574;-0,09885
28,19000;-0,42653;-0,09850
28,20000;-0,42738;-0,09458
28,21000;-0,42817;-0,09121
28,22000;-0,42897;-0,08758
28,23000;-0,42976;-0,08640
28,24000;-0,43067;-0,08488
28,25000;-0,43146;-0,08526
28,26000;-0,43231;-0,08490
28,27000;-0,43316;-0,08555
28,28000;-0,43401;-0,08556
28,29000;-0,43480;-0,08575
28,30000;-0,43565;-0,08616
28,31000;-0,43650;-0,08600
28,32000;-0,43735;-0,08666
28,33000;-0,43820;-0,08609
28,34000;-0,43905;-0,08681
28,35000;-0,43985;-0,08621
28,36000;-0,44064;-0,08684
28,37000;-0,44149;-0,08650
28,38000;-0,44234;-0,08708
28,39000;-0,44319;-0,08677
28,40000;-0,44404;-0,08708
28,41000;-0,44489;-0,08718
28,42000;-0,44574;-0,08706
28,43000;-0,44659;-0,08750
28,44000;-0,44744;-0,08700
28,45000;-0,44823;-0,08757
28,46000;-0,44903;-0,08699
28,47000;-0,44982;-0,08768
28,48000;-0,45061;-0,08721
28,49000;-0,45141;-0,08773
28,50000;-0,45226;-0,08751
28,51000;-0,45311;-0,08795
28,52000;-0,45396;-0,08789
28,53000;-0,45481;-0,08777
28,54000;-0,45566;-0,08810
28,55000;-0,45651;-0,08779
28,56000;-0,45730;-0,08824
28,57000;-0,45815;-0,08792
28,58000;-0,45900;-0,08849
28,59000;-0,45985;-0,08808
28,60000;-0,46070;-0,08847
28,61000;-0,46149;-0,08827
28,62000;-0,46229;-0,08844
28,63000;-0,46314;-0,08852
28,64000;-0,46399;-0,08857
28,65000;-0,46478;-0,08873
28,66000;-0,46569;-0,08853
28,67000;-0,46654;-0,08896
28,68000;-0,46739;-0,08865
28,69000;-0,46824;-0,08911
28,70000;-0,46903;-0,08874
28,71000;-0,46988;-0,08905
28,72000;-0,47073;-0,08890
28,73000;-0,47152;-0,08902
28,74000;-0,47232;-0,08911
28,75000;-0,47317;-0,08906
28,76000;-0,47402;-0,08934
28,77000;-0,47481;-0,08919
28,78000;-0,47572;-0,08936
28,79000;-0,47657;-0,08928
28,80000;-0,47742;-0,08946
28,81000;-0,47827;-0,08929
28,82000;-0,47912;-0,08960
28,83000;-0,47997;-0,08950
28,84000;-0,48082;-0,08955
28,85000;-0,48161;-0,08959
28,86000;-0,48240;-0,08949
28,87000;-0,48320;-0,08955
28,88000;-0,48399;-0,08956
28,89000;-0,48484;-0,08960
28,90000;-0,48569;-0,08955
28,91000;-0,48648;-0,08931
28,92000;-0,48739;-0,08630
28,93000;-0,48824;-0,08352
28,94000;-0,48909;-0,08063
28,95000;-0,48988;-0,07943
28,96000;-0,49073;-0,07825
28,97000;-0,49158;-0,07855
28,98000;-0,49238;-0,07815
28,99000;-0,49317;-0,07868
29,00000;-0,49402;-0,07861
29,01000;-0,49481;-0,07912
29,02000;-0,49566;-0,07928
29,03000;-0,49651;-0,07941
29,04000;-0,49731;-0,07951
29,05000;-0,49816;-0,07942
29,06000;-0,49895;-0,07971
29,07000;-0,49980;-0,07939
29,08000;-0,50071;-0,07992
29,09000;-0,50156;-0,07963
29,10000;-0,50235;-0,07994
29,11000;-0,50320;-0,07980
29,12000;-0,50399;-0,08007
29,13000;-0,50473;-0,08004
29,14000;-0,50552;-0,08009
29,15000;-0,50637;-0,08027
29,16000;-0,50717;-0,08021
29,17000;-0,50802;-0,08048
29,18000;-0,50887;-0,08037
29,19000;-0,50972;-0,08068
29,20000;-0,51057;-0,08033
29,21000;-0,51142;-0,08067
29,22000;-0,51227;-0,08054
29,23000;-0,51312;-0,08080
29,24000;-0,51391;-0,08056
29,25000;-0,51476;-0,08074
29,26000;-0,51555;-0,08079
29,27000;-0,51640;-0,08089
29,28000;-0,51720;-0,08097
29,29000;-0,51805;-0,08093
29,30000;-0,51890;-0,08117
29,31000;-0,51975;-0,08103
29,32000;-0,52060;-0,08123
29,33000;-0,52145;-0,08120
29,34000;-0,52230;-0,08124
29,35000;-0,52320;-0,08133
29,36000;-0,52400;-0,08143
29,37000;-0,52485;-0,08144
29,38000;-0,52570;-0,08135
29,39000;-0,52643;-0,08148
29,40000;-0,52728;-0,08132
29,41000;-0,52808;-0,08169
29,42000;-0,52893;-0,08151
29,43000;-0,52978;-0,08182
29,44000;-0,53068;-0,08165
29,45000;-0,53153;-0,08186
29,46000;-0,53238;-0,08177
29,47000;-0,53323;-0,08184
29,48000;-0,53414;-0,08192
29,49000;-0,53493;-0,08178
29,50000;-0,53578;-0,08203
29,51000;-0,53663;-0,08176
29,52000;-0,53743;-0,08201
29,53000;-0,53822;-0,08174
29,54000;-0,53907;-0,08215
29,55000;-0,53986;-0,08201
29,56000;-0,54071;-0,08222
29,57000;-0,54151;-0,08209
29,58000;-0,54236;-0,08229
29,59000;-0,54326;-0,08210
29,60000;-0,54417;-0,08232
29,61000;-0,54502;-0,08234
29,62000;-0,54581;-0,08213
29,63000;-0,54661;-0,08238
29,64000;-0,54740;-0,08222
29,65000;-0,54814;-0,08234
29,66000;-0,54899;-0,08234
29,67000;-0,54978;-0,08260
29,68000;-0,55063;-0,08235
29,69000;-0,55154;-0,08264
29,70000;-0,55233;-0,08245
29,71000;-0,55318;-0,08258
29,72000;-0,55403;-0,08261
29,73000;-0,55494;-0,08258
29,74000;-0,55579;-0,08270
29,75000;-0,55664;-0,08263
29,76000;-0,55743;-0,08279
29,77000;-0,55828;-0,08261
29,78000;-0,55907;-0,08277
29,79000;-0,55987;-0,08258
29,80000;-0,56066;-0,08287
29,81000;-0,56151;-0,08270
29,82000;-0,56230;-0,08282
29,83000;-0,56315;-0,08292
29,84000;-0,56395;-0,08290
29,85000;-0,56485;-0,08300
29,86000;-0,56570;-0,08297
29,87000;-0,56655;-0,08315
29,88000;-0,56746;-0,08288
29,89000;-0,56825;-0,08329
29,90000;-0,56905;-0,08271
29,91000;-0,56984;-0,08314
29,92000;-0,57069;-0,08302
29,93000;-0,57154;-0,08328
29,94000;-0,57239;-0,08319
29,95000;-0,57324;-0,08326
29,96000;-0,57409;-0,08335
29,97000;-0,57488;-0,08311
29,98000;-0,57573;-0,08345
29,99000;-0,57658;-0,08305
30,00000;-0,57738;-0,08363
30,01000;-0,57828;-0,08313
30,02000;-0,57908;-0,08371
30,03000;-0,57987;-0,08315
30,04000;-0,58066;-0,08347
30,05000;-0,58151;-0,08337
30,06000;-0,58231;-0,08345
30,07000;-0,58310;-0,08355
30,08000;-0,58395;-0,08334
30,09000;-0,58480;-0,08389
30,10000;-0,58565;-0,08333
30,11000;-0,58650;-0,08396
30,12000;-0,58735;-0,08337
30,13000;-0,58826;-0,08407
30,14000;-0,58911;-0,08342
30,15000;-0,58990;-0,08384
30,16000;-0,59069;-0,08352
30,17000;-0,59149;-0,08372
30,18000;-0,59234;-0,08382
30,19000;-0,59319;-0,08375
30,20000;-0,59404;-0,08412
30,21000;-0,59489;-0,08354
30,22000;-0,59574;-0,08428
30,23000;-0,59653;-0,08356
30,24000;-0,59732;-0,08420
30,25000;-0,59817;-0,08367
30,26000;-0,59902;-0,08426
30,27000;-0,59987;-0,08381
30,28000;-0,60072;-0,08423
30,29000;-0,60152;-0,08401
30,30000;-0,60231;-0,08391
30,31000;-0,60316;-0,08423
30,32000;-0,60395;-0,08384
30,33000;-0,60480;-0,08439
30,34000;-0,60560;-0,08381
30,35000;-0,60639;-0,08447
30,36000;-0,60724;-0,08393
30,37000;-0,60815;-0,08465
30,38000;-0,60900;-0,08404
30,39000;-0,60985;-0,08451
30,40000;-0,61064;-0,08414
30,41000;-0,61149;-0,08429
30,42000;-0,61228;-0,08434
30,43000;-0,61313;-0,08420
30,44000;-0,61393;-0,08452
30,45000;-0,61478;-0,08418
30,46000;-0,61563;-0,08472
30,47000;-0,61653;-0,08436
30,48000;-0,61733;-0,08476
30,49000;-0,61818;-0,08426
30,50000;-0,61897;-0,08463
30,51000;-0,61982;-0,08447
30,52000;-0,62067;-0,08459
30,53000;-0,62152;-0,08462
30,54000;-0,62231;-0,08439
30,55000;-0,62311;-0,08471
30,56000;-0,62396;-0,08447
30,57000;-0,62481;-0,08494
30,58000;-0,62566;-0,08439
30,59000;-0,62645;-0,08496
30,60000;-0,62724;-0,08438
30,61000;-0,62809;-0,08493
30,62000;-0,62894;-0,08458
30,63000;-0,62985;-0,08484
30,64000;-0,63070;-0,08470
30,65000;-0,63155;-0,08482
30,66000;-0,63240;-0,08478
30,67000;-0,63319;-0,08463
30,68000;-0,63404;-0,08484
30,69000;-0,63484;-0,08456
30,70000;-0,63569;-0,08511
30,71000;-0,63654;-0,08456
30,72000;-0,63733;-0,08512
30,73000;-0,63824;-0,08475
30,74000;-0,63903;-0,08509
30,75000;-0,63988;-0,08488
30,76000;-0,64073;-0,08503
30,77000;-0,64152;-0,08493
30,78000;-0,64237;-0,08497
30,79000;-0,64317;-0,08506
30,80000;-0,64402;-0,08481
30,81000;-0,64481;-0,08514
30,82000;-0,64566;-0,08477
30,83000;-0,64651;-0,08518
30,84000;-0,64730;-0,08487
30,85000;-0,64815;-0,08514
30,86000;-0,64895;-0,08497
30,87000;-0,64980;-0,08505
30,88000;-0,65070;-0,08510
30,89000;-0,65155;-0,08507
30,90000;-0,65240;-0,08514
30,91000;-0,65320;-0,08499
30,92000;-0,65405;-0,08527
30,93000;-0,65490;-0,08489
30,94000;-0,65563;-0,08505
30,95000;-0,65648;-0,08494
30,96000;-0,65733;-0,08519
30,97000;-0,65818;-0,08518
30,98000;-0,65898;-0,08520
30,99000;-0,65983;-0,08519
31,00000;-0,66068;-0,08514
31,01000;-0,66147;-0,08521
31,02000;-0,66232;-0,08493
31,03000;-0,66317;-0,08533
31,04000;-0,66396;-0,08506
31,05000;-0,66481;-0,08532
31,06000;-0,66566;-0,08524
31,07000;-0,66646;-0,08529
31,08000;-0,66725;-0,08514
31,09000;-0,66810;-0,08538
31,10000;-0,66895;-0,08526
31,11000;-0,66974;-0,08517
31,12000;-0,67059;-0,08531
31,13000;-0,67144;-0,08516
31,14000;-0,67235;-0,08528
31,15000;-0,67314;-0,08523
31,16000;-0,67399;-0,08528
31,17000;-0,67484;-0,08515
31,18000;-0,67564;-0,08527
31,19000;-0,67643;-0,08510
31,20000;-0,67722;-0,08512
31,21000;-0,67802;-0,08523
31,22000;-0,67887;-0,08527
31,23000;-0,67972;-0,08536
31,24000;-0,68057;-0,08534
31,25000;-0,68142;-0,08543
31,26000;-0,68227;-0,08529
31,27000;-0,68312;-0,08532
31,28000;-0,68397;-0,08512
31,29000;-0,68482;-0,08520
31,30000;-0,68567;-0,08508
31,31000;-0,68646;-0,08518
31,32000;-0,68731;-0,08504
31,33000;-0,68810;-0,08512
31,34000;-0,68895;-0,08515
31,35000;-0,68980;-0,08506
31,36000;-0,69060;-0,08518
31,37000;-0,69145;-0,08501
31,38000;-0,69224;-0,08510
31,39000;-0,69309;-0,08490
31,40000;-0,69394;-0,08515
31,41000;-0,69485;-0,08477
31,42000;-0,69570;-0,08500
31,43000;-0,69649;-0,08488
31,44000;-0,69734;-0,08483
31,45000;-0,69813;-0,08476
31,46000;-0,69893;-0,08464
31,47000;-0,69972;-0,08471
31,48000;-0,70063;-0,08466
31,49000;-0,70148;-0,08471
31,50000;-0,70233;-0,08435
31,51000;-0,70312;-0,08430
31,52000;-0,70397;-0,08282
31,53000;-0,70482;-0,07921
31,54000;-0,70567;-0,07645
31,55000;-0,70652;-0,07414
31,56000;-0,70737;-0,07307
31,57000;-0,70828;-0,07254
31,58000;-0,70907;-0,07237
31,59000;-0,70986;-0,07242
31,60000;-0,71066;-0,07242
31,61000;-0,71151;-0,07289
31,62000;-0,71230;-0,07275
31,63000;-0,71315;-0,07311
31,64000;-0,71400;-0,07279
31,65000;-0,71485;-0,07315
31,66000;-0,71570;-0,07287
31,67000;-0,71655;-0,07314
31,68000;-0,71740;-0,07292
31,69000;-0,71825;-0,07292
31,70000;-0,71904;-0,07293
31,71000;-0,71984;-0,07292
31,72000;-0,72063;-0,07296
31,73000;-0,72148;-0,07289
31,74000;-0,72233;-0,07305
31,75000;-0,72318;-0,07289
31,76000;-0,72403;-0,07310
31,77000;-0,72488;-0,07291
31,78000;-0,72573;-0,07292
31,79000;-0,72652;-0,07285
31,80000;-0,72737;-0,07295
31,81000;-0,72822;-0,07292
31,82000;-0,72907;-0,07289
31,83000;-0,72992;-0,07283
31,84000;-0,73077;-0,07287
31,85000;-0,73151;-0,07272
31,86000;-0,73230;-0,07270
31,87000;-0,73310;-0,07281
31,88000;-0,73395;-0,07270
31,89000;-0,73480;-0,07283
31,90000;-0,73559;-0,07282
31,91000;-0,73650;-0,07281
31,92000;-0,73735;-0,07270
31,93000;-0,73825;-0,07275
31,94000;-0,73905;-0,07264
31,95000;-0,73990;-0,07252
31,96000;-0,74069;-0,07257
31,97000;-0,74148;-0,07239
31,98000;-0,74233;-0,07247
31,99000;-0,74313;-0,07240
32,00000;-0,74398;-0,07245
32,01000;-0,74477;-0,07243
32,02000;-0,74562;-0,07238
32,03000;-0,74647;-0,07234
32,04000;-0,74726;-0,07215
32,05000;-0,74811;-0,07220
32,06000;-0,74902;-0,07225
32,07000;-0,74987;-0,07226
32,07200;-0,75004;-0,07223
32,07400;-0,75021;-0,07219
32,08400;-0,75089;-0,07207
32,09400;-0,75106;-0,07172
32,10400;-0,75089;-0,07087
32,11400;-0,75072;-0,07103
32,12400;-0,75049;-0,07105
32,13400;-0,75010;-0,07131
32,14400;-0,74947;-0,07105
32,15400;-0,74862;-0,07099
32,16400;-0,74755;-0,07068
32,17400;-0,74624;-0,07041
32,18400;-0,74494;-0,07073
32,19400;-0,74352;-0,07057
32,20400;-0,74216;-0,07111
32,21400;-0,74080;-0,07093
32,22400;-0,73950;-0,07147
32,23400;-0,73831;-0,07114
32,24400;-0,73718;-0,07153
32,25400;-0,73610;-0,07131
32,26400;-0,73502;-0,07127
32,27400;-0,73400;-0,07109
32,28400;-0,73298;-0,07095
32,29400;-0,73202;-0,07115
32,30400;-0,73111;-0,07085
32,31400;-0,73021;-0,07112
32,32400;-0,72936;-0,07070
32,33400;-0,72856;-0,07103
32,34400;-0,72766;-0,07047
32,35400;-0,72681;-0,07084
32,36400;-0,72596;-0,07040
32,37400;-0,72511;-0,07060
32,38400;-0,72426;-0,07039
32,39400;-0,72341;-0,07051
32,40400;-0,72256;-0,07046
32,41400;-0,72171;-0,07022
32,42400;-0,72086;-0,07043
32,43400;-0,71995;-0,07021
32,44400;-0,71916;-0,07050
32,45400;-0,71831;-0,07009
32,46400;-0,71746;-0,07039
32,47400;-0,71661;-0,07005
32,48400;-0,71581;-0,07041
32,49400;-0,71502;-0,07020
32,50400;-0,71417;-0,07018
32,51400;-0,71332;-0,07012
32,52400;-0,71247;-0,07005
32,53400;-0,71162;-0,07018
32,54400;-0,71077;-0,06992
32,55400;-0,70992;-0,07015
32,56400;-0,70913;-0,06995
32,57400;-0,70828;-0,07017
32,58400;-0,70748;-0,06989
32,59400;-0,70669;-0,07016
32,60400;-0,70584;-0,06992
32,61400;-0,70499;-0,06992
32,62400;-0,70414;-0,06994
32,63400;-0,70329;-0,06982
32,64400;-0,70244;-0,06989
32,65400;-0,70159;-0,06975
32,66400;-0,70074;-0,06990
32,67400;-0,69989;-0,06964
32,68400;-0,69904;-0,06991
32,69400;-0,69825;-0,06960
32,70400;-0,69740;-0,06984
32,71400;-0,69655;-0,06976
32,72400;-0,69575;-0,06979
32,73400;-0,69496;-0,06987
32,74400;-0,69417;-0,06976
32,75400;-0,69337;-0,06972
32,76400;-0,69252;-0,06948
32,77400;-0,69167;-0,06971
32,78400;-0,69082;-0,06949
32,79400;-0,69003;-0,06976
32,80400;-0,68918;-0,06964
32,81400;-0,68833;-0,06977
32,82400;-0,68754;-0,06978
32,83400;-0,68669;-0,06970
32,84400;-0,68584;-0,06969
32,85400;-0,68504;-0,06964
32,86400;-0,68419;-0,06966
32,87400;-0,68334;-0,06955
32,88400;-0,68255;-0,06978
32,89400;-0,68170;-0,06965
32,90400;-0,68091;-0,06966
32,91400;-0,68006;-0,06963
32,92400;-0,67921;-0,06959
32,93400;-0,67841;-0,06967
32,94400;-0,67756;-0,06953
32,95400;-0,67671;-0,06960
32,96400;-0,67586;-0,06958
32,97400;-0,67501;-0,06955
32,98400;-0,67422;-0,06960
32,99400;-0,67343;-0,06978
33,00400;-0,67258;-0,06966
33,01400;-0,67178;-0,06963
33,02400;-0,67093;-0,06964
33,03400;-0,67008;-0,06957
33,04400;-0,66918;-0,06957
33,05400;-0,66838;-0,06962
33,06400;-0,66753;-0,06956
33,07400;-0,66674;-0,06962
33,08400;-0,66589;-0,06972
33,09400;-0,66504;-0,06972
33,10400;-0,66425;-0,06966
33,11400;-0,66340;-0,06963
33,12400;-0,66255;-0,06964
33,13400;-0,66170;-0,06967
33,14400;-0,66090;-0,06967
33,15400;-0,66011;-0,06971
33,16400;-0,65926;-0,06961
33,17400;-0,65841;-0,06960
33,18400;-0,65756;-0,06965
33,19400;-0,65677;-0,06958
33,20400;-0,65592;-0,06956
33,21400;-0,65507;-0,06947
33,22400;-0,65422;-0,06959
33,23400;-0,65337;-0,06950
33,24400;-0,65257;-0,06959
33,25400;-0,65178;-0,06948
33,26400;-0,65093;-0,06950
33,27400;-0,65014;-0,06944
33,28400;-0,64923;-0,06945
33,29400;-0,64838;-0,06946
33,30400;-0,64753;-0,06936
33,31400;-0,64662;-0,06939
33,32400;-0,64583;-0,06928
33,33400;-0,64504;-0,06950
33,34400;-0,64419;-0,06934
33,35400;-0,64339;-0,06950
33,36400;-0,64254;-0,06930
33,37400;-0,64169;-0,06931
33,38400;-0,64090;-0,06918
33,39400;-0,64005;-0,06934
33,40400;-0,63926;-0,06928
33,41400;-0,63846;-0,06917
33,42400;-0,63761;-0,06916
33,43400;-0,63676;-0,06911
33,44400;-0,63586;-0,06919
33,45400;-0,63506;-0,06908
33,46400;-0,63421;-0,06906
33,47400;-0,63342;-0,06902
33,48400;-0,63257;-0,06906
33,49400;-0,63172;-0,06911
33,50400;-0,63093;-0,06890
33,51400;-0,63008;-0,06899
33,52400;-0,62923;-0,06889
33,53400;-0,62843;-0,06900
33,54400;-0,62753;-0,06890
33,55400;-0,62668;-0,06883
33,56400;-0,62583;-0,06875
33,57400;-0,62498;-0,06875
33,58400;-0,62418;-0,06883
33,59400;-0,62333;-0,06865
33,60400;-0,62254;-0,06886
33,61400;-0,62175;-0,06859
33,62400;-0,62090;-0,06872
33,63400;-0,62010;-0,06855
33,64400;-0,61925;-0,06861
33,65400;-0,61840;-0,06844
33,66400;-0,61761;-0,06851
33,67400;-0,61676;-0,06845
33,68400;-0,61597;-0,06839
33,69400;-0,61512;-0,06852
33,70400;-0,61427;-0,06832
33,71400;-0,61342;-0,06845
33,72400;-0,61257;-0,06826
33,73400;-0,61177;-0,06845
33,74400;-0,61092;-0,06832
33,75400;-0,61007;-0,06831
33,76400;-0,60928;-0,06820
33,77400;-0,60843;-0,06815
33,78400;-0,60764;-0,06819
33,79400;-0,60679;-0,06812
33,80400;-0,60588;-0,06815
33,81400;-0,60503;-0,06798
33,82400;-0,60418;-0,06815
33,83400;-0,60339;-0,06800
33,84400;-0,60254;-0,06803
33,85400;-0,60174;-0,06793
33,86400;-0,60095;-0,06801
33,87400;-0,60016;-0,06784
33,88400;-0,59931;-0,06780
33,89400;-0,59846;-0,06772
33,90400;-0,59761;-0,06771
33,91400;-0,59676;-0,06774
33,92400;-0,59596;-0,06764
33,93400;-0,59511;-0,06771
33,94400;-0,59426;-0,06747
33,95400;-0,59336;-0,06769
33,96400;-0,59251;-0,06746
33,97400;-0,59166;-0,06760
33,98400;-0,59086;-0,06736
33,99400;-0,59001;-0,06752
34,00400;-0,58916;-0,06729
34,01400;-0,58837;-0,06742
34,02400;-0,58758;-0,06734
34,03400;-0,58673;-0,06735
34,04400;-0,58588;-0,06723
34,05400;-0,58503;-0,06722
34,06400;-0,58418;-0,06708
34,07400;-0,58338;-0,06708
34,08400;-0,58253;-0,06718
34,09400;-0,58168;-0,06694
34,10400;-0,58083;-0,06709
34,11400;-0,58004;-0,06689
34,12400;-0,57925;-0,06712
34,13400;-0,57840;-0,06691
34,14400;-0,57755;-0,06701
34,15400;-0,57675;-0,06678
34,16400;-0,57596;-0,06686
34,17400;-0,57511;-0,06669
34,18400;-0,57426;-0,06661
34,19400;-0,57341;-0,06672
34,20400;-0,57256;-0,06651
34,21400;-0,57171;-0,06663
34,22400;-0,57080;-0,06646
34,23400;-0,57001;-0,06667
34,24400;-0,56916;-0,06648
34,25400;-0,56831;-0,06660
34,26400;-0,56746;-0,06628
34,27400;-0,56667;-0,06652
34,28400;-0,56582;-0,06637
34,29400;-0,56502;-0,06629
34,30400;-0,56417;-0,06614
34,31400;-0,56332;-0,06617
34,32400;-0,56242;-0,06626
34,33400;-0,56157;-0,06614
34,34400;-0,56077;-0,06625
34,35400;-0,55992;-0,06599
34,36400;-0,55913;-0,06622
34,37400;-0,55834;-0,06609
34,38400;-0,55749;-0,06609
34,39400;-0,55669;-0,06582
34,40400;-0,55584;-0,06600
34,41400;-0,55499;-0,06579
34,42400;-0,55420;-0,06594
34,43400;-0,55341;-0,06579
34,44400;-0,55256;-0,06576
34,45400;-0,55165;-0,06568
34,46400;-0,55086;-0,06567
34,47400;-0,55001;-0,06568
34,48400;-0,54916;-0,06555
34,49400;-0,54831;-0,06566
34,50400;-0,54746;-0,06546
34,51400;-0,54666;-0,06572
34,52400;-0,54587;-0,06541
34,53400;-0,54502;-0,06559
34,54400;-0,54423;-0,06533
34,55400;-0,54343;-0,06559
34,56400;-0,54258;-0,06523
34,57400;-0,54173;-0,06523
34,58400;-0,54083;-0,06520
34,59400;-0,53998;-0,06509
34,60400;-0,53913;-0,06521
34,61400;-0,53828;-0,06503
34,62400;-0,53743;-0,06524
34,63400;-0,53663;-0,06498
34,64400;-0,53578;-0,06522
34,65400;-0,53493;-0,06486
34,66400;-0,53414;-0,06499
34,67400;-0,53329;-0,06474
34,68400;-0,53244;-0,06495
34,69400;-0,53165;-0,06481
34,70400;-0,53080;-0,06477
34,71400;-0,52995;-0,06475
34,72400;-0,52910;-0,06454
34,73400;-0,52819;-0,06478
34,74400;-0,52734;-0,06448
34,75400;-0,52655;-0,06473
34,76400;-0,52570;-0,06437
34,77400;-0,52485;-0,06467
34,78400;-0,52405;-0,06437
34,79400;-0,52326;-0,06448
34,80400;-0,52247;-0,06423
34,81400;-0,52162;-0,06431
34,82400;-0,52077;-0,06425
34,83400;-0,51997;-0,06416
34,84400;-0,51912;-0,06422
34,85400;-0,51827;-0,06400
34,86400;-0,51742;-0,06424
34,87400;-0,51657;-0,06389
34,88400;-0,51578;-0,06415
34,89400;-0,51493;-0,06403
34,90400;-0,51414;-0,06397
34,91400;-0,51329;-0,06386
34,92400;-0,51244;-0,06391
34,93400;-0,51164;-0,06383
34,94400;-0,51085;-0,06382
34,95400;-0,51000;-0,06378
34,96400;-0,50921;-0,06355
34,97400;-0,50836;-0,06363
34,98400;-0,50751;-0,06349
34,99400;-0,50666;-0,06359
35,00400;-0,50586;-0,06340
35,01400;-0,50501;-0,06354
35,02400;-0,50416;-0,06341
35,03400;-0,50337;-0,06344
35,04400;-0,50258;-0,06333
35,05400;-0,50178;-0,06331
35,06400;-0,50093;-0,06336
35,07400;-0,50014;-0,06314
35,08400;-0,49929;-0,06322
35,09400;-0,49844;-0,06302
35,10400;-0,49759;-0,06321
35,11400;-0,49674;-0,06289
35,12400;-0,49589;-0,06316
35,13400;-0,49510;-0,06287
35,14400;-0,49425;-0,06303
35,15400;-0,49340;-0,06284
35,16400;-0,49255;-0,06292
35,17400;-0,49175;-0,06279
35,18400;-0,49090;-0,06278
35,19400;-0,49011;-0,06278
35,20400;-0,48926;-0,06263
35,21400;-0,48847;-0,06270
35,22400;-0,48767;-0,06242
35,23400;-0,48677;-0,06269
35,24400;-0,48592;-0,06225
35,25400;-0,48507;-0,06261
35,26400;-0,48422;-0,06220
35,27400;-0,48337;-0,06246
35,28400;-0,48257;-0,06225
35,29400;-0,48172;-0,06228
35,30400;-0,48087;-0,06217
35,31400;-0,48008;-0,06214
35,32400;-0,47923;-0,06226
35,33400;-0,47838;-0,06203
35,34400;-0,47759;-0,06222
35,35400;-0,47674;-0,06175
35,36400;-0,47589;-0,06216
35,37400;-0,47504;-0,06172
35,38400;-0,47419;-0,06200
35,39400;-0,47334;-0,06167
35,40400;-0,47243;-0,06185
35,41400;-0,47158;-0,06154
35,42400;-0,47073;-0,06174
35,43400;-0,46994;-0,06180
35,44400;-0,46909;-0,06154
35,45400;-0,46829;-0,06188
35,46400;-0,46744;-0,06136
35,47400;-0,46665;-0,06173
35,48400;-0,46580;-0,06115
35,49400;-0,46495;-0,06156
35,50400;-0,46410;-0,06102
35,51400;-0,46331;-0,06153
35,52400;-0,46246;-0,06112
35,53400;-0,46155;-0,06134
35,54400;-0,46076;-0,06121
35,55400;-0,45991;-0,06107
35,56400;-0,45906;-0,06123
35,57400;-0,45826;-0,06103
35,58400;-0,45747;-0,06120
35,59400;-0,45662;-0,06080
35,60400;-0,45577;-0,06116
35,61400;-0,45498;-0,06071
35,62400;-0,45413;-0,06110
35,63400;-0,45333;-0,06074
35,64400;-0,45248;-0,06089
35,65400;-0,45163;-0,06073
35,66400;-0,45084;-0,06072
35,67400;-0,44993;-0,06071
35,68400;-0,44914;-0,06052
35,69400;-0,44829;-0,06074
35,70400;-0,44750;-0,06041
35,71400;-0,44670;-0,06062
35,72400;-0,44591;-0,06030
35,73400;-0,44512;-0,06052
35,74400;-0,44427;-0,06033
35,75400;-0,44336;-0,06030
35,76400;-0,44251;-0,06021
35,77400;-0,44166;-0,06017
35,78400;-0,44087;-0,06025
35,79400;-0,44002;-0,06001
35,80400;-0,43922;-0,06028
35,81400;-0,43837;-0,05999
35,82400;-0,43752;-0,06016
35,83400;-0,43667;-0,05991
35,84400;-0,43582;-0,06013
35,85400;-0,43503;-0,05971
35,86400;-0,43418;-0,05997
35,87400;-0,43333;-0,05973
35,88400;-0,43248;-0,05987
35,89400;-0,43169;-0,05975
35,90400;-0,43084;-0,05972
35,91400;-0,42999;-0,05965
35,92400;-0,42914;-0,05947
35,93400;-0,42829;-0,05982
35,94400;-0,42744;-0,05931
35,95400;-0,42664;-0,05971
35,96400;-0,42579;-0,05935
35,97400;-0,42494;-0,05970
35,98400;-0,42415;-0,05935
35,99400;-0,42330;-0,05964
36,00400;-0,42245;-0,05919
36,01400;-0,42160;-0,05924
36,02400;-0,42075;-0,05923
36,03400;-0,41984;-0,05910
36,04400;-0,41905;-0,05934
36,05400;-0,41826;-0,05908
36,06400;-0,41746;-0,05940
36,07400;-0,41661;-0,05889
36,08400;-0,41576;-0,05918
36,09400;-0,41491;-0,05876
36,10400;-0,41412;-0,05908
36,11400;-0,41327;-0,05880
36,12400;-0,41242;-0,05888
36,13400;-0,41163;-0,05895
36,14400;-0,41078;-0,05887
36,15400;-0,40993;-0,05888
36,16400;-0,40908;-0,05871
36,17400;-0,40828;-0,05890
36,18400;-0,40749;-0,05858
36,19400;-0,40664;-0,05897
36,20400;-0,40579;-0,05850
36,21400;-0,40500;-0,05872
36,22400;-0,40415;-0,05851
36,23400;-0,40335;-0,05879
36,24400;-0,40250;-0,05847
36,25400;-0,40165;-0,05865
36,26400;-0,40080;-0,05848
36,27400;-0,39990;-0,05849
36,28400;-0,39910;-0,05863
36,29400;-0,39825;-0,05857
36,30400;-0,39740;-0,05864
36,31400;-0,39661;-0,05863
36,32400;-0,39576;-0,05896
36,33400;-0,39497;-0,05878
36,34400;-0,39412;-0,05982
36,35400;-0,39332;-0,06223
36,36400;-0,39247;-0,06405
36,37400;-0,39168;-0,06582
36,38400;-0,39083;-0,06643
36,39400;-0,39004;-0,06684
36,40400;-0,38919;-0,06666
36,41400;-0,38834;-0,06653
36,42400;-0,38754;-0,06636
36,43400;-0,38669;-0,06613
36,44400;-0,38584;-0,06601
36,45400;-0,38505;-0,06570
36,46400;-0,38420;-0,06578
36,47400;-0,38335;-0,06534
36,48400;-0,38256;-0,06550
36,49400;-0,38171;-0,06519
36,50400;-0,38086;-0,06523
36,51400;-0,38006;-0,06501
36,52400;-0,37916;-0,06501
36,53400;-0,37831;-0,06488
36,54400;-0,37746;-0,06475
36,55400;-0,37666;-0,06482
36,56400;-0,37581;-0,06449
36,57400;-0,37502;-0,06461
36,58400;-0,37423;-0,06433
36,59400;-0,37338;-0,06439
36,60400;-0,37253;-0,06400
36,61400;-0,37173;-0,06418
36,62400;-0,37088;-0,06388
36,63400;-0,37003;-0,06386
36,64400;-0,36918;-0,06379
36,65400;-0,36833;-0,06371
36,66400;-0,36748;-0,06362
36,67400;-0,36669;-0,06342
36,68400;-0,36584;-0,06343
36,69400;-0,36499;-0,06316
36,70400;-0,36414;-0,06316
36,71400;-0,36329;-0,06304
36,72400;-0,36250;-0,06295
36,73400;-0,36165;-0,06286
36,74400;-0,36080;-0,06274
36,75400;-0,36000;-0,06264
36,76400;-0,35915;-0,06255
36,77400;-0,35825;-0,06239
36,78400;-0,35740;-0,06222
36,79400;-0,35660;-0,06214
36,80400;-0,35575;-0,06211
36,81400;-0,35490;-0,06201
36,82400;-0,35405;-0,06188
36,83400;-0,35320;-0,06179
36,84400;-0,35241;-0,06182
36,85400;-0,35162;-0,06160
36,86400;-0,35077;-0,06150
36,87400;-0,34997;-0,06143
36,88400;-0,34912;-0,06114
36,89400;-0,34833;-0,06126
36,90400;-0,34748;-0,06103
36,91400;-0,34663;-0,06109
36,92400;-0,34578;-0,06069
36,93400;-0,34493;-0,06088
36,94400;-0,34408;-0,06056
36,95400;-0,34323;-0,06083
36,96400;-0,34244;-0,06038
36,97400;-0,34159;-0,06043
36,98400;-0,34079;-0,06027
36,99400;-0,34000;-0,06020
37,00400;-0,33921;-0,06023
37,01400;-0,33841;-0,05992
37,02400;-0,33756;-0,05993
37,03400;-0,33666;-0,05950
37,04400;-0,33581;-0,05985
37,05400;-0,33496;-0,05939
37,06400;-0,33416;-0,05958
37,07400;-0,33331;-0,05915
37,08400;-0,33246;-0,05931
37,09400;-0,33167;-0,05921
37,10400;-0,33088;-0,05909
37,11400;-0,33003;-0,05889
37,12400;-0,32918;-0,05867
37,13400;-0,32838;-0,05879
37,14400;-0,32753;-0,05848
37,15400;-0,32674;-0,05876
37,16400;-0,32589;-0,05815
37,17400;-0,32504;-0,05840
37,18400;-0,32413;-0,05806
37,19400;-0,32328;-0,05824
37,20400;-0,32243;-0,05780
37,21400;-0,32164;-0,05793
37,22400;-0,32079;-0,05759
37,23400;-0,32000;-0,05773
37,24400;-0,31920;-0,05758
37,25400;-0,31841;-0,05740
37,26400;-0,31762;-0,05743
37,27400;-0,31677;-0,05711
37,28400;-0,31592;-0,05715
37,29400;-0,31507;-0,05684
37,30400;-0,31422;-0,05690
37,31400;-0,31331;-0,05656
37,32400;-0,31246;-0,05680
37,33400;-0,31167;-0,05651
37,34400;-0,31082;-0,05659
37,35400;-0,30997;-0,05643
37,36400;-0,30917;-0,05634
37,37400;-0,30832;-0,05622
37,38400;-0,30747;-0,05593
37,39400;-0,30668;-0,05608
37,40400;-0,30589;-0,05587
37,41400;-0,30504;-0,05582
37,42400;-0,30419;-0,05547
37,43400;-0,30334;-0,05560
37,44400;-0,30249;-0,05527
37,45400;-0,30158;-0,05539
37,46400;-0,30073;-0,05528
37,47400;-0,29994;-0,05510
37,48400;-0,29909;-0,05517
37,49400;-0,29829;-0,05503
37,50400;-0,29750;-0,05493
37,51400;-0,29665;-0,05476
37,52400;-0,29586;-0,05469
37,53400;-0,29501;-0,05455
37,54400;-0,29421;-0,05458
37,55400;-0,29336;-0,05436
37,56400;-0,29251;-0,05421
37,57400;-0,29166;-0,05432
37,58400;-0,29081;-0,05422
37,59400;-0,28996;-0,05421
37,60400;-0,28911;-0,05420
37,61400;-0,28826;-0,05410
37,62400;-0,28741;-0,05429
37,63400;-0,28662;-0,05538
37,64400;-0,28577;-0,05766
37,65400;-0,28498;-0,05898
37,66400;-0,28418;-0,06037
37,67400;-0,28333;-0,06082
37,68400;-0,28254;-0,06084
37,69400;-0,28169;-0,06083
37,70400;-0,28084;-0,06027
37,71400;-0,27999;-0,06031
37,72400;-0,27914;-0,05971
37,73400;-0,27829;-0,05968
37,74400;-0,27750;-0,05928
37,75400;-0,27670;-0,05938
37,76400;-0,27585;-0,05897
37,77400;-0,27506;-0,05900
37,78400;-0,27427;-0,05874
37,79400;-0,27342;-0,05853
37,80400;-0,27262;-0,05845
37,81400;-0,27172;-0,05813
37,82400;-0,27087;-0,05811
37,83400;-0,27002;-0,05770
37,84400;-0,26922;-0,05777
37,85400;-0,26837;-0,05748
37,86400;-0,26747;-0,05752
37,87400;-0,26667;-0,05707
37,88400;-0,26582;-0,05720
37,89400;-0,26497;-0,05673
37,90400;-0,26418;-0,05683
37,91400;-0,26339;-0,05663
37,92400;-0,26259;-0,05636
37,93400;-0,26174;-0,05620
37,94400;-0,26095;-0,05593
37,95400;-0,26004;-0,05590
37,96400;-0,25919;-0,05558
37,97400;-0,25834;-0,05556
37,98400;-0,25755;-0,05528
37,99400;-0,25670;-0,05532
38,00400;-0,25585;-0,05492
38,01400;-0,25500;-0,05484
38,02400;-0,25421;-0,05470
38,03400;-0,25341;-0,05451
38,04400;-0,25256;-0,05444
38,05400;-0,25171;-0,05419
38,06400;-0,25086;-0,05405
38,07400;-0,25001;-0,05371
38,08400;-0,24916;-0,05384
38,09400;-0,24831;-0,05339
38,10400;-0,24752;-0,05348
38,11400;-0,24661;-0,05319
38,12400;-0,24582;-0,05301
38,13400;-0,24497;-0,05289
38,14400;-0,24412;-0,05276
38,15400;-0,24327;-0,05259
38,16400;-0,24248;-0,05241
38,17400;-0,24168;-0,05231
38,18400;-0,24083;-0,05202
38,19400;-0,24004;-0,05201
38,20400;-0,23919;-0,05184
38,21400;-0,23834;-0,05149
38,22400;-0,23749;-0,05144
38,23400;-0,23664;-0,05126
38,24400;-0,23585;-0,05115
38,25400;-0,23500;-0,05099
38,26400;-0,23415;-0,05098
38,27400;-0,23335;-0,05075
38,28400;-0,23250;-0,05070
38,29400;-0,23165;-0,05060
38,30400;-0,23086;-0,05040
38,31400;-0,23001;-0,05037
38,32400;-0,22916;-0,05018
38,33400;-0,22831;-0,05020
38,34400;-0,22752;-0,05035
38,35400;-0,22667;-0,05316
38,36400;-0,22582;-0,05546
38,37400;-0,22497;-0,05802
38,38400;-0,22417;-0,05890
38,39400;-0,22332;-0,05971
38,40400;-0,22247;-0,05932
38,41400;-0,22162;-0,05929
38,42400;-0,22083;-0,05865
38,43400;-0,22004;-0,05852
38,44400;-0,21924;-0,05804
38,45400;-0,21839;-0,05767
38,46400;-0,21760;-0,05745
38,47400;-0,21669;-0,05709
38,48400;-0,21584;-0,05697
38,49400;-0,21499;-0,05667
38,50400;-0,21420;-0,05665
38,51400;-0,21335;-0,05601
38,52400;-0,21256;-0,05609
38,53400;-0,21171;-0,05567
38,54400;-0,21086;-0,05555
38,55400;-0,21006;-0,05522
38,56400;-0,20921;-0,05504
38,57400;-0,20836;-0,05470
38,58400;-0,20757;-0,05457
38,59400;-0,20672;-0,05441
38,60400;-0,20587;-0,05396
38,61400;-0,20508;-0,05389
38,62400;-0,20423;-0,05364
38,63400;-0,20343;-0,05350
38,64400;-0,20258;-0,05313
38,65400;-0,20179;-0,05301
38,66400;-0,20094;-0,05266
38,67400;-0,20009;-0,05242
38,68400;-0,19924;-0,05213
38,69400;-0,19845;-0,05198
38,70400;-0,19760;-0,05165
38,71400;-0,19680;-0,05146
38,72400;-0,19590;-0,05115
38,73400;-0,19510;-0,05096
38,74400;-0,19425;-0,05074
38,75400;-0,19340;-0,05052
38,76400;-0,19255;-0,05023
38,77400;-0,19170;-0,05008
38,78400;-0,19085;-0,04971
38,79400;-0,19006;-0,04962
38,80400;-0,18921;-0,04938
38,81400;-0,18842;-0,04905
38,82400;-0,18757;-0,04885
38,83400;-0,18672;-0,04862
38,84400;-0,18592;-0,04838
38,85400;-0,18502;-0,04798
38,86400;-0,18417;-0,04785
38,87400;-0,18337;-0,04736
38,88400;-0,18252;-0,04740
38,89400;-0,18167;-0,04712
38,90400;-0,18082;-0,04688
38,91400;-0,17997;-0,04665
38,92400;-0,17918;-0,04633
38,93400;-0,17833;-0,04614
38,94400;-0,17748;-0,04581
38,95400;-0,17663;-0,04559
38,96400;-0,17584;-0,04521
38,97400;-0,17499;-0,04515
38,98400;-0,17414;-0,04466
38,99400;-0,17323;-0,04458
39,00400;-0,17238;-0,04432
39,01400;-0,17159;-0,04407
39,02400;-0,17074;-0,04371
39,03400;-0,16994;-0,04361
39,04400;-0,16915;-0,04339
39,05400;-0,16830;-0,04295
39,06400;-0,16751;-0,04287
39,07400;-0,16666;-0,04240
39,08400;-0,16586;-0,04243
39,09400;-0,16501;-0,04195
39,10400;-0,16422;-0,04195
39,11400;-0,16337;-0,04154
39,12400;-0,16258;-0,04144
39,13400;-0,16173;-0,04098
39,14400;-0,16093;-0,04094
39,15400;-0,16008;-0,04050
39,16400;-0,15923;-0,04026
39,17400;-0,15844;-0,04016
39,18400;-0,15753;-0,03985
39,19400;-0,15674;-0,03961
39,20400;-0,15595;-0,03943
39,21400;-0,15510;-0,03927
39,22400;-0,15430;-0,03878
39,23400;-0,15340;-0,03870
39,24400;-0,15255;-0,03823
39,25400;-0,15170;-0,03806
39,26400;-0,15090;-0,03777
39,27400;-0,15005;-0,03766
39,28400;-0,14920;-0,03743
39,29400;-0,14841;-0,03707
39,30400;-0,14762;-0,03711
39,31400;-0,14677;-0,03660
39,32400;-0,14597;-0,03643
39,33400;-0,14512;-0,03607
39,34400;-0,14427;-0,03594
39,35400;-0,14348;-0,03560
39,36400;-0,14263;-0,03549
39,37400;-0,14178;-0,03512
39,38400;-0,14093;-0,03488
39,39400;-0,14014;-0,03476
39,40400;-0,13923;-0,03436
39,41400;-0,13838;-0,03433
39,42400;-0,13759;-0,03391
39,43400;-0,13674;-0,03380
39,44400;-0,13589;-0,03343
39,45400;-0,13504;-0,03340
39,46400;-0,13424;-0,03299
39,47400;-0,13339;-0,03288
39,48400;-0,13260;-0,03255
39,49400;-0,13175;-0,03232
39,50400;-0,13090;-0,03214
39,51400;-0,12999;-0,03190
39,52400;-0,12920;-0,03174
39,53400;-0,12835;-0,03144
39,54400;-0,12750;-0,03141
39,55400;-0,12671;-0,03089
39,56400;-0,12586;-0,03090
39,57400;-0,12501;-0,03032
39,58400;-0,12421;-0,03043
39,59400;-0,12336;-0,02996
39,60400;-0,12251;-0,02992
39,61400;-0,12166;-0,02954
39,62400;-0,12087;-0,02952
39,63400;-0,11996;-0,02916
39,64400;-0,11911;-0,02896
39,65400;-0,11826;-0,02864
39,66400;-0,11741;-0,02840
39,67400;-0,11656;-0,02831
39,68400;-0,11577;-0,02788
39,69400;-0,11492;-0,02788
39,70400;-0,11413;-0,02746
39,71400;-0,11328;-0,02757
39,72400;-0,11248;-0,02708
39,73400;-0,11163;-0,02706
39,74400;-0,11078;-0,02662
39,75400;-0,10993;-0,02647
39,76400;-0,10908;-0,02608
39,77400;-0,10829;-0,02588
39,78400;-0,10744;-0,02580
39,79400;-0,10659;-0,02543
39,80400;-0,10580;-0,02551
39,81400;-0,10500;-0,02504
39,82400;-0,10415;-0,02498
39,83400;-0,10330;-0,02454
39,84400;-0,10245;-0,02447
39,85400;-0,10166;-0,02395
39,86400;-0,10081;-0,02397
39,87400;-0,10002;-0,02371
39,88400;-0,09917;-0,02352
39,89400;-0,09832;-0,02327
39,90400;-0,09747;-0,02300
39,91400;-0,09662;-0,02290
39,92400;-0,09571;-0,02258
39,93400;-0,09492;-0,02256
39,94400;-0,09407;-0,02207
39,95400;-0,09327;-0,02207
39,96400;-0,09242;-0,02161
39,97400;-0,09163;-0,02155
39,98400;-0,09084;-0,02121
39,99400;-0,08999;-0,02092
40,00400;-0,08919;-0,02075
40,01400;-0,08829;-0,02047
40,02400;-0,08744;-0,02038
40,03400;-0,08659;-0,02008
40,04400;-0,08574;-0,02007
40,05400;-0,08494;-0,01962
40,06400;-0,08409;-0,01957
40,07400;-0,08330;-0,01930
40,08400;-0,08245;-0,01919
40,09400;-0,08160;-0,01884
40,10400;-0,08081;-0,01867
40,11400;-0,07996;-0,01844
40,12400;-0,07911;-0,01819
40,13400;-0,07831;-0,01806
40,14400;-0,07746;-0,01769
40,15400;-0,07661;-0,01755
40,16400;-0,07576;-0,01732
40,17400;-0,07486;-0,01719
40,18400;-0,07406;-0,01691
40,19400;-0,07321;-0,01680
40,20400;-0,07242;-0,01666
40,21400;-0,07163;-0,01643
40,22400;-0,07078;-0,01615
40,23400;-0,06998;-0,01596
40,24400;-0,06919;-0,01573
40,25400;-0,06834;-0,01549
40,26400;-0,06755;-0,01525
40,27400;-0,06670;-0,01507
40,28400;-0,06585;-0,01486
40,29400;-0,06500;-0,01464
40,30400;-0,06415;-0,01442
40,31400;-0,06330;-0,01424
40,32400;-0,06245;-0,01410
40,33400;-0,06160;-0,01381
40,34400;-0,06075;-0,01378
40,35400;-0,05995;-0,01335
40,36400;-0,05910;-0,01320
40,37400;-0,05831;-0,01315
40,38400;-0,05752;-0,01292
40,39400;-0,05667;-0,01261
40,40400;-0,05587;-0,01240
40,41400;-0,05502;-0,01235
40,42400;-0,05412;-0,01200
40,43400;-0,05332;-0,01203
40,44400;-0,05247;-0,01169
40,45400;-0,05162;-0,01153
40,46400;-0,05077;-0,01135
40,47400;-0,04998;-0,01115
40,48400;-0,04913;-0,01106
40,49400;-0,04834;-0,01067
40,50400;-0,04749;-0,01060
40,51400;-0,04669;-0,01037
40,52400;-0,04584;-0,01025
40,53400;-0,04499;-0,01007
40,54400;-0,04414;-0,00985
40,55400;-0,04335;-0,00971
40,56400;-0,04244;-0,00947
40,57400;-0,04165;-0,00944
40,58400;-0,04080;-0,00914
40,59400;-0,03995;-0,00913
40,60400;-0,03910;-0,00873
40,61400;-0,03825;-0,00876
40,62400;-0,03746;-0,00846
40,63400;-0,03666;-0,00847
40,64400;-0,03581;-0,00817
40,65400;-0,03502;-0,00804
40,66400;-0,03417;-0,00789
40,67400;-0,03332;-0,00762
40,68400;-0,03247;-0,00746
40,69400;-0,03168;-0,00724
40,70400;-0,03083;-0,00723
40,71400;-0,02998;-0,00695
40,72400;-0,02913;-0,00694
40,73400;-0,02828;-0,00670
40,74400;-0,02748;-0,00668
40,75400;-0,02663;-0,00649
40,76400;-0,02584;-0,00634
40,77400;-0,02499;-0,00619
40,78400;-0,02414;-0,00606
40,79400;-0,02329;-0,00592
40,80400;-0,02244;-0,00586
40,81400;-0,02159;-0,00556
40,82400;-0,02074;-0,00558
40,83400;-0,01989;-0,00545
40,84400;-0,01904;-0,00534
40,85400;-0,01819;-0,00525
40,86400;-0,01740;-0,00501
40,87400;-0,01655;-0,00503
40,88400;-0,01575;-0,00497
40,89400;-0,01496;-0,00489
40,90400;-0,01417;-0,00469
40,91400;-0,01337;-0,00466
40,92400;-0,01252;-0,00459
40,93400;-0,01167;-0,00447
40,94400;-0,01082;-0,00447
40,95400;-0,00997;-0,00438
40,96400;-0,00918;-0,00431
40,97400;-0,00839;-0,00432
40,98400;-0,00754;-0,00426
40,99400;-0,00663;-0,00412
41,00400;-0,00584;-0,00400
41,01400;-0,00504;-0,00397
41,02400;-0,00419;-0,00389
41,03400;-0,00334;-0,00385
41,04400;-0,00249;-0,00382
41,05400;-0,00170;-0,00367
41,06400;-0,00085;-0,00356
41,07400;-0,00006;-0,00359
41,07600;0,00011;-0,00360
41,07800;0,00028;-0,00358
