Time;Extension;Load
(sec);(mm);(N)
0,00000;0,00000;-0,00145
0,00200;0,00000;-0,00132
0,00400;0,00000;-0,00119
0,01400;0,00000;-0,00154
0,02400;0,00000;-0,00119
0,03400;0,00000;-0,00151
0,04400;0,00000;-0,00113
0,05400;-0,00011;-0,00149
0,06400;-0,00011;-0,00118
0,07400;-0,00017;-0,00144
0,08400;-0,00023;-0,00127
0,09400;-0,00028;-0,00135
0,10400;-0,00051;-0,00151
0,11400;-0,00068;-0,00145
0,12400;-0,00096;-0,00173
0,13400;-0,00125;-0,00151
0,14400;-0,00153;-0,00183
0,15400;-0,00176;-0,00122
0,16400;-0,00204;-0,00167
0,17400;-0,00227;-0,00102
0,18400;-0,00255;-0,00147
0,19400;-0,00283;-0,00124
0,20400;-0,00306;-0,00144
0,21400;-0,00329;-0,00135
0,22400;-0,00351;-0,00143
0,23400;-0,00374;-0,00150
0,24400;-0,00391;-0,00122
0,25400;-0,00414;-0,00160
0,26400;-0,00431;-0,00106
0,27400;-0,00448;-0,00158
0,28400;-0,00465;-0,00116
0,29400;-0,00476;-0,00169
0,30400;-0,00493;-0,00128
0,31400;-0,00510;-0,00157
0,32400;-0,00527;-0,00137
0,33400;-0,00538;-0,00137
0,34400;-0,00555;-0,00154
0,35400;-0,00578;-0,00136
0,36400;-0,00595;-0,00163
0,37400;-0,00612;-0,00136
0,38400;-0,00629;-0,00177
0,39400;-0,00652;-0,00124
0,40400;-0,00669;-0,00168
0,41400;-0,00686;-0,00113
0,42400;-0,00697;-0,00155
0,43400;-0,00714;-0,00145
0,44400;-0,00731;-0,00144
0,45400;-0,00748;-0,00161
0,46400;-0,00759;-0,00135
0,47400;-0,00776;-0,00160
0,48400;-0,00793;-0,00134
0,49400;-0,00810;-0,00161
0,50400;-0,00827;-0,00123
0,51400;-0,00844;-0,00169
0,52400;-0,00861;-0,00129
0,53400;-0,00878;-0,00175
0,54400;-0,00895;-0,00141
0,55400;-0,00912;-0,00163
0,56400;-0,00929;-0,00150
0,57400;-0,00946;-0,00151
0,58400;-0,00963;-0,00148
0,59400;-0,00980;-0,00147
0,60400;-0,00997;-0,00163
0,61400;-0,01014;-0,00159
0,62400;-0,01031;-0,00168
0,63400;-0,01043;-0,00148
0,64400;-0,01060;-0,00170
0,65400;-0,01077;-0,00139
0,66400;-0,01094;-0,00171
0,67400;-0,01111;-0,00134
0,68400;-0,01128;-0,00161
0,69400;-0,01145;-0,00164
0,70400;-0,01162;-0,00181
0,71400;-0,01179;-0,00151
0,72400;-0,01196;-0,00169
0,73400;-0,01213;-0,00159
0,74400;-0,01230;-0,00145
0,75400;-0,01241;-0,00167
0,76400;-0,01258;-0,00151
0,77400;-0,01275;-0,00171
0,78400;-0,01292;-0,00163
0,79400;-0,01309;-0,00192
0,80400;-0,01326;-0,00156
0,81400;-0,01349;-0,00186
0,82400;-0,01366;-0,00166
0,83400;-0,01383;-0,00167
0,84400;-0,01400;-0,00169
0,85400;-0,01417;-0,00169
0,86400;-0,01434;-0,00163
0,87400;-0,01451;-0,00167
0,88400;-0,01468;-0,00177
0,89400;-0,01485;-0,00157
0,90400;-0,01502;-0,00179
0,91400;-0,01513;-0,00164
0,92400;-0,01530;-0,00165
0,93400;-0,01547;-0,00169
0,94400;-0,01564;-0,00177
0,95400;-0,01575;-0,00174
0,96400;-0,01592;-0,00180
0,97400;-0,01609;-0,00179
0,98400;-0,01626;-0,00172
0,99400;-0,01643;-0,00179
1,00400;-0,01660;-0,00176
1,01400;-0,01683;-0,00174
1,02400;-0,01700;-0,00174
1,03400;-0,01717;-0,00185
1,04400;-0,01734;-0,00172
1,05400;-0,01757;-0,00173
1,06400;-0,01774;-0,00173
1,07400;-0,01791;-0,00165
1,08400;-0,01808;-0,00172
1,09400;-0,01819;-0,00174
1,10400;-0,01836;-0,00181
1,11400;-0,01853;-0,00170
1,12400;-0,01870;-0,00191
1,13400;-0,01887;-0,00176
1,14400;-0,01904;-0,00190
1,15400;-0,01921;-0,00176
1,16400;-0,01938;-0,00176
1,17400;-0,01955;-0,00168
1,18400;-0,01972;-0,00185
1,19400;-0,01989;-0,00170
1,20400;-0,02006;-0,00180
1,21400;-0,02023;-0,00176
1,22400;-0,02040;-0,00180
1,23400;-0,02057;-0,00190
1,24400;-0,02074;-0,00176
1,25400;-0,02085;-0,00178
1,26400;-0,02102;-0,00170
1,27400;-0,02114;-0,00183
1,28400;-0,02131;-0,00177
1,29400;-0,02148;-0,00190
1,30400;-0,02165;-0,00169
1,31400;-0,02176;-0,00190
1,32400;-0,02193;-0,00182
1,33400;-0,02210;-0,00191
1,34400;-0,02227;-0,00186
1,35400;-0,02244;-0,00179
1,36400;-0,02261;-0,00197
1,37400;-0,02278;-0,00199
1,38400;-0,02295;-0,00193
1,39400;-0,02306;-0,00189
1,40400;-0,02323;-0,00178
1,41400;-0,02340;-0,00165
1,42400;-0,02357;-0,00196
1,43400;-0,02374;-0,00184
1,44400;-0,02391;-0,00199
1,45400;-0,02414;-0,00201
1,46400;-0,02431;-0,00210
1,47400;-0,02448;-0,00185
1,48400;-0,02465;-0,00205
1,49400;-0,02482;-0,00186
1,50400;-0,02499;-0,00196
1,51400;-0,02522;-0,00205
1,52400;-0,02539;-0,00202
1,53400;-0,02556;-0,00195
1,54400;-0,02573;-0,00197
1,55400;-0,02590;-0,00201
1,56400;-0,02601;-0,00176
1,57400;-0,02618;-0,00210
1,58400;-0,02635;-0,00175
1,59400;-0,02646;-0,00204
1,60400;-0,02663;-0,00191
1,61400;-0,02680;-0,00216
1,62400;-0,02697;-0,00195
1,63400;-0,02714;-0,00224
1,64400;-0,02737;-0,00194
1,65400;-0,02754;-0,00202
1,66400;-0,02771;-0,00204
1,67400;-0,02788;-0,00200
1,68400;-0,02805;-0,00206
1,69400;-0,02822;-0,00197
1,70400;-0,02839;-0,00207
1,71400;-0,02856;-0,00190
1,72400;-0,02873;-0,00210
1,73400;-0,02884;-0,00195
1,74400;-0,02901;-0,00211
1,75400;-0,02918;-0,00197
1,76400;-0,02930;-0,00220
1,77400;-0,02947;-0,00202
1,78400;-0,02964;-0,00221
1,79400;-0,02981;-0,00203
1,80400;-0,02998;-0,00211
1,81400;-0,03020;-0,00214
1,82400;-0,03032;-0,00205
1,83400;-0,03054;-0,00211
1,84400;-0,03071;-0,00205
1,85400;-0,03088;-0,00219
1,86400;-0,03105;-0,00204
1,87400;-0,03122;-0,00230
1,88400;-0,03139;-0,00196
1,89400;-0,03156;-0,00229
1,90400;-0,03173;-0,00204
1,91400;-0,03190;-0,00231
1,92400;-0,03207;-0,00203
1,93400;-0,03219;-0,00218
1,94400;-0,03236;-0,00220
1,95400;-0,03253;-0,00226
1,96400;-0,03270;-0,00218
1,97400;-0,03281;-0,00213
1,98400;-0,03298;-0,00226
1,99400;-0,03315;-0,00214
2,00400;-0,03332;-0,00234
2,01400;-0,03349;-0,00201
2,02400;-0,03372;-0,00226
2,03400;-0,03389;-0,00206
2,04400;-0,03400;-0,00226
2,05400;-0,03417;-0,00208
2,06400;-0,03428;-0,00223
2,07400;-0,03445;-0,00224
2,08400;-0,03462;-0,00218
2,09400;-0,03479;-0,00229
2,10400;-0,03496;-0,00215
2,11400;-0,03513;-0,00227
2,12400;-0,03530;-0,00214
2,13400;-0,03547;-0,00240
2,14400;-0,03564;-0,00209
2,15400;-0,03581;-0,00242
2,16400;-0,03598;-0,00218
2,17400;-0,03615;-0,00236
2,18400;-0,03632;-0,00223
2,19400;-0,03649;-0,00220
2,20400;-0,03661;-0,00211
2,21400;-0,03678;-0,00227
2,22400;-0,03695;-0,00227
2,23400;-0,03712;-0,00227
2,24400;-0,03723;-0,00233
2,25400;-0,03740;-0,00223
2,26400;-0,03757;-0,00229
2,27400;-0,03774;-0,00228
2,28400;-0,03791;-0,00225
2,29400;-0,03814;-0,00224
2,30400;-0,03831;-0,00227
2,31400;-0,03853;-0,00229
2,32400;-0,03870;-0,00237
2,33400;-0,03887;-0,00236
2,34400;-0,03904;-0,00219
2,35400;-0,03921;-0,00231
2,36400;-0,03938;-0,00217
2,37400;-0,03955;-0,00227
2,38400;-0,03967;-0,00230
2,39400;-0,03984;-0,00231
2,40400;-0,04001;-0,00233
2,41400;-0,04018;-0,00248
2,42400;-0,04035;-0,00239
2,43400;-0,04052;-0,00233
2,44400;-0,04069;-0,00240
2,45400;-0,04086;-0,00224
2,46400;-0,04103;-0,00245
2,47400;-0,04120;-0,00228
2,48400;-0,04137;-0,00244
2,49400;-0,04154;-0,00228
2,50400;-0,04171;-0,00243
2,51400;-0,04188;-0,00233
2,52400;-0,04205;-0,00241
2,53400;-0,04222;-0,00243
2,54400;-0,04239;-0,00236
2,55400;-0,04256;-0,00247
2,56400;-0,04267;-0,00240
2,57400;-0,04284;-0,00252
2,58400;-0,04301;-0,00231
2,59400;-0,04312;-0,00265
2,60400;-0,04329;-0,00234
2,61400;-0,04346;-0,00273
2,62400;-0,04358;-0,00240
2,63400;-0,04375;-0,00264
2,64400;-0,04397;-0,00243
2,65400;-0,04409;-0,00261
2,66400;-0,04431;-0,00243
2,67400;-0,04448;-0,00251
2,68400;-0,04460;-0,00249
2,69400;-0,04477;-0,00243
2,70400;-0,04494;-0,00256
2,71400;-0,04505;-0,00234
2,72400;-0,04522;-0,00271
2,73400;-0,04539;-0,00238
2,74400;-0,04562;-0,00270
2,75400;-0,04579;-0,00248
2,76400;-0,04596;-0,00267
2,77400;-0,04618;-0,00250
2,78400;-0,04635;-0,00253
2,79400;-0,04652;-0,00249
2,80400;-0,04669;-0,00254
2,81400;-0,04686;-0,00259
2,82400;-0,04703;-0,00249
2,83400;-0,04720;-0,00265
2,84400;-0,04737;-0,00253
2,85400;-0,04754;-0,00281
2,86400;-0,04771;-0,00253
2,87400;-0,04788;-0,00252
2,88400;-0,04800;-0,00254
2,89400;-0,04817;-0,00267
2,90400;-0,04834;-0,00259
2,91400;-0,04851;-0,00267
2,92400;-0,04868;-0,00265
2,93400;-0,04885;-0,00268
2,94400;-0,04902;-0,00283
2,95400;-0,04919;-0,00286
2,96400;-0,04936;-0,00265
2,97400;-0,04953;-0,00272
2,98400;-0,04970;-0,00293
2,99400;-0,04987;-0,00263
3,00400;-0,05004;-0,00278
3,01400;-0,05015;-0,00279
3,02400;-0,05032;-0,00253
3,03400;-0,05049;-0,00279
3,04400;-0,05066;-0,00292
3,05400;-0,05083;-0,00258
3,06400;-0,05100;-0,00279
3,07400;-0,05117;-0,00299
3,08400;-0,05134;-0,00265
3,09400;-0,05151;-0,00289
3,10400;-0,05168;-0,00281
3,11400;-0,05185;-0,00266
3,12400;-0,05202;-0,00286
3,13400;-0,05219;-0,00288
3,14400;-0,05236;-0,00271
3,15400;-0,05253;-0,00276
3,16400;-0,05270;-0,00288
3,17400;-0,05287;-0,00278
3,18400;-0,05304;-0,00298
3,19400;-0,05321;-0,00279
3,20400;-0,05338;-0,00290
3,21400;-0,05355;-0,00278
3,22400;-0,05372;-0,00296
3,23400;-0,05389;-0,00281
3,24400;-0,05400;-0,00287
3,25400;-0,05417;-0,00286
3,26400;-0,05434;-0,00302
3,27400;-0,05451;-0,00292
3,28400;-0,05468;-0,00306
3,29400;-0,05485;-0,00297
3,30400;-0,05502;-0,00292
3,31400;-0,05519;-0,00309
3,32400;-0,05531;-0,00289
3,33400;-0,05548;-0,00307
3,34400;-0,05559;-0,00284
3,35400;-0,05576;-0,00313
3,36400;-0,05587;-0,00290
3,37400;-0,05604;-0,00314
3,38400;-0,05621;-0,00293
3,39400;-0,05644;-0,00313
3,40400;-0,05661;-0,00297
3,41400;-0,05678;-0,00314
3,42400;-0,05695;-0,00304
3,43400;-0,05712;-0,00311
3,44400;-0,05729;-0,00316
3,45400;-0,05746;-0,00305
3,46400;-0,05763;-0,00323
3,47400;-0,05780;-0,00287
3,48400;-0,05797;-0,00300
3,49400;-0,05814;-0,00297
3,50400;-0,05831;-0,00311
3,51400;-0,05848;-0,00296
3,52400;-0,05865;-0,00346
3,53400;-0,05876;-0,00303
3,54400;-0,05893;-0,00311
3,55400;-0,05910;-0,00326
3,56400;-0,05927;-0,00310
3,57400;-0,05944;-0,00309
3,58400;-0,05961;-0,00319
3,59400;-0,05978;-0,00330
3,60400;-0,05995;-0,00310
3,61400;-0,06018;-0,00353
3,62400;-0,06035;-0,00314
3,63400;-0,06052;-0,00321
3,64400;-0,06069;-0,00320
3,65400;-0,06086;-0,00331
3,66400;-0,06097;-0,00308
3,67400;-0,06114;-0,00338
3,68400;-0,06131;-0,00318
3,69400;-0,06148;-0,00324
3,70400;-0,06165;-0,00336
3,71400;-0,06182;-0,00314
3,72400;-0,06205;-0,00334
3,73400;-0,06216;-0,00323
3,74400;-0,06239;-0,00339
3,75400;-0,06250;-0,00319
3,76400;-0,06267;-0,00343
3,77400;-0,06284;-0,00312
3,78400;-0,06301;-0,00351
3,79400;-0,06318;-0,00317
3,80400;-0,06335;-0,00339
3,81400;-0,06352;-0,00316
3,82400;-0,06369;-0,00333
3,83400;-0,06381;-0,00342
3,84400;-0,06398;-0,00323
3,85400;-0,06415;-0,00340
3,86400;-0,06432;-0,00314
3,87400;-0,06443;-0,00347
3,88400;-0,06460;-0,00315
3,89400;-0,06477;-0,00349
3,90400;-0,06488;-0,00316
3,91400;-0,06505;-0,00350
3,92400;-0,06522;-0,00331
3,93400;-0,06539;-0,00346
3,94400;-0,06562;-0,00332
3,95400;-0,06579;-0,00334
3,96400;-0,06596;-0,00337
3,97400;-0,06613;-0,00328
3,98400;-0,06624;-0,00343
3,99400;-0,06641;-0,00334
4,00400;-0,06658;-0,00350
4,01400;-0,06675;-0,00308
4,02400;-0,06692;-0,00361
4,03400;-0,06709;-0,00330
4,04400;-0,06726;-0,00343
4,05400;-0,06749;-0,00341
4,06400;-0,06766;-0,00373
4,07400;-0,06783;-0,00338
4,08400;-0,06800;-0,00339
4,09400;-0,06817;-0,00364
4,10400;-0,06834;-0,00335
4,11400;-0,06851;-0,00347
4,12400;-0,06868;-0,00359
4,13400;-0,06891;-0,00335
4,14400;-0,06902;-0,00319
4,15400;-0,06919;-0,00374
4,16400;-0,06936;-0,00321
4,17400;-0,06953;-0,00347
4,18400;-0,06964;-0,00355
4,19400;-0,06981;-0,00341
4,20400;-0,06998;-0,00338
4,21400;-0,07015;-0,00371
4,22400;-0,07032;-0,00338
4,23400;-0,07049;-0,00348
4,24400;-0,07072;-0,00371
4,25400;-0,07089;-0,00347
4,26400;-0,07106;-0,00366
4,27400;-0,07123;-0,00355
4,28400;-0,07140;-0,00355
4,29400;-0,07157;-0,00347
4,30400;-0,07168;-0,00370
4,31400;-0,07185;-0,00345
4,32400;-0,07202;-0,00367
4,33400;-0,07219;-0,00363
4,34400;-0,07236;-0,00362
4,35400;-0,07253;-0,00367
4,36400;-0,07270;-0,00363
4,37400;-0,07287;-0,00371
4,38400;-0,07304;-0,00359
4,39400;-0,07321;-0,00371
4,40400;-0,07338;-0,00359
4,41400;-0,07355;-0,00365
4,42400;-0,07372;-0,00369
4,43400;-0,07389;-0,00368
4,44400;-0,07406;-0,00365
4,45400;-0,07423;-0,00371
4,46400;-0,07440;-0,00374
4,47400;-0,07457;-0,00357
4,48400;-0,07474;-0,00374
4,49400;-0,07491;-0,00362
4,50400;-0,07503;-0,00376
4,51400;-0,07520;-0,00380
4,52400;-0,07537;-0,00384
4,53400;-0,07548;-0,00365
4,54400;-0,07565;-0,00390
4,55400;-0,07582;-0,00384
4,56400;-0,07599;-0,00370
4,57400;-0,07616;-0,00391
4,58400;-0,07633;-0,00380
4,59400;-0,07644;-0,00384
4,60400;-0,07661;-0,00387
4,61400;-0,07678;-0,00395
4,62400;-0,07695;-0,00374
4,63400;-0,07707;-0,00389
4,64400;-0,07724;-0,00385
4,65400;-0,07735;-0,00378
4,66400;-0,07758;-0,00395
4,67400;-0,07775;-0,00392
4,68400;-0,07792;-0,00387
4,69400;-0,07809;-0,00391
4,70400;-0,07826;-0,00398
4,71400;-0,07843;-0,00378
4,72400;-0,07865;-0,00402
4,73400;-0,07882;-0,00389
4,74400;-0,07894;-0,00401
4,75400;-0,07916;-0,00396
4,76400;-0,07928;-0,00407
4,77400;-0,07945;-0,00381
4,78400;-0,07962;-0,00407
4,79400;-0,07979;-0,00399
4,80400;-0,07996;-0,00391
4,81400;-0,08013;-0,00400
4,82400;-0,08030;-0,00407
4,83400;-0,08041;-0,00410
4,84400;-0,08058;-0,00397
4,85400;-0,08075;-0,00416
4,86400;-0,08092;-0,00395
4,87400;-0,08115;-0,00423
4,88400;-0,08132;-0,00398
4,89400;-0,08149;-0,00422
4,90400;-0,08166;-0,00400
4,91400;-0,08188;-0,00425
4,92400;-0,08200;-0,00414
4,93400;-0,08217;-0,00409
4,94400;-0,08234;-0,00408
4,95400;-0,08251;-0,00409
4,96400;-0,08268;-0,00419
4,97400;-0,08285;-0,00420
4,98400;-0,08302;-0,00424
4,99400;-0,08324;-0,00404
5,00400;-0,08341;-0,00434
5,01400;-0,08358;-0,00408
5,02400;-0,08375;-0,00445
5,03400;-0,08392;-0,00412
5,04400;-0,08409;-0,00435
5,05400;-0,08426;-0,00430
5,06400;-0,08438;-0,00448
5,07400;-0,08455;-0,00406
5,08400;-0,08472;-0,00427
5,09400;-0,08489;-0,00436
5,10400;-0,08506;-0,00412
5,11400;-0,08523;-0,00448
5,12400;-0,08540;-0,00427
5,13400;-0,08551;-0,00448
5,14400;-0,08568;-0,00415
5,15400;-0,08585;-0,00461
5,16400;-0,08596;-0,00433
5,17400;-0,08613;-0,00449
5,18400;-0,08630;-0,00428
5,19400;-0,08647;-0,00450
5,20400;-0,08664;-0,00426
5,21400;-0,08681;-0,00456
5,22400;-0,08698;-0,00456
5,23400;-0,08715;-0,00437
5,24400;-0,08732;-0,00458
5,25400;-0,08749;-0,00445
5,26400;-0,08766;-0,00449
5,27400;-0,08783;-0,00436
5,28400;-0,08795;-0,00455
5,29400;-0,08812;-0,00418
5,30400;-0,08829;-0,00464
5,31400;-0,08846;-0,00456
5,32400;-0,08863;-0,00461
5,33400;-0,08880;-0,00463
5,34400;-0,08897;-0,00456
5,35400;-0,08914;-0,00453
5,36400;-0,08931;-0,00461
5,37400;-0,08948;-0,00464
5,38400;-0,08965;-0,00434
5,39400;-0,08982;-0,00472
5,40400;-0,08999;-0,00455
5,41400;-0,09016;-0,00470
5,42400;-0,09033;-0,00455
5,43400;-0,09050;-0,00463
5,44400;-0,09067;-0,00454
5,45400;-0,09084;-0,00465
5,46400;-0,09101;-0,00463
5,47400;-0,09118;-0,00451
5,48400;-0,09129;-0,00470
5,49400;-0,09146;-0,00470
5,50400;-0,09163;-0,00471
5,51400;-0,09174;-0,00459
5,52400;-0,09197;-0,00480
5,53400;-0,09214;-0,00450
5,54400;-0,09231;-0,00485
5,55400;-0,09248;-0,00471
5,56400;-0,09265;-0,00473
5,57400;-0,09282;-0,00472
5,58400;-0,09299;-0,00485
5,59400;-0,09316;-0,00469
5,60400;-0,09327;-0,00477
5,61400;-0,09344;-0,00465
5,62400;-0,09361;-0,00463
5,63400;-0,09384;-0,00489
5,64400;-0,09401;-0,00464
5,65400;-0,09418;-0,00490
5,66400;-0,09435;-0,00459
5,67400;-0,09452;-0,00503
5,68400;-0,09469;-0,00480
5,69400;-0,09486;-0,00502
5,70400;-0,09503;-0,00480
5,71400;-0,09526;-0,00492
5,72400;-0,09543;-0,00472
5,73400;-0,09560;-0,00487
5,74400;-0,09571;-0,00490
5,75400;-0,09588;-0,00467
5,76400;-0,09605;-0,00505
5,77400;-0,09622;-0,00470
5,78400;-0,09639;-0,00510
5,79400;-0,09650;-0,00478
5,80400;-0,09667;-0,00503
5,81400;-0,09684;-0,00474
5,82400;-0,09701;-0,00509
5,83400;-0,09713;-0,00490
5,84400;-0,09730;-0,00501
5,85400;-0,09747;-0,00500
5,86400;-0,09764;-0,00503
5,87400;-0,09781;-0,00504
5,88400;-0,09798;-0,00500
5,89400;-0,09815;-0,00517
5,90400;-0,09832;-0,00477
5,91400;-0,09843;-0,00521
5,92400;-0,09860;-0,00494
5,93400;-0,09877;-0,00503
5,94400;-0,09888;-0,00515
5,95400;-0,09905;-0,00511
5,96400;-0,09922;-0,00493
5,97400;-0,09939;-0,00520
5,98400;-0,09956;-0,00502
5,99400;-0,09973;-0,00505
6,00400;-0,09996;-0,00515
6,01400;-0,10013;-0,00506
6,02400;-0,10030;-0,00514
6,03400;-0,10047;-0,00515
6,04400;-0,10064;-0,00519
6,05400;-0,10081;-0,00501
6,06400;-0,10098;-0,00518
6,07400;-0,10115;-0,00502
6,08400;-0,10132;-0,00518
6,09400;-0,10149;-0,00511
6,10400;-0,10166;-0,00526
6,11400;-0,10183;-0,00513
6,12400;-0,10200;-0,00537
6,13400;-0,10217;-0,00516
6,14400;-0,10228;-0,00513
6,15400;-0,10245;-0,00526
6,16400;-0,10268;-0,00499
6,17400;-0,10285;-0,00539
6,18400;-0,10302;-0,00512
6,19400;-0,10319;-0,00523
6,20400;-0,10342;-0,00525
6,21400;-0,10359;-0,00559
6,22400;-0,10376;-0,00510
6,23400;-0,10387;-0,00553
6,24400;-0,10404;-0,00523
6,25400;-0,10421;-0,00516
6,26400;-0,10438;-0,00538
6,27400;-0,10455;-0,00529
6,28400;-0,10472;-0,00537
6,29400;-0,10489;-0,00532
6,30400;-0,10506;-0,00566
6,31400;-0,10523;-0,00518
6,32400;-0,10540;-0,00554
6,33400;-0,10557;-0,00525
6,34400;-0,10574;-0,00541
6,35400;-0,10591;-0,00538
6,36400;-0,10608;-0,00556
6,37400;-0,10625;-0,00532
6,38400;-0,10636;-0,00548
6,39400;-0,10653;-0,00550
6,40400;-0,10670;-0,00533
6,41400;-0,10687;-0,00553
6,42400;-0,10704;-0,00540
6,43400;-0,10721;-0,00556
6,44400;-0,10733;-0,00536
6,45400;-0,10750;-0,00558
6,46400;-0,10767;-0,00540
6,47400;-0,10784;-0,00553
6,48400;-0,10801;-0,00556
6,49400;-0,10818;-0,00557
6,50400;-0,10835;-0,00558
6,51400;-0,10852;-0,00559
6,52400;-0,10869;-0,00567
6,53400;-0,10886;-0,00550
6,54400;-0,10903;-0,00574
6,55400;-0,10920;-0,00555
6,56400;-0,10937;-0,00557
6,57400;-0,10954;-0,00559
6,58400;-0,10965;-0,00564
6,59400;-0,10982;-0,00557
6,60400;-0,10993;-0,00566
6,61400;-0,11010;-0,00572
6,62400;-0,11027;-0,00570
6,63400;-0,11050;-0,00587
6,64400;-0,11067;-0,00560
6,65400;-0,11084;-0,00577
6,66400;-0,11101;-0,00560
6,67400;-0,11118;-0,00579
6,68400;-0,11135;-0,00567
6,69400;-0,11152;-0,00583
6,70400;-0,11163;-0,00562
6,71400;-0,11180;-0,00593
6,72400;-0,11197;-0,00577
6,73400;-0,11214;-0,00578
6,74400;-0,11231;-0,00571
6,75400;-0,11243;-0,00573
6,76400;-0,11260;-0,00578
6,77400;-0,11277;-0,00576
6,78400;-0,11294;-0,00588
6,79400;-0,11305;-0,00576
6,80400;-0,11328;-0,00584
6,81400;-0,11345;-0,00579
6,82400;-0,11362;-0,00591
6,83400;-0,11379;-0,00575
6,84400;-0,11396;-0,00592
6,85400;-0,11418;-0,00573
6,86400;-0,11435;-0,00596
6,87400;-0,11452;-0,00586
6,88400;-0,11469;-0,00591
6,89400;-0,11481;-0,00597
6,90400;-0,11498;-0,00590
6,91400;-0,11515;-0,00602
6,92400;-0,11532;-0,00594
6,93400;-0,11549;-0,00612
6,94400;-0,11571;-0,00597
6,95400;-0,11588;-0,00602
6,96400;-0,11605;-0,00598
6,97400;-0,11622;-0,00609
6,98400;-0,11639;-0,00591
6,99400;-0,11662;-0,00608
7,00400;-0,11679;-0,00597
7,01400;-0,11696;-0,00605
7,02400;-0,11707;-0,00622
7,03400;-0,11724;-0,00601
7,04400;-0,11741;-0,00618
7,05400;-0,11758;-0,00621
7,06400;-0,11770;-0,00615
7,07400;-0,11787;-0,00618
7,08400;-0,11798;-0,00617
7,09400;-0,11815;-0,00610
7,10400;-0,11832;-0,00624
7,11400;-0,11849;-0,00622
7,12400;-0,11866;-0,00622
7,13400;-0,11877;-0,00615
7,14400;-0,11894;-0,00621
7,15400;-0,11911;-0,00616
7,16400;-0,11928;-0,00629
7,17400;-0,11945;-0,00627
7,18400;-0,11962;-0,00627
7,19400;-0,11979;-0,00625
7,20400;-0,11996;-0,00640
7,21400;-0,12013;-0,00632
7,22400;-0,12025;-0,00631
7,23400;-0,12036;-0,00633
7,24400;-0,12053;-0,00629
7,25400;-0,12070;-0,00653
7,26400;-0,12087;-0,00637
7,27400;-0,12104;-0,00648
7,28400;-0,12121;-0,00637
7,29400;-0,12138;-0,00659
7,30400;-0,12155;-0,00646
7,31400;-0,12178;-0,00656
7,32400;-0,12195;-0,00641
7,33400;-0,12212;-0,00658
7,34400;-0,12234;-0,00655
7,35400;-0,12246;-0,00651
7,36400;-0,12268;-0,00654
7,37400;-0,12285;-0,00650
7,38400;-0,12302;-0,00661
7,39400;-0,12314;-0,00658
7,40400;-0,12331;-0,00669
7,41400;-0,12348;-0,00645
7,42400;-0,12359;-0,00678
7,43400;-0,12376;-0,00664
7,44400;-0,12393;-0,00666
7,45400;-0,12410;-0,00668
7,46400;-0,12433;-0,00672
7,47400;-0,12450;-0,00659
7,48400;-0,12467;-0,00675
7,49400;-0,12484;-0,00671
7,50400;-0,12506;-0,00664
7,51400;-0,12523;-0,00677
7,52400;-0,12535;-0,00676
7,53400;-0,12552;-0,00668
7,54400;-0,12569;-0,00676
7,55400;-0,12586;-0,00678
7,56400;-0,12603;-0,00673
7,57400;-0,12620;-0,00688
7,58400;-0,12637;-0,00676
7,59400;-0,12659;-0,00688
7,60400;-0,12676;-0,00678
7,61400;-0,12693;-0,00693
7,62400;-0,12710;-0,00667
7,63400;-0,12727;-0,00693
7,64400;-0,12744;-0,00672
7,65400;-0,12761;-0,00688
7,66400;-0,12773;-0,00667
7,67400;-0,12790;-0,00690
7,68400;-0,12807;-0,00685
7,69400;-0,12824;-0,00681
7,70400;-0,12841;-0,00698
7,71400;-0,12852;-0,00667
7,72400;-0,12869;-0,00699
7,73400;-0,12886;-0,00680
7,74400;-0,12903;-0,00686
7,75400;-0,12914;-0,00676
7,76400;-0,12931;-0,00695
7,77400;-0,12948;-0,00679
7,78400;-0,12965;-0,00691
7,79400;-0,12982;-0,00699
7,80400;-0,12999;-0,00675
7,81400;-0,13022;-0,00695
7,82400;-0,13039;-0,00696
7,83400;-0,13056;-0,00706
7,84400;-0,13073;-0,00692
7,85400;-0,13084;-0,00706
7,86400;-0,13101;-0,00687
7,87400;-0,13118;-0,00696
7,88400;-0,13130;-0,00703
7,89400;-0,13147;-0,00688
7,90400;-0,13164;-0,00700
7,91400;-0,13181;-0,00709
7,92400;-0,13198;-0,00699
7,93400;-0,13215;-0,00714
7,94400;-0,13232;-0,00717
7,95400;-0,13249;-0,00705
7,96400;-0,13266;-0,00697
7,97400;-0,13283;-0,00714
7,98400;-0,13294;-0,00692
7,99400;-0,13311;-0,00702
8,00400;-0,13328;-0,00704
8,01400;-0,13345;-0,00701
8,02400;-0,13362;-0,00718
8,03400;-0,13379;-0,00723
8,04400;-0,13396;-0,00695
8,05400;-0,13407;-0,00713
8,06400;-0,13424;-0,00702
8,07400;-0,13441;-0,00706
8,08400;-0,13453;-0,00728
8,09400;-0,13470;-0,00725
8,10400;-0,13492;-0,00713
8,11400;-0,13509;-0,00734
8,12400;-0,13526;-0,00723
8,13400;-0,13549;-0,00707
8,14400;-0,13566;-0,00724
8,15400;-0,13583;-0,00709
8,16400;-0,13600;-0,00732
8,17400;-0,13617;-0,00729
8,18400;-0,13628;-0,00740
8,19400;-0,13645;-0,00717
8,20400;-0,13662;-0,00739
8,21400;-0,13679;-0,00725
8,22400;-0,13696;-0,00729
8,23400;-0,13719;-0,00727
8,24400;-0,13736;-0,00739
8,25400;-0,13753;-0,00731
8,26400;-0,13770;-0,00748
8,27400;-0,13787;-0,00759
8,28400;-0,13804;-0,00723
8,29400;-0,13821;-0,00742
8,30400;-0,13838;-0,00727
8,31400;-0,13855;-0,00740
8,32400;-0,13872;-0,00727
8,33400;-0,13889;-0,00755
8,34400;-0,13906;-0,00738
8,35400;-0,13923;-0,00766
8,36400;-0,13934;-0,00751
8,37400;-0,13951;-0,00741
8,38400;-0,13968;-0,00758
8,39400;-0,13980;-0,00752
8,40400;-0,13997;-0,00776
8,41400;-0,14014;-0,00765
8,42400;-0,14031;-0,00783
8,43400;-0,14048;-0,00761
8,44400;-0,14065;-0,00789
8,45400;-0,14082;-0,00750
8,46400;-0,14099;-0,00775
8,47400;-0,14116;-0,00750
8,48400;-0,14133;-0,00782
8,49400;-0,14150;-0,00777
8,50400;-0,14161;-0,00776
8,51400;-0,14178;-0,00790
8,52400;-0,14189;-0,00768
8,53400;-0,14206;-0,00778
8,54400;-0,14223;-0,00775
8,55400;-0,14240;-0,00792
8,56400;-0,14257;-0,00763
8,57400;-0,14274;-0,00806
8,58400;-0,14291;-0,00769
8,59400;-0,14314;-0,00795
8,60400;-0,14331;-0,00779
8,61400;-0,14348;-0,00800
8,62400;-0,14365;-0,00781
8,63400;-0,14382;-0,00788
8,64400;-0,14399;-0,00791
8,65400;-0,14416;-0,00786
8,66400;-0,14433;-0,00799
8,67400;-0,14450;-0,00785
8,68400;-0,14467;-0,00806
8,69400;-0,14484;-0,00795
8,70400;-0,14501;-0,00806
8,71400;-0,14518;-0,00781
8,72400;-0,14535;-0,00815
8,73400;-0,14546;-0,00800
8,74400;-0,14563;-0,00819
8,75400;-0,14580;-0,00800
8,76400;-0,14597;-0,00806
8,77400;-0,14620;-0,00812
8,78400;-0,14637;-0,00814
8,79400;-0,14654;-0,00795
8,80400;-0,14671;-0,00798
8,81400;-0,14688;-0,00818
8,82400;-0,14705;-0,00804
8,83400;-0,14716;-0,00827
8,84400;-0,14733;-0,00789
8,85400;-0,14750;-0,00816
8,86400;-0,14767;-0,00803
8,87400;-0,14779;-0,00829
8,88400;-0,14801;-0,00808
8,89400;-0,14818;-0,00804
8,90400;-0,14835;-0,00812
8,91400;-0,14852;-0,00813
8,92400;-0,14869;-0,00836
8,93400;-0,14886;-0,00800
8,94400;-0,14903;-0,00825
8,95400;-0,14920;-0,00800
8,96400;-0,14937;-0,00848
8,97400;-0,14954;-0,00812
8,98400;-0,14971;-0,00836
8,99400;-0,14988;-0,00812
9,00400;-0,15005;-0,00836
9,01400;-0,15017;-0,00838
9,02400;-0,15034;-0,00833
9,03400;-0,15051;-0,00836
9,04400;-0,15068;-0,00821
9,05400;-0,15085;-0,00847
9,06400;-0,15102;-0,00829
9,07400;-0,15119;-0,00850
9,08400;-0,15136;-0,00828
9,09400;-0,15153;-0,00855
9,10400;-0,15170;-0,00840
9,11400;-0,15187;-0,00858
9,12400;-0,15204;-0,00844
9,13400;-0,15221;-0,00842
9,14400;-0,15238;-0,00846
9,15400;-0,15249;-0,00845
9,16400;-0,15266;-0,00842
9,17400;-0,15277;-0,00847
9,18400;-0,15294;-0,00853
9,19400;-0,15311;-0,00843
9,20400;-0,15328;-0,00869
9,21400;-0,15345;-0,00856
9,22400;-0,15362;-0,00862
9,23400;-0,15379;-0,00854
9,24400;-0,15396;-0,00864
9,25400;-0,15413;-0,00855
9,26400;-0,15430;-0,00869
9,27400;-0,15447;-0,00860
9,28400;-0,15464;-0,00853
9,29400;-0,15481;-0,00872
9,30400;-0,15498;-0,00861
9,31400;-0,15515;-0,00878
9,32400;-0,15532;-0,00859
9,33400;-0,15549;-0,00885
9,34400;-0,15561;-0,00856
9,35400;-0,15578;-0,00883
9,36400;-0,15595;-0,00864
9,37400;-0,15606;-0,00871
9,38400;-0,15623;-0,00876
9,39400;-0,15640;-0,00877
9,40400;-0,15657;-0,00893
9,41400;-0,15680;-0,00877
9,42400;-0,15697;-0,00905
9,43400;-0,15714;-0,00864
9,44400;-0,15736;-0,00902
9,45400;-0,15753;-0,00876
9,46400;-0,15770;-0,00900
9,47400;-0,15787;-0,00881
9,48400;-0,15804;-0,00908
9,49400;-0,15821;-0,00887
9,50400;-0,15838;-0,00902
9,51400;-0,15855;-0,00909
9,52400;-0,15872;-0,00897
9,53400;-0,15889;-0,00918
9,54400;-0,15906;-0,00897
9,55400;-0,15923;-0,00919
9,56400;-0,15940;-0,00886
9,57400;-0,15957;-0,00928
9,58400;-0,15974;-0,00886
9,59400;-0,15991;-0,00929
9,60400;-0,16008;-0,00899
9,61400;-0,16025;-0,00924
9,62400;-0,16042;-0,00903
9,63400;-0,16059;-0,00924
9,64400;-0,16071;-0,00913
9,65400;-0,16088;-0,00909
9,66400;-0,16105;-0,00931
9,67400;-0,16122;-0,00908
9,68400;-0,16133;-0,00945
9,69400;-0,16144;-0,00904
9,70400;-0,16161;-0,00941
9,71400;-0,16178;-0,00911
9,72400;-0,16195;-0,00954
9,73400;-0,16212;-0,00917
9,74400;-0,16229;-0,00946
9,75400;-0,16246;-0,00922
9,76400;-0,16263;-0,00947
9,77400;-0,16280;-0,00941
9,78400;-0,16297;-0,00934
9,79400;-0,16314;-0,00946
9,80400;-0,16326;-0,00922
9,81400;-0,16343;-0,00966
9,82400;-0,16354;-0,00927
9,83400;-0,16371;-0,00963
9,84400;-0,16388;-0,00926
9,85400;-0,16405;-0,00978
9,86400;-0,16422;-0,00942
9,87400;-0,16445;-0,00975
9,88400;-0,16462;-0,00944
9,89400;-0,16479;-0,00969
9,90400;-0,16496;-0,00964
9,91400;-0,16518;-0,00959
9,92400;-0,16535;-0,00976
9,93400;-0,16552;-0,00945
9,94400;-0,16569;-0,00983
9,95400;-0,16586;-0,00948
9,96400;-0,16603;-0,00993
9,97400;-0,16620;-0,00947
9,98400;-0,16637;-0,00993
9,99400;-0,16654;-0,00951
10,00400;-0,16671;-0,00988
10,01400;-0,16683;-0,00961
10,02400;-0,16700;-0,00988
10,03400;-0,16717;-0,00983
10,04400;-0,16734;-0,00977
10,05400;-0,16751;-0,01005
10,06400;-0,16768;-0,00988
10,07400;-0,16785;-0,01017
10,08400;-0,16802;-0,00966
10,09400;-0,16819;-0,01011
10,10400;-0,16836;-0,00971
10,11400;-0,16853;-0,01006
10,12400;-0,16870;-0,00974
10,13400;-0,16881;-0,00995
10,14400;-0,16898;-0,00982
10,15400;-0,16915;-0,00998
10,16400;-0,16932;-0,01003
10,17400;-0,16949;-0,00994
10,18400;-0,16966;-0,01013
10,19400;-0,16983;-0,00986
10,20400;-0,17000;-0,01024
10,21400;-0,17017;-0,00990
10,22400;-0,17034;-0,01024
10,23400;-0,17051;-0,00992
10,24400;-0,17068;-0,01027
10,25400;-0,17091;-0,00987
10,26400;-0,17102;-0,01015
10,27400;-0,17119;-0,01004
10,28400;-0,17142;-0,01014
10,29400;-0,17153;-0,01019
10,30400;-0,17170;-0,01015
10,31400;-0,17187;-0,01029
10,32400;-0,17204;-0,01004
10,33400;-0,17221;-0,01043
10,34400;-0,17232;-0,00999
10,35400;-0,17249;-0,01050
10,36400;-0,17266;-0,01011
10,37400;-0,17283;-0,01050
10,38400;-0,17300;-0,01019
10,39400;-0,17317;-0,01041
10,40400;-0,17334;-0,01038
10,41400;-0,17351;-0,01032
10,42400;-0,17368;-0,01042
10,43400;-0,17385;-0,01020
10,44400;-0,17397;-0,01046
10,45400;-0,17414;-0,01017
10,46400;-0,17425;-0,01058
10,47400;-0,17442;-0,01018
10,48400;-0,17459;-0,01064
10,49400;-0,17476;-0,01029
10,50400;-0,17493;-0,01066
10,51400;-0,17510;-0,01038
10,52400;-0,17527;-0,01061
10,53400;-0,17544;-0,01048
10,54400;-0,17561;-0,01052
10,55400;-0,17578;-0,01051
10,56400;-0,17595;-0,01045
10,57400;-0,17612;-0,01071
10,58400;-0,17629;-0,01043
10,59400;-0,17646;-0,01080
10,60400;-0,17663;-0,01051
10,61400;-0,17680;-0,01078
10,62400;-0,17697;-0,01054
10,63400;-0,17714;-0,01084
10,64400;-0,17725;-0,01054
10,65400;-0,17742;-0,01078
10,66400;-0,17754;-0,01074
10,67400;-0,17771;-0,01064
10,68400;-0,17788;-0,01084
10,69400;-0,17805;-0,01055
10,70400;-0,17822;-0,01087
10,71400;-0,17844;-0,01079
10,72400;-0,17861;-0,01097
10,73400;-0,17878;-0,01073
10,74400;-0,17901;-0,01108
10,75400;-0,17918;-0,01063
10,76400;-0,17935;-0,01104
10,77400;-0,17952;-0,01082
10,78400;-0,17969;-0,01081
10,79400;-0,17986;-0,01093
10,80400;-0,17997;-0,01090
10,81400;-0,18014;-0,01103
10,82400;-0,18031;-0,01097
10,83400;-0,18054;-0,01114
10,84400;-0,18071;-0,01092
10,85400;-0,18088;-0,01118
10,86400;-0,18105;-0,01091
10,87400;-0,18122;-0,01125
10,88400;-0,18139;-0,01090
10,89400;-0,18156;-0,01123
10,90400;-0,18173;-0,01113
10,91400;-0,18190;-0,01120
10,92400;-0,18207;-0,01117
10,93400;-0,18224;-0,01110
10,94400;-0,18241;-0,01128
10,95400;-0,18252;-0,01097
10,96400;-0,18269;-0,01137
10,97400;-0,18286;-0,01102
10,98400;-0,18298;-0,01147
10,99400;-0,18315;-0,01110
11,00400;-0,18332;-0,01145
11,01400;-0,18343;-0,01116
11,02400;-0,18360;-0,01139
11,03400;-0,18377;-0,01134
11,04400;-0,18394;-0,01133
11,05400;-0,18411;-0,01143
11,06400;-0,18428;-0,01134
11,07400;-0,18445;-0,01146
11,08400;-0,18462;-0,01125
11,09400;-0,18479;-0,01158
11,10400;-0,18490;-0,01103
11,11400;-0,18507;-0,01150
11,12400;-0,18524;-0,01132
11,13400;-0,18541;-0,01136
11,14400;-0,18553;-0,01148
11,15400;-0,18575;-0,01154
11,16400;-0,18592;-0,01156
11,17400;-0,18609;-0,01156
11,18400;-0,18632;-0,01157
11,19400;-0,18649;-0,01147
11,20400;-0,18666;-0,01165
11,21400;-0,18683;-0,01140
11,22400;-0,18700;-0,01165
11,23400;-0,18717;-0,01147
11,24400;-0,18734;-0,01180
11,25400;-0,18751;-0,01158
11,26400;-0,18768;-0,01181
11,27400;-0,18785;-0,01150
11,28400;-0,18802;-0,01176
11,29400;-0,18819;-0,01158
11,30400;-0,18836;-0,01173
11,31400;-0,18847;-0,01175
11,32400;-0,18864;-0,01169
11,33400;-0,18881;-0,01191
11,34400;-0,18898;-0,01172
11,35400;-0,18910;-0,01194
11,36400;-0,18932;-0,01159
11,37400;-0,18949;-0,01196
11,38400;-0,18966;-0,01161
11,39400;-0,18983;-0,01201
11,40400;-0,19000;-0,01173
11,41400;-0,19017;-0,01188
11,42400;-0,19034;-0,01188
11,43400;-0,19051;-0,01193
11,44400;-0,19063;-0,01200
11,45400;-0,19080;-0,01173
11,46400;-0,19097;-0,01209
11,47400;-0,19114;-0,01169
11,48400;-0,19131;-0,01214
11,49400;-0,19148;-0,01186
11,50400;-0,19165;-0,01209
11,51400;-0,19182;-0,01188
11,52400;-0,19199;-0,01219
11,53400;-0,19216;-0,01199
11,54400;-0,19233;-0,01204
11,55400;-0,19250;-0,01206
11,56400;-0,19267;-0,01192
11,57400;-0,19284;-0,01228
11,58400;-0,19301;-0,01205
11,59400;-0,19318;-0,01224
11,60400;-0,19329;-0,01196
11,61400;-0,19346;-0,01232
11,62400;-0,19363;-0,01196
11,63400;-0,19380;-0,01228
11,64400;-0,19391;-0,01206
11,65400;-0,19408;-0,01216
11,66400;-0,19425;-0,01211
11,67400;-0,19442;-0,01232
11,68400;-0,19459;-0,01221
11,69400;-0,19476;-0,01219
11,70400;-0,19493;-0,01247
11,71400;-0,19510;-0,01223
11,72400;-0,19527;-0,01244
11,73400;-0,19539;-0,01215
11,74400;-0,19556;-0,01238
11,75400;-0,19573;-0,01214
11,76400;-0,19590;-0,01252
11,77400;-0,19607;-0,01226
11,78400;-0,19624;-0,01251
11,79400;-0,19641;-0,01236
11,80400;-0,19663;-0,01248
11,81400;-0,19680;-0,01241
11,82400;-0,19697;-0,01236
11,83400;-0,19714;-0,01256
11,84400;-0,19731;-0,01231
11,85400;-0,19748;-0,01262
11,86400;-0,19765;-0,01250
11,87400;-0,19782;-0,01269
11,88400;-0,19799;-0,01244
11,89400;-0,19816;-0,01264
11,90400;-0,19833;-0,01253
11,91400;-0,19850;-0,01260
11,92400;-0,19867;-0,01268
11,93400;-0,19884;-0,01259
11,94400;-0,19896;-0,01267
11,95400;-0,19913;-0,01261
11,96400;-0,19924;-0,01273
11,97400;-0,19941;-0,01255
11,98400;-0,19958;-0,01268
11,99400;-0,19975;-0,01264
12,00400;-0,19992;-0,01268
12,01400;-0,20015;-0,01286
12,02400;-0,20032;-0,01277
12,03400;-0,20049;-0,01287
12,04400;-0,20066;-0,01268
12,05400;-0,20088;-0,01296
12,06400;-0,20105;-0,01273
12,07400;-0,20122;-0,01286
12,08400;-0,20139;-0,01278
12,09400;-0,20151;-0,01280
12,10400;-0,20168;-0,01288
12,11400;-0,20185;-0,01292
12,12400;-0,20202;-0,01299
12,13400;-0,20219;-0,01279
12,14400;-0,20236;-0,01304
12,15400;-0,20253;-0,01282
12,16400;-0,20270;-0,01298
12,17400;-0,20287;-0,01285
12,18400;-0,20304;-0,01309
12,19400;-0,20321;-0,01294
12,20400;-0,20338;-0,01314
12,21400;-0,20355;-0,01315
12,22400;-0,20372;-0,01297
12,23400;-0,20389;-0,01318
12,24400;-0,20406;-0,01305
12,25400;-0,20423;-0,01314
12,26400;-0,20434;-0,01293
12,27400;-0,20451;-0,01320
12,28400;-0,20462;-0,01300
12,29400;-0,20479;-0,01328
12,30400;-0,20496;-0,01322
12,31400;-0,20513;-0,01317
12,32400;-0,20530;-0,01327
12,33400;-0,20542;-0,01329
12,34400;-0,20559;-0,01331
12,35400;-0,20576;-0,01312
12,36400;-0,20593;-0,01339
12,37400;-0,20610;-0,01315
12,38400;-0,20627;-0,01336
12,39400;-0,20644;-0,01321
12,40400;-0,20655;-0,01329
12,41400;-0,20672;-0,01321
12,42400;-0,20689;-0,01341
12,43400;-0,20706;-0,01340
12,44400;-0,20723;-0,01336
12,45400;-0,20740;-0,01353
12,46400;-0,20763;-0,01331
12,47400;-0,20780;-0,01351
12,48400;-0,20802;-0,01336
12,49400;-0,20819;-0,01351
12,50400;-0,20836;-0,01339
12,51400;-0,20853;-0,01361
12,52400;-0,20870;-0,01338
12,53400;-0,20887;-0,01354
12,54400;-0,20904;-0,01348
12,55400;-0,20921;-0,01355
12,56400;-0,20938;-0,01358
12,57400;-0,20955;-0,01352
12,58400;-0,20972;-0,01357
12,59400;-0,20989;-0,01345
12,60400;-0,21001;-0,01369
12,61400;-0,21012;-0,01347
12,62400;-0,21029;-0,01370
12,63400;-0,21046;-0,01361
12,64400;-0,21063;-0,01383
12,65400;-0,21080;-0,01369
12,66400;-0,21097;-0,01384
12,67400;-0,21114;-0,01364
12,68400;-0,21131;-0,01384
12,69400;-0,21154;-0,01380
12,70400;-0,21171;-0,01370
12,71400;-0,21188;-0,01378
12,72400;-0,21205;-0,01372
12,73400;-0,21222;-0,01383
12,74400;-0,21233;-0,01372
12,75400;-0,21250;-0,01396
12,76400;-0,21267;-0,01375
12,77400;-0,21284;-0,01400
12,78400;-0,21301;-0,01378
12,79400;-0,21318;-0,01393
12,80400;-0,21335;-0,01383
12,81400;-0,21352;-0,01402
12,82400;-0,21369;-0,01391
12,83400;-0,21392;-0,01401
12,84400;-0,21403;-0,01400
12,85400;-0,21426;-0,01394
12,86400;-0,21443;-0,01416
12,87400;-0,21460;-0,01400
12,88400;-0,21477;-0,01403
12,89400;-0,21488;-0,01399
12,90400;-0,21505;-0,01409
12,91400;-0,21522;-0,01411
12,92400;-0,21539;-0,01410
12,93400;-0,21550;-0,01406
12,94400;-0,21567;-0,01415
12,95400;-0,21584;-0,01419
12,96400;-0,21601;-0,01423
12,97400;-0,21618;-0,01412
12,98400;-0,21635;-0,01415
12,99400;-0,21652;-0,01423
13,00400;-0,21669;-0,01424
13,01400;-0,21686;-0,01419
13,02400;-0,21703;-0,01429
13,03400;-0,21720;-0,01422
13,04400;-0,21732;-0,01432
13,05400;-0,21743;-0,01443
13,06400;-0,21760;-0,01421
13,07400;-0,21777;-0,01435
13,08400;-0,21794;-0,01439
13,09400;-0,21811;-0,01441
13,10400;-0,21828;-0,01439
13,11400;-0,21845;-0,01450
13,12400;-0,21862;-0,01433
13,13400;-0,21879;-0,01459
13,14400;-0,21896;-0,01450
13,15400;-0,21913;-0,01452
13,16400;-0,21930;-0,01444
13,17400;-0,21947;-0,01448
13,18400;-0,21964;-0,01457
13,19400;-0,21987;-0,01447
13,20400;-0,21998;-0,01466
13,21400;-0,22015;-0,01453
13,22400;-0,22032;-0,01470
13,23400;-0,22049;-0,01465
13,24400;-0,22060;-0,01470
13,25400;-0,22077;-0,01453
13,26400;-0,22089;-0,01478
13,27400;-0,22106;-0,01460
13,28400;-0,22123;-0,01470
13,29400;-0,22140;-0,01477
13,30400;-0,22162;-0,01468
13,31400;-0,22179;-0,01475
13,32400;-0,22196;-0,01482
13,33400;-0,22219;-0,01481
13,34400;-0,22236;-0,01475
13,35400;-0,22253;-0,01493
13,36400;-0,22276;-0,01471
13,37400;-0,22293;-0,01484
13,38400;-0,22310;-0,01480
13,39400;-0,22321;-0,01491
13,40400;-0,22338;-0,01477
13,41400;-0,22355;-0,01504
13,42400;-0,22372;-0,01494
13,43400;-0,22389;-0,01495
13,44400;-0,22406;-0,01509
13,45400;-0,22423;-0,01497
13,46400;-0,22440;-0,01492
13,47400;-0,22457;-0,01500
13,48400;-0,22474;-0,01508
13,49400;-0,22491;-0,01490
13,50400;-0,22508;-0,01518
13,51400;-0,22525;-0,01492
13,52400;-0,22542;-0,01516
13,53400;-0,22553;-0,01508
13,54400;-0,22570;-0,01521
13,55400;-0,22587;-0,01504
13,56400;-0,22599;-0,01514
13,57400;-0,22616;-0,01510
13,58400;-0,22633;-0,01507
13,59400;-0,22644;-0,01519
13,60400;-0,22661;-0,01510
13,61400;-0,22678;-0,01521
13,62400;-0,22695;-0,01515
13,63400;-0,22712;-0,01539
13,64400;-0,22729;-0,01506
13,65400;-0,22746;-0,01545
13,66400;-0,22763;-0,01514
13,67400;-0,22780;-0,01536
13,68400;-0,22797;-0,01526
13,69400;-0,22808;-0,01525
13,70400;-0,22825;-0,01522
13,71400;-0,22842;-0,01528
13,72400;-0,22854;-0,01538
13,73400;-0,22871;-0,01523
13,74400;-0,22893;-0,01551
13,75400;-0,22910;-0,01526
13,76400;-0,22927;-0,01558
13,77400;-0,22950;-0,01526
13,78400;-0,22967;-0,01551
13,79400;-0,22984;-0,01526
13,80400;-0,23001;-0,01554
13,81400;-0,23018;-0,01544
13,82400;-0,23035;-0,01548
13,83400;-0,23058;-0,01554
13,84400;-0,23075;-0,01552
13,85400;-0,23092;-0,01562
13,86400;-0,23109;-0,01552
13,87400;-0,23120;-0,01568
13,88400;-0,23137;-0,01534
13,89400;-0,23154;-0,01576
13,90400;-0,23165;-0,01547
13,91400;-0,23182;-0,01577
13,92400;-0,23194;-0,01550
13,93400;-0,23211;-0,01583
13,94400;-0,23228;-0,01556
13,95400;-0,23245;-0,01588
13,96400;-0,23262;-0,01567
13,97400;-0,23284;-0,01573
13,98400;-0,23301;-0,01576
13,99400;-0,23318;-0,01570
14,00400;-0,23335;-0,01574
14,01400;-0,23352;-0,01573
14,02400;-0,23369;-0,01586
14,03400;-0,23386;-0,01571
14,04400;-0,23398;-0,01605
14,05400;-0,23415;-0,01567
14,06400;-0,23432;-0,01603
14,07400;-0,23449;-0,01580
14,08400;-0,23466;-0,01589
14,09400;-0,23483;-0,01595
14,10400;-0,23500;-0,01587
14,11400;-0,23517;-0,01601
14,12400;-0,23534;-0,01583
14,13400;-0,23551;-0,01619
14,14400;-0,23568;-0,01586
14,15400;-0,23585;-0,01624
14,16400;-0,23602;-0,01581
14,17400;-0,23619;-0,01624
14,18400;-0,23636;-0,01589
14,19400;-0,23653;-0,01622
14,20400;-0,23670;-0,01602
14,21400;-0,23687;-0,01610
14,22400;-0,23704;-0,01623
14,23400;-0,23715;-0,01608
14,24400;-0,23732;-0,01630
14,25400;-0,23749;-0,01612
14,26400;-0,23766;-0,01634
14,27400;-0,23783;-0,01606
14,28400;-0,23800;-0,01647
14,29400;-0,23817;-0,01609
14,30400;-0,23834;-0,01642
14,31400;-0,23851;-0,01620
14,32400;-0,23868;-0,01635
14,33400;-0,23885;-0,01634
14,34400;-0,23896;-0,01626
14,35400;-0,23913;-0,01642
14,36400;-0,23930;-0,01623
14,37400;-0,23942;-0,01655
14,38400;-0,23959;-0,01624
14,39400;-0,23976;-0,01663
14,40400;-0,23998;-0,01626
14,41400;-0,24015;-0,01669
14,42400;-0,24032;-0,01634
14,43400;-0,24049;-0,01664
14,44400;-0,24066;-0,01640
14,45400;-0,24083;-0,01653
14,46400;-0,24100;-0,01659
14,47400;-0,24117;-0,01646
14,48400;-0,24140;-0,01670
14,49400;-0,24157;-0,01642
14,50400;-0,24174;-0,01676
14,51400;-0,24191;-0,01644
14,52400;-0,24202;-0,01686
14,53400;-0,24219;-0,01644
14,54400;-0,24236;-0,01689
14,55400;-0,24248;-0,01643
14,56400;-0,24265;-0,01684
14,57400;-0,24282;-0,01666
14,58400;-0,24299;-0,01678
14,59400;-0,24316;-0,01671
14,60400;-0,24333;-0,01673
14,61400;-0,24350;-0,01683
14,62400;-0,24372;-0,01669
14,63400;-0,24389;-0,01696
14,64400;-0,24406;-0,01664
14,65400;-0,24423;-0,01702
14,66400;-0,24440;-0,01669
14,67400;-0,24457;-0,01704
14,68400;-0,24474;-0,01664
14,69400;-0,24486;-0,01689
14,70400;-0,24503;-0,01681
14,71400;-0,24520;-0,01698
14,72400;-0,24537;-0,01698
14,73400;-0,24554;-0,01696
14,74400;-0,24571;-0,01707
14,75400;-0,24588;-0,01690
14,76400;-0,24605;-0,01718
14,77400;-0,24622;-0,01678
14,78400;-0,24639;-0,01712
14,79400;-0,24656;-0,01687
14,80400;-0,24673;-0,01718
14,81400;-0,24690;-0,01696
14,82400;-0,24707;-0,01715
14,83400;-0,24724;-0,01698
14,84400;-0,24741;-0,01725
14,85400;-0,24752;-0,01712
14,86400;-0,24769;-0,01706
14,87400;-0,24780;-0,01717
14,88400;-0,24797;-0,01696
14,89400;-0,24814;-0,01720
14,90400;-0,24826;-0,01704
14,91400;-0,24843;-0,01729
14,92400;-0,24860;-0,01705
14,93400;-0,24877;-0,01745
14,94400;-0,24894;-0,01719
14,95400;-0,24911;-0,01731
14,96400;-0,24928;-0,01727
14,97400;-0,24945;-0,01726
14,98400;-0,24962;-0,01730
14,99400;-0,24973;-0,01725
15,00400;-0,24990;-0,01742
15,01400;-0,25007;-0,01717
15,02400;-0,25024;-0,01763
15,03400;-0,25041;-0,01726
15,04400;-0,25058;-0,01755
15,05400;-0,25075;-0,01731
15,06400;-0,25098;-0,01763
15,07400;-0,25115;-0,01725
15,08400;-0,25132;-0,01760
15,09400;-0,25149;-0,01736
15,10400;-0,25171;-0,01743
15,11400;-0,25188;-0,01767
15,12400;-0,25205;-0,01743
15,13400;-0,25222;-0,01769
15,14400;-0,25239;-0,01750
15,15400;-0,25256;-0,01779
15,16400;-0,25268;-0,01734
15,17400;-0,25285;-0,01793
15,18400;-0,25296;-0,01742
15,19400;-0,25313;-0,01780
15,20400;-0,25330;-0,01754
15,21400;-0,25347;-0,01780
15,22400;-0,25364;-0,01771
15,23400;-0,25381;-0,01776
15,24400;-0,25398;-0,01795
15,25400;-0,25415;-0,01760
15,26400;-0,25438;-0,01799
15,27400;-0,25455;-0,01755
15,28400;-0,25472;-0,01801
15,29400;-0,25489;-0,01759
15,30400;-0,25506;-0,01794
15,31400;-0,25523;-0,01772
15,32400;-0,25534;-0,01793
15,33400;-0,25551;-0,01783
15,34400;-0,25568;-0,01785
15,35400;-0,25585;-0,01807
15,36400;-0,25596;-0,01780
15,37400;-0,25613;-0,01813
15,38400;-0,25630;-0,01783
15,39400;-0,25647;-0,01815
15,40400;-0,25664;-0,01783
15,41400;-0,25681;-0,01821
15,42400;-0,25698;-0,01789
15,43400;-0,25715;-0,01809
15,44400;-0,25732;-0,01808
15,45400;-0,25749;-0,01804
15,46400;-0,25766;-0,01822
15,47400;-0,25783;-0,01795
15,48400;-0,25806;-0,01826
15,49400;-0,25823;-0,01798
15,50400;-0,25840;-0,01838
15,51400;-0,25857;-0,01805
15,52400;-0,25868;-0,01837
15,53400;-0,25885;-0,01808
15,54400;-0,25902;-0,01836
15,55400;-0,25919;-0,01815
15,56400;-0,25931;-0,01835
15,57400;-0,25948;-0,01831
15,58400;-0,25965;-0,01819
15,59400;-0,25982;-0,01857
15,60400;-0,25999;-0,01819
15,61400;-0,26016;-0,01859
15,62400;-0,26038;-0,01823
15,63400;-0,26050;-0,01853
15,64400;-0,26067;-0,01820
15,65400;-0,26078;-0,01860
15,66400;-0,26095;-0,01830
15,67400;-0,26106;-0,01857
15,68400;-0,26123;-0,01840
15,69400;-0,26140;-0,01853
15,70400;-0,26157;-0,01856
15,71400;-0,26180;-0,01846
15,72400;-0,26197;-0,01861
15,73400;-0,26214;-0,01850
15,74400;-0,26231;-0,01873
15,75400;-0,26248;-0,01843
15,76400;-0,26265;-0,01872
15,77400;-0,26282;-0,01847
15,78400;-0,26299;-0,01883
15,79400;-0,26316;-0,01851
15,80400;-0,26333;-0,01886
15,81400;-0,26350;-0,01850
15,82400;-0,26367;-0,01875
15,83400;-0,26378;-0,01865
15,84400;-0,26395;-0,01879
15,85400;-0,26412;-0,01875
15,86400;-0,26429;-0,01879
15,87400;-0,26441;-0,01885
15,88400;-0,26463;-0,01872
15,89400;-0,26480;-0,01905
15,90400;-0,26497;-0,01872
15,91400;-0,26520;-0,01897
15,92400;-0,26537;-0,01889
15,93400;-0,26554;-0,01903
15,94400;-0,26571;-0,01886
15,95400;-0,26588;-0,01906
15,96400;-0,26605;-0,01884
15,97400;-0,26622;-0,01899
15,98400;-0,26639;-0,01917
15,99400;-0,26656;-0,01898
16,00400;-0,26667;-0,01912
16,01400;-0,26684;-0,01909
16,02400;-0,26701;-0,01920
16,03400;-0,26718;-0,01912
16,04400;-0,26735;-0,01932
16,05400;-0,26752;-0,01907
16,06400;-0,26769;-0,01929
16,07400;-0,26786;-0,01912
16,08400;-0,26803;-0,01928
16,09400;-0,26820;-0,01915
16,10400;-0,26837;-0,01932
16,11400;-0,26854;-0,01926
16,12400;-0,26871;-0,01923
16,13400;-0,26888;-0,01937
16,14400;-0,26905;-0,01922
16,15400;-0,26922;-0,01942
16,16400;-0,26939;-0,01916
16,17400;-0,26951;-0,01942
16,18400;-0,26968;-0,01911
16,19400;-0,26979;-0,01952
16,20400;-0,26996;-0,01920
16,21400;-0,27013;-0,01948
16,22400;-0,27030;-0,01924
16,23400;-0,27047;-0,01950
16,24400;-0,27064;-0,01946
16,25400;-0,27081;-0,01942
16,26400;-0,27098;-0,01960
16,27400;-0,27115;-0,01935
16,28400;-0,27132;-0,01964
16,29400;-0,27143;-0,01928
16,30400;-0,27160;-0,01963
16,31400;-0,27172;-0,01930
16,32400;-0,27189;-0,01979
16,33400;-0,27206;-0,01940
16,34400;-0,27228;-0,01979
16,35400;-0,27245;-0,01959
16,36400;-0,27262;-0,01965
16,37400;-0,27285;-0,01965
16,38400;-0,27302;-0,01957
16,39400;-0,27319;-0,01960
16,40400;-0,27336;-0,01965
16,41400;-0,27353;-0,01982
16,42400;-0,27376;-0,01958
16,43400;-0,27393;-0,01993
16,44400;-0,27410;-0,01957
16,45400;-0,27427;-0,01984
16,46400;-0,27438;-0,01968
16,47400;-0,27455;-0,01978
16,48400;-0,27472;-0,01967
16,49400;-0,27489;-0,01986
16,50400;-0,27500;-0,01985
16,51400;-0,27517;-0,01981
16,52400;-0,27534;-0,02000
16,53400;-0,27551;-0,01981
16,54400;-0,27568;-0,02004
16,55400;-0,27585;-0,01984
16,56400;-0,27608;-0,02001
16,57400;-0,27625;-0,01982
16,58400;-0,27642;-0,02001
16,59400;-0,27659;-0,01986
16,60400;-0,27670;-0,02002
16,61400;-0,27687;-0,02002
16,62400;-0,27704;-0,01998
16,63400;-0,27716;-0,02012
16,64400;-0,27733;-0,02008
16,65400;-0,27750;-0,02019
16,66400;-0,27767;-0,02011
16,67400;-0,27784;-0,02018
16,68400;-0,27801;-0,02012
16,69400;-0,27818;-0,02021
16,70400;-0,27835;-0,02021
16,71400;-0,27852;-0,02014
16,72400;-0,27874;-0,02032
16,73400;-0,27891;-0,02021
16,74400;-0,27908;-0,02036
16,75400;-0,27925;-0,02026
16,76400;-0,27942;-0,02039
16,77400;-0,27959;-0,02022
16,78400;-0,27976;-0,02043
16,79400;-0,27993;-0,02036
16,80400;-0,28010;-0,02041
16,81400;-0,28022;-0,02039
16,82400;-0,28039;-0,02039
16,83400;-0,28056;-0,02037
16,84400;-0,28067;-0,02045
16,85400;-0,28084;-0,02059
16,86400;-0,28101;-0,02040
16,87400;-0,28118;-0,02071
16,88400;-0,28135;-0,02044
16,89400;-0,28152;-0,02068
16,90400;-0,28169;-0,02050
16,91400;-0,28186;-0,02069
16,92400;-0,28203;-0,02038
16,93400;-0,28214;-0,02068
16,94400;-0,28226;-0,02059
16,95400;-0,28243;-0,02066
16,96400;-0,28260;-0,02073
16,97400;-0,28277;-0,02059
16,98400;-0,28294;-0,02075
16,99400;-0,28311;-0,02064
17,00400;-0,28328;-0,02091
17,01400;-0,28350;-0,02055
17,02400;-0,28367;-0,02094
17,03400;-0,28384;-0,02076
17,04400;-0,28401;-0,02099
17,05400;-0,28418;-0,02078
17,06400;-0,28435;-0,02093
17,07400;-0,28452;-0,02080
17,08400;-0,28469;-0,02089
17,09400;-0,28486;-0,02098
17,10400;-0,28503;-0,02082
17,11400;-0,28520;-0,02114
17,12400;-0,28532;-0,02087
17,13400;-0,28549;-0,02121
17,14400;-0,28566;-0,02097
17,15400;-0,28583;-0,02120
17,16400;-0,28594;-0,02101
17,17400;-0,28611;-0,02118
17,18400;-0,28628;-0,02111
17,19400;-0,28651;-0,02116
17,20400;-0,28668;-0,02115
17,21400;-0,28685;-0,02124
17,22400;-0,28702;-0,02127
17,23400;-0,28724;-0,02117
17,24400;-0,28741;-0,02133
17,25400;-0,28753;-0,02119
17,26400;-0,28770;-0,02127
17,27400;-0,28787;-0,02128
17,28400;-0,28804;-0,02132
17,29400;-0,28821;-0,02128
17,30400;-0,28838;-0,02140
17,31400;-0,28855;-0,02136
17,32400;-0,28872;-0,02138
17,33400;-0,28889;-0,02143
17,34400;-0,28906;-0,02143
17,35400;-0,28923;-0,02153
17,36400;-0,28940;-0,02148
17,37400;-0,28957;-0,02154
17,38400;-0,28974;-0,02146
17,39400;-0,28991;-0,02165
17,40400;-0,29008;-0,02150
17,41400;-0,29025;-0,02163
17,42400;-0,29036;-0,02151
17,43400;-0,29053;-0,02162
17,44400;-0,29070;-0,02169
17,45400;-0,29087;-0,02170
17,46400;-0,29104;-0,02167
17,47400;-0,29115;-0,02168
17,48400;-0,29132;-0,02173
17,49400;-0,29144;-0,02170
17,50400;-0,29161;-0,02178
17,51400;-0,29178;-0,02165
17,52400;-0,29195;-0,02192
17,53400;-0,29212;-0,02172
17,54400;-0,29229;-0,02196
17,55400;-0,29246;-0,02181
17,56400;-0,29263;-0,02185
17,57400;-0,29280;-0,02185
17,58400;-0,29291;-0,02183
17,59400;-0,29308;-0,02181
17,60400;-0,29325;-0,02187
17,61400;-0,29336;-0,02194
17,62400;-0,29359;-0,02187
17,63400;-0,29376;-0,02214
17,64400;-0,29393;-0,02192
17,65400;-0,29416;-0,02212
17,66400;-0,29433;-0,02199
17,67400;-0,29450;-0,02207
17,68400;-0,29467;-0,02207
17,69400;-0,29489;-0,02202
17,70400;-0,29506;-0,02219
17,71400;-0,29523;-0,02199
17,72400;-0,29540;-0,02213
17,73400;-0,29557;-0,02213
17,74400;-0,29574;-0,02222
17,75400;-0,29586;-0,02212
17,76400;-0,29603;-0,02233
17,77400;-0,29620;-0,02219
17,78400;-0,29631;-0,02227
17,79400;-0,29648;-0,02233
17,80400;-0,29665;-0,02222
17,81400;-0,29682;-0,02238
17,82400;-0,29699;-0,02227
17,83400;-0,29722;-0,02254
17,84400;-0,29739;-0,02235
17,85400;-0,29756;-0,02246
17,86400;-0,29773;-0,02244
17,87400;-0,29790;-0,02249
17,88400;-0,29807;-0,02241
17,89400;-0,29824;-0,02246
17,90400;-0,29835;-0,02244
17,91400;-0,29852;-0,02250
17,92400;-0,29869;-0,02259
17,93400;-0,29886;-0,02256
17,94400;-0,29903;-0,02271
17,95400;-0,29920;-0,02260
17,96400;-0,29937;-0,02268
17,97400;-0,29954;-0,02262
17,98400;-0,29971;-0,02265
17,99400;-0,29988;-0,02262
18,00400;-0,30005;-0,02274
18,01400;-0,30022;-0,02264
18,02400;-0,30045;-0,02282
18,03400;-0,30062;-0,02268
18,04400;-0,30073;-0,02278
18,05400;-0,30096;-0,02272
18,06400;-0,30107;-0,02276
18,07400;-0,30124;-0,02280
18,08400;-0,30141;-0,02287
18,09400;-0,30158;-0,02278
18,10400;-0,30175;-0,02285
18,11400;-0,30186;-0,02285
18,12400;-0,30203;-0,02285
18,13400;-0,30220;-0,02298
18,14400;-0,30232;-0,02286
18,15400;-0,30249;-0,02304
18,16400;-0,30266;-0,02295
18,17400;-0,30283;-0,02311
18,18400;-0,30300;-0,02294
18,19400;-0,30317;-0,02311
18,20400;-0,30334;-0,02293
18,21400;-0,30351;-0,02314
18,22400;-0,30368;-0,02295
18,23400;-0,30379;-0,02309
18,24400;-0,30396;-0,02304
18,25400;-0,30407;-0,02303
18,26400;-0,30424;-0,02325
18,27400;-0,30441;-0,02308
18,28400;-0,30458;-0,02328
18,29400;-0,30475;-0,02308
18,30400;-0,30492;-0,02323
18,31400;-0,30515;-0,02306
18,32400;-0,30532;-0,02338
18,33400;-0,30549;-0,02303
18,34400;-0,30566;-0,02346
18,35400;-0,30577;-0,02319
18,36400;-0,30594;-0,02341
18,37400;-0,30611;-0,02332
18,38400;-0,30628;-0,02340
18,39400;-0,30645;-0,02330
18,40400;-0,30662;-0,02333
18,41400;-0,30679;-0,02349
18,42400;-0,30696;-0,02335
18,43400;-0,30708;-0,02354
18,44400;-0,30725;-0,02340
18,45400;-0,30742;-0,02366
18,46400;-0,30759;-0,02337
18,47400;-0,30781;-0,02369
18,48400;-0,30798;-0,02342
18,49400;-0,30815;-0,02364
18,50400;-0,30838;-0,02355
18,51400;-0,30855;-0,02364
18,52400;-0,30872;-0,02363
18,53400;-0,30889;-0,02357
18,54400;-0,30906;-0,02376
18,55400;-0,30917;-0,02361
18,56400;-0,30934;-0,02384
18,57400;-0,30951;-0,02361
18,58400;-0,30974;-0,02392
18,59400;-0,30991;-0,02366
18,60400;-0,31008;-0,02386
18,61400;-0,31025;-0,02377
18,62400;-0,31042;-0,02394
18,63400;-0,31059;-0,02388
18,64400;-0,31076;-0,02395
18,65400;-0,31093;-0,02400
18,66400;-0,31110;-0,02387
18,67400;-0,31127;-0,02402
18,68400;-0,31138;-0,02386
18,69400;-0,31155;-0,02410
18,70400;-0,31172;-0,02388
18,71400;-0,31189;-0,02420
18,72400;-0,31206;-0,02397
18,73400;-0,31218;-0,02422
18,74400;-0,31235;-0,02408
18,75400;-0,31252;-0,02410
18,76400;-0,31263;-0,02413
18,77400;-0,31280;-0,02414
18,78400;-0,31297;-0,02422
18,79400;-0,31308;-0,02410
18,80400;-0,31325;-0,02429
18,81400;-0,31342;-0,02412
18,82400;-0,31359;-0,02444
18,83400;-0,31376;-0,02420
18,84400;-0,31393;-0,02440
18,85400;-0,31410;-0,02424
18,86400;-0,31427;-0,02437
18,87400;-0,31444;-0,02440
18,88400;-0,31461;-0,02438
18,89400;-0,31478;-0,02434
18,90400;-0,31490;-0,02439
18,91400;-0,31507;-0,02448
18,92400;-0,31524;-0,02445
18,93400;-0,31541;-0,02460
18,94400;-0,31558;-0,02440
18,95400;-0,31580;-0,02466
18,96400;-0,31597;-0,02453
18,97400;-0,31614;-0,02472
18,98400;-0,31631;-0,02462
18,99400;-0,31648;-0,02455
19,00400;-0,31671;-0,02458
19,01400;-0,31688;-0,02478
19,02400;-0,31705;-0,02467
19,03400;-0,31722;-0,02491
19,04400;-0,31739;-0,02478
19,05400;-0,31756;-0,02475
19,06400;-0,31773;-0,02490
19,07400;-0,31784;-0,02484
19,08400;-0,31801;-0,02486
19,09400;-0,31818;-0,02479
19,10400;-0,31835;-0,02486
19,11400;-0,31852;-0,02491
19,12400;-0,31869;-0,02507
19,13400;-0,31886;-0,02490
19,14400;-0,31903;-0,02499
19,15400;-0,31920;-0,02493
19,16400;-0,31937;-0,02517
19,17400;-0,31954;-0,02495
19,18400;-0,31966;-0,02497
19,19400;-0,31983;-0,02501
19,20400;-0,32000;-0,02505
19,21400;-0,32017;-0,02513
19,22400;-0,32034;-0,02506
19,23400;-0,32051;-0,02516
19,24400;-0,32068;-0,02521
19,25400;-0,32090;-0,02527
19,26400;-0,32107;-0,02511
19,27400;-0,32124;-0,02525
19,28400;-0,32141;-0,02521
19,29400;-0,32158;-0,02529
19,30400;-0,32175;-0,02533
19,31400;-0,32192;-0,02521
19,32400;-0,32209;-0,02539
19,33400;-0,32226;-0,02533
19,34400;-0,32243;-0,02535
19,35400;-0,32260;-0,02529
19,36400;-0,32277;-0,02534
19,37400;-0,32289;-0,02546
19,38400;-0,32306;-0,02542
19,39400;-0,32317;-0,02546
19,40400;-0,32334;-0,02547
19,41400;-0,32351;-0,02562
19,42400;-0,32368;-0,02552
19,43400;-0,32379;-0,02564
19,44400;-0,32396;-0,02542
19,45400;-0,32413;-0,02561
19,46400;-0,32430;-0,02572
19,47400;-0,32453;-0,02566
19,48400;-0,32464;-0,02568
19,49400;-0,32481;-0,02567
19,50400;-0,32498;-0,02575
19,51400;-0,32515;-0,02559
19,52400;-0,32532;-0,02577
19,53400;-0,32544;-0,02555
19,54400;-0,32561;-0,02566
19,55400;-0,32572;-0,02580
19,56400;-0,32589;-0,02576
19,57400;-0,32606;-0,02586
19,58400;-0,32623;-0,02586
19,59400;-0,32646;-0,02603
19,60400;-0,32663;-0,02584
19,61400;-0,32680;-0,02598
19,62400;-0,32697;-0,02577
19,63400;-0,32714;-0,02600
19,64400;-0,32731;-0,02588
19,65400;-0,32748;-0,02599
19,66400;-0,32765;-0,02599
19,67400;-0,32782;-0,02606
19,68400;-0,32799;-0,02617
19,69400;-0,32816;-0,02602
19,70400;-0,32833;-0,02617
19,71400;-0,32850;-0,02601
19,72400;-0,32861;-0,02629
19,73400;-0,32878;-0,02616
19,74400;-0,32895;-0,02630
19,75400;-0,32912;-0,02616
19,76400;-0,32929;-0,02640
19,77400;-0,32952;-0,02621
19,78400;-0,32969;-0,02641
19,79400;-0,32986;-0,02619
19,80400;-0,33003;-0,02638
19,81400;-0,33025;-0,02635
19,82400;-0,33042;-0,02651
19,83400;-0,33054;-0,02643
19,84400;-0,33071;-0,02637
19,85400;-0,33088;-0,02646
19,86400;-0,33105;-0,02647
19,87400;-0,33122;-0,02655
19,88400;-0,33139;-0,02643
19,89400;-0,33156;-0,02661
19,90400;-0,33173;-0,02649
19,91400;-0,33190;-0,02677
19,92400;-0,33207;-0,02655
19,93400;-0,33224;-0,02664
19,94400;-0,33241;-0,02664
19,95400;-0,33258;-0,02669
19,96400;-0,33275;-0,02674
19,97400;-0,33292;-0,02675
19,98400;-0,33309;-0,02675
19,99400;-0,33326;-0,02671
20,00400;-0,33337;-0,02691
20,01400;-0,33354;-0,02671
20,02400;-0,33371;-0,02700
20,03400;-0,33382;-0,02676
20,04400;-0,33399;-0,02699
20,05400;-0,33416;-0,02690
20,06400;-0,33433;-0,02700
20,07400;-0,33445;-0,02692
20,08400;-0,33462;-0,02701
20,09400;-0,33479;-0,02705
20,10400;-0,33496;-0,02707
20,11400;-0,33513;-0,02711
20,12400;-0,33530;-0,02700
20,13400;-0,33547;-0,02719
20,14400;-0,33564;-0,02705
20,15400;-0,33581;-0,02713
20,16400;-0,33598;-0,02703
20,17400;-0,33615;-0,02720
20,18400;-0,33632;-0,02707
20,19400;-0,33643;-0,02729
20,20400;-0,33660;-0,02714
20,21400;-0,33677;-0,02724
20,22400;-0,33694;-0,02722
20,23400;-0,33711;-0,02733
20,24400;-0,33734;-0,02731
20,25400;-0,33751;-0,02731
20,26400;-0,33768;-0,02739
20,27400;-0,33785;-0,02720
20,28400;-0,33802;-0,02755
20,29400;-0,33819;-0,02723
20,30400;-0,33836;-0,02744
20,31400;-0,33853;-0,02733
20,32400;-0,33870;-0,02750
20,33400;-0,33887;-0,02736
20,34400;-0,33904;-0,02763
20,35400;-0,33915;-0,02746
20,36400;-0,33932;-0,02750
20,37400;-0,33949;-0,02762
20,38400;-0,33960;-0,02749
20,39400;-0,33977;-0,02769
20,40400;-0,33994;-0,02752
20,41400;-0,34011;-0,02777
20,42400;-0,34028;-0,02754
20,43400;-0,34051;-0,02777
20,44400;-0,34068;-0,02764
20,45400;-0,34085;-0,02784
20,46400;-0,34102;-0,02760
20,47400;-0,34119;-0,02782
20,48400;-0,34136;-0,02762
20,49400;-0,34147;-0,02782
20,50400;-0,34164;-0,02770
20,51400;-0,34181;-0,02775
20,52400;-0,34198;-0,02787
20,53400;-0,34215;-0,02780
20,54400;-0,34232;-0,02799
20,55400;-0,34255;-0,02788
20,56400;-0,34272;-0,02790
20,57400;-0,34289;-0,02786
20,58400;-0,34306;-0,02805
20,59400;-0,34323;-0,02787
20,60400;-0,34340;-0,02807
20,61400;-0,34357;-0,02790
20,62400;-0,34374;-0,02809
20,63400;-0,34391;-0,02805
20,64400;-0,34408;-0,02808
20,65400;-0,34425;-0,02791
20,66400;-0,34436;-0,02812
20,67400;-0,34448;-0,02798
20,68400;-0,34465;-0,02812
20,69400;-0,34482;-0,02822
20,70400;-0,34499;-0,02808
20,71400;-0,34516;-0,02832
20,72400;-0,34533;-0,02812
20,73400;-0,34550;-0,02835
20,74400;-0,34567;-0,02804
20,75400;-0,34578;-0,02838
20,76400;-0,34595;-0,02812
20,77400;-0,34612;-0,02841
20,78400;-0,34635;-0,02817
20,79400;-0,34646;-0,02838
20,80400;-0,34663;-0,02829
20,81400;-0,34680;-0,02838
20,82400;-0,34691;-0,02841
20,83400;-0,34708;-0,02823
20,84400;-0,34720;-0,02851
20,85400;-0,34737;-0,02826
20,86400;-0,34754;-0,02863
20,87400;-0,34771;-0,02845
20,88400;-0,34788;-0,02867
20,89400;-0,34810;-0,02842
20,90400;-0,34827;-0,02868
20,91400;-0,34844;-0,02848
20,92400;-0,34861;-0,02851
20,93400;-0,34884;-0,02865
20,94400;-0,34901;-0,02852
20,95400;-0,34918;-0,02878
20,96400;-0,34935;-0,02859
20,97400;-0,34952;-0,02881
20,98400;-0,34969;-0,02856
20,99400;-0,34986;-0,02883
21,00400;-0,34997;-0,02864
21,01400;-0,35014;-0,02878
21,02400;-0,35031;-0,02871
21,03400;-0,35043;-0,02882
21,04400;-0,35060;-0,02886
21,05400;-0,35082;-0,02887
21,06400;-0,35099;-0,02906
21,07400;-0,35116;-0,02879
21,08400;-0,35133;-0,02912
21,09400;-0,35150;-0,02888
21,10400;-0,35173;-0,02907
21,11400;-0,35184;-0,02888
21,12400;-0,35201;-0,02903
21,13400;-0,35218;-0,02884
21,14400;-0,35230;-0,02914
21,15400;-0,35247;-0,02904
21,16400;-0,35269;-0,02911
21,17400;-0,35286;-0,02929
21,18400;-0,35303;-0,02904
21,19400;-0,35320;-0,02926
21,20400;-0,35337;-0,02920
21,21400;-0,35354;-0,02926
21,22400;-0,35371;-0,02918
21,23400;-0,35388;-0,02937
21,24400;-0,35405;-0,02913
21,25400;-0,35422;-0,02945
21,26400;-0,35439;-0,02928
21,27400;-0,35456;-0,02932
21,28400;-0,35473;-0,02939
21,29400;-0,35490;-0,02935
21,30400;-0,35507;-0,02951
21,31400;-0,35519;-0,02936
21,32400;-0,35536;-0,02942
21,33400;-0,35553;-0,02938
21,34400;-0,35564;-0,02950
21,35400;-0,35581;-0,02949
21,36400;-0,35598;-0,02960
21,37400;-0,35615;-0,02942
21,38400;-0,35632;-0,02965
21,39400;-0,35649;-0,02949
21,40400;-0,35666;-0,02952
21,41400;-0,35683;-0,02964
21,42400;-0,35700;-0,02952
21,43400;-0,35717;-0,02967
21,44400;-0,35734;-0,02972
21,45400;-0,35751;-0,02960
21,46400;-0,35762;-0,02970
21,47400;-0,35779;-0,02980
21,48400;-0,35796;-0,02980
21,49400;-0,35813;-0,02982
21,50400;-0,35830;-0,02987
21,51400;-0,35847;-0,02978
21,52400;-0,35864;-0,03000
21,53400;-0,35881;-0,02987
21,54400;-0,35898;-0,02995
21,55400;-0,35915;-0,02996
21,56400;-0,35932;-0,03003
21,57400;-0,35949;-0,03007
21,58400;-0,35966;-0,03002
21,59400;-0,35983;-0,03008
21,60400;-0,36000;-0,03002
21,61400;-0,36017;-0,03009
21,62400;-0,36034;-0,03007
21,63400;-0,36051;-0,03015
21,64400;-0,36063;-0,03003
21,65400;-0,36080;-0,03020
21,66400;-0,36091;-0,03012
21,67400;-0,36108;-0,03022
21,68400;-0,36125;-0,03018
21,69400;-0,36142;-0,03016
21,70400;-0,36159;-0,03027
21,71400;-0,36176;-0,03030
21,72400;-0,36199;-0,03035
21,73400;-0,36216;-0,03031
21,74400;-0,36233;-0,03033
21,75400;-0,36250;-0,03025
21,76400;-0,36267;-0,03052
21,77400;-0,36284;-0,03021
21,78400;-0,36301;-0,03045
21,79400;-0,36312;-0,03044
21,80400;-0,36329;-0,03046
21,81400;-0,36346;-0,03053
21,82400;-0,36369;-0,03056
21,83400;-0,36386;-0,03051
21,84400;-0,36403;-0,03059
21,85400;-0,36420;-0,03064
21,86400;-0,36437;-0,03058
21,87400;-0,36454;-0,03069
21,88400;-0,36476;-0,03061
21,89400;-0,36493;-0,03067
21,90400;-0,36510;-0,03073
21,91400;-0,36522;-0,03063
21,92400;-0,36544;-0,03080
21,93400;-0,36556;-0,03067
21,94400;-0,36573;-0,03081
21,95400;-0,36584;-0,03069
21,96400;-0,36601;-0,03084
21,97400;-0,36618;-0,03078
21,98400;-0,36635;-0,03091
21,99400;-0,36646;-0,03080
22,00400;-0,36663;-0,03089
22,01400;-0,36680;-0,03094
22,02400;-0,36697;-0,03085
22,03400;-0,36714;-0,03096
22,04400;-0,36731;-0,03086
22,05400;-0,36748;-0,03105
22,06400;-0,36765;-0,03098
22,07400;-0,36782;-0,03111
22,08400;-0,36799;-0,03097
22,09400;-0,36816;-0,03111
22,10400;-0,36833;-0,03099
22,11400;-0,36845;-0,03105
22,12400;-0,36856;-0,03107
22,13400;-0,36873;-0,03102
22,14400;-0,36890;-0,03116
22,15400;-0,36907;-0,03115
22,16400;-0,36924;-0,03128
22,17400;-0,36941;-0,03129
22,18400;-0,36964;-0,03127
22,19400;-0,36981;-0,03124
22,20400;-0,36998;-0,03124
22,21400;-0,37015;-0,03131
22,22400;-0,37032;-0,03124
22,23400;-0,37049;-0,03131
22,24400;-0,37066;-0,03129
22,25400;-0,37083;-0,03142
22,26400;-0,37100;-0,03133
22,27400;-0,37117;-0,03144
22,28400;-0,37134;-0,03141
22,29400;-0,37151;-0,03144
22,30400;-0,37168;-0,03152
22,31400;-0,37185;-0,03138
22,32400;-0,37202;-0,03158
22,33400;-0,37213;-0,03146
22,34400;-0,37230;-0,03165
22,35400;-0,37247;-0,03150
22,36400;-0,37270;-0,03168
22,37400;-0,37287;-0,03160
22,38400;-0,37304;-0,03178
22,39400;-0,37321;-0,03165
22,40400;-0,37338;-0,03170
22,41400;-0,37355;-0,03168
22,42400;-0,37372;-0,03168
22,43400;-0,37389;-0,03182
22,44400;-0,37406;-0,03166
22,45400;-0,37417;-0,03190
22,46400;-0,37434;-0,03179
22,47400;-0,37451;-0,03202
22,48400;-0,37474;-0,03189
22,49400;-0,37491;-0,03194
22,50400;-0,37508;-0,03191
22,51400;-0,37525;-0,03192
22,52400;-0,37542;-0,03200
22,53400;-0,37559;-0,03186
22,54400;-0,37576;-0,03210
22,55400;-0,37593;-0,03188
22,56400;-0,37610;-0,03219
22,57400;-0,37621;-0,03197
22,58400;-0,37638;-0,03217
22,59400;-0,37655;-0,03204
22,60400;-0,37666;-0,03221
22,61400;-0,37683;-0,03201
22,62400;-0,37700;-0,03216
22,63400;-0,37717;-0,03217
22,64400;-0,37734;-0,03212
22,65400;-0,37751;-0,03247
22,66400;-0,37768;-0,03219
22,67400;-0,37785;-0,03251
22,68400;-0,37802;-0,03219
22,69400;-0,37819;-0,03253
22,70400;-0,37836;-0,03221
22,71400;-0,37853;-0,03259
22,72400;-0,37870;-0,03219
22,73400;-0,37887;-0,03255
22,74400;-0,37904;-0,03237
22,75400;-0,37916;-0,03251
22,76400;-0,37933;-0,03257
22,77400;-0,37944;-0,03246
22,78400;-0,37961;-0,03271
22,79400;-0,37978;-0,03248
22,80400;-0,37995;-0,03281
22,81400;-0,38012;-0,03241
22,82400;-0,38029;-0,03293
22,83400;-0,38046;-0,03242
22,84400;-0,38063;-0,03292
22,85400;-0,38080;-0,03261
22,86400;-0,38097;-0,03281
22,87400;-0,38114;-0,03271
22,88400;-0,38131;-0,03279
22,89400;-0,38148;-0,03287
22,90400;-0,38165;-0,03267
22,91400;-0,38182;-0,03311
22,92400;-0,38199;-0,03265
22,93400;-0,38216;-0,03310
22,94400;-0,38233;-0,03268
22,95400;-0,38244;-0,03314
22,96400;-0,38261;-0,03282
22,97400;-0,38278;-0,03320
22,98400;-0,38290;-0,03287
22,99400;-0,38307;-0,03308
23,00400;-0,38324;-0,03313
23,01400;-0,38341;-0,03305
23,02400;-0,38363;-0,03315
23,03400;-0,38380;-0,03299
23,04400;-0,38397;-0,03331
23,05400;-0,38420;-0,03300
23,06400;-0,38437;-0,03338
23,07400;-0,38448;-0,03305
23,08400;-0,38465;-0,03338
23,09400;-0,38482;-0,03311
23,10400;-0,38499;-0,03343
23,11400;-0,38516;-0,03319
23,12400;-0,38539;-0,03334
23,13400;-0,38556;-0,03335
23,14400;-0,38573;-0,03338
23,15400;-0,38590;-0,03350
23,16400;-0,38607;-0,03332
23,17400;-0,38624;-0,03358
23,18400;-0,38641;-0,03330
23,19400;-0,38658;-0,03369
23,20400;-0,38675;-0,03329
23,21400;-0,38692;-0,03364
23,22400;-0,38709;-0,03329
23,23400;-0,38726;-0,03365
23,24400;-0,38737;-0,03352
23,25400;-0,38754;-0,03361
23,26400;-0,38771;-0,03365
23,27400;-0,38788;-0,03364
23,28400;-0,38800;-0,03366
23,29400;-0,38817;-0,03366
23,30400;-0,38834;-0,03378
23,31400;-0,38851;-0,03353
23,32400;-0,38868;-0,03396
23,33400;-0,38879;-0,03363
23,34400;-0,38896;-0,03393
23,35400;-0,38913;-0,03374
23,36400;-0,38936;-0,03397
23,37400;-0,38947;-0,03376
23,38400;-0,38964;-0,03392
23,39400;-0,38981;-0,03389
23,40400;-0,38992;-0,03382
23,41400;-0,39009;-0,03401
23,42400;-0,39026;-0,03387
23,43400;-0,39043;-0,03406
23,44400;-0,39060;-0,03393
23,45400;-0,39077;-0,03431
23,46400;-0,39094;-0,03393
23,47400;-0,39111;-0,03430
23,48400;-0,39134;-0,03401
23,49400;-0,39151;-0,03424
23,50400;-0,39168;-0,03413
23,51400;-0,39185;-0,03427
23,52400;-0,39202;-0,03423
23,53400;-0,39219;-0,03424
23,54400;-0,39236;-0,03444
23,55400;-0,39253;-0,03415
23,56400;-0,39276;-0,03448
23,57400;-0,39287;-0,03417
23,58400;-0,39304;-0,03450
23,59400;-0,39321;-0,03428
23,60400;-0,39338;-0,03462
23,61400;-0,39349;-0,03426
23,62400;-0,39366;-0,03458
23,63400;-0,39383;-0,03447
23,64400;-0,39400;-0,03446
23,65400;-0,39417;-0,03472
23,66400;-0,39434;-0,03451
23,67400;-0,39451;-0,03477
23,68400;-0,39468;-0,03457
23,69400;-0,39485;-0,03484
23,70400;-0,39502;-0,03446
23,71400;-0,39519;-0,03489
23,72400;-0,39536;-0,03456
23,73400;-0,39553;-0,03481
23,74400;-0,39565;-0,03473
23,75400;-0,39582;-0,03484
23,76400;-0,39599;-0,03488
23,77400;-0,39616;-0,03489
23,78400;-0,39638;-0,03502
23,79400;-0,39655;-0,03483
23,80400;-0,39672;-0,03513
23,81400;-0,39689;-0,03484
23,82400;-0,39706;-0,03503
23,83400;-0,39723;-0,03488
23,84400;-0,39740;-0,03514
23,85400;-0,39757;-0,03493
23,86400;-0,39774;-0,03522
23,87400;-0,39791;-0,03508
23,88400;-0,39808;-0,03514
23,89400;-0,39825;-0,03522
23,90400;-0,39842;-0,03512
23,91400;-0,39854;-0,03523
23,92400;-0,39871;-0,03509
23,93400;-0,39888;-0,03537
23,94400;-0,39899;-0,03510
23,95400;-0,39916;-0,03545
23,96400;-0,39933;-0,03519
23,97400;-0,39950;-0,03551
23,98400;-0,39967;-0,03534
23,99400;-0,39984;-0,03553
24,00400;-0,40001;-0,03542
24,01400;-0,40018;-0,03557
24,02400;-0,40035;-0,03554
24,03400;-0,40052;-0,03540
24,04400;-0,40063;-0,03567
24,05400;-0,40080;-0,03533
24,06400;-0,40097;-0,03571
24,07400;-0,40114;-0,03550
24,08400;-0,40126;-0,03575
24,09400;-0,40143;-0,03550
24,10400;-0,40160;-0,03586
24,11400;-0,40177;-0,03562
24,12400;-0,40194;-0,03572
24,13400;-0,40216;-0,03575
24,14400;-0,40233;-0,03573
24,15400;-0,40250;-0,03591
24,16400;-0,40267;-0,03565
24,17400;-0,40284;-0,03607
24,18400;-0,40301;-0,03563
24,19400;-0,40313;-0,03616
24,20400;-0,40330;-0,03573
24,21400;-0,40347;-0,03604
24,22400;-0,40364;-0,03580
24,23400;-0,40381;-0,03608
24,24400;-0,40398;-0,03594
24,25400;-0,40415;-0,03607
24,26400;-0,40426;-0,03606
24,27400;-0,40443;-0,03601
24,28400;-0,40460;-0,03631
24,29400;-0,40471;-0,03602
24,30400;-0,40494;-0,03635
24,31400;-0,40511;-0,03611
24,32400;-0,40534;-0,03628
24,33400;-0,40551;-0,03620
24,34400;-0,40568;-0,03629
24,35400;-0,40585;-0,03625
24,36400;-0,40602;-0,03632
24,37400;-0,40619;-0,03623
24,38400;-0,40636;-0,03636
24,39400;-0,40653;-0,03634
24,40400;-0,40670;-0,03644
24,41400;-0,40687;-0,03647
24,42400;-0,40704;-0,03647
24,43400;-0,40721;-0,03654
24,44400;-0,40738;-0,03656
24,45400;-0,40760;-0,03659
24,46400;-0,40772;-0,03660
24,47400;-0,40789;-0,03659
24,48400;-0,40806;-0,03661
24,49400;-0,40823;-0,03683
24,50400;-0,40840;-0,03657
24,51400;-0,40857;-0,03682
24,52400;-0,40874;-0,03665
24,53400;-0,40891;-0,03679
24,54400;-0,40908;-0,03676
24,55400;-0,40919;-0,03683
24,56400;-0,40936;-0,03670
24,57400;-0,40953;-0,03689
24,58400;-0,40964;-0,03681
24,59400;-0,40981;-0,03691
24,60400;-0,40998;-0,03685
24,61400;-0,41015;-0,03685
24,62400;-0,41032;-0,03695
24,63400;-0,41049;-0,03695
24,64400;-0,41066;-0,03698
24,65400;-0,41083;-0,03704
24,66400;-0,41100;-0,03703
24,67400;-0,41117;-0,03711
24,68400;-0,41134;-0,03719
24,69400;-0,41146;-0,03708
24,70400;-0,41163;-0,03717
24,71400;-0,41174;-0,03705
24,72400;-0,41191;-0,03728
24,73400;-0,41208;-0,03713
24,74400;-0,41225;-0,03736
24,75400;-0,41242;-0,03727
24,76400;-0,41259;-0,03745
24,77400;-0,41276;-0,03730
24,78400;-0,41293;-0,03744
24,79400;-0,41316;-0,03733
24,80400;-0,41333;-0,03744
24,81400;-0,41350;-0,03746
24,82400;-0,41367;-0,03737
24,83400;-0,41384;-0,03761
24,84400;-0,41401;-0,03729
24,85400;-0,41418;-0,03778
24,86400;-0,41435;-0,03739
24,87400;-0,41452;-0,03770
24,88400;-0,41469;-0,03747
24,89400;-0,41486;-0,03774
24,90400;-0,41503;-0,03765
24,91400;-0,41520;-0,03765
24,92400;-0,41531;-0,03768
24,93400;-0,41548;-0,03764
24,94400;-0,41565;-0,03787
24,95400;-0,41582;-0,03766
24,96400;-0,41599;-0,03805
24,97400;-0,41616;-0,03760
24,98400;-0,41639;-0,03812
24,99400;-0,41656;-0,03784
25,00400;-0,41673;-0,03798
25,01400;-0,41690;-0,03789
25,02400;-0,41707;-0,03789
25,03400;-0,41718;-0,03799
25,04400;-0,41735;-0,03795
25,05400;-0,41752;-0,03807
25,06400;-0,41769;-0,03793
25,07400;-0,41786;-0,03822
25,08400;-0,41803;-0,03798
25,09400;-0,41820;-0,03828
25,10400;-0,41837;-0,03802
25,11400;-0,41854;-0,03829
25,12400;-0,41871;-0,03808
25,13400;-0,41888;-0,03829
25,14400;-0,41905;-0,03829
25,15400;-0,41922;-0,03824
25,16400;-0,41939;-0,03839
25,17400;-0,41956;-0,03842
25,18400;-0,41967;-0,03836
25,19400;-0,41984;-0,03838
25,20400;-0,42001;-0,03857
25,21400;-0,42018;-0,03824
25,22400;-0,42030;-0,03863
25,23400;-0,42047;-0,03830
25,24400;-0,42064;-0,03860
25,25400;-0,42081;-0,03850
25,26400;-0,42098;-0,03865
25,27400;-0,42115;-0,03860
25,28400;-0,42132;-0,03862
25,29400;-0,42149;-0,03871
25,30400;-0,42166;-0,03866
25,31400;-0,42183;-0,03882
25,32400;-0,42194;-0,03850
25,33400;-0,42211;-0,03884
25,34400;-0,42228;-0,03854
25,35400;-0,42239;-0,03896
25,36400;-0,42256;-0,03861
25,37400;-0,42273;-0,03903
25,38400;-0,42290;-0,03877
25,39400;-0,42307;-0,03893
25,40400;-0,42330;-0,03899
25,41400;-0,42347;-0,03881
25,42400;-0,42364;-0,03905
25,43400;-0,42381;-0,03884
25,44400;-0,42398;-0,03919
25,45400;-0,42415;-0,03884
25,46400;-0,42438;-0,03932
25,47400;-0,42449;-0,03895
25,48400;-0,42472;-0,03928
25,49400;-0,42483;-0,03900
25,50400;-0,42500;-0,03916
25,51400;-0,42517;-0,03914
25,52400;-0,42534;-0,03922
25,53400;-0,42551;-0,03930
25,54400;-0,42568;-0,03912
25,55400;-0,42579;-0,03940
25,56400;-0,42596;-0,03917
25,57400;-0,42608;-0,03951
25,58400;-0,42625;-0,03928
25,59400;-0,42642;-0,03947
25,60400;-0,42664;-0,03943
25,61400;-0,42681;-0,03951
25,62400;-0,42698;-0,03949
25,63400;-0,42721;-0,03943
25,64400;-0,42738;-0,03952
25,65400;-0,42755;-0,03947
25,66400;-0,42772;-0,03968
25,67400;-0,42789;-0,03946
25,68400;-0,42806;-0,03961
25,69400;-0,42823;-0,03951
25,70400;-0,42840;-0,03976
25,71400;-0,42851;-0,03963
25,72400;-0,42868;-0,03974
25,73400;-0,42885;-0,03972
25,74400;-0,42908;-0,03975
25,75400;-0,42925;-0,03985
25,76400;-0,42942;-0,03988
25,77400;-0,42959;-0,03982
25,78400;-0,42976;-0,03993
25,79400;-0,42993;-0,04001
25,80400;-0,43010;-0,03998
25,81400;-0,43027;-0,03994
25,82400;-0,43044;-0,03997
25,83400;-0,43055;-0,03997
25,84400;-0,43072;-0,04001
25,85400;-0,43089;-0,04009
25,86400;-0,43106;-0,04006
25,87400;-0,43118;-0,04007
25,88400;-0,43135;-0,04014
25,89400;-0,43152;-0,04014
25,90400;-0,43163;-0,04025
25,91400;-0,43180;-0,04018
25,92400;-0,43197;-0,04021
25,93400;-0,43214;-0,04020
25,94400;-0,43231;-0,04025
25,95400;-0,43248;-0,04027
25,96400;-0,43265;-0,04042
25,97400;-0,43282;-0,04031
25,98400;-0,43299;-0,04039
25,99400;-0,43310;-0,04040
26,00400;-0,43322;-0,04030
26,01400;-0,43339;-0,04050
26,02400;-0,43356;-0,04031
26,03400;-0,43373;-0,04054
26,04400;-0,43390;-0,04050
26,05400;-0,43412;-0,04064
26,06400;-0,43429;-0,04055
26,07400;-0,43446;-0,04062
26,08400;-0,43463;-0,04061
26,09400;-0,43486;-0,04058
26,10400;-0,43503;-0,04071
26,11400;-0,43520;-0,04059
26,12400;-0,43537;-0,04078
26,13400;-0,43554;-0,04064
26,14400;-0,43571;-0,04087
26,15400;-0,43588;-0,04076
26,16400;-0,43605;-0,04083
26,17400;-0,43622;-0,04083
26,18400;-0,43639;-0,04070
26,19400;-0,43650;-0,04087
26,20400;-0,43667;-0,04080
26,21400;-0,43679;-0,04091
26,22400;-0,43696;-0,04081
26,23400;-0,43713;-0,04109
26,24400;-0,43730;-0,04093
26,25400;-0,43747;-0,04110
26,26400;-0,43764;-0,04101
26,27400;-0,43781;-0,04103
26,28400;-0,43798;-0,04118
26,29400;-0,43815;-0,04107
26,30400;-0,43837;-0,04124
26,31400;-0,43854;-0,04113
26,32400;-0,43871;-0,04129
26,33400;-0,43883;-0,04115
26,34400;-0,43900;-0,04136
26,35400;-0,43917;-0,04122
26,36400;-0,43934;-0,04135
26,37400;-0,43951;-0,04125
26,38400;-0,43962;-0,04146
26,39400;-0,43979;-0,04127
26,40400;-0,43996;-0,04141
26,41400;-0,44013;-0,04145
26,42400;-0,44030;-0,04137
26,43400;-0,44047;-0,04149
26,44400;-0,44070;-0,04150
26,45400;-0,44087;-0,04156
26,46400;-0,44104;-0,04148
26,47400;-0,44115;-0,04172
26,48400;-0,44138;-0,04154
26,49400;-0,44155;-0,04166
26,50400;-0,44172;-0,04162
26,51400;-0,44189;-0,04171
26,52400;-0,44200;-0,04164
26,53400;-0,44217;-0,04171
26,54400;-0,44234;-0,04179
26,55400;-0,44251;-0,04173
26,56400;-0,44268;-0,04187
26,57400;-0,44285;-0,04174
26,58400;-0,44302;-0,04185
26,59400;-0,44319;-0,04186
26,60400;-0,44336;-0,04190
26,61400;-0,44353;-0,04196
26,62400;-0,44370;-0,04201
26,63400;-0,44387;-0,04198
26,64400;-0,44398;-0,04197
26,65400;-0,44415;-0,04203
26,66400;-0,44427;-0,04204
26,67400;-0,44444;-0,04212
26,68400;-0,44461;-0,04208
26,69400;-0,44478;-0,04220
26,70400;-0,44495;-0,04212
26,71400;-0,44512;-0,04224
26,72400;-0,44529;-0,04212
26,73400;-0,44546;-0,04214
26,74400;-0,44563;-0,04216
26,75400;-0,44585;-0,04230
26,76400;-0,44602;-0,04226
26,77400;-0,44619;-0,04235
26,78400;-0,44636;-0,04240
26,79400;-0,44653;-0,04240
26,80400;-0,44670;-0,04250
26,81400;-0,44687;-0,04237
26,82400;-0,44699;-0,04257
26,83400;-0,44716;-0,04237
26,84400;-0,44733;-0,04251
26,85400;-0,44744;-0,04244
26,86400;-0,44761;-0,04257
26,87400;-0,44778;-0,04254
26,88400;-0,44795;-0,04261
26,89400;-0,44812;-0,04263
26,90400;-0,44829;-0,04271
26,91400;-0,44846;-0,04272
26,92400;-0,44869;-0,04266
26,93400;-0,44886;-0,04273
26,94400;-0,44903;-0,04263
26,95400;-0,44925;-0,04277
26,96400;-0,44942;-0,04277
26,97400;-0,44959;-0,04279
26,98400;-0,44976;-0,04289
26,99400;-0,44988;-0,04288
27,00400;-0,45005;-0,04292
27,01400;-0,45022;-0,04294
27,02400;-0,45039;-0,04290
27,03400;-0,45056;-0,04295
27,04400;-0,45073;-0,04308
27,05400;-0,45090;-0,04306
27,06400;-0,45107;-0,04315
27,07400;-0,45124;-0,04305
27,08400;-0,45141;-0,04318
27,09400;-0,45158;-0,04312
27,10400;-0,45175;-0,04325
27,11400;-0,45192;-0,04313
27,12400;-0,45209;-0,04318
27,13400;-0,45220;-0,04324
27,14400;-0,45237;-0,04325
27,15400;-0,45254;-0,04340
27,16400;-0,45271;-0,04326
27,17400;-0,45282;-0,04343
27,18400;-0,45299;-0,04325
27,19400;-0,45316;-0,04353
27,20400;-0,45333;-0,04332
27,21400;-0,45345;-0,04349
27,22400;-0,45362;-0,04334
27,23400;-0,45379;-0,04353
27,24400;-0,45396;-0,04352
27,25400;-0,45413;-0,04355
27,26400;-0,45430;-0,04368
27,27400;-0,45447;-0,04349
27,28400;-0,45464;-0,04375
27,29400;-0,45475;-0,04355
27,30400;-0,45492;-0,04364
27,31400;-0,45509;-0,04351
27,32400;-0,45520;-0,04376
27,33400;-0,45537;-0,04361
27,34400;-0,45560;-0,04378
27,35400;-0,45577;-0,04368
27,36400;-0,45594;-0,04380
27,37400;-0,45617;-0,04386
27,38400;-0,45634;-0,04389
27,39400;-0,45651;-0,04393
27,40400;-0,45668;-0,04381
27,41400;-0,45685;-0,04399
27,42400;-0,45702;-0,04393
27,43400;-0,45719;-0,04399
27,44400;-0,45741;-0,04396
27,45400;-0,45758;-0,04408
27,46400;-0,45775;-0,04404
27,47400;-0,45787;-0,04419
27,48400;-0,45804;-0,04401
27,49400;-0,45815;-0,04413
27,50400;-0,45832;-0,04409
27,51400;-0,45849;-0,04412
27,52400;-0,45860;-0,04416
27,53400;-0,45877;-0,04421
27,54400;-0,45894;-0,04425
27,55400;-0,45911;-0,04429
27,56400;-0,45928;-0,04444
27,57400;-0,45951;-0,04432
27,58400;-0,45968;-0,04450
27,59400;-0,45985;-0,04430
27,60400;-0,46002;-0,04455
27,61400;-0,46019;-0,04430
27,62400;-0,46036;-0,04456
27,63400;-0,46053;-0,04436
27,64400;-0,46064;-0,04450
27,65400;-0,46081;-0,04448
27,66400;-0,46098;-0,04456
27,67400;-0,46115;-0,04461
27,68400;-0,46132;-0,04459
27,69400;-0,46149;-0,04473
27,70400;-0,46166;-0,04458
27,71400;-0,46183;-0,04479
27,72400;-0,46200;-0,04455
27,73400;-0,46217;-0,04482
27,74400;-0,46234;-0,04459
27,75400;-0,46251;-0,04486
27,76400;-0,46268;-0,04479
27,77400;-0,46285;-0,04488
27,78400;-0,46302;-0,04495
27,79400;-0,46319;-0,04488
27,80400;-0,46336;-0,04506
27,81400;-0,46353;-0,04488
27,82400;-0,46370;-0,04493
27,83400;-0,46382;-0,04486
27,84400;-0,46399;-0,04497
27,85400;-0,46416;-0,04493
27,86400;-0,46433;-0,04519
27,87400;-0,46450;-0,04502
27,88400;-0,46467;-0,04513
27,89400;-0,46484;-0,04516
27,90400;-0,46501;-0,04509
27,91400;-0,46518;-0,04521
27,92400;-0,46535;-0,04509
27,93400;-0,46552;-0,04520
27,94400;-0,46563;-0,04519
27,95400;-0,46580;-0,04530
27,96400;-0,46591;-0,04534
27,97400;-0,46608;-0,04537
27,98400;-0,46625;-0,04530
27,99400;-0,46642;-0,04548
28,00400;-0,46659;-0,04541
28,01400;-0,46682;-0,04545
28,02400;-0,46699;-0,04536
28,03400;-0,46716;-0,04540
28,04400;-0,46733;-0,04548
28,05400;-0,46750;-0,04551
28,06400;-0,46767;-0,04555
28,07400;-0,46784;-0,04558
28,08400;-0,46801;-0,04554
28,09400;-0,46818;-0,04566
28,10400;-0,46835;-0,04567
28,11400;-0,46852;-0,04566
28,12400;-0,46869;-0,04572
28,13400;-0,46886;-0,04572
28,14400;-0,46897;-0,04580
28,15400;-0,46914;-0,04577
28,16400;-0,46931;-0,04579
28,17400;-0,46943;-0,04581
28,18400;-0,46960;-0,04589
28,19400;-0,46977;-0,04594
28,20400;-0,46994;-0,04596
28,21400;-0,47016;-0,04589
28,22400;-0,47033;-0,04601
28,23400;-0,47050;-0,04595
28,24400;-0,47067;-0,04600
28,25400;-0,47090;-0,04602
28,26400;-0,47107;-0,04610
28,27400;-0,47124;-0,04606
28,28400;-0,47141;-0,04619
28,29400;-0,47152;-0,04607
28,30400;-0,47169;-0,04611
28,31400;-0,47186;-0,04625
28,32400;-0,47203;-0,04619
28,33400;-0,47220;-0,04630
28,34400;-0,47237;-0,04620
28,35400;-0,47254;-0,04637
28,36400;-0,47271;-0,04630
28,37400;-0,47288;-0,04643
28,38400;-0,47305;-0,04643
28,39400;-0,47322;-0,04643
28,40400;-0,47339;-0,04646
28,41400;-0,47356;-0,04648
28,42400;-0,47373;-0,04641
28,43400;-0,47385;-0,04649
28,44400;-0,47402;-0,04653
28,45400;-0,47419;-0,04646
28,46400;-0,47436;-0,04663
28,47400;-0,47447;-0,04655
28,48400;-0,47464;-0,04659
28,49400;-0,47481;-0,04661
28,50400;-0,47498;-0,04672
28,51400;-0,47509;-0,04665
28,52400;-0,47526;-0,04670
28,53400;-0,47543;-0,04677
28,54400;-0,47560;-0,04680
28,55400;-0,47577;-0,04682
28,56400;-0,47594;-0,04687
28,57400;-0,47611;-0,04690
28,58400;-0,47628;-0,04686
28,59400;-0,47645;-0,04702
28,60400;-0,47657;-0,04679
28,61400;-0,47674;-0,04700
28,62400;-0,47691;-0,04690
28,63400;-0,47708;-0,04708
28,64400;-0,47725;-0,04699
28,65400;-0,47742;-0,04714
28,66400;-0,47764;-0,04702
28,67400;-0,47781;-0,04713
28,68400;-0,47798;-0,04728
28,69400;-0,47815;-0,04708
28,70400;-0,47832;-0,04731
28,71400;-0,47855;-0,04716
28,72400;-0,47872;-0,04736
28,73400;-0,47889;-0,04719
28,74400;-0,47906;-0,04734
28,75400;-0,47923;-0,04728
28,76400;-0,47934;-0,04734
28,77400;-0,47951;-0,04741
28,78400;-0,47963;-0,04736
28,79400;-0,47980;-0,04744
28,80400;-0,47997;-0,04740
28,81400;-0,48014;-0,04768
28,82400;-0,48031;-0,04738
28,83400;-0,48048;-0,04761
28,84400;-0,48065;-0,04738
28,85400;-0,48087;-0,04765
28,86400;-0,48104;-0,04753
28,87400;-0,48121;-0,04772
28,88400;-0,48138;-0,04767
28,89400;-0,48155;-0,04774
28,90400;-0,48172;-0,04782
28,91400;-0,48189;-0,04774
28,92400;-0,48206;-0,04783
28,93400;-0,48218;-0,04773
28,94400;-0,48235;-0,04797
28,95400;-0,48252;-0,04775
28,96400;-0,48269;-0,04809
28,97400;-0,48286;-0,04782
28,98400;-0,48303;-0,04805
28,99400;-0,48320;-0,04796
29,00400;-0,48337;-0,04802
29,01400;-0,48354;-0,04793
29,02400;-0,48371;-0,04809
29,03400;-0,48388;-0,04812
29,04400;-0,48405;-0,04804
29,05400;-0,48422;-0,04827
29,06400;-0,48439;-0,04802
29,07400;-0,48456;-0,04829
29,08400;-0,48473;-0,04823
29,09400;-0,48490;-0,04831
29,10400;-0,48507;-0,04818
29,11400;-0,48524;-0,04831
29,12400;-0,48535;-0,04821
29,13400;-0,48552;-0,04831
29,14400;-0,48569;-0,04841
29,15400;-0,48586;-0,04827
29,16400;-0,48603;-0,04844
29,17400;-0,48614;-0,04838
29,18400;-0,48631;-0,04848
29,19400;-0,48648;-0,04838
29,20400;-0,48665;-0,04854
29,21400;-0,48688;-0,04844
29,22400;-0,48705;-0,04855
29,23400;-0,48716;-0,04856
29,24400;-0,48733;-0,04854
29,25400;-0,48750;-0,04860
29,26400;-0,48762;-0,04866
29,27400;-0,48779;-0,04876
29,28400;-0,48796;-0,04864
29,29400;-0,48813;-0,04888
29,30400;-0,48830;-0,04871
29,31400;-0,48847;-0,04886
29,32400;-0,48864;-0,04877
29,33400;-0,48881;-0,04889
29,34400;-0,48898;-0,04887
29,35400;-0,48915;-0,04887
29,36400;-0,48932;-0,04887
29,37400;-0,48949;-0,04890
29,38400;-0,48966;-0,04902
29,39400;-0,48988;-0,04898
29,40400;-0,49005;-0,04904
29,41400;-0,49017;-0,04901
29,42400;-0,49034;-0,04911
29,43400;-0,49051;-0,04913
29,44400;-0,49062;-0,04918
29,45400;-0,49079;-0,04912
29,46400;-0,49096;-0,04913
29,47400;-0,49113;-0,04926
29,48400;-0,49130;-0,04920
29,49400;-0,49147;-0,04926
29,50400;-0,49164;-0,04914
29,51400;-0,49187;-0,04938
29,52400;-0,49204;-0,04923
29,53400;-0,49221;-0,04939
29,54400;-0,49238;-0,04931
29,55400;-0,49255;-0,04948
29,56400;-0,49272;-0,04930
29,57400;-0,49289;-0,04958
29,58400;-0,49306;-0,04937
29,59400;-0,49323;-0,04947
29,60400;-0,49334;-0,04956
29,61400;-0,49351;-0,04954
29,62400;-0,49368;-0,04968
29,63400;-0,49385;-0,04958
29,64400;-0,49402;-0,04972
29,65400;-0,49419;-0,04958
29,66400;-0,49436;-0,04985
29,67400;-0,49453;-0,04957
29,68400;-0,49470;-0,04982
29,69400;-0,49487;-0,04965
29,70400;-0,49504;-0,04988
29,71400;-0,49521;-0,04976
29,72400;-0,49538;-0,04982
29,73400;-0,49555;-0,04989
29,74400;-0,49572;-0,04979
29,75400;-0,49589;-0,05000
29,76400;-0,49600;-0,04979
29,77400;-0,49617;-0,05002
29,78400;-0,49634;-0,04991
29,79400;-0,49646;-0,05008
29,80400;-0,49663;-0,05003
29,81400;-0,49680;-0,05016
29,82400;-0,49697;-0,04998
29,83400;-0,49714;-0,05020
29,84400;-0,49731;-0,05020
29,85400;-0,49748;-0,05006
29,86400;-0,49765;-0,05030
29,87400;-0,49782;-0,05009
29,88400;-0,49799;-0,05033
29,89400;-0,49810;-0,05018
29,90400;-0,49827;-0,05028
29,91400;-0,49838;-0,05026
29,92400;-0,49855;-0,05048
29,93400;-0,49872;-0,05036
29,94400;-0,49895;-0,05054
29,95400;-0,49912;-0,05052
29,96400;-0,49929;-0,05045
29,97400;-0,49952;-0,05066
29,98400;-0,49969;-0,05046
29,99400;-0,49986;-0,05071
30,00400;-0,50003;-0,05049
30,01400;-0,50020;-0,05072
30,02400;-0,50037;-0,05044
30,03400;-0,50054;-0,05077
30,04400;-0,50071;-0,05053
30,05400;-0,50088;-0,05076
30,06400;-0,50105;-0,05068
30,07400;-0,50122;-0,05088
30,08400;-0,50133;-0,05079
30,09400;-0,50150;-0,05084
30,10400;-0,50167;-0,05100
30,11400;-0,50184;-0,05069
30,12400;-0,50201;-0,05100
30,13400;-0,50212;-0,05091
30,14400;-0,50235;-0,05110
30,15400;-0,50252;-0,05095
30,16400;-0,50269;-0,05128
30,17400;-0,50286;-0,05098
30,18400;-0,50303;-0,05130
30,19400;-0,50320;-0,05109
30,20400;-0,50337;-0,05106
30,21400;-0,50354;-0,05112
30,22400;-0,50365;-0,05115
30,23400;-0,50382;-0,05127
30,24400;-0,50399;-0,05117
30,25400;-0,50416;-0,05146
30,26400;-0,50433;-0,05120
30,27400;-0,50456;-0,05154
30,28400;-0,50473;-0,05127
30,29400;-0,50490;-0,05149
30,30400;-0,50507;-0,05129
30,31400;-0,50524;-0,05160
30,32400;-0,50541;-0,05141
30,33400;-0,50558;-0,05158
30,34400;-0,50575;-0,05154
30,35400;-0,50592;-0,05147
30,36400;-0,50609;-0,05166
30,37400;-0,50626;-0,05157
30,38400;-0,50643;-0,05177
30,39400;-0,50660;-0,05158
30,40400;-0,50677;-0,05200
30,41400;-0,50688;-0,05163
30,42400;-0,50705;-0,05185
30,43400;-0,50722;-0,05174
30,44400;-0,50734;-0,05182
30,45400;-0,50751;-0,05176
30,46400;-0,50768;-0,05198
30,47400;-0,50785;-0,05193
30,48400;-0,50802;-0,05194
30,49400;-0,50813;-0,05222
30,50400;-0,50830;-0,05194
30,51400;-0,50847;-0,05219
30,52400;-0,50864;-0,05199
30,53400;-0,50881;-0,05206
30,54400;-0,50892;-0,05190
30,55400;-0,50909;-0,05213
30,56400;-0,50921;-0,05212
30,57400;-0,50938;-0,05220
30,58400;-0,50955;-0,05232
30,59400;-0,50977;-0,05218
30,60400;-0,50994;-0,05235
30,61400;-0,51011;-0,05227
30,62400;-0,51028;-0,05239
30,63400;-0,51045;-0,05225
30,64400;-0,51068;-0,05257
30,65400;-0,51085;-0,05235
30,66400;-0,51102;-0,05251
30,67400;-0,51119;-0,05262
30,68400;-0,51136;-0,05249
30,69400;-0,51153;-0,05257
30,70400;-0,51164;-0,05269
30,71400;-0,51181;-0,05262
30,72400;-0,51198;-0,05259
30,73400;-0,51215;-0,05278
30,74400;-0,51232;-0,05257
30,75400;-0,51249;-0,05278
30,76400;-0,51261;-0,05271
30,77400;-0,51278;-0,05281
30,78400;-0,51295;-0,05292
30,79400;-0,51317;-0,05294
30,80400;-0,51334;-0,05295
30,81400;-0,51351;-0,05284
30,82400;-0,51368;-0,05306
30,83400;-0,51385;-0,05289
30,84400;-0,51402;-0,05303
30,85400;-0,51419;-0,05306
30,86400;-0,51436;-0,05309
30,87400;-0,51453;-0,05318
30,88400;-0,51470;-0,05340
30,89400;-0,51487;-0,05318
30,90400;-0,51504;-0,05333
30,91400;-0,51521;-0,05327
30,92400;-0,51538;-0,05324
30,93400;-0,51555;-0,05331
30,94400;-0,51572;-0,05330
30,95400;-0,51584;-0,05338
30,96400;-0,51601;-0,05339
30,97400;-0,51618;-0,05356
30,98400;-0,51635;-0,05335
30,99400;-0,51652;-0,05360
31,00400;-0,51669;-0,05343
31,01400;-0,51686;-0,05367
31,02400;-0,51703;-0,05353
31,03400;-0,51720;-0,05374
31,04400;-0,51737;-0,05353
31,05400;-0,51754;-0,05378
31,06400;-0,51765;-0,05374
31,07400;-0,51782;-0,05364
31,08400;-0,51799;-0,05381
31,09400;-0,51810;-0,05378
31,10400;-0,51827;-0,05397
31,11400;-0,51844;-0,05380
31,12400;-0,51861;-0,05410
31,13400;-0,51878;-0,05382
31,14400;-0,51895;-0,05414
31,15400;-0,51912;-0,05404
31,16400;-0,51929;-0,05406
31,17400;-0,51946;-0,05404
31,18400;-0,51958;-0,05416
31,19400;-0,51975;-0,05419
31,20400;-0,51992;-0,05412
31,21400;-0,52009;-0,05438
31,22400;-0,52026;-0,05407
31,23400;-0,52043;-0,05445
31,24400;-0,52065;-0,05436
31,25400;-0,52082;-0,05438
31,26400;-0,52099;-0,05431
31,27400;-0,52116;-0,05458
31,28400;-0,52133;-0,05442
31,29400;-0,52150;-0,05459
31,30400;-0,52167;-0,05463
31,31400;-0,52184;-0,05445
31,32400;-0,52201;-0,05464
31,33400;-0,52218;-0,05461
31,34400;-0,52235;-0,05471
31,35400;-0,52252;-0,05466
31,36400;-0,52269;-0,05485
31,37400;-0,52281;-0,05469
31,38400;-0,52298;-0,05491
31,39400;-0,52315;-0,05485
31,40400;-0,52326;-0,05484
31,41400;-0,52343;-0,05488
31,42400;-0,52360;-0,05500
31,43400;-0,52383;-0,05488
31,44400;-0,52400;-0,05509
31,45400;-0,52417;-0,05512
31,46400;-0,52434;-0,05512
31,47400;-0,52456;-0,05524
31,48400;-0,52468;-0,05525
31,49400;-0,52485;-0,05521
31,50400;-0,52502;-0,05522
31,51400;-0,52519;-0,05538
31,52400;-0,52536;-0,05516
31,53400;-0,52553;-0,05551
31,54400;-0,52570;-0,05541
31,55400;-0,52587;-0,05551
31,56400;-0,52604;-0,05541
31,57400;-0,52621;-0,05557
31,58400;-0,52638;-0,05539
31,59400;-0,52655;-0,05557
31,60400;-0,52672;-0,05567
31,61400;-0,52694;-0,05549
31,62400;-0,52706;-0,05582
31,63400;-0,52723;-0,05560
31,64400;-0,52740;-0,05587
31,65400;-0,52757;-0,05577
31,66400;-0,52774;-0,05596
31,67400;-0,52791;-0,05573
31,68400;-0,52808;-0,05604
31,69400;-0,52825;-0,05592
31,70400;-0,52842;-0,05597
31,71400;-0,52853;-0,05605
31,72400;-0,52870;-0,05604
31,73400;-0,52881;-0,05609
31,74400;-0,52898;-0,05607
31,75400;-0,52915;-0,05617
31,76400;-0,52932;-0,05603
31,77400;-0,52944;-0,05623
31,78400;-0,52961;-0,05621
31,79400;-0,52978;-0,05631
31,80400;-0,52995;-0,05637
31,81400;-0,53012;-0,05639
31,82400;-0,53029;-0,05638
31,83400;-0,53040;-0,05637
31,84400;-0,53057;-0,05636
31,85400;-0,53068;-0,05639
31,86400;-0,53085;-0,05649
31,87400;-0,53102;-0,05651
31,88400;-0,53119;-0,05666
31,89400;-0,53142;-0,05667
31,90400;-0,53159;-0,05673
31,91400;-0,53176;-0,05667
31,92400;-0,53199;-0,05673
31,93400;-0,53216;-0,05676
31,94400;-0,53233;-0,05682
31,95400;-0,53250;-0,05676
31,96400;-0,53267;-0,05688
31,97400;-0,53284;-0,05688
31,98400;-0,53301;-0,05702
31,99400;-0,53312;-0,05704
32,00400;-0,53329;-0,05705
32,01400;-0,53346;-0,05706
32,02400;-0,53363;-0,05713
32,03400;-0,53374;-0,05707
32,04400;-0,53391;-0,05710
32,05400;-0,53408;-0,05724
32,06400;-0,53425;-0,05721
32,07400;-0,53448;-0,05737
32,08400;-0,53465;-0,05738
32,09400;-0,53482;-0,05739
32,10400;-0,53499;-0,05740
32,11400;-0,53522;-0,05750
32,12400;-0,53539;-0,05734
32,13400;-0,53550;-0,05750
32,14400;-0,53567;-0,05754
32,15400;-0,53584;-0,05757
32,16400;-0,53601;-0,05764
32,17400;-0,53618;-0,05771
32,18400;-0,53635;-0,05766
32,19400;-0,53652;-0,05779
32,20400;-0,53669;-0,05783
32,21400;-0,53686;-0,05762
32,22400;-0,53703;-0,05785
32,23400;-0,53720;-0,05784
32,24400;-0,53737;-0,05785
32,25400;-0,53754;-0,05793
32,26400;-0,53771;-0,05805
32,27400;-0,53788;-0,05806
32,28400;-0,53805;-0,05814
32,29400;-0,53822;-0,05824
32,30400;-0,53839;-0,05800
32,31400;-0,53856;-0,05824
32,32400;-0,53873;-0,05820
32,33400;-0,53890;-0,05824
32,34400;-0,53901;-0,05824
32,35400;-0,53918;-0,05835
32,36400;-0,53935;-0,05834
32,37400;-0,53947;-0,05837
32,38400;-0,53964;-0,05853
32,39400;-0,53981;-0,05839
32,40400;-0,53998;-0,05856
32,41400;-0,54015;-0,05850
32,42400;-0,54032;-0,05859
32,43400;-0,54049;-0,05854
32,44400;-0,54066;-0,05870
32,45400;-0,54083;-0,05862
32,46400;-0,54100;-0,05863
32,47400;-0,54117;-0,05876
32,48400;-0,54128;-0,05862
32,49400;-0,54145;-0,05883
32,50400;-0,54162;-0,05884
32,51400;-0,54173;-0,05897
32,52400;-0,54190;-0,05892
32,53400;-0,54213;-0,05912
32,54400;-0,54230;-0,05896
32,55400;-0,54247;-0,05908
32,56400;-0,54264;-0,05906
32,57400;-0,54281;-0,05902
32,58400;-0,54298;-0,05922
32,59400;-0,54315;-0,05915
32,60400;-0,54332;-0,05921
32,61400;-0,54349;-0,05920
32,62400;-0,54372;-0,05934
32,63400;-0,54383;-0,05925
32,64400;-0,54406;-0,05953
32,65400;-0,54417;-0,05940
32,66400;-0,54434;-0,05947
32,67400;-0,54451;-0,05952
32,68400;-0,54468;-0,05957
32,69400;-0,54479;-0,05948
32,70400;-0,54496;-0,05963
32,71400;-0,54513;-0,05955
32,72400;-0,54530;-0,05965
32,73400;-0,54547;-0,05984
32,74400;-0,54570;-0,05975
32,75400;-0,54587;-0,05980
32,76400;-0,54604;-0,05977
32,77400;-0,54621;-0,05990
32,78400;-0,54638;-0,05987
32,79400;-0,54649;-0,05999
32,80400;-0,54666;-0,05986
32,81400;-0,54683;-0,06008
32,82400;-0,54700;-0,05999
32,83400;-0,54717;-0,06017
32,84400;-0,54740;-0,06013
32,85400;-0,54751;-0,06020
32,86400;-0,54774;-0,06019
32,87400;-0,54791;-0,06018
32,88400;-0,54808;-0,06032
32,89400;-0,54825;-0,06029
32,90400;-0,54842;-0,06044
32,91400;-0,54859;-0,06034
32,92400;-0,54876;-0,06054
32,93400;-0,54893;-0,06025
32,94400;-0,54910;-0,06071
32,95400;-0,54927;-0,06039
32,96400;-0,54938;-0,06060
32,97400;-0,54955;-0,06058
32,98400;-0,54972;-0,06070
32,99400;-0,54984;-0,06070
33,00400;-0,55001;-0,06069
33,01400;-0,55018;-0,06075
33,02400;-0,55035;-0,06060
33,03400;-0,55046;-0,06102
33,04400;-0,55063;-0,06077
33,05400;-0,55080;-0,06100
33,06400;-0,55097;-0,06081
33,07400;-0,55114;-0,06115
33,08400;-0,55131;-0,06097
33,09400;-0,55148;-0,06115
33,10400;-0,55165;-0,06104
33,11400;-0,55182;-0,06100
33,12400;-0,55193;-0,06127
33,13400;-0,55210;-0,06105
33,14400;-0,55222;-0,06123
33,15400;-0,55239;-0,06117
33,16400;-0,55256;-0,06135
33,17400;-0,55273;-0,06123
33,18400;-0,55290;-0,06151
33,19400;-0,55307;-0,06124
33,20400;-0,55329;-0,06154
33,21400;-0,55346;-0,06153
33,22400;-0,55363;-0,06164
33,23400;-0,55380;-0,06159
33,24400;-0,55397;-0,06167
33,25400;-0,55414;-0,06164
33,26400;-0,55431;-0,06163
33,27400;-0,55448;-0,06180
33,28400;-0,55465;-0,06166
33,29400;-0,55482;-0,06191
33,30400;-0,55499;-0,06173
33,31400;-0,55516;-0,06196
33,32400;-0,55533;-0,06176
33,33400;-0,55545;-0,06209
33,34400;-0,55562;-0,06189
33,35400;-0,55579;-0,06204
33,36400;-0,55596;-0,06202
33,37400;-0,55618;-0,06216
33,38400;-0,55635;-0,06216
33,39400;-0,55652;-0,06221
33,40400;-0,55669;-0,06236
33,41400;-0,55686;-0,06210
33,42400;-0,55703;-0,06258
33,43400;-0,55720;-0,06214
33,44400;-0,55737;-0,06249
33,45400;-0,55754;-0,06231
33,46400;-0,55771;-0,06259
33,47400;-0,55788;-0,06248
33,48400;-0,55800;-0,06281
33,49400;-0,55817;-0,06257
33,50400;-0,55839;-0,06268
33,51400;-0,55856;-0,06279
33,52400;-0,55873;-0,06254
33,53400;-0,55890;-0,06281
33,54400;-0,55907;-0,06255
33,55400;-0,55924;-0,06300
33,56400;-0,55941;-0,06266
33,57400;-0,55958;-0,06312
33,58400;-0,55975;-0,06283
33,59400;-0,55992;-0,06300
33,60400;-0,56009;-0,06300
33,61400;-0,56026;-0,06315
33,62400;-0,56038;-0,06296
33,63400;-0,56055;-0,06321
33,64400;-0,56066;-0,06309
33,65400;-0,56083;-0,06310
33,66400;-0,56100;-0,06330
33,67400;-0,56111;-0,06312
33,68400;-0,56128;-0,06321
33,69400;-0,56145;-0,06336
33,70400;-0,56162;-0,06342
33,71400;-0,56179;-0,06347
33,72400;-0,56196;-0,06354
33,73400;-0,56213;-0,06342
33,74400;-0,56230;-0,06351
33,75400;-0,56247;-0,06355
33,76400;-0,56264;-0,06356
33,77400;-0,56281;-0,06352
33,78400;-0,56298;-0,06365
33,79400;-0,56310;-0,06355
33,80400;-0,56327;-0,06364
33,81400;-0,56344;-0,06359
33,82400;-0,56361;-0,06378
33,83400;-0,56378;-0,06365
33,84400;-0,56395;-0,06387
33,85400;-0,56417;-0,06388
33,86400;-0,56434;-0,06382
33,87400;-0,56451;-0,06408
33,88400;-0,56468;-0,06389
33,89400;-0,56485;-0,06400
33,90400;-0,56502;-0,06401
33,91400;-0,56519;-0,06412
33,92400;-0,56536;-0,06393
33,93400;-0,56553;-0,06421
33,94400;-0,56565;-0,06406
33,95400;-0,56582;-0,06410
33,96400;-0,56599;-0,06427
33,97400;-0,56610;-0,06433
33,98400;-0,56627;-0,06436
33,99400;-0,56644;-0,06436
34,00400;-0,56661;-0,06450
34,01400;-0,56678;-0,06433
34,02400;-0,56695;-0,06460
34,03400;-0,56718;-0,06451
34,04400;-0,56735;-0,06453
34,05400;-0,56752;-0,06452
34,06400;-0,56769;-0,06474
34,07400;-0,56786;-0,06468
34,08400;-0,56803;-0,06476
34,09400;-0,56814;-0,06476
34,10400;-0,56831;-0,06470
34,11400;-0,56848;-0,06478
34,12400;-0,56865;-0,06489
34,13400;-0,56882;-0,06488
34,14400;-0,56899;-0,06496
34,15400;-0,56922;-0,06506
34,16400;-0,56939;-0,06504
34,17400;-0,56956;-0,06516
34,18400;-0,56973;-0,06515
34,19400;-0,56990;-0,06510
34,20400;-0,57007;-0,06515
34,21400;-0,57024;-0,06528
34,22400;-0,57041;-0,06512
34,23400;-0,57058;-0,06529
34,24400;-0,57075;-0,06534
34,25400;-0,57092;-0,06535
34,26400;-0,57103;-0,06552
34,27400;-0,57120;-0,06554
34,28400;-0,57137;-0,06542
34,29400;-0,57148;-0,06556
34,30400;-0,57165;-0,06561
34,31400;-0,57182;-0,06549
34,32400;-0,57199;-0,06564
34,33400;-0,57216;-0,06561
34,34400;-0,57233;-0,06565
34,35400;-0,57245;-0,06576
34,36400;-0,57262;-0,06588
34,37400;-0,57279;-0,06570
34,38400;-0,57296;-0,06592
34,39400;-0,57313;-0,06581
34,40400;-0,57330;-0,06593
34,41400;-0,57347;-0,06597
34,42400;-0,57358;-0,06601
34,43400;-0,57375;-0,06584
34,44400;-0,57386;-0,06606
34,45400;-0,57403;-0,06604
34,46400;-0,57420;-0,06608
34,47400;-0,57437;-0,06616
34,48400;-0,57460;-0,06631
34,49400;-0,57477;-0,06624
34,50400;-0,57494;-0,06632
34,51400;-0,57511;-0,06635
34,52400;-0,57534;-0,06625
34,53400;-0,57551;-0,06643
34,54400;-0,57568;-0,06639
34,55400;-0,57585;-0,06656
34,56400;-0,57602;-0,06638
34,57400;-0,57619;-0,06669
34,58400;-0,57636;-0,06645
34,59400;-0,57647;-0,06680
34,60400;-0,57664;-0,06660
34,61400;-0,57681;-0,06680
34,62400;-0,57698;-0,06672
34,63400;-0,57709;-0,06680
34,64400;-0,57726;-0,06691
34,65400;-0,57743;-0,06689
34,66400;-0,57766;-0,06709
34,67400;-0,57783;-0,06674
34,68400;-0,57806;-0,06729
34,69400;-0,57823;-0,06688
34,70400;-0,57840;-0,06732
34,71400;-0,57857;-0,06704
34,72400;-0,57868;-0,06725
34,73400;-0,57885;-0,06701
34,74400;-0,57902;-0,06739
34,75400;-0,57919;-0,06722
34,76400;-0,57936;-0,06715
34,77400;-0,57953;-0,06750
34,78400;-0,57970;-0,06719
34,79400;-0,57987;-0,06762
34,80400;-0,58004;-0,06734
34,81400;-0,58021;-0,06775
34,82400;-0,58038;-0,06738
34,83400;-0,58055;-0,06792
34,84400;-0,58072;-0,06745
34,85400;-0,58089;-0,06776
34,86400;-0,58106;-0,06772
34,87400;-0,58123;-0,06781
34,88400;-0,58140;-0,06782
34,89400;-0,58157;-0,06781
34,90400;-0,58174;-0,06803
34,91400;-0,58191;-0,06772
34,92400;-0,58202;-0,06820
34,93400;-0,58219;-0,06779
34,94400;-0,58236;-0,06806
34,95400;-0,58248;-0,06797
34,96400;-0,58265;-0,06821
34,97400;-0,58282;-0,06800
34,98400;-0,58299;-0,06830
34,99400;-0,58316;-0,06813
35,00400;-0,58333;-0,06817
35,01400;-0,58350;-0,06841
35,02400;-0,58367;-0,06821
35,03400;-0,58384;-0,06841
35,04400;-0,58401;-0,06831
35,05400;-0,58418;-0,06853
35,06400;-0,58435;-0,06834
35,07400;-0,58446;-0,06870
35,08400;-0,58463;-0,06844
35,09400;-0,58480;-0,06871
35,10400;-0,58497;-0,06863
35,11400;-0,58514;-0,06874
35,12400;-0,58531;-0,06868
35,13400;-0,58548;-0,06876
35,14400;-0,58565;-0,06881
35,15400;-0,58582;-0,06867
35,16400;-0,58599;-0,06903
35,17400;-0,58616;-0,06877
35,18400;-0,58633;-0,06907
35,19400;-0,58650;-0,06887
35,20400;-0,58667;-0,06911
35,21400;-0,58684;-0,06884
35,22400;-0,58701;-0,06924
35,23400;-0,58712;-0,06900
35,24400;-0,58729;-0,06922
35,25400;-0,58746;-0,06922
35,26400;-0,58758;-0,06919
35,27400;-0,58775;-0,06934
35,28400;-0,58792;-0,06921
35,29400;-0,58809;-0,06946
35,30400;-0,58826;-0,06918
35,31400;-0,58848;-0,06971
35,32400;-0,58865;-0,06929
35,33400;-0,58882;-0,06970
35,34400;-0,58899;-0,06944
35,35400;-0,58916;-0,06978
35,36400;-0,58933;-0,06941
35,37400;-0,58950;-0,06986
35,38400;-0,58967;-0,06965
35,39400;-0,58979;-0,06968
35,40400;-0,58996;-0,06992
35,41400;-0,59013;-0,06975
35,42400;-0,59030;-0,06998
35,43400;-0,59047;-0,06978
35,44400;-0,59069;-0,07019
35,45400;-0,59086;-0,06972
35,46400;-0,59103;-0,07036
35,47400;-0,59120;-0,06982
35,48400;-0,59137;-0,07030
35,49400;-0,59154;-0,07008
35,50400;-0,59171;-0,07031
35,51400;-0,59194;-0,07023
35,52400;-0,59211;-0,07029
35,53400;-0,59228;-0,07041
35,54400;-0,59239;-0,07014
35,55400;-0,59256;-0,07065
35,56400;-0,59268;-0,07014
35,57400;-0,59285;-0,07066
35,58400;-0,59302;-0,07037
35,59400;-0,59313;-0,07084
35,60400;-0,59330;-0,07046
35,61400;-0,59347;-0,07083
35,62400;-0,59364;-0,07063
35,63400;-0,59381;-0,07066
35,64400;-0,59398;-0,07087
35,65400;-0,59415;-0,07059
35,66400;-0,59432;-0,07100
35,67400;-0,59449;-0,07068
35,68400;-0,59472;-0,07108
35,69400;-0,59483;-0,07072
35,70400;-0,59500;-0,07124
35,71400;-0,59511;-0,07079
35,72400;-0,59528;-0,07124
35,73400;-0,59545;-0,07101
35,74400;-0,59562;-0,07117
35,75400;-0,59574;-0,07110
35,76400;-0,59596;-0,07117
35,77400;-0,59613;-0,07136
35,78400;-0,59630;-0,07114
35,79400;-0,59647;-0,07153
35,80400;-0,59664;-0,07125
35,81400;-0,59681;-0,07152
35,82400;-0,59698;-0,07129
35,83400;-0,59715;-0,07163
35,84400;-0,59732;-0,07127
35,85400;-0,59749;-0,07178
35,86400;-0,59766;-0,07148
35,87400;-0,59783;-0,07174
35,88400;-0,59800;-0,07182
35,89400;-0,59817;-0,07177
35,90400;-0,59834;-0,07183
35,91400;-0,59851;-0,07176
35,92400;-0,59868;-0,07197
35,93400;-0,59880;-0,07176
35,94400;-0,59897;-0,07211
35,95400;-0,59914;-0,07177
35,96400;-0,59936;-0,07221
35,97400;-0,59953;-0,07187
35,98400;-0,59970;-0,07225
35,99400;-0,59987;-0,07204
36,00400;-0,60004;-0,07219
36,01400;-0,60021;-0,07220
36,02400;-0,60038;-0,07223
36,03400;-0,60050;-0,07232
36,04400;-0,60067;-0,07225
36,05400;-0,60084;-0,07248
36,06400;-0,60101;-0,07223
36,07400;-0,60118;-0,07271
36,08400;-0,60135;-0,07229
36,09400;-0,60152;-0,07283
36,10400;-0,60169;-0,07248
36,11400;-0,60186;-0,07266
36,12400;-0,60203;-0,07263
36,13400;-0,60220;-0,07267
36,14400;-0,60242;-0,07271
36,15400;-0,60254;-0,07270
36,16400;-0,60271;-0,07284
36,17400;-0,60288;-0,07276
36,18400;-0,60305;-0,07314
36,19400;-0,60322;-0,07280
36,20400;-0,60333;-0,07318
36,21400;-0,60350;-0,07285
36,22400;-0,60367;-0,07320
36,23400;-0,60384;-0,07305
36,24400;-0,60401;-0,07313
36,25400;-0,60412;-0,07317
36,26400;-0,60429;-0,07323
36,27400;-0,60446;-0,07336
36,28400;-0,60463;-0,07330
36,29400;-0,60480;-0,07336
36,30400;-0,60497;-0,07331
36,31400;-0,60514;-0,07349
36,32400;-0,60531;-0,07328
36,33400;-0,60548;-0,07358
36,34400;-0,60565;-0,07341
36,35400;-0,60582;-0,07353
36,36400;-0,60594;-0,07357
36,37400;-0,60611;-0,07363
36,38400;-0,60628;-0,07360
36,39400;-0,60639;-0,07373
36,40400;-0,60656;-0,07372
36,41400;-0,60679;-0,07373
36,42400;-0,60696;-0,07382
36,43400;-0,60713;-0,07378
36,44400;-0,60730;-0,07390
36,45400;-0,60747;-0,07387
36,46400;-0,60764;-0,07410
36,47400;-0,60781;-0,07391
36,48400;-0,60798;-0,07416
36,49400;-0,60815;-0,07407
36,50400;-0,60832;-0,07412
36,51400;-0,60849;-0,07413
36,52400;-0,60866;-0,07422
36,53400;-0,60883;-0,07419
36,54400;-0,60900;-0,07434
36,55400;-0,60911;-0,07432
36,56400;-0,60928;-0,07423
36,57400;-0,60945;-0,07451
36,58400;-0,60956;-0,07429
36,59400;-0,60973;-0,07464
36,60400;-0,60990;-0,07445
36,61400;-0,61013;-0,07461
36,62400;-0,61030;-0,07454
36,63400;-0,61047;-0,07467
36,64400;-0,61070;-0,07459
36,65400;-0,61087;-0,07469
36,66400;-0,61104;-0,07468
36,67400;-0,61121;-0,07470
36,68400;-0,61138;-0,07494
36,69400;-0,61155;-0,07473
36,70400;-0,61166;-0,07503
36,71400;-0,61189;-0,07486
36,72400;-0,61206;-0,07514
36,73400;-0,61223;-0,07500
36,74400;-0,61240;-0,07506
36,75400;-0,61257;-0,07513
36,76400;-0,61274;-0,07511
36,77400;-0,61291;-0,07526
36,78400;-0,61308;-0,07526
36,79400;-0,61325;-0,07530
36,80400;-0,61342;-0,07523
36,81400;-0,61359;-0,07551
36,82400;-0,61376;-0,07530
36,83400;-0,61393;-0,07554
36,84400;-0,61410;-0,07542
36,85400;-0,61427;-0,07546
36,86400;-0,61438;-0,07561
36,87400;-0,61455;-0,07554
36,88400;-0,61472;-0,07568
36,89400;-0,61483;-0,07554
36,90400;-0,61500;-0,07576
36,91400;-0,61517;-0,07564
36,92400;-0,61534;-0,07589
36,93400;-0,61546;-0,07577
36,94400;-0,61563;-0,07575
36,95400;-0,61580;-0,07581
36,96400;-0,61597;-0,07589
36,97400;-0,61614;-0,07594
36,98400;-0,61631;-0,07594
36,99400;-0,61648;-0,07619
37,00400;-0,61659;-0,07594
37,01400;-0,61676;-0,07622
37,02400;-0,61693;-0,07617
37,03400;-0,61704;-0,07610
37,04400;-0,61721;-0,07625
37,05400;-0,61744;-0,07634
37,06400;-0,61761;-0,07640
37,07400;-0,61778;-0,07635
37,08400;-0,61795;-0,07654
37,09400;-0,61812;-0,07628
37,10400;-0,61835;-0,07656
37,11400;-0,61852;-0,07644
37,12400;-0,61869;-0,07666
37,13400;-0,61886;-0,07651
37,14400;-0,61903;-0,07668
37,15400;-0,61920;-0,07669
37,16400;-0,61937;-0,07674
37,17400;-0,61954;-0,07682
37,18400;-0,61971;-0,07679
37,19400;-0,61988;-0,07683
37,20400;-0,62005;-0,07691
37,21400;-0,62022;-0,07705
37,22400;-0,62033;-0,07682
37,23400;-0,62050;-0,07704
37,24400;-0,62067;-0,07701
37,25400;-0,62084;-0,07711
37,26400;-0,62101;-0,07725
37,27400;-0,62118;-0,07723
37,28400;-0,62135;-0,07715
37,29400;-0,62152;-0,07731
37,30400;-0,62175;-0,07736
37,31400;-0,62186;-0,07739
37,32400;-0,62203;-0,07743
37,33400;-0,62220;-0,07740
37,34400;-0,62231;-0,07755
37,35400;-0,62248;-0,07753
37,36400;-0,62265;-0,07766
37,37400;-0,62282;-0,07758
37,38400;-0,62299;-0,07777
37,39400;-0,62322;-0,07772
37,40400;-0,62339;-0,07784
37,41400;-0,62356;-0,07777
37,42400;-0,62373;-0,07783
37,43400;-0,62390;-0,07786
37,44400;-0,62407;-0,07794
37,45400;-0,62424;-0,07792
37,46400;-0,62441;-0,07796
37,47400;-0,62458;-0,07818
37,48400;-0,62475;-0,07800
37,49400;-0,62492;-0,07818
37,50400;-0,62509;-0,07820
37,51400;-0,62520;-0,07821
37,52400;-0,62537;-0,07826
37,53400;-0,62554;-0,07833
37,54400;-0,62566;-0,07823
37,55400;-0,62583;-0,07844
37,56400;-0,62600;-0,07849
37,57400;-0,62617;-0,07841
37,58400;-0,62634;-0,07856
37,59400;-0,62651;-0,07851
37,60400;-0,62668;-0,07862
37,61400;-0,62685;-0,07866
37,62400;-0,62702;-0,07876
37,63400;-0,62719;-0,07853
37,64400;-0,62730;-0,07872
37,65400;-0,62747;-0,07870
37,66400;-0,62758;-0,07873
37,67400;-0,62775;-0,07877
37,68400;-0,62792;-0,07888
37,69400;-0,62809;-0,07895
37,70400;-0,62826;-0,07901
37,71400;-0,62843;-0,07902
37,72400;-0,62860;-0,07902
37,73400;-0,62877;-0,07904
37,74400;-0,62894;-0,07907
37,75400;-0,62911;-0,07918
37,76400;-0,62928;-0,07912
37,77400;-0,62945;-0,07926
37,78400;-0,62962;-0,07928
37,79400;-0,62979;-0,07935
37,80400;-0,62996;-0,07945
37,81400;-0,63013;-0,07940
37,82400;-0,63030;-0,07947
37,83400;-0,63047;-0,07954
37,84400;-0,63059;-0,07949
37,85400;-0,63076;-0,07959
37,86400;-0,63093;-0,07962
37,87400;-0,63104;-0,07958
37,88400;-0,63121;-0,07970
37,89400;-0,63138;-0,07990
37,90400;-0,63161;-0,07974
37,91400;-0,63178;-0,07996
37,92400;-0,63195;-0,07978
37,93400;-0,63217;-0,07991
37,94400;-0,63234;-0,07989
37,95400;-0,63251;-0,07999
37,96400;-0,63268;-0,08004
37,97400;-0,63285;-0,07992
37,98400;-0,63302;-0,08013
37,99400;-0,63314;-0,08003
38,00400;-0,63331;-0,08026
38,01400;-0,63348;-0,08017
38,02400;-0,63370;-0,08042
38,03400;-0,63387;-0,08025
38,04400;-0,63404;-0,08048
38,05400;-0,63421;-0,08029
38,06400;-0,63438;-0,08053
38,07400;-0,63455;-0,08047
38,08400;-0,63472;-0,08049
38,09400;-0,63489;-0,08055
38,10400;-0,63506;-0,08066
38,11400;-0,63523;-0,08069
38,12400;-0,63540;-0,08074
38,13400;-0,63557;-0,08080
38,14400;-0,63574;-0,08075
38,15400;-0,63586;-0,08092
38,16400;-0,63603;-0,08086
38,17400;-0,63620;-0,08101
38,18400;-0,63631;-0,08088
38,19400;-0,63648;-0,08106
38,20400;-0,63665;-0,08098
38,21400;-0,63676;-0,08114
38,22400;-0,63693;-0,08116
38,23400;-0,63710;-0,08122
38,24400;-0,63727;-0,08131
38,25400;-0,63744;-0,08135
38,26400;-0,63761;-0,08122
38,27400;-0,63778;-0,08131
38,28400;-0,63795;-0,08143
38,29400;-0,63812;-0,08131
38,30400;-0,63829;-0,08155
38,31400;-0,63841;-0,08142
38,32400;-0,63858;-0,08153
38,33400;-0,63875;-0,08160
38,34400;-0,63892;-0,08173
38,35400;-0,63909;-0,08160
38,36400;-0,63926;-0,08178
38,37400;-0,63943;-0,08178
38,38400;-0,63965;-0,08172
38,39400;-0,63982;-0,08195
38,40400;-0,63999;-0,08178
38,41400;-0,64016;-0,08194
38,42400;-0,64033;-0,08184
38,43400;-0,64050;-0,08209
38,44400;-0,64067;-0,08188
38,45400;-0,64084;-0,08214
38,46400;-0,64101;-0,08207
38,47400;-0,64118;-0,08219
38,48400;-0,64135;-0,08235
38,49400;-0,64152;-0,08229
38,50400;-0,64169;-0,08233
38,51400;-0,64181;-0,08221
38,52400;-0,64198;-0,08251
38,53400;-0,64215;-0,08218
38,54400;-0,64232;-0,08265
38,55400;-0,64249;-0,08241
38,56400;-0,64266;-0,08262
38,57400;-0,64283;-0,08260
38,58400;-0,64300;-0,08277
38,59400;-0,64317;-0,08258
38,60400;-0,64334;-0,08276
38,61400;-0,64351;-0,08279
38,62400;-0,64368;-0,08270
38,63400;-0,64385;-0,08297
38,64400;-0,64396;-0,08278
38,65400;-0,64413;-0,08296
38,66400;-0,64430;-0,08290
38,67400;-0,64447;-0,08315
38,68400;-0,64464;-0,08301
38,69400;-0,64481;-0,08320
38,70400;-0,64498;-0,08313
38,71400;-0,64515;-0,08322
38,72400;-0,64532;-0,08323
38,73400;-0,64549;-0,08336
38,74400;-0,64566;-0,08335
38,75400;-0,64583;-0,08335
38,76400;-0,64600;-0,08344
38,77400;-0,64617;-0,08335
38,78400;-0,64628;-0,08357
38,79400;-0,64645;-0,08341
38,80400;-0,64662;-0,08359
38,81400;-0,64679;-0,08358
38,82400;-0,64696;-0,08374
38,83400;-0,64708;-0,08362
38,84400;-0,64725;-0,08387
38,85400;-0,64742;-0,08376
38,86400;-0,64759;-0,08381
38,87400;-0,64776;-0,08390
38,88400;-0,64793;-0,08387
38,89400;-0,64810;-0,08399
38,90400;-0,64827;-0,08399
38,91400;-0,64844;-0,08411
38,92400;-0,64861;-0,08404
38,93400;-0,64878;-0,08422
38,94400;-0,64889;-0,08405
38,95400;-0,64906;-0,08423
38,96400;-0,64923;-0,08418
38,97400;-0,64940;-0,08436
38,98400;-0,64957;-0,08429
38,99400;-0,64974;-0,08443
39,00400;-0,64991;-0,08452
39,01400;-0,65014;-0,08439
39,02400;-0,65031;-0,08468
39,03400;-0,65048;-0,08441
39,04400;-0,65065;-0,08457
39,05400;-0,65082;-0,08452
39,06400;-0,65099;-0,08477
39,07400;-0,65116;-0,08466
39,08400;-0,65133;-0,08479
39,09400;-0,65150;-0,08479
39,10400;-0,65167;-0,08486
39,11400;-0,65184;-0,08497
39,12400;-0,65201;-0,08484
39,13400;-0,65218;-0,08507
39,14400;-0,65235;-0,08483
39,15400;-0,65246;-0,08533
39,16400;-0,65263;-0,08503
39,17400;-0,65280;-0,08537
39,18400;-0,65291;-0,08513
39,19400;-0,65314;-0,08540
39,20400;-0,65331;-0,08533
39,21400;-0,65348;-0,08541
39,22400;-0,65365;-0,08541
39,23400;-0,65388;-0,08536
39,24400;-0,65405;-0,08563
39,25400;-0,65422;-0,08543
39,26400;-0,65439;-0,08577
39,27400;-0,65456;-0,08550
39,28400;-0,65473;-0,08577
39,29400;-0,65490;-0,08552
39,30400;-0,65507;-0,08578
39,31400;-0,65524;-0,08582
39,32400;-0,65535;-0,08572
39,33400;-0,65552;-0,08606
39,34400;-0,65569;-0,08591
39,35400;-0,65586;-0,08612
39,36400;-0,65603;-0,08602
39,37400;-0,65626;-0,08622
39,38400;-0,65643;-0,08583
39,39400;-0,65660;-0,08625
39,40400;-0,65677;-0,08609
39,41400;-0,65694;-0,08619
39,42400;-0,65711;-0,08628
39,43400;-0,65722;-0,08627
39,44400;-0,65739;-0,08636
39,45400;-0,65756;-0,08634
39,46400;-0,65773;-0,08650
39,47400;-0,65784;-0,08622
39,48400;-0,65801;-0,08661
39,49400;-0,65818;-0,08639
39,50400;-0,65830;-0,08673
39,51400;-0,65847;-0,08654
39,52400;-0,65864;-0,08681
39,53400;-0,65881;-0,08663
39,54400;-0,65898;-0,08679
39,55400;-0,65909;-0,08680
39,56400;-0,65932;-0,08672
39,57400;-0,65943;-0,08688
39,58400;-0,65960;-0,08680
39,59400;-0,65977;-0,08708
39,60400;-0,65994;-0,08682
39,61400;-0,66005;-0,08721
39,62400;-0,66022;-0,08695
39,63400;-0,66039;-0,08722
39,64400;-0,66056;-0,08712
39,65400;-0,66079;-0,08720
39,66400;-0,66096;-0,08723
39,67400;-0,66113;-0,08725
39,68400;-0,66130;-0,08736
39,69400;-0,66153;-0,08729
39,70400;-0,66170;-0,08750
39,71400;-0,66187;-0,08735
39,72400;-0,66204;-0,08764
39,73400;-0,66221;-0,08744
39,74400;-0,66238;-0,08754
39,75400;-0,66255;-0,08758
39,76400;-0,66272;-0,08760
39,77400;-0,66289;-0,08773
39,78400;-0,66300;-0,08769
39,79400;-0,66317;-0,08780
39,80400;-0,66328;-0,08778
39,81400;-0,66345;-0,08794
39,82400;-0,66362;-0,08779
39,83400;-0,66379;-0,08797
39,84400;-0,66396;-0,08781
39,85400;-0,66413;-0,08801
39,86400;-0,66430;-0,08801
39,87400;-0,66447;-0,08807
39,88400;-0,66464;-0,08810
39,89400;-0,66487;-0,08813
39,90400;-0,66504;-0,08830
39,91400;-0,66521;-0,08828
39,92400;-0,66538;-0,08843
39,93400;-0,66555;-0,08831
39,94400;-0,66566;-0,08852
39,95400;-0,66583;-0,08837
39,96400;-0,66600;-0,08866
39,97400;-0,66617;-0,08849
39,98400;-0,66634;-0,08869
39,99400;-0,66651;-0,08865
40,00400;-0,66668;-0,08868
40,01400;-0,66685;-0,08884
40,02400;-0,66702;-0,08864
40,03400;-0,66719;-0,08895
40,04400;-0,66736;-0,08863
40,05400;-0,66753;-0,08905
40,06400;-0,66770;-0,08873
40,07400;-0,66787;-0,08913
40,08400;-0,66804;-0,08881
40,09400;-0,66821;-0,08927
40,10400;-0,66838;-0,08906
40,11400;-0,66855;-0,08925
40,12400;-0,66867;-0,08924
40,13400;-0,66889;-0,08917
40,14400;-0,66901;-0,08955
40,15400;-0,66918;-0,08910
40,16400;-0,66935;-0,08963
40,17400;-0,66952;-0,08921
40,18400;-0,66969;-0,08966
40,19400;-0,66986;-0,08933
40,20400;-0,67003;-0,08972
40,21400;-0,67020;-0,08939
40,22400;-0,67037;-0,08974
40,23400;-0,67054;-0,08974
40,24400;-0,67071;-0,08965
40,25400;-0,67082;-0,08987
40,26400;-0,67099;-0,08968
40,27400;-0,67110;-0,09000
40,28400;-0,67127;-0,08975
40,29400;-0,67144;-0,09014
40,30400;-0,67161;-0,08977
40,31400;-0,67178;-0,09023
40,32400;-0,67195;-0,08994
40,33400;-0,67212;-0,09013
40,34400;-0,67229;-0,09008
40,35400;-0,67246;-0,09025
40,36400;-0,67263;-0,09023
40,37400;-0,67286;-0,09022
40,38400;-0,67303;-0,09046
40,39400;-0,67320;-0,09019
40,40400;-0,67337;-0,09058
40,41400;-0,67354;-0,09033
40,42400;-0,67365;-0,09052
40,43400;-0,67382;-0,09037
40,44400;-0,67399;-0,09079
40,45400;-0,67411;-0,09040
40,46400;-0,67428;-0,09072
40,47400;-0,67445;-0,09062
40,48400;-0,67456;-0,09076
40,49400;-0,67479;-0,09087
40,50400;-0,67496;-0,09086
40,51400;-0,67513;-0,09102
40,52400;-0,67535;-0,09086
40,53400;-0,67552;-0,09126
40,54400;-0,67569;-0,09086
40,55400;-0,67592;-0,09126
40,56400;-0,67609;-0,09092
40,57400;-0,67626;-0,09129
40,58400;-0,67643;-0,09111
40,59400;-0,67654;-0,09133
40,60400;-0,67671;-0,09114
40,61400;-0,67688;-0,09142
40,62400;-0,67705;-0,09155
40,63400;-0,67722;-0,09129
40,64400;-0,67739;-0,09168
40,65400;-0,67756;-0,09139
40,66400;-0,67773;-0,09170
40,67400;-0,67790;-0,09157
40,68400;-0,67807;-0,09184
40,69400;-0,67824;-0,09151
40,70400;-0,67841;-0,09196
40,71400;-0,67858;-0,09172
40,72400;-0,67875;-0,09187
40,73400;-0,67887;-0,09190
40,74400;-0,67904;-0,09173
40,75400;-0,67921;-0,09206
40,76400;-0,67938;-0,09187
40,77400;-0,67949;-0,09219
40,78400;-0,67966;-0,09184
40,79400;-0,67983;-0,09223
40,80400;-0,67994;-0,09216
40,81400;-0,68011;-0,09233
40,82400;-0,68028;-0,09233
40,83400;-0,68045;-0,09232
40,84400;-0,68062;-0,09232
40,85400;-0,68079;-0,09240
40,86400;-0,68096;-0,09260
40,87400;-0,68113;-0,09231
40,88400;-0,68130;-0,09275
40,89400;-0,68142;-0,09234
40,90400;-0,68159;-0,09267
40,91400;-0,68176;-0,09264
40,92400;-0,68187;-0,09268
40,93400;-0,68204;-0,09264
40,94400;-0,68221;-0,09287
40,95400;-0,68244;-0,09280
40,96400;-0,68261;-0,09288
40,97400;-0,68278;-0,09305
40,98400;-0,68300;-0,09271
40,99400;-0,68317;-0,09316
41,00400;-0,68334;-0,09290
41,01400;-0,68351;-0,09321
41,02400;-0,68368;-0,09305
41,03400;-0,68385;-0,09343
41,04400;-0,68408;-0,09320
41,05400;-0,68425;-0,09337
41,06400;-0,68436;-0,09339
41,07400;-0,68453;-0,09338
41,08400;-0,68470;-0,09350
41,09400;-0,68482;-0,09348
41,10400;-0,68499;-0,09355
41,11400;-0,68516;-0,09354
41,12400;-0,68527;-0,09371
41,13400;-0,68544;-0,09352
41,14400;-0,68561;-0,09385
41,15400;-0,68578;-0,09368
41,16400;-0,68595;-0,09384
41,17400;-0,68612;-0,09379
41,18400;-0,68635;-0,09391
41,19400;-0,68652;-0,09382
41,20400;-0,68669;-0,09401
41,21400;-0,68686;-0,09407
41,22400;-0,68703;-0,09405
41,23400;-0,68714;-0,09418
41,24400;-0,68731;-0,09408
41,25400;-0,68748;-0,09422
41,26400;-0,68759;-0,09416
41,27400;-0,68776;-0,09440
41,28400;-0,68793;-0,09416
41,29400;-0,68810;-0,09462
41,30400;-0,68827;-0,09438
41,31400;-0,68844;-0,09456
41,32400;-0,68861;-0,09437
41,33400;-0,68878;-0,09470
41,34400;-0,68901;-0,09455
41,35400;-0,68918;-0,09470
41,36400;-0,68935;-0,09477
41,37400;-0,68952;-0,09456
41,38400;-0,68969;-0,09497
41,39400;-0,68986;-0,09472
41,40400;-0,69003;-0,09503
41,41400;-0,69014;-0,09480
41,42400;-0,69031;-0,09516
41,43400;-0,69048;-0,09486
41,44400;-0,69065;-0,09515
41,45400;-0,69082;-0,09508
41,46400;-0,69094;-0,09510
41,47400;-0,69111;-0,09526
41,48400;-0,69128;-0,09525
41,49400;-0,69145;-0,09534
41,50400;-0,69162;-0,09523
41,51400;-0,69184;-0,09550
41,52400;-0,69201;-0,09536
41,53400;-0,69213;-0,09543
41,54400;-0,69224;-0,09547
41,55400;-0,69241;-0,09548
41,56400;-0,69258;-0,09556
41,57400;-0,69269;-0,09566
41,58400;-0,69286;-0,09568
41,59400;-0,69309;-0,09563
41,60400;-0,69326;-0,09598
41,61400;-0,69343;-0,09576
41,62400;-0,69366;-0,09588
41,63400;-0,69383;-0,09596
41,64400;-0,69400;-0,09579
41,65400;-0,69417;-0,09604
41,66400;-0,69434;-0,09604
41,67400;-0,69451;-0,09607
41,68400;-0,69468;-0,09610
41,69400;-0,69485;-0,09629
41,70400;-0,69502;-0,09627
41,71400;-0,69519;-0,09645
41,72400;-0,69536;-0,09630
41,73400;-0,69553;-0,09637
41,74400;-0,69564;-0,09643
41,75400;-0,69581;-0,09641
41,76400;-0,69598;-0,09654
41,77400;-0,69609;-0,09646
41,78400;-0,69626;-0,09674
41,79400;-0,69643;-0,09660
41,80400;-0,69666;-0,09675
41,81400;-0,69683;-0,09675
41,82400;-0,69700;-0,09677
41,83400;-0,69723;-0,09668
41,84400;-0,69740;-0,09698
41,85400;-0,69757;-0,09686
41,86400;-0,69774;-0,09704
41,87400;-0,69791;-0,09699
41,88400;-0,69808;-0,09712
41,89400;-0,69819;-0,09709
41,90400;-0,69836;-0,09722
41,91400;-0,69853;-0,09728
41,92400;-0,69870;-0,09718
41,93400;-0,69887;-0,09741
41,94400;-0,69904;-0,09733
41,95400;-0,69921;-0,09745
41,96400;-0,69938;-0,09736
41,97400;-0,69955;-0,09758
41,98400;-0,69972;-0,09737
41,99400;-0,69989;-0,09782
42,00400;-0,70006;-0,09757
42,01400;-0,70023;-0,09774
42,02400;-0,70034;-0,09777
42,03400;-0,70051;-0,09779
42,04400;-0,70068;-0,09786
42,05400;-0,70085;-0,09789
42,06400;-0,70102;-0,09788
42,07400;-0,70119;-0,09785
42,08400;-0,70131;-0,09816
42,09400;-0,70148;-0,09782
42,10400;-0,70165;-0,09830
42,11400;-0,70176;-0,09809
42,12400;-0,70193;-0,09833
42,13400;-0,70210;-0,09821
42,14400;-0,70227;-0,09834
42,15400;-0,70244;-0,09834
42,16400;-0,70261;-0,09836
42,17400;-0,70278;-0,09842
42,18400;-0,70295;-0,09825
42,19400;-0,70306;-0,09851
42,20400;-0,70323;-0,09849
42,21400;-0,70340;-0,09862
42,22400;-0,70357;-0,09853
42,23400;-0,70374;-0,09878
42,24400;-0,70391;-0,09863
42,25400;-0,70414;-0,09882
42,26400;-0,70431;-0,09884
42,27400;-0,70448;-0,09867
42,28400;-0,70465;-0,09897
42,29400;-0,70482;-0,09892
42,30400;-0,70505;-0,09907
42,31400;-0,70522;-0,09898
42,32400;-0,70539;-0,09915
42,33400;-0,70556;-0,09902
42,34400;-0,70573;-0,09929
42,35400;-0,70584;-0,09916
42,36400;-0,70601;-0,09931
42,37400;-0,70618;-0,09932
42,38400;-0,70629;-0,09943
42,39400;-0,70646;-0,09941
42,40400;-0,70663;-0,09948
42,41400;-0,70680;-0,09962
42,42400;-0,70697;-0,09954
42,43400;-0,70714;-0,09970
42,44400;-0,70731;-0,09963
42,45400;-0,70748;-0,09966
42,46400;-0,70771;-0,09967
42,47400;-0,70788;-0,09998
42,48400;-0,70805;-0,09966
42,49400;-0,70822;-0,10001
42,50400;-0,70839;-0,09992
42,51400;-0,70856;-0,09986
42,52400;-0,70873;-0,09999
42,53400;-0,70884;-0,10002
42,54400;-0,70901;-0,10002
42,55400;-0,70918;-0,10014
42,56400;-0,70935;-0,10036
42,57400;-0,70952;-0,10013
42,58400;-0,70969;-0,10044
42,59400;-0,70986;-0,10030
42,60400;-0,71003;-0,10048
42,61400;-0,71020;-0,10030
42,62400;-0,71037;-0,10054
42,63400;-0,71054;-0,10038
42,64400;-0,71071;-0,10055
42,65400;-0,71088;-0,10065
42,66400;-0,71105;-0,10055
42,67400;-0,71122;-0,10078
42,68400;-0,71139;-0,10073
42,69400;-0,71156;-0,10093
42,70400;-0,71173;-0,10068
42,71400;-0,71190;-0,10101
42,72400;-0,71202;-0,10072
42,73400;-0,71219;-0,10102
42,74400;-0,71236;-0,10095
42,75400;-0,71253;-0,10100
42,76400;-0,71270;-0,10109
42,77400;-0,71281;-0,10112
42,78400;-0,71298;-0,10111
42,79400;-0,71315;-0,10123
42,80400;-0,71332;-0,10130
42,81400;-0,71349;-0,10122
42,82400;-0,71366;-0,10151
42,83400;-0,71383;-0,10134
42,84400;-0,71400;-0,10146
42,85400;-0,71411;-0,10143
42,86400;-0,71428;-0,10147
42,87400;-0,71445;-0,10155
42,88400;-0,71457;-0,10156
42,89400;-0,71474;-0,10168
42,90400;-0,71491;-0,10175
42,91400;-0,71513;-0,10180
42,92400;-0,71530;-0,10184
42,93400;-0,71547;-0,10186
42,94400;-0,71564;-0,10181
42,95400;-0,71581;-0,10187
42,96400;-0,71598;-0,10185
42,97400;-0,71615;-0,10203
42,98400;-0,71632;-0,10206
42,99400;-0,71655;-0,10209
43,00400;-0,71672;-0,10222
43,01400;-0,71683;-0,10231
43,02400;-0,71700;-0,10218
43,03400;-0,71717;-0,10229
43,04400;-0,71734;-0,10230
43,05400;-0,71746;-0,10236
43,06400;-0,71763;-0,10237
43,07400;-0,71780;-0,10249
43,08400;-0,71797;-0,10242
43,09400;-0,71814;-0,10260
43,10400;-0,71836;-0,10267
43,11400;-0,71853;-0,10260
43,12400;-0,71870;-0,10278
43,13400;-0,71887;-0,10273
43,14400;-0,71910;-0,10282
43,15400;-0,71921;-0,10280
43,16400;-0,71938;-0,10292
43,17400;-0,71955;-0,10280
43,18400;-0,71972;-0,10303
43,19400;-0,71984;-0,10300
43,20400;-0,72001;-0,10307
43,21400;-0,72018;-0,10319
43,22400;-0,72035;-0,10329
43,23400;-0,72052;-0,10327
43,24400;-0,72069;-0,10333
43,25400;-0,72086;-0,10331
43,26400;-0,72103;-0,10339
43,27400;-0,72120;-0,10348
43,28400;-0,72137;-0,10350
43,29400;-0,72154;-0,10344
43,30400;-0,72171;-0,10358
43,31400;-0,72188;-0,10372
43,32400;-0,72205;-0,10363
43,33400;-0,72222;-0,10377
43,34400;-0,72239;-0,10369
43,35400;-0,72256;-0,10383
43,36400;-0,72267;-0,10379
43,37400;-0,72284;-0,10392
43,38400;-0,72301;-0,10376
43,39400;-0,72318;-0,10395
43,40400;-0,72335;-0,10408
43,41400;-0,72346;-0,10410
43,42400;-0,72363;-0,10415
43,43400;-0,72380;-0,10424
43,44400;-0,72397;-0,10416
43,45400;-0,72414;-0,10423
43,46400;-0,72431;-0,10440
43,47400;-0,72448;-0,10426
43,48400;-0,72465;-0,10448
43,49400;-0,72477;-0,10434
43,50400;-0,72494;-0,10464
43,51400;-0,72511;-0,10454
43,52400;-0,72522;-0,10470
43,53400;-0,72545;-0,10461
43,54400;-0,72562;-0,10489
43,55400;-0,72579;-0,10474
43,56400;-0,72601;-0,10490
43,57400;-0,72618;-0,10492
43,58400;-0,72635;-0,10495
43,59400;-0,72652;-0,10498
43,60400;-0,72669;-0,10509
43,61400;-0,72686;-0,10521
43,62400;-0,72709;-0,10504
43,63400;-0,72726;-0,10535
43,64400;-0,72743;-0,10519
43,65400;-0,72754;-0,10529
43,66400;-0,72771;-0,10530
43,67400;-0,72788;-0,10538
43,68400;-0,72805;-0,10533
43,69400;-0,72817;-0,10562
43,70400;-0,72834;-0,10553
43,71400;-0,72851;-0,10558
43,72400;-0,72868;-0,10579
43,73400;-0,72885;-0,10571
43,74400;-0,72902;-0,10580
43,75400;-0,72919;-0,10586
43,76400;-0,72936;-0,10592
43,77400;-0,72953;-0,10584
43,78400;-0,72975;-0,10610
43,79400;-0,72992;-0,10600
43,80400;-0,73004;-0,10611
43,81400;-0,73021;-0,10617
43,82400;-0,73038;-0,10622
43,83400;-0,73055;-0,10616
43,84400;-0,73072;-0,10639
43,85400;-0,73083;-0,10631
43,86400;-0,73106;-0,10634
43,87400;-0,73123;-0,10661
43,88400;-0,73140;-0,10643
43,89400;-0,73157;-0,10657
43,90400;-0,73174;-0,10661
43,91400;-0,73191;-0,10671
43,92400;-0,73208;-0,10664
43,93400;-0,73225;-0,10683
43,94400;-0,73242;-0,10673
43,95400;-0,73259;-0,10688
43,96400;-0,73276;-0,10697
43,97400;-0,73293;-0,10699
43,98400;-0,73310;-0,10713
43,99400;-0,73327;-0,10705
44,00400;-0,73344;-0,10722
44,01400;-0,73355;-0,10714
44,02400;-0,73372;-0,10740
44,03400;-0,73383;-0,10719
44,04400;-0,73400;-0,10736
44,05400;-0,73417;-0,10729
44,06400;-0,73434;-0,10739
44,07400;-0,73446;-0,10747
44,08400;-0,73463;-0,10755
44,09400;-0,73480;-0,10754
44,10400;-0,73497;-0,10753
44,11400;-0,73514;-0,10783
44,12400;-0,73531;-0,10764
44,13400;-0,73542;-0,10783
44,14400;-0,73559;-0,10779
44,15400;-0,73576;-0,10785
44,16400;-0,73587;-0,10788
44,17400;-0,73604;-0,10796
44,18400;-0,73627;-0,10798
44,19400;-0,73644;-0,10799
44,20400;-0,73661;-0,10815
44,21400;-0,73678;-0,10805
44,22400;-0,73701;-0,10836
44,23400;-0,73718;-0,10821
44,24400;-0,73735;-0,10834
44,25400;-0,73752;-0,10836
44,26400;-0,73769;-0,10842
44,27400;-0,73786;-0,10850
44,28400;-0,73803;-0,10852
44,29400;-0,73820;-0,10870
44,30400;-0,73837;-0,10858
44,31400;-0,73854;-0,10882
44,32400;-0,73865;-0,10871
44,33400;-0,73882;-0,10884
44,34400;-0,73899;-0,10880
44,35400;-0,73916;-0,10905
44,36400;-0,73933;-0,10897
44,37400;-0,73950;-0,10905
44,38400;-0,73967;-0,10923
44,39400;-0,73984;-0,10899
44,40400;-0,74007;-0,10934
44,41400;-0,74024;-0,10928
44,42400;-0,74041;-0,10939
44,43400;-0,74058;-0,10930
44,44400;-0,74075;-0,10956
44,45400;-0,74092;-0,10941
44,46400;-0,74103;-0,10961
44,47400;-0,74120;-0,10966
44,48400;-0,74137;-0,10960
44,49400;-0,74154;-0,10975
44,50400;-0,74171;-0,10988
44,51400;-0,74188;-0,10982
44,52400;-0,74205;-0,10988
44,53400;-0,74222;-0,11009
44,54400;-0,74239;-0,10995
44,55400;-0,74256;-0,11020
44,56400;-0,74273;-0,11011
44,57400;-0,74290;-0,11009
44,58400;-0,74307;-0,11027
44,59400;-0,74324;-0,11028
44,60400;-0,74335;-0,11036
44,61400;-0,74352;-0,11035
44,62400;-0,74369;-0,11052
44,63400;-0,74386;-0,11044
44,64400;-0,74403;-0,11061
44,65400;-0,74420;-0,11069
44,66400;-0,74437;-0,11068
44,67400;-0,74454;-0,11071
44,68400;-0,74466;-0,11082
44,69400;-0,74483;-0,11086
44,70400;-0,74494;-0,11079
44,71400;-0,74511;-0,11110
44,72400;-0,74528;-0,11093
44,73400;-0,74545;-0,11113
44,74400;-0,74562;-0,11109
44,75400;-0,74579;-0,11113
44,76400;-0,74596;-0,11121
44,77400;-0,74613;-0,11129
44,78400;-0,74624;-0,11122
44,79400;-0,74641;-0,11131
44,80400;-0,74658;-0,11146
44,81400;-0,74675;-0,11143
44,82400;-0,74692;-0,11158
44,83400;-0,74709;-0,11155
44,84400;-0,74732;-0,11169
44,85400;-0,74749;-0,11174
44,86400;-0,74766;-0,11181
44,87400;-0,74783;-0,11181
44,88400;-0,74806;-0,11185
44,89400;-0,74823;-0,11204
44,90400;-0,74840;-0,11191
44,91400;-0,74857;-0,11209
44,92400;-0,74874;-0,11216
44,93400;-0,74891;-0,11218
44,94400;-0,74908;-0,11220
44,95400;-0,74919;-0,11241
44,96400;-0,74936;-0,11229
44,97400;-0,74953;-0,11240
44,98400;-0,74964;-0,11254
44,99400;-0,74981;-0,11240
45,00400;-0,74998;-0,11262
45,01400;-0,75015;-0,11271
45,02400;-0,75032;-0,11273
45,03400;-0,75049;-0,11274
45,04400;-0,75072;-0,11298
45,05400;-0,75089;-0,11284
45,06400;-0,75106;-0,11296
45,07400;-0,75123;-0,11301
45,08400;-0,75140;-0,11297
45,09400;-0,75157;-0,11297
45,10400;-0,75174;-0,11321
45,11400;-0,75185;-0,11321
45,12400;-0,75202;-0,11326
45,13400;-0,75219;-0,11339
45,14400;-0,75236;-0,11328
45,15400;-0,75253;-0,11347
45,16400;-0,75270;-0,11356
45,17400;-0,75287;-0,11362
45,18400;-0,75304;-0,11361
45,19400;-0,75321;-0,11379
45,20400;-0,75338;-0,11374
45,21400;-0,75355;-0,11381
45,22400;-0,75372;-0,11393
45,23400;-0,75389;-0,11385
45,24400;-0,75406;-0,11402
45,25400;-0,75423;-0,11407
45,26400;-0,75440;-0,11415
45,27400;-0,75457;-0,11407
45,28400;-0,75474;-0,11425
45,29400;-0,75486;-0,11425
45,30400;-0,75503;-0,11441
45,31400;-0,75520;-0,11450
45,32400;-0,75537;-0,11450
45,33400;-0,75548;-0,11463
45,34400;-0,75565;-0,11457
45,35400;-0,75582;-0,11478
45,36400;-0,75599;-0,11471
45,37400;-0,75610;-0,11492
45,38400;-0,75627;-0,11480
45,39400;-0,75644;-0,11504
45,40400;-0,75661;-0,11500
45,41400;-0,75678;-0,11515
45,42400;-0,75695;-0,11511
45,43400;-0,75707;-0,11519
45,44400;-0,75724;-0,11526
45,45400;-0,75735;-0,11526
45,46400;-0,75758;-0,11546
45,47400;-0,75775;-0,11531
45,48400;-0,75792;-0,11557
45,49400;-0,75809;-0,11555
45,50400;-0,75826;-0,11568
45,51400;-0,75848;-0,11564
45,52400;-0,75865;-0,11590
45,53400;-0,75882;-0,11577
45,54400;-0,75899;-0,11605
45,55400;-0,75916;-0,11593
45,56400;-0,75933;-0,11606
45,57400;-0,75950;-0,11619
45,58400;-0,75967;-0,11612
45,59400;-0,75984;-0,11633
45,60400;-0,76001;-0,11627
45,61400;-0,76018;-0,11637
45,62400;-0,76030;-0,11643
45,63400;-0,76047;-0,11659
45,64400;-0,76064;-0,11652
45,65400;-0,76081;-0,11676
45,66400;-0,76098;-0,11666
45,67400;-0,76115;-0,11691
45,68400;-0,76137;-0,11677
45,69400;-0,76154;-0,11702
45,70400;-0,76171;-0,11708
45,71400;-0,76188;-0,11711
45,72400;-0,76205;-0,11719
45,73400;-0,76222;-0,11732
45,74400;-0,76239;-0,11731
45,75400;-0,76256;-0,11740
45,76400;-0,76268;-0,11751
45,77400;-0,76290;-0,11741
45,78400;-0,76307;-0,11771
45,79400;-0,76324;-0,11758
45,80400;-0,76341;-0,11781
45,81400;-0,76358;-0,11775
45,82400;-0,76375;-0,11793
45,83400;-0,76392;-0,11791
45,84400;-0,76409;-0,11805
45,85400;-0,76426;-0,11815
45,86400;-0,76443;-0,11816
45,87400;-0,76455;-0,11823
45,88400;-0,76472;-0,11829
45,89400;-0,76489;-0,11841
45,90400;-0,76506;-0,11831
45,91400;-0,76523;-0,11866
45,92400;-0,76540;-0,11847
45,93400;-0,76557;-0,11885
45,94400;-0,76568;-0,11869
45,95400;-0,76585;-0,11883
45,96400;-0,76602;-0,11883
45,97400;-0,76613;-0,11891
45,98400;-0,76630;-0,11895
45,99400;-0,76647;-0,11907
46,00400;-0,76664;-0,11916
46,01400;-0,76681;-0,11919
46,02400;-0,76698;-0,11939
46,03400;-0,76715;-0,11932
46,04400;-0,76732;-0,11945
46,05400;-0,76749;-0,11936
46,06400;-0,76766;-0,11965
46,07400;-0,76783;-0,11955
46,08400;-0,76795;-0,11975
46,09400;-0,76812;-0,11968
46,10400;-0,76829;-0,11974
46,11400;-0,76840;-0,11992
46,12400;-0,76857;-0,12001
46,13400;-0,76880;-0,12003
46,14400;-0,76897;-0,12009
46,15400;-0,76914;-0,12032
46,16400;-0,76931;-0,12019
46,17400;-0,76948;-0,12052
46,18400;-0,76965;-0,12034
46,19400;-0,76982;-0,12052
46,20400;-0,76999;-0,12055
46,21400;-0,77016;-0,12081
46,22400;-0,77033;-0,12068
46,23400;-0,77050;-0,12083
46,24400;-0,77072;-0,12092
46,25400;-0,77084;-0,12091
46,26400;-0,77101;-0,12113
46,27400;-0,77118;-0,12111
46,28400;-0,77129;-0,12122
46,29400;-0,77146;-0,12116
46,30400;-0,77163;-0,12150
46,31400;-0,77180;-0,12136
46,32400;-0,77197;-0,12156
46,33400;-0,77214;-0,12156
46,34400;-0,77231;-0,12173
46,35400;-0,77248;-0,12181
46,36400;-0,77271;-0,12196
46,37400;-0,77282;-0,12187
46,38400;-0,77299;-0,12187
46,39400;-0,77316;-0,12213
46,40400;-0,77333;-0,12210
46,41400;-0,77350;-0,12230
46,42400;-0,77367;-0,12231
46,43400;-0,77384;-0,12250
46,44400;-0,77401;-0,12245
46,45400;-0,77418;-0,12270
46,46400;-0,77435;-0,12266
46,47400;-0,77452;-0,12273
46,48400;-0,77469;-0,12281
46,49400;-0,77486;-0,12287
46,50400;-0,77509;-0,12301
46,51400;-0,77526;-0,12308
46,52400;-0,77543;-0,12323
46,53400;-0,77560;-0,12323
46,54400;-0,77577;-0,12342
46,55400;-0,77594;-0,12335
46,56400;-0,77605;-0,12361
46,57400;-0,77622;-0,12344
46,58400;-0,77639;-0,12367
46,59400;-0,77656;-0,12367
46,60400;-0,77667;-0,12377
46,61400;-0,77684;-0,12390
46,62400;-0,77701;-0,12397
46,63400;-0,77713;-0,12402
46,64400;-0,77730;-0,12412
46,65400;-0,77747;-0,12435
46,66400;-0,77764;-0,12423
46,67400;-0,77781;-0,12442
46,68400;-0,77798;-0,12436
46,69400;-0,77815;-0,12455
46,70400;-0,77832;-0,12460
46,71400;-0,77849;-0,12471
46,72400;-0,77860;-0,12472
46,73400;-0,77877;-0,12483
46,74400;-0,77888;-0,12494
46,75400;-0,77905;-0,12494
46,76400;-0,77922;-0,12512
46,77400;-0,77939;-0,12515
46,78400;-0,77956;-0,12524
46,79400;-0,77979;-0,12525
46,80400;-0,77996;-0,12538
46,81400;-0,78013;-0,12541
46,82400;-0,78030;-0,12553
46,83400;-0,78047;-0,12570
46,84400;-0,78064;-0,12579
46,85400;-0,78081;-0,12578
46,86400;-0,78098;-0,12597
46,87400;-0,78115;-0,12600
46,88400;-0,78132;-0,12604
46,89400;-0,78149;-0,12616
46,90400;-0,78166;-0,12621
46,91400;-0,78183;-0,12633
46,92400;-0,78200;-0,12644
46,93400;-0,78211;-0,12655
46,94400;-0,78228;-0,12660
46,95400;-0,78245;-0,12676
46,96400;-0,78262;-0,12675
46,97400;-0,78279;-0,12681
46,98400;-0,78302;-0,12683
46,99400;-0,78319;-0,12695
47,00400;-0,78336;-0,12718
47,01400;-0,78353;-0,12719
47,02400;-0,78370;-0,12754
47,03400;-0,78387;-0,12733
47,04400;-0,78404;-0,12756
47,05400;-0,78421;-0,12745
47,06400;-0,78438;-0,12768
47,07400;-0,78455;-0,12764
47,08400;-0,78472;-0,12789
47,09400;-0,78483;-0,12792
47,10400;-0,78506;-0,12814
47,11400;-0,78523;-0,12816
47,12400;-0,78540;-0,12812
47,13400;-0,78557;-0,12826
47,14400;-0,78574;-0,12828
47,15400;-0,78591;-0,12849
47,16400;-0,78608;-0,12852
47,17400;-0,78625;-0,12863
47,18400;-0,78642;-0,12862
47,19400;-0,78659;-0,12885
47,20400;-0,78676;-0,12879
47,21400;-0,78693;-0,12897
47,22400;-0,78704;-0,12897
47,23400;-0,78721;-0,12901
47,24400;-0,78738;-0,12915
47,25400;-0,78750;-0,12932
47,26400;-0,78767;-0,12929
47,27400;-0,78784;-0,12942
47,28400;-0,78795;-0,12956
47,29400;-0,78812;-0,12961
47,30400;-0,78829;-0,12969
47,31400;-0,78846;-0,12976
47,32400;-0,78863;-0,12985
47,33400;-0,78886;-0,12987
47,34400;-0,78903;-0,13010
47,35400;-0,78920;-0,13004
47,36400;-0,78937;-0,13011
47,37400;-0,78948;-0,13028
47,38400;-0,78965;-0,13032
47,39400;-0,78982;-0,13035
47,40400;-0,78993;-0,13059
47,41400;-0,79010;-0,13064
47,42400;-0,79027;-0,13066
47,43400;-0,79044;-0,13097
47,44400;-0,79067;-0,13087
47,45400;-0,79084;-0,13101
47,46400;-0,79101;-0,13120
47,47400;-0,79112;-0,13115
47,48400;-0,79135;-0,13124
47,49400;-0,79146;-0,13137
47,50400;-0,79163;-0,13148
47,51400;-0,79180;-0,13145
47,52400;-0,79197;-0,13175
47,53400;-0,79214;-0,13162
47,54400;-0,79231;-0,13181
47,55400;-0,79248;-0,13190
47,56400;-0,79260;-0,13197
47,57400;-0,79277;-0,13205
47,58400;-0,79294;-0,13217
47,59400;-0,79311;-0,13223
47,60400;-0,79328;-0,13224
47,61400;-0,79345;-0,13256
47,62400;-0,79362;-0,13243
47,63400;-0,79384;-0,13269
47,64400;-0,79401;-0,13274
47,65400;-0,79418;-0,13286
47,66400;-0,79435;-0,13286
47,67400;-0,79452;-0,13301
47,68400;-0,79469;-0,13312
47,69400;-0,79481;-0,13307
47,70400;-0,79498;-0,13336
47,71400;-0,79515;-0,13322
47,72400;-0,79532;-0,13349
47,73400;-0,79549;-0,13351
47,74400;-0,79566;-0,13375
47,75400;-0,79588;-0,13363
47,76400;-0,79605;-0,13386
47,77400;-0,79622;-0,13387
47,78400;-0,79639;-0,13393
47,79400;-0,79656;-0,13420
47,80400;-0,79673;-0,13402
47,81400;-0,79690;-0,13440
47,82400;-0,79707;-0,13441
47,83400;-0,79724;-0,13460
47,84400;-0,79741;-0,13448
47,85400;-0,79758;-0,13478
47,86400;-0,79770;-0,13464
47,87400;-0,79787;-0,13481
47,88400;-0,79798;-0,13493
47,89400;-0,79815;-0,13490
47,90400;-0,79832;-0,13508
47,91400;-0,79849;-0,13513
47,92400;-0,79866;-0,13537
47,93400;-0,79877;-0,13524
47,94400;-0,79894;-0,13548
47,95400;-0,79911;-0,13542
47,96400;-0,79928;-0,13560
47,97400;-0,79945;-0,13571
47,98400;-0,79962;-0,13572
47,99400;-0,79979;-0,13583
48,00400;-0,79996;-0,13600
48,01400;-0,80013;-0,13607
48,02400;-0,80025;-0,13610
48,03400;-0,80042;-0,13628
48,04400;-0,80053;-0,13621
48,05400;-0,80070;-0,13644
48,06400;-0,80087;-0,13648
48,07400;-0,80110;-0,13661
48,08400;-0,80127;-0,13668
48,09400;-0,80144;-0,13676
48,10400;-0,80161;-0,13691
48,11400;-0,80183;-0,13696
48,12400;-0,80200;-0,13710
48,13400;-0,80217;-0,13722
48,14400;-0,80234;-0,13719
48,15400;-0,80251;-0,13740
48,16400;-0,80268;-0,13738
48,17400;-0,80285;-0,13753
48,18400;-0,80302;-0,13769
48,19400;-0,80314;-0,13777
48,20400;-0,80331;-0,13783
48,21400;-0,80348;-0,13803
48,22400;-0,80365;-0,13807
48,23400;-0,80376;-0,13810
48,24400;-0,80393;-0,13820
48,25400;-0,80416;-0,13825
48,26400;-0,80433;-0,13847
48,27400;-0,80450;-0,13847
48,28400;-0,80467;-0,13860
48,29400;-0,80489;-0,13863
48,30400;-0,80506;-0,13887
48,31400;-0,80518;-0,13888
48,32400;-0,80535;-0,13894
48,33400;-0,80552;-0,13904
48,34400;-0,80563;-0,13906
48,35400;-0,80580;-0,13923
48,36400;-0,80597;-0,13934
48,37400;-0,80614;-0,13948
48,38400;-0,80631;-0,13940
48,39400;-0,80654;-0,13972
48,40400;-0,80671;-0,13965
48,41400;-0,80688;-0,13981
48,42400;-0,80705;-0,13988
48,43400;-0,80722;-0,13995
48,44400;-0,80739;-0,14013
48,45400;-0,80756;-0,14023
48,46400;-0,80773;-0,14033
48,47400;-0,80790;-0,14031
48,48400;-0,80807;-0,14061
48,49400;-0,80824;-0,14050
48,50400;-0,80841;-0,14083
48,51400;-0,80858;-0,14073
48,52400;-0,80869;-0,14095
48,53400;-0,80886;-0,14098
48,54400;-0,80903;-0,14115
48,55400;-0,80920;-0,14121
48,56400;-0,80937;-0,14123
48,57400;-0,80948;-0,14152
48,58400;-0,80965;-0,14138
48,59400;-0,80982;-0,14166
48,60400;-0,80999;-0,14159
48,61400;-0,81016;-0,14183
48,62400;-0,81033;-0,14173
48,63400;-0,81050;-0,14219
48,64400;-0,81067;-0,14201
48,65400;-0,81084;-0,14217
48,66400;-0,81101;-0,14233
48,67400;-0,81113;-0,14229
48,68400;-0,81130;-0,14250
48,69400;-0,81147;-0,14246
48,70400;-0,81164;-0,14274
48,71400;-0,81181;-0,14251
48,72400;-0,81198;-0,14307
48,73400;-0,81215;-0,14272
48,74400;-0,81232;-0,14306
48,75400;-0,81249;-0,14301
48,76400;-0,81266;-0,14319
48,77400;-0,81283;-0,14316
48,78400;-0,81300;-0,14340
48,79400;-0,81317;-0,14350
48,80400;-0,81334;-0,14337
48,81400;-0,81351;-0,14392
48,82400;-0,81368;-0,14368
48,83400;-0,81379;-0,14404
48,84400;-0,81396;-0,14389
48,85400;-0,81413;-0,14415
48,86400;-0,81424;-0,14403
48,87400;-0,81441;-0,14437
48,88400;-0,81458;-0,14432
48,89400;-0,81475;-0,14442
48,90400;-0,81492;-0,14462
48,91400;-0,81509;-0,14460
48,92400;-0,81532;-0,14488
48,93400;-0,81549;-0,14471
48,94400;-0,81566;-0,14511
48,95400;-0,81583;-0,14486
48,96400;-0,81600;-0,14530
48,97400;-0,81617;-0,14515
48,98400;-0,81628;-0,14545
48,99400;-0,81651;-0,14541
49,00400;-0,81668;-0,14563
49,01400;-0,81679;-0,14567
49,02400;-0,81702;-0,14571
49,03400;-0,81719;-0,14607
49,04400;-0,81736;-0,14580
49,05400;-0,81753;-0,14635
49,06400;-0,81770;-0,14591
49,07400;-0,81787;-0,14641
49,08400;-0,81810;-0,14619
49,09400;-0,81827;-0,14662
49,10400;-0,81844;-0,14644
49,11400;-0,81861;-0,14668
49,12400;-0,81878;-0,14685
49,13400;-0,81895;-0,14682
49,14400;-0,81906;-0,14718
49,15400;-0,81923;-0,14688
49,16400;-0,81940;-0,14734
49,17400;-0,81951;-0,14708
49,18400;-0,81968;-0,14765
49,19400;-0,81980;-0,14719
49,20400;-0,81997;-0,14784
49,21400;-0,82014;-0,14748
49,22400;-0,82031;-0,14783
49,23400;-0,82048;-0,14792
49,24400;-0,82065;-0,14781
49,25400;-0,82082;-0,14807
49,26400;-0,82099;-0,14803
49,27400;-0,82116;-0,14839
49,28400;-0,82133;-0,14821
49,29400;-0,82150;-0,14869
49,30400;-0,82161;-0,14829
49,31400;-0,82178;-0,14887
49,32400;-0,82195;-0,14859
49,33400;-0,82212;-0,14896
49,34400;-0,82223;-0,14882
49,35400;-0,82240;-0,14900
49,36400;-0,82257;-0,14914
49,37400;-0,82274;-0,14909
49,38400;-0,82297;-0,14945
49,39400;-0,82314;-0,14929
49,40400;-0,82331;-0,14961
49,41400;-0,82348;-0,14950
49,42400;-0,82365;-0,14986
49,43400;-0,82382;-0,14964
49,44400;-0,82399;-0,15012
49,45400;-0,82416;-0,14991
49,46400;-0,82433;-0,15014
49,47400;-0,82450;-0,15034
49,48400;-0,82467;-0,15026
49,49400;-0,82484;-0,15053
49,50400;-0,82501;-0,15043
49,51400;-0,82518;-0,15064
49,52400;-0,82535;-0,15059
49,53400;-0,82546;-0,15094
49,54400;-0,82563;-0,15081
49,55400;-0,82580;-0,15111
49,56400;-0,82603;-0,15108
49,57400;-0,82620;-0,15126
49,58400;-0,82637;-0,15135
49,59400;-0,82654;-0,15144
49,60400;-0,82671;-0,15158
49,61400;-0,82688;-0,15154
49,62400;-0,82705;-0,15197
49,63400;-0,82722;-0,15176
49,64400;-0,82733;-0,15205
49,65400;-0,82750;-0,15195
49,66400;-0,82767;-0,15224
49,67400;-0,82784;-0,15216
49,68400;-0,82801;-0,15243
49,69400;-0,82818;-0,15243
49,70400;-0,82841;-0,15246
49,71400;-0,82858;-0,15283
49,72400;-0,82875;-0,15265
49,73400;-0,82892;-0,15299
49,74400;-0,82909;-0,15293
49,75400;-0,82926;-0,15313
49,76400;-0,82943;-0,15308
49,77400;-0,82960;-0,15333
49,78400;-0,82971;-0,15326
49,79400;-0,82988;-0,15343
49,80400;-0,83005;-0,15370
49,81400;-0,83017;-0,15358
49,82400;-0,83034;-0,15387
49,83400;-0,83051;-0,15381
49,84400;-0,83068;-0,15407
49,85400;-0,83085;-0,15396
49,86400;-0,83102;-0,15427
49,87400;-0,83119;-0,15420
49,88400;-0,83136;-0,15434
49,89400;-0,83153;-0,15457
49,90400;-0,83170;-0,15444
49,91400;-0,83187;-0,15474
49,92400;-0,83204;-0,15465
49,93400;-0,83221;-0,15495
49,94400;-0,83238;-0,15491
49,95400;-0,83249;-0,15517
49,96400;-0,83266;-0,15502
49,97400;-0,83283;-0,15524
49,98400;-0,83294;-0,15540
49,99400;-0,83311;-0,15531
50,00400;-0,83328;-0,15563
50,01400;-0,83345;-0,15554
50,02400;-0,83362;-0,15581
50,03400;-0,83379;-0,15582
50,04400;-0,83396;-0,15607
50,05400;-0,83413;-0,15585
50,06400;-0,83430;-0,15625
50,07400;-0,83447;-0,15616
50,08400;-0,83464;-0,15634
50,09400;-0,83481;-0,15647
50,10400;-0,83498;-0,15658
50,11400;-0,83515;-0,15665
50,12400;-0,83532;-0,15669
50,13400;-0,83549;-0,15706
50,14400;-0,83561;-0,15681
50,15400;-0,83578;-0,15716
50,16400;-0,83595;-0,15715
50,17400;-0,83612;-0,15725
50,18400;-0,83623;-0,15727
50,19400;-0,83640;-0,15757
50,20400;-0,83657;-0,15739
50,21400;-0,83680;-0,15775
50,22400;-0,83697;-0,15785
50,23400;-0,83719;-0,15774
50,24400;-0,83736;-0,15808
50,25400;-0,83753;-0,15806
50,26400;-0,83770;-0,15820
50,27400;-0,83787;-0,15826
50,28400;-0,83804;-0,15843
50,29400;-0,83816;-0,15839
50,30400;-0,83833;-0,15869
50,31400;-0,83850;-0,15867
50,32400;-0,83872;-0,15886
50,33400;-0,83889;-0,15894
50,34400;-0,83906;-0,15912
50,35400;-0,83923;-0,15907
50,36400;-0,83940;-0,15923
50,37400;-0,83957;-0,15938
50,38400;-0,83974;-0,15943
50,39400;-0,83991;-0,15961
50,40400;-0,84008;-0,15973
50,41400;-0,84025;-0,15968
50,42400;-0,84042;-0,15989
50,43400;-0,84059;-0,16009
50,44400;-0,84071;-0,16004
50,45400;-0,84088;-0,16024
50,46400;-0,84105;-0,16036
50,47400;-0,84122;-0,16042
50,48400;-0,84133;-0,16042
50,49400;-0,84150;-0,16063
50,50400;-0,84167;-0,16052
50,51400;-0,84184;-0,16076
50,52400;-0,84195;-0,16092
50,53400;-0,84212;-0,16100
50,54400;-0,84229;-0,16102
50,55400;-0,84246;-0,16128
50,56400;-0,84263;-0,16130
50,57400;-0,84280;-0,16136
50,58400;-0,84297;-0,16156
50,59400;-0,84314;-0,16148
50,60400;-0,84326;-0,16170
50,61400;-0,84343;-0,16182
50,62400;-0,84360;-0,16188
50,63400;-0,84377;-0,16199
50,64400;-0,84394;-0,16210
50,65400;-0,84411;-0,16221
50,66400;-0,84428;-0,16227
50,67400;-0,84445;-0,16251
50,68400;-0,84462;-0,16236
50,69400;-0,84484;-0,16258
50,70400;-0,84501;-0,16278
50,71400;-0,84518;-0,16286
50,72400;-0,84535;-0,16288
50,73400;-0,84552;-0,16314
50,74400;-0,84569;-0,16318
50,75400;-0,84586;-0,16332
50,76400;-0,84603;-0,16355
50,77400;-0,84620;-0,16336
50,78400;-0,84637;-0,16360
50,79400;-0,84654;-0,16368
50,80400;-0,84671;-0,16383
50,81400;-0,84688;-0,16389
50,82400;-0,84700;-0,16414
50,83400;-0,84717;-0,16413
50,84400;-0,84734;-0,16441
50,85400;-0,84751;-0,16450
50,86400;-0,84768;-0,16449
50,87400;-0,84785;-0,16458
50,88400;-0,84802;-0,16470
50,89400;-0,84824;-0,16484
50,90400;-0,84841;-0,16484
50,91400;-0,84858;-0,16514
50,92400;-0,84870;-0,16511
50,93400;-0,84887;-0,16522
50,94400;-0,84904;-0,16540
50,95400;-0,84915;-0,16547
50,96400;-0,84932;-0,16545
50,97400;-0,84949;-0,16580
50,98400;-0,84972;-0,16572
50,99400;-0,84989;-0,16584
51,00400;-0,85006;-0,16605
51,01400;-0,85023;-0,16601
51,02400;-0,85040;-0,16620
51,03400;-0,85057;-0,16633
51,04400;-0,85074;-0,16637
51,05400;-0,85091;-0,16644
51,06400;-0,85108;-0,16669
51,07400;-0,85125;-0,16659
51,08400;-0,85142;-0,16689
51,09400;-0,85159;-0,16697
51,10400;-0,85170;-0,16707
51,11400;-0,85187;-0,16717
51,12400;-0,85204;-0,16728
51,13400;-0,85215;-0,16737
51,14400;-0,85232;-0,16749
51,15400;-0,85249;-0,16761
51,16400;-0,85266;-0,16758
51,17400;-0,85283;-0,16778
51,18400;-0,85300;-0,16785
51,19400;-0,85317;-0,16799
51,20400;-0,85334;-0,16805
51,21400;-0,85351;-0,16821
51,22400;-0,85368;-0,16826
51,23400;-0,85385;-0,16836
51,24400;-0,85397;-0,16855
51,25400;-0,85414;-0,16854
51,26400;-0,85431;-0,16869
51,27400;-0,85442;-0,16885
51,28400;-0,85459;-0,16886
51,29400;-0,85476;-0,16906
51,30400;-0,85493;-0,16919
51,31400;-0,85510;-0,16915
51,32400;-0,85527;-0,16941
51,33400;-0,85544;-0,16940
51,34400;-0,85561;-0,16954
51,35400;-0,85578;-0,16958
51,36400;-0,85595;-0,16983
51,37400;-0,85612;-0,16975
51,38400;-0,85629;-0,17008
51,39400;-0,85646;-0,17007
51,40400;-0,85663;-0,17021
51,41400;-0,85680;-0,17031
51,42400;-0,85697;-0,17048
51,43400;-0,85714;-0,17058
51,44400;-0,85731;-0,17053
51,45400;-0,85742;-0,17086
51,46400;-0,85759;-0,17071
51,47400;-0,85776;-0,17104
51,48400;-0,85788;-0,17097
51,49400;-0,85805;-0,17116
51,50400;-0,85827;-0,17120
51,51400;-0,85844;-0,17139
51,52400;-0,85867;-0,17149
51,53400;-0,85884;-0,17159
51,54400;-0,85901;-0,17170
51,55400;-0,85918;-0,17173
51,56400;-0,85935;-0,17207
51,57400;-0,85952;-0,17187
51,58400;-0,85969;-0,17227
51,59400;-0,85986;-0,17208
51,60400;-0,86003;-0,17249
51,61400;-0,86020;-0,17241
51,62400;-0,86037;-0,17269
51,63400;-0,86054;-0,17271
51,64400;-0,86071;-0,17281
51,65400;-0,86088;-0,17299
51,66400;-0,86105;-0,17301
51,67400;-0,86128;-0,17321
51,68400;-0,86145;-0,17317
51,69400;-0,86156;-0,17353
51,70400;-0,86173;-0,17332
51,71400;-0,86190;-0,17375
51,72400;-0,86207;-0,17355
51,73400;-0,86224;-0,17386
51,74400;-0,86241;-0,17388
51,75400;-0,86252;-0,17406
51,76400;-0,86269;-0,17405
51,77400;-0,86286;-0,17430
51,78400;-0,86298;-0,17433
51,79400;-0,86315;-0,17435
51,80400;-0,86332;-0,17459
51,81400;-0,86349;-0,17449
51,82400;-0,86360;-0,17486
51,83400;-0,86377;-0,17467
51,84400;-0,86394;-0,17511
51,85400;-0,86411;-0,17491
51,86400;-0,86434;-0,17525
51,87400;-0,86451;-0,17525
51,88400;-0,86468;-0,17537
51,89400;-0,86479;-0,17539
51,90400;-0,86496;-0,17555
51,91400;-0,86513;-0,17562
51,92400;-0,86524;-0,17561
51,93400;-0,86541;-0,17597
51,94400;-0,86558;-0,17580
51,95400;-0,86575;-0,17624
51,96400;-0,86592;-0,17615
51,97400;-0,86609;-0,17637
51,98400;-0,86632;-0,17637
51,99400;-0,86649;-0,17655
52,00400;-0,86666;-0,17653
52,01400;-0,86683;-0,17678
52,02400;-0,86700;-0,17692
52,03400;-0,86717;-0,17701
52,04400;-0,86734;-0,17719
52,05400;-0,86751;-0,17725
52,06400;-0,86774;-0,17743
52,07400;-0,86791;-0,17742
52,08400;-0,86802;-0,17771
52,09400;-0,86819;-0,17761
52,10400;-0,86836;-0,17782
52,11400;-0,86853;-0,17794
52,12400;-0,86864;-0,17794
52,13400;-0,86881;-0,17810
52,14400;-0,86898;-0,17824
52,15400;-0,86915;-0,17828
52,16400;-0,86932;-0,17839
52,17400;-0,86949;-0,17870
52,18400;-0,86966;-0,17865
52,19400;-0,86989;-0,17881
52,20400;-0,87006;-0,17888
52,21400;-0,87023;-0,17894
52,22400;-0,87040;-0,17907
52,23400;-0,87051;-0,17926
52,24400;-0,87068;-0,17930
52,25400;-0,87085;-0,17937
52,26400;-0,87102;-0,17970
52,27400;-0,87119;-0,17965
52,28400;-0,87136;-0,17980
52,29400;-0,87153;-0,17981
52,30400;-0,87170;-0,18002
52,31400;-0,87187;-0,17999
52,32400;-0,87204;-0,18032
52,33400;-0,87221;-0,18022
52,34400;-0,87238;-0,18039
52,35400;-0,87255;-0,18061
52,36400;-0,87272;-0,18072
52,37400;-0,87289;-0,18075
52,38400;-0,87306;-0,18089
52,39400;-0,87323;-0,18092
52,40400;-0,87335;-0,18098
52,41400;-0,87352;-0,18131
52,42400;-0,87369;-0,18129
52,43400;-0,87386;-0,18145
52,44400;-0,87403;-0,18157
52,45400;-0,87414;-0,18165
52,46400;-0,87431;-0,18169
52,47400;-0,87448;-0,18189
52,48400;-0,87465;-0,18185
52,49400;-0,87482;-0,18200
52,50400;-0,87499;-0,18214
52,51400;-0,87516;-0,18223
52,52400;-0,87527;-0,18235
52,53400;-0,87544;-0,18247
52,54400;-0,87561;-0,18260
52,55400;-0,87578;-0,18258
52,56400;-0,87590;-0,18289
52,57400;-0,87612;-0,18279
52,58400;-0,87629;-0,18295
52,59400;-0,87646;-0,18309
52,60400;-0,87663;-0,18311
52,61400;-0,87680;-0,18332
52,62400;-0,87697;-0,18353
52,63400;-0,87714;-0,18355
52,64400;-0,87731;-0,18374
52,65400;-0,87748;-0,18383
52,66400;-0,87765;-0,18389
52,67400;-0,87782;-0,18400
52,68400;-0,87799;-0,18412
52,69400;-0,87816;-0,18429
52,70400;-0,87833;-0,18434
52,71400;-0,87850;-0,18457
52,72400;-0,87867;-0,18460
52,73400;-0,87884;-0,18471
52,74400;-0,87896;-0,18477
52,75400;-0,87913;-0,18499
52,76400;-0,87924;-0,18488
52,77400;-0,87941;-0,18516
52,78400;-0,87958;-0,18512
52,79400;-0,87975;-0,18526
52,80400;-0,87998;-0,18547
52,81400;-0,88015;-0,18547
52,82400;-0,88032;-0,18574
52,83400;-0,88049;-0,18565
52,84400;-0,88071;-0,18590
52,85400;-0,88088;-0,18588
52,86400;-0,88105;-0,18619
52,87400;-0,88122;-0,18616
52,88400;-0,88139;-0,18642
52,89400;-0,88151;-0,18633
52,90400;-0,88168;-0,18665
52,91400;-0,88185;-0,18671
52,92400;-0,88202;-0,18671
52,93400;-0,88219;-0,18704
52,94400;-0,88236;-0,18693
52,95400;-0,88253;-0,18724
52,96400;-0,88270;-0,18721
52,97400;-0,88287;-0,18740
52,98400;-0,88304;-0,18735
52,99400;-0,88321;-0,18764
53,00400;-0,88338;-0,18762
53,01400;-0,88355;-0,18779
53,02400;-0,88372;-0,18791
53,03400;-0,88389;-0,18796
53,04400;-0,88406;-0,18815
53,05400;-0,88423;-0,18807
53,06400;-0,88440;-0,18842
53,07400;-0,88451;-0,18832
53,08400;-0,88468;-0,18853
53,09400;-0,88485;-0,18861
53,10400;-0,88496;-0,18867
53,11400;-0,88513;-0,18887
53,12400;-0,88530;-0,18901
53,13400;-0,88547;-0,18914
53,14400;-0,88564;-0,18912
53,15400;-0,88581;-0,18941
53,16400;-0,88598;-0,18924
53,17400;-0,88615;-0,18966
53,18400;-0,88627;-0,18959
53,19400;-0,88644;-0,18976
53,20400;-0,88655;-0,18991
53,21400;-0,88672;-0,18997
53,22400;-0,88689;-0,19015
53,23400;-0,88706;-0,19017
53,24400;-0,88723;-0,19036
53,25400;-0,88746;-0,19030
53,26400;-0,88763;-0,19061
53,27400;-0,88780;-0,19057
53,28400;-0,88802;-0,19091
53,29400;-0,88819;-0,19089
53,30400;-0,88836;-0,19108
53,31400;-0,88853;-0,19129
53,32400;-0,88870;-0,19128
53,33400;-0,88887;-0,19151
53,34400;-0,88904;-0,19148
53,35400;-0,88921;-0,19169
53,36400;-0,88938;-0,19172
53,37400;-0,88955;-0,19191
53,38400;-0,88972;-0,19192
53,39400;-0,88984;-0,19211
53,40400;-0,89001;-0,19219
53,41400;-0,89012;-0,19228
53,42400;-0,89029;-0,19247
53,43400;-0,89046;-0,19238
53,44400;-0,89063;-0,19281
53,45400;-0,89080;-0,19262
53,46400;-0,89097;-0,19302
53,47400;-0,89114;-0,19288
53,48400;-0,89131;-0,19322
53,49400;-0,89148;-0,19308
53,50400;-0,89165;-0,19338
53,51400;-0,89188;-0,19338
53,52400;-0,89199;-0,19353
53,53400;-0,89216;-0,19374
53,54400;-0,89233;-0,19361
53,55400;-0,89250;-0,19404
53,56400;-0,89267;-0,19376
53,57400;-0,89278;-0,19428
53,58400;-0,89295;-0,19408
53,59400;-0,89312;-0,19444
53,60400;-0,89329;-0,19430
53,61400;-0,89352;-0,19466
53,62400;-0,89369;-0,19462
53,63400;-0,89386;-0,19480
53,64400;-0,89403;-0,19499
53,65400;-0,89420;-0,19476
53,66400;-0,89437;-0,19534
53,67400;-0,89454;-0,19505
53,68400;-0,89471;-0,19550
53,69400;-0,89488;-0,19528
53,70400;-0,89505;-0,19570
53,71400;-0,89522;-0,19554
53,72400;-0,89539;-0,19594
53,73400;-0,89550;-0,19585
53,74400;-0,89567;-0,19592
53,75400;-0,89584;-0,19620
53,76400;-0,89601;-0,19617
53,77400;-0,89618;-0,19652
53,78400;-0,89635;-0,19630
53,79400;-0,89652;-0,19675
53,80400;-0,89669;-0,19654
53,81400;-0,89686;-0,19694
53,82400;-0,89703;-0,19686
53,83400;-0,89720;-0,19693
53,84400;-0,89732;-0,19717
53,85400;-0,89749;-0,19726
53,86400;-0,89760;-0,19750
53,87400;-0,89777;-0,19741
53,88400;-0,89794;-0,19780
53,89400;-0,89811;-0,19752
53,90400;-0,89828;-0,19806
53,91400;-0,89845;-0,19778
53,92400;-0,89862;-0,19809
53,93400;-0,89879;-0,19813
53,94400;-0,89896;-0,19818
53,95400;-0,89913;-0,19847
53,96400;-0,89930;-0,19846
53,97400;-0,89947;-0,19860
53,98400;-0,89970;-0,19877
53,99400;-0,89987;-0,19885
54,00400;-0,90004;-0,19881
54,01400;-0,90015;-0,19913
54,02400;-0,90032;-0,19909
54,03400;-0,90049;-0,19928
54,04400;-0,90066;-0,19942
54,05400;-0,90077;-0,19948
54,06400;-0,90094;-0,19971
54,07400;-0,90111;-0,19973
54,08400;-0,90128;-0,19989
54,09400;-0,90145;-0,19996
54,10400;-0,90162;-0,20008
54,11400;-0,90179;-0,20028
54,12400;-0,90202;-0,20031
54,13400;-0,90219;-0,20044
54,14400;-0,90236;-0,20053
54,15400;-0,90253;-0,20068
54,16400;-0,90276;-0,20077
54,17400;-0,90293;-0,20097
54,18400;-0,90310;-0,20093
54,19400;-0,90321;-0,20117
54,20400;-0,90338;-0,20123
54,21400;-0,90355;-0,20141
54,22400;-0,90372;-0,20146
54,23400;-0,90389;-0,20162
54,24400;-0,90406;-0,20178
54,25400;-0,90423;-0,20177
54,26400;-0,90440;-0,20207
54,27400;-0,90457;-0,20196
54,28400;-0,90468;-0,20225
54,29400;-0,90491;-0,20226
54,30400;-0,90508;-0,20248
54,31400;-0,90519;-0,20243
54,32400;-0,90536;-0,20261
54,33400;-0,90553;-0,20277
54,34400;-0,90570;-0,20285
54,35400;-0,90587;-0,20301
54,36400;-0,90599;-0,20304
54,37400;-0,90616;-0,20325
54,38400;-0,90633;-0,20331
54,39400;-0,90650;-0,20357
54,40400;-0,90661;-0,20354
54,41400;-0,90678;-0,20374
54,42400;-0,90695;-0,20377
54,43400;-0,90712;-0,20395
54,44400;-0,90729;-0,20399
54,45400;-0,90746;-0,20412
54,46400;-0,90763;-0,20422
54,47400;-0,90780;-0,20437
54,48400;-0,90797;-0,20444
54,49400;-0,90808;-0,20449
54,50400;-0,90825;-0,20462
54,51400;-0,90842;-0,20475
54,52400;-0,90854;-0,20487
54,53400;-0,90871;-0,20504
54,54400;-0,90888;-0,20509
54,55400;-0,90910;-0,20521
54,56400;-0,90927;-0,20535
54,57400;-0,90944;-0,20553
54,58400;-0,90967;-0,20552
54,59400;-0,90984;-0,20569
54,60400;-0,91001;-0,20588
54,61400;-0,91018;-0,20595
54,62400;-0,91035;-0,20620
54,63400;-0,91052;-0,20620
54,64400;-0,91069;-0,20637
54,65400;-0,91086;-0,20643
54,66400;-0,91103;-0,20672
54,67400;-0,91120;-0,20658
54,68400;-0,91137;-0,20690
54,69400;-0,91148;-0,20681
54,70400;-0,91165;-0,20701
54,71400;-0,91182;-0,20713
54,72400;-0,91194;-0,20719
54,73400;-0,91211;-0,20740
54,74400;-0,91228;-0,20739
54,75400;-0,91245;-0,20765
54,76400;-0,91262;-0,20763
54,77400;-0,91284;-0,20792
54,78400;-0,91301;-0,20780
54,79400;-0,91318;-0,20811
54,80400;-0,91335;-0,20802
54,81400;-0,91352;-0,20833
54,82400;-0,91369;-0,20844
54,83400;-0,91386;-0,20852
54,84400;-0,91398;-0,20874
54,85400;-0,91415;-0,20865
54,86400;-0,91432;-0,20892
54,87400;-0,91449;-0,20893
54,88400;-0,91466;-0,20913
54,89400;-0,91483;-0,20913
54,90400;-0,91500;-0,20927
54,91400;-0,91517;-0,20942
54,92400;-0,91534;-0,20953
54,93400;-0,91551;-0,20967
54,94400;-0,91568;-0,20973
54,95400;-0,91585;-0,20989
54,96400;-0,91602;-0,20997
54,97400;-0,91619;-0,21017
54,98400;-0,91636;-0,21017
54,99400;-0,91653;-0,21033
55,00400;-0,91670;-0,21055
55,01400;-0,91687;-0,21054
55,02400;-0,91698;-0,21083
55,03400;-0,91715;-0,21077
55,04400;-0,91732;-0,21097
55,05400;-0,91749;-0,21107
55,06400;-0,91766;-0,21112
55,07400;-0,91777;-0,21124
55,08400;-0,91800;-0,21135
55,09400;-0,91811;-0,21146
55,10400;-0,91834;-0,21152
55,11400;-0,91851;-0,21175
55,12400;-0,91868;-0,21170
55,13400;-0,91879;-0,21195
55,14400;-0,91896;-0,21193
55,15400;-0,91908;-0,21206
55,16400;-0,91925;-0,21228
55,17400;-0,91942;-0,21221
55,18400;-0,91959;-0,21260
55,19400;-0,91976;-0,21255
55,20400;-0,91993;-0,21284
55,21400;-0,92010;-0,21279
55,22400;-0,92032;-0,21304
55,23400;-0,92049;-0,21302
55,24400;-0,92066;-0,21318
55,25400;-0,92083;-0,21329
55,26400;-0,92100;-0,21337
55,27400;-0,92117;-0,21360
55,28400;-0,92134;-0,21359
55,29400;-0,92151;-0,21385
55,30400;-0,92168;-0,21378
55,31400;-0,92185;-0,21415
55,32400;-0,92202;-0,21405
55,33400;-0,92214;-0,21439
55,34400;-0,92231;-0,21432
55,35400;-0,92248;-0,21442
55,36400;-0,92259;-0,21461
55,37400;-0,92276;-0,21473
55,38400;-0,92293;-0,21475
55,39400;-0,92310;-0,21491
55,40400;-0,92327;-0,21512
55,41400;-0,92350;-0,21498
55,42400;-0,92367;-0,21550
55,43400;-0,92384;-0,21528
55,44400;-0,92406;-0,21557
55,45400;-0,92423;-0,21553
55,46400;-0,92440;-0,21589
55,47400;-0,92457;-0,21578
55,48400;-0,92474;-0,21599
55,49400;-0,92486;-0,21608
55,50400;-0,92503;-0,21609
55,51400;-0,92520;-0,21644
55,52400;-0,92537;-0,21634
55,53400;-0,92554;-0,21667
55,54400;-0,92571;-0,21653
55,55400;-0,92588;-0,21690
55,56400;-0,92605;-0,21672
55,57400;-0,92622;-0,21716
55,58400;-0,92639;-0,21707
55,59400;-0,92656;-0,21724
55,60400;-0,92673;-0,21746
55,61400;-0,92690;-0,21744
55,62400;-0,92707;-0,21764
55,63400;-0,92718;-0,21773
55,64400;-0,92735;-0,21787
55,65400;-0,92752;-0,21785
55,66400;-0,92769;-0,21818
55,67400;-0,92780;-0,21807
55,68400;-0,92797;-0,21832
55,69400;-0,92814;-0,21830
55,70400;-0,92826;-0,21844
55,71400;-0,92843;-0,21858
55,72400;-0,92860;-0,21867
55,73400;-0,92877;-0,21881
55,74400;-0,92894;-0,21885
55,75400;-0,92911;-0,21910
55,76400;-0,92928;-0,21907
55,77400;-0,92945;-0,21937
55,78400;-0,92962;-0,21929
55,79400;-0,92979;-0,21952
55,80400;-0,92990;-0,21946
55,81400;-0,93007;-0,21965
55,82400;-0,93024;-0,21986
55,83400;-0,93041;-0,21986
55,84400;-0,93058;-0,22010
55,85400;-0,93075;-0,22007
55,86400;-0,93092;-0,22033
55,87400;-0,93115;-0,22025
55,88400;-0,93132;-0,22048
55,89400;-0,93149;-0,22045
55,90400;-0,93166;-0,22068
55,91400;-0,93183;-0,22078
55,92400;-0,93200;-0,22102
55,93400;-0,93222;-0,22113
55,94400;-0,93234;-0,22119
55,95400;-0,93251;-0,22150
55,96400;-0,93268;-0,22133
55,97400;-0,93279;-0,22169
55,98400;-0,93296;-0,22153
55,99400;-0,93313;-0,22190
56,00400;-0,93324;-0,22180
56,01400;-0,93341;-0,22203
56,02400;-0,93358;-0,22208
56,03400;-0,93381;-0,22220
56,04400;-0,93398;-0,22235
56,05400;-0,93415;-0,22237
56,06400;-0,93432;-0,22269
56,07400;-0,93455;-0,22250
56,08400;-0,93472;-0,22297
56,09400;-0,93489;-0,22275
56,10400;-0,93506;-0,22313
56,11400;-0,93523;-0,22309
56,12400;-0,93534;-0,22335
56,13400;-0,93551;-0,22342
56,14400;-0,93568;-0,22343
56,15400;-0,93585;-0,22380
56,16400;-0,93596;-0,22351
56,17400;-0,93613;-0,22400
56,18400;-0,93630;-0,22373
56,19400;-0,93647;-0,22428
56,20400;-0,93664;-0,22388
56,21400;-0,93681;-0,22449
56,22400;-0,93698;-0,22429
56,23400;-0,93715;-0,22453
56,24400;-0,93732;-0,22467
56,25400;-0,93749;-0,22466
56,26400;-0,93766;-0,22491
56,27400;-0,93783;-0,22484
56,28400;-0,93800;-0,22527
56,29400;-0,93817;-0,22491
56,30400;-0,93840;-0,22552
56,31400;-0,93851;-0,22522
56,32400;-0,93868;-0,22565
56,33400;-0,93885;-0,22558
56,34400;-0,93902;-0,22582
56,35400;-0,93919;-0,22588
56,36400;-0,93931;-0,22600
56,37400;-0,93948;-0,22617
56,38400;-0,93965;-0,22611
56,39400;-0,93982;-0,22638
56,40400;-0,93999;-0,22624
56,41400;-0,94016;-0,22668
56,42400;-0,94033;-0,22648
56,43400;-0,94050;-0,22690
56,44400;-0,94067;-0,22675
56,45400;-0,94078;-0,22706
56,46400;-0,94095;-0,22706
56,47400;-0,94112;-0,22733
56,48400;-0,94129;-0,22730
56,49400;-0,94140;-0,22746
56,50400;-0,94157;-0,22760
56,51400;-0,94180;-0,22762
56,52400;-0,94197;-0,22780
56,53400;-0,94214;-0,22782
56,54400;-0,94231;-0,22808
56,55400;-0,94248;-0,22795
56,56400;-0,94265;-0,22836
56,57400;-0,94282;-0,22824
56,58400;-0,94299;-0,22848
56,59400;-0,94316;-0,22862
56,60400;-0,94333;-0,22866
56,61400;-0,94350;-0,22876
56,62400;-0,94367;-0,22893
56,63400;-0,94378;-0,22913
56,64400;-0,94395;-0,22900
56,65400;-0,94412;-0,22937
56,66400;-0,94429;-0,22916
56,67400;-0,94446;-0,22959
56,68400;-0,94463;-0,22945
56,69400;-0,94480;-0,22979
56,70400;-0,94497;-0,22968
56,71400;-0,94520;-0,22999
56,72400;-0,94537;-0,23015
56,73400;-0,94554;-0,23015
56,74400;-0,94571;-0,23036
56,75400;-0,94588;-0,23033
56,76400;-0,94605;-0,23062
56,77400;-0,94622;-0,23049
56,78400;-0,94639;-0,23096
56,79400;-0,94650;-0,23065
56,80400;-0,94667;-0,23108
56,81400;-0,94684;-0,23111
56,82400;-0,94701;-0,23116
56,83400;-0,94718;-0,23134
56,84400;-0,94735;-0,23147
56,85400;-0,94752;-0,23161
56,86400;-0,94769;-0,23164
56,87400;-0,94786;-0,23192
56,88400;-0,94803;-0,23180
56,89400;-0,94820;-0,23209
56,90400;-0,94837;-0,23207
56,91400;-0,94854;-0,23231
56,92400;-0,94871;-0,23231
56,93400;-0,94888;-0,23245
56,94400;-0,94905;-0,23268
56,95400;-0,94922;-0,23263
56,96400;-0,94934;-0,23292
56,97400;-0,94951;-0,23278
56,98400;-0,94962;-0,23309
56,99400;-0,94979;-0,23306
57,00400;-0,94996;-0,23328
57,01400;-0,95013;-0,23330
57,02400;-0,95024;-0,23340
57,03400;-0,95041;-0,23355
57,04400;-0,95058;-0,23361
57,05400;-0,95075;-0,23382
57,06400;-0,95098;-0,23377
57,07400;-0,95115;-0,23401
57,08400;-0,95126;-0,23401
57,09400;-0,95143;-0,23418
57,10400;-0,95155;-0,23425
57,11400;-0,95172;-0,23443
57,12400;-0,95189;-0,23454
57,13400;-0,95206;-0,23466
57,14400;-0,95228;-0,23482
57,15400;-0,95245;-0,23490
57,16400;-0,95268;-0,23504
57,17400;-0,95285;-0,23511
57,18400;-0,95302;-0,23523
57,19400;-0,95319;-0,23535
57,20400;-0,95336;-0,23550
57,21400;-0,95353;-0,23561
57,22400;-0,95370;-0,23581
57,23400;-0,95387;-0,23587
57,24400;-0,95404;-0,23607
57,25400;-0,95421;-0,23612
57,26400;-0,95438;-0,23621
57,27400;-0,95455;-0,23631
57,28400;-0,95472;-0,23641
57,29400;-0,95489;-0,23658
57,30400;-0,95500;-0,23660
57,31400;-0,95517;-0,23672
57,32400;-0,95534;-0,23685
57,33400;-0,95551;-0,23700
57,34400;-0,95568;-0,23705
57,35400;-0,95591;-0,23726
57,36400;-0,95608;-0,23726
57,37400;-0,95625;-0,23750
57,38400;-0,95642;-0,23750
57,39400;-0,95659;-0,23776
57,40400;-0,95670;-0,23772
57,41400;-0,95687;-0,23790
57,42400;-0,95699;-0,23805
57,43400;-0,95716;-0,23813
57,44400;-0,95733;-0,23821
57,45400;-0,95750;-0,23833
57,46400;-0,95767;-0,23849
57,47400;-0,95784;-0,23846
57,48400;-0,95801;-0,23873
57,49400;-0,95818;-0,23871
57,50400;-0,95835;-0,23887
57,51400;-0,95852;-0,23904
57,52400;-0,95874;-0,23914
57,53400;-0,95891;-0,23931
57,54400;-0,95908;-0,23937
57,55400;-0,95925;-0,23948
57,56400;-0,95942;-0,23952
57,57400;-0,95959;-0,23966
57,58400;-0,95976;-0,23978
57,59400;-0,95993;-0,23987
57,60400;-0,96005;-0,23998
57,61400;-0,96022;-0,24012
57,62400;-0,96039;-0,24031
57,63400;-0,96050;-0,24040
57,64400;-0,96067;-0,24053
57,65400;-0,96084;-0,24054
57,66400;-0,96101;-0,24070
57,67400;-0,96118;-0,24078
57,68400;-0,96135;-0,24092
57,69400;-0,96152;-0,24089
57,70400;-0,96169;-0,24110
57,71400;-0,96186;-0,24125
57,72400;-0,96197;-0,24131
57,73400;-0,96214;-0,24158
57,74400;-0,96226;-0,24135
57,75400;-0,96243;-0,24173
57,76400;-0,96260;-0,24174
57,77400;-0,96277;-0,24196
57,78400;-0,96294;-0,24185
57,79400;-0,96311;-0,24216
57,80400;-0,96328;-0,24204
57,81400;-0,96345;-0,24241
57,82400;-0,96362;-0,24227
57,83400;-0,96379;-0,24248
57,84400;-0,96401;-0,24261
57,85400;-0,96413;-0,24266
57,86400;-0,96430;-0,24292
57,87400;-0,96452;-0,24290
57,88400;-0,96464;-0,24315
57,89400;-0,96481;-0,24314
57,90400;-0,96498;-0,24345
57,91400;-0,96515;-0,24329
57,92400;-0,96532;-0,24364
57,93400;-0,96543;-0,24356
57,94400;-0,96560;-0,24384
57,95400;-0,96577;-0,24381
57,96400;-0,96594;-0,24390
57,97400;-0,96611;-0,24397
57,98400;-0,96628;-0,24404
57,99400;-0,96645;-0,24433
58,00400;-0,96662;-0,24420
58,01400;-0,96685;-0,24461
58,02400;-0,96702;-0,24455
58,03400;-0,96719;-0,24495
58,04400;-0,96736;-0,24471
58,05400;-0,96753;-0,24514
58,06400;-0,96770;-0,24495
58,07400;-0,96787;-0,24525
58,08400;-0,96804;-0,24530
58,09400;-0,96821;-0,24528
58,10400;-0,96838;-0,24555
58,11400;-0,96855;-0,24553
58,12400;-0,96872;-0,24597
58,13400;-0,96889;-0,24582
58,14400;-0,96906;-0,24621
58,15400;-0,96923;-0,24605
58,16400;-0,96940;-0,24635
58,17400;-0,96957;-0,24634
58,18400;-0,96974;-0,24651
58,19400;-0,96991;-0,24647
58,20400;-0,97008;-0,24662
58,21400;-0,97019;-0,24676
58,22400;-0,97036;-0,24676
58,23400;-0,97053;-0,24708
58,24400;-0,97070;-0,24698
58,25400;-0,97087;-0,24720
58,26400;-0,97104;-0,24722
58,27400;-0,97115;-0,24747
58,28400;-0,97127;-0,24741
58,29400;-0,97144;-0,24761
58,30400;-0,97161;-0,24765
58,31400;-0,97178;-0,24780
58,32400;-0,97195;-0,24793
58,33400;-0,97212;-0,24800
58,34400;-0,97229;-0,24813
58,35400;-0,97246;-0,24809
58,36400;-0,97263;-0,24835
58,37400;-0,97280;-0,24836
58,38400;-0,97291;-0,24856
58,39400;-0,97308;-0,24860
58,40400;-0,97319;-0,24882
58,41400;-0,97336;-0,24892
58,42400;-0,97359;-0,24909
58,43400;-0,97376;-0,24915
58,44400;-0,97393;-0,24920
58,45400;-0,97416;-0,24929
58,46400;-0,97433;-0,24931
58,47400;-0,97450;-0,24961
58,48400;-0,97467;-0,24947
58,49400;-0,97484;-0,24973
58,50400;-0,97501;-0,24982
58,51400;-0,97518;-0,24997
58,52400;-0,97540;-0,25011
58,53400;-0,97557;-0,25029
58,54400;-0,97574;-0,25033
58,55400;-0,97586;-0,25044
58,56400;-0,97603;-0,25060
58,57400;-0,97614;-0,25055
58,58400;-0,97631;-0,25082
58,59400;-0,97648;-0,25074
58,60400;-0,97665;-0,25100
58,61400;-0,97682;-0,25089
58,62400;-0,97699;-0,25116
58,63400;-0,97716;-0,25120
58,64400;-0,97733;-0,25140
58,65400;-0,97750;-0,25154
58,66400;-0,97773;-0,25163
58,67400;-0,97790;-0,25180
58,68400;-0,97807;-0,25184
58,69400;-0,97824;-0,25204
58,70400;-0,97835;-0,25189
58,71400;-0,97852;-0,25226
58,72400;-0,97869;-0,25213
58,73400;-0,97886;-0,25247
58,74400;-0,97903;-0,25238
58,75400;-0,97920;-0,25264
58,76400;-0,97937;-0,25266
58,77400;-0,97954;-0,25282
58,78400;-0,97971;-0,25293
58,79400;-0,97988;-0,25304
58,80400;-0,98005;-0,25317
58,81400;-0,98022;-0,25327
58,82400;-0,98039;-0,25347
58,83400;-0,98056;-0,25335
58,84400;-0,98073;-0,25380
58,85400;-0,98090;-0,25352
58,86400;-0,98107;-0,25388
58,87400;-0,98124;-0,25384
58,88400;-0,98141;-0,25400
58,89400;-0,98158;-0,25410
58,90400;-0,98169;-0,25423
58,91400;-0,98186;-0,25432
58,92400;-0,98203;-0,25442
58,93400;-0,98220;-0,25467
58,94400;-0,98232;-0,25452
58,95400;-0,98249;-0,25492
58,96400;-0,98266;-0,25471
58,97400;-0,98283;-0,25506
58,98400;-0,98300;-0,25492
58,99400;-0,98317;-0,25513
59,00400;-0,98334;-0,25516
59,01400;-0,98351;-0,25528
59,02400;-0,98362;-0,25539
59,03400;-0,98379;-0,25543
59,04400;-0,98390;-0,25568
59,05400;-0,98407;-0,25570
59,06400;-0,98424;-0,25598
59,07400;-0,98441;-0,25593
59,08400;-0,98458;-0,25618
59,09400;-0,98475;-0,25613
59,10400;-0,98492;-0,25627
59,11400;-0,98515;-0,25641
59,12400;-0,98532;-0,25640
59,13400;-0,98549;-0,25660
59,14400;-0,98566;-0,25668
59,15400;-0,98583;-0,25688
59,16400;-0,98600;-0,25691
59,17400;-0,98611;-0,25712
59,18400;-0,98628;-0,25712
59,19400;-0,98645;-0,25732
59,20400;-0,98662;-0,25735
59,21400;-0,98679;-0,25742
59,22400;-0,98691;-0,25759
59,23400;-0,98708;-0,25760
59,24400;-0,98725;-0,25779
59,25400;-0,98742;-0,25774
59,26400;-0,98759;-0,25801
59,27400;-0,98776;-0,25794
59,28400;-0,98798;-0,25823
59,29400;-0,98815;-0,25831
59,30400;-0,98832;-0,25848
59,31400;-0,98855;-0,25855
59,32400;-0,98872;-0,25866
59,33400;-0,98883;-0,25883
59,34400;-0,98900;-0,25885
59,35400;-0,98917;-0,25911
59,36400;-0,98934;-0,25897
59,37400;-0,98951;-0,25926
59,38400;-0,98968;-0,25925
59,39400;-0,98991;-0,25948
59,40400;-0,99008;-0,25939
59,41400;-0,99025;-0,25971
59,42400;-0,99042;-0,25969
59,43400;-0,99059;-0,25990
59,44400;-0,99070;-0,26003
59,45400;-0,99087;-0,26001
59,46400;-0,99104;-0,26028
59,47400;-0,99121;-0,26030
59,48400;-0,99138;-0,26038
59,49400;-0,99155;-0,26039
59,50400;-0,99172;-0,26072
59,51400;-0,99189;-0,26060
59,52400;-0,99206;-0,26083
59,53400;-0,99218;-0,26090
59,54400;-0,99235;-0,26102
59,55400;-0,99252;-0,26114
59,56400;-0,99263;-0,26127
59,57400;-0,99280;-0,26136
59,58400;-0,99291;-0,26134
59,59400;-0,99308;-0,26162
59,60400;-0,99325;-0,26156
59,61400;-0,99342;-0,26173
59,62400;-0,99359;-0,26176
59,63400;-0,99376;-0,26189
59,64400;-0,99393;-0,26190
59,65400;-0,99410;-0,26210
59,66400;-0,99433;-0,26216
59,67400;-0,99444;-0,26225
59,68400;-0,99461;-0,26244
59,69400;-0,99478;-0,26240
59,70400;-0,99490;-0,26268
59,71400;-0,99507;-0,26261
59,72400;-0,99524;-0,26294
59,73400;-0,99546;-0,26291
59,74400;-0,99563;-0,26306
59,75400;-0,99580;-0,26312
59,76400;-0,99597;-0,26315
59,77400;-0,99614;-0,26337
59,78400;-0,99631;-0,26337
59,79400;-0,99648;-0,26355
59,80400;-0,99665;-0,26357
59,81400;-0,99688;-0,26397
59,82400;-0,99705;-0,26381
59,83400;-0,99716;-0,26427
59,84400;-0,99739;-0,26409
59,85400;-0,99750;-0,26434
59,86400;-0,99767;-0,26441
59,87400;-0,99784;-0,26438
59,88400;-0,99801;-0,26454
59,89400;-0,99813;-0,26453
59,90400;-0,99830;-0,26477
59,91400;-0,99847;-0,26477
59,92400;-0,99864;-0,26514
59,93400;-0,99881;-0,26499
59,94400;-0,99898;-0,26533
59,95400;-0,99915;-0,26509
59,96400;-0,99932;-0,26550
59,97400;-0,99949;-0,26534
59,98400;-0,99966;-0,26548
59,99400;-0,99983;-0,26571
60,00400;-1,00000;-0,26570
60,01400;-1,00011;-0,26581
60,02400;-1,00028;-0,26601
60,03400;-1,00045;-0,26602
60,04400;-1,00068;-0,26608
60,05400;-1,00085;-0,26638
60,06400;-1,00102;-0,26631
60,07400;-1,00119;-0,26647
60,08400;-1,00136;-0,26661
60,09400;-1,00153;-0,26672
60,10400;-1,00170;-0,26681
60,11400;-1,00187;-0,26700
60,12400;-1,00204;-0,26703
60,13400;-1,00221;-0,26715
60,14400;-1,00238;-0,26723
60,15400;-1,00260;-0,26740
60,16400;-1,00272;-0,26736
60,17400;-1,00289;-0,26752
60,18400;-1,00306;-0,26768
60,19400;-1,00323;-0,26770
60,20400;-1,00334;-0,26785
60,21400;-1,00351;-0,26794
60,22400;-1,00368;-0,26807
60,23400;-1,00379;-0,26817
60,24400;-1,00396;-0,26832
60,25400;-1,00413;-0,26826
60,26400;-1,00430;-0,26851
60,27400;-1,00447;-0,26849
60,28400;-1,00464;-0,26855
60,29400;-1,00481;-0,26869
60,30400;-1,00498;-0,26878
60,31400;-1,00515;-0,26893
60,32400;-1,00527;-0,26913
60,33400;-1,00544;-0,26914
60,34400;-1,00555;-0,26919
60,35400;-1,00572;-0,26941
60,36400;-1,00589;-0,26934
60,37400;-1,00606;-0,26959
60,38400;-1,00623;-0,26947
60,39400;-1,00640;-0,26963
60,40400;-1,00663;-0,26976
60,41400;-1,00680;-0,26983
60,42400;-1,00697;-0,26999
60,43400;-1,00714;-0,27005
60,44400;-1,00731;-0,27031
60,45400;-1,00748;-0,27033
60,46400;-1,00765;-0,27058
60,47400;-1,00782;-0,27043
60,48400;-1,00799;-0,27070
60,49400;-1,00816;-0,27064
60,50400;-1,00833;-0,27094
60,51400;-1,00844;-0,27091
60,52400;-1,00861;-0,27110
60,53400;-1,00878;-0,27127
60,54400;-1,00895;-0,27125
60,55400;-1,00912;-0,27140
60,56400;-1,00929;-0,27150
60,57400;-1,00946;-0,27159
60,58400;-1,00969;-0,27156
60,59400;-1,00986;-0,27187
60,60400;-1,01003;-0,27192
60,61400;-1,01025;-0,27209
60,62400;-1,01042;-0,27210
60,63400;-1,01059;-0,27226
60,64400;-1,01071;-0,27228
60,65400;-1,01088;-0,27243
60,66400;-1,01105;-0,27258
60,67400;-1,01122;-0,27261
60,68400;-1,01139;-0,27274
60,69400;-1,01156;-0,27287
60,70400;-1,01173;-0,27291
60,71400;-1,01190;-0,27315
60,72400;-1,01207;-0,27315
60,73400;-1,01224;-0,27327
60,74400;-1,01241;-0,27339
60,75400;-1,01258;-0,27348
60,76400;-1,01275;-0,27355
60,77400;-1,01292;-0,27364
60,78400;-1,01309;-0,27372
60,79400;-1,01320;-0,27382
60,80400;-1,01337;-0,27407
60,81400;-1,01354;-0,27399
60,82400;-1,01371;-0,27421
60,83400;-1,01388;-0,27415
60,84400;-1,01399;-0,27446
60,85400;-1,01416;-0,27440
60,86400;-1,01433;-0,27459
60,87400;-1,01445;-0,27463
60,88400;-1,01462;-0,27476
60,89400;-1,01479;-0,27482
60,90400;-1,01496;-0,27488
60,91400;-1,01513;-0,27502
60,92400;-1,01530;-0,27497
60,93400;-1,01547;-0,27528
60,94400;-1,01564;-0,27522
60,95400;-1,01581;-0,27545
60,96400;-1,01598;-0,27545
60,97400;-1,01615;-0,27568
60,98400;-1,01632;-0,27568
60,99400;-1,01643;-0,27590
61,00400;-1,01660;-0,27587
61,01400;-1,01677;-0,27596
61,02400;-1,01694;-0,27621
61,03400;-1,01711;-0,27618
61,04400;-1,01728;-0,27650
61,05400;-1,01751;-0,27637
61,06400;-1,01768;-0,27665
61,07400;-1,01785;-0,27659
61,08400;-1,01802;-0,27679
61,09400;-1,01819;-0,27677
61,10400;-1,01836;-0,27699
61,11400;-1,01853;-0,27705
61,12400;-1,01870;-0,27718
61,13400;-1,01887;-0,27737
61,14400;-1,01904;-0,27720
61,15400;-1,01915;-0,27763
61,16400;-1,01932;-0,27741
61,17400;-1,01949;-0,27784
61,18400;-1,01960;-0,27769
61,19400;-1,01977;-0,27793
61,20400;-1,01994;-0,27793
61,21400;-1,02011;-0,27819
61,22400;-1,02028;-0,27812
61,23400;-1,02045;-0,27832
61,24400;-1,02062;-0,27835
61,25400;-1,02085;-0,27841
61,26400;-1,02102;-0,27867
61,27400;-1,02119;-0,27861
61,28400;-1,02130;-0,27888
61,29400;-1,02147;-0,27872
61,30400;-1,02159;-0,27904
61,31400;-1,02176;-0,27903
61,32400;-1,02193;-0,27916
61,33400;-1,02210;-0,27925
61,34400;-1,02232;-0,27936
61,35400;-1,02249;-0,27953
61,36400;-1,02266;-0,27958
61,37400;-1,02289;-0,27978
61,38400;-1,02306;-0,27974
61,39400;-1,02323;-0,27997
61,40400;-1,02340;-0,27991
61,41400;-1,02357;-0,28014
61,42400;-1,02374;-0,28009
61,43400;-1,02391;-0,28028
61,44400;-1,02408;-0,28041
61,45400;-1,02425;-0,28048
61,46400;-1,02436;-0,28059
61,47400;-1,02453;-0,28064
61,48400;-1,02470;-0,28076
61,49400;-1,02482;-0,28087
61,50400;-1,02499;-0,28102
61,51400;-1,02516;-0,28097
61,52400;-1,02533;-0,28126
61,53400;-1,02550;-0,28119
61,54400;-1,02567;-0,28137
61,55400;-1,02584;-0,28144
61,56400;-1,02601;-0,28150
61,57400;-1,02618;-0,28164
61,58400;-1,02635;-0,28172
61,59400;-1,02652;-0,28174
61,60400;-1,02669;-0,28191
61,61400;-1,02680;-0,28207
61,62400;-1,02697;-0,28198
61,63400;-1,02708;-0,28231
61,64400;-1,02725;-0,28220
61,65400;-1,02737;-0,28234
61,66400;-1,02754;-0,28249
61,67400;-1,02771;-0,28247
61,68400;-1,02788;-0,28266
61,69400;-1,02805;-0,28271
61,70400;-1,02827;-0,28290
61,71400;-1,02844;-0,28287
61,72400;-1,02861;-0,28310
61,73400;-1,02884;-0,28304
61,74400;-1,02895;-0,28328
61,75400;-1,02912;-0,28330
61,76400;-1,02935;-0,28347
61,77400;-1,02952;-0,28353
61,78400;-1,02969;-0,28358
61,79400;-1,02980;-0,28378
61,80400;-1,02997;-0,28369
61,81400;-1,03014;-0,28404
61,82400;-1,03026;-0,28390
61,83400;-1,03043;-0,28423
61,84400;-1,03060;-0,28416
61,85400;-1,03077;-0,28442
61,86400;-1,03099;-0,28434
61,87400;-1,03116;-0,28452
61,88400;-1,03133;-0,28457
61,89400;-1,03156;-0,28466
61,90400;-1,03173;-0,28474
61,91400;-1,03190;-0,28481
61,92400;-1,03207;-0,28494
61,93400;-1,03218;-0,28500
61,94400;-1,03235;-0,28522
61,95400;-1,03252;-0,28528
61,96400;-1,03269;-0,28551
61,97400;-1,03286;-0,28541
61,98400;-1,03309;-0,28570
61,99400;-1,03326;-0,28571
62,00400;-1,03343;-0,28571
62,01400;-1,03360;-0,28592
62,02400;-1,03377;-0,28604
62,03400;-1,03394;-0,28599
62,04400;-1,03411;-0,28622
62,05400;-1,03428;-0,28627
62,06400;-1,03445;-0,28627
62,07400;-1,03462;-0,28661
62,08400;-1,03473;-0,28663
62,09400;-1,03490;-0,28675
62,10400;-1,03507;-0,28683
62,11400;-1,03524;-0,28694
62,12400;-1,03536;-0,28704
62,13400;-1,03553;-0,28703
62,14400;-1,03570;-0,28716
62,15400;-1,03581;-0,28717
62,16400;-1,03598;-0,28743
62,17400;-1,03615;-0,28734
62,18400;-1,03632;-0,28762
62,19400;-1,03649;-0,28758
62,20400;-1,03666;-0,28785
62,21400;-1,03683;-0,28779
62,22400;-1,03700;-0,28800
62,23400;-1,03717;-0,28787
62,24400;-1,03740;-0,28805
62,25400;-1,03751;-0,28824
62,26400;-1,03768;-0,28813
62,27400;-1,03785;-0,28838
62,28400;-1,03796;-0,28837
62,29400;-1,03813;-0,28865
62,30400;-1,03830;-0,28853
62,31400;-1,03847;-0,28884
62,32400;-1,03864;-0,28863
62,33400;-1,03881;-0,28897
62,34400;-1,03898;-0,28900
62,35400;-1,03915;-0,28911
62,36400;-1,03932;-0,28924
62,37400;-1,03949;-0,28931
62,38400;-1,03966;-0,28946
62,39400;-1,03983;-0,28949
62,40400;-1,04000;-0,28966
62,41400;-1,04017;-0,28955
62,42400;-1,04034;-0,28987
62,43400;-1,04051;-0,28981
62,44400;-1,04068;-0,29006
62,45400;-1,04085;-0,29009
62,46400;-1,04097;-0,29022
62,47400;-1,04108;-0,29030
62,48400;-1,04125;-0,29036
62,49400;-1,04142;-0,29050
62,50400;-1,04159;-0,29051
62,51400;-1,04176;-0,29063
62,52400;-1,04199;-0,29062
62,53400;-1,04216;-0,29084
62,54400;-1,04233;-0,29080
62,55400;-1,04250;-0,29094
62,56400;-1,04267;-0,29109
62,57400;-1,04284;-0,29121
62,58400;-1,04295;-0,29137
62,59400;-1,04312;-0,29135
62,60400;-1,04329;-0,29151
62,61400;-1,04346;-0,29147
62,62400;-1,04363;-0,29159
62,63400;-1,04380;-0,29167
62,64400;-1,04403;-0,29181
62,65400;-1,04420;-0,29190
62,66400;-1,04437;-0,29203
62,67400;-1,04454;-0,29210
62,68400;-1,04471;-0,29215
62,69400;-1,04488;-0,29236
62,70400;-1,04505;-0,29237
62,71400;-1,04522;-0,29244
62,72400;-1,04544;-0,29255
62,73400;-1,04556;-0,29266
62,74400;-1,04573;-0,29283
62,75400;-1,04590;-0,29288
62,76400;-1,04601;-0,29296
62,77400;-1,04618;-0,29298
62,78400;-1,04635;-0,29320
62,79400;-1,04652;-0,29317
62,80400;-1,04669;-0,29326
62,81400;-1,04686;-0,29325
62,82400;-1,04703;-0,29349
62,83400;-1,04720;-0,29361
62,84400;-1,04737;-0,29383
62,85400;-1,04754;-0,29386
62,86400;-1,04771;-0,29388
62,87400;-1,04788;-0,29401
62,88400;-1,04805;-0,29410
62,89400;-1,04822;-0,29403
62,90400;-1,04833;-0,29415
62,91400;-1,04845;-0,29417
62,92400;-1,04862;-0,29433
62,93400;-1,04879;-0,29457
62,94400;-1,04896;-0,29455
62,95400;-1,04907;-0,29476
62,96400;-1,04924;-0,29475
62,97400;-1,04941;-0,29490
62,98400;-1,04964;-0,29492
62,99400;-1,04981;-0,29508
63,00400;-1,04998;-0,29507
63,01400;-1,05015;-0,29517
63,02400;-1,05032;-0,29526
63,03400;-1,05049;-0,29535
63,04400;-1,05066;-0,29547
63,05400;-1,05083;-0,29562
63,06400;-1,05100;-0,29576
63,07400;-1,05117;-0,29572
63,08400;-1,05134;-0,29599
63,09400;-1,05151;-0,29587
63,10400;-1,05168;-0,29602
63,11400;-1,05185;-0,29621
63,12400;-1,05202;-0,29625
63,13400;-1,05213;-0,29629
63,14400;-1,05230;-0,29656
63,15400;-1,05247;-0,29646
63,16400;-1,05264;-0,29654
63,17400;-1,05287;-0,29682
63,18400;-1,05304;-0,29667
63,19400;-1,05321;-0,29697
63,20400;-1,05338;-0,29701
63,21400;-1,05355;-0,29717
63,22400;-1,05372;-0,29716
63,23400;-1,05389;-0,29732
63,24400;-1,05406;-0,29729
63,25400;-1,05417;-0,29758
63,26400;-1,05434;-0,29751
63,27400;-1,05451;-0,29766
63,28400;-1,05468;-0,29769
63,29400;-1,05491;-0,29788
63,30400;-1,05508;-0,29798
63,31400;-1,05525;-0,29789
63,32400;-1,05542;-0,29826
63,33400;-1,05559;-0,29813
63,34400;-1,05570;-0,29851
63,35400;-1,05587;-0,29838
63,36400;-1,05604;-0,29853
63,37400;-1,05621;-0,29845
63,38400;-1,05638;-0,29874
63,39400;-1,05655;-0,29878
63,40400;-1,05672;-0,29886
63,41400;-1,05683;-0,29902
63,42400;-1,05700;-0,29885
63,43400;-1,05717;-0,29919
63,44400;-1,05729;-0,29909
63,45400;-1,05746;-0,29944
63,46400;-1,05763;-0,29925
63,47400;-1,05780;-0,29960
63,48400;-1,05802;-0,29943
63,49400;-1,05814;-0,29967
63,50400;-1,05836;-0,29966
63,51400;-1,05853;-0,29977
63,52400;-1,05870;-0,29992
63,53400;-1,05887;-0,29993
63,54400;-1,05899;-0,30021
63,55400;-1,05916;-0,30006
63,56400;-1,05927;-0,30047
63,57400;-1,05944;-0,30013
63,58400;-1,05961;-0,30060
63,59400;-1,05978;-0,30045
63,60400;-1,05995;-0,30073
63,61400;-1,06012;-0,30061
63,62400;-1,06029;-0,30081
63,63400;-1,06046;-0,30086
63,64400;-1,06063;-0,30101
63,65400;-1,06080;-0,30122
63,66400;-1,06097;-0,30101
63,67400;-1,06114;-0,30138
63,68400;-1,06137;-0,30126
63,69400;-1,06154;-0,30162
63,70400;-1,06165;-0,30140
63,71400;-1,06182;-0,30169
63,72400;-1,06199;-0,30165
63,73400;-1,06216;-0,30193
63,74400;-1,06233;-0,30194
63,75400;-1,06250;-0,30200
63,76400;-1,06261;-0,30210
63,77400;-1,06278;-0,30204
63,78400;-1,06290;-0,30247
63,79400;-1,06307;-0,30223
63,80400;-1,06324;-0,30255
63,81400;-1,06341;-0,30241
63,82400;-1,06363;-0,30274
63,83400;-1,06380;-0,30270
63,84400;-1,06397;-0,30291
63,85400;-1,06414;-0,30279
63,86400;-1,06437;-0,30304
63,87400;-1,06448;-0,30313
63,88400;-1,06465;-0,30315
63,89400;-1,06482;-0,30335
63,90400;-1,06499;-0,30326
63,91400;-1,06516;-0,30362
63,92400;-1,06533;-0,30349
63,93400;-1,06550;-0,30375
63,94400;-1,06573;-0,30369
63,95400;-1,06590;-0,30400
63,96400;-1,06607;-0,30384
63,97400;-1,06624;-0,30411
63,98400;-1,06641;-0,30404
63,99400;-1,06658;-0,30418
64,00400;-1,06675;-0,30433
64,01400;-1,06692;-0,30427
64,02400;-1,06709;-0,30456
64,03400;-1,06726;-0,30445
64,04401;-1,06743;-0,30483
64,05400;-1,06760;-0,30463
64,06400;-1,06771;-0,30486
64,07400;-1,06788;-0,30487
64,08400;-1,06805;-0,30507
64,09400;-1,06817;-0,30507
64,10400;-1,06834;-0,30528
64,11401;-1,06851;-0,30518
64,12400;-1,06868;-0,30531
64,13400;-1,06885;-0,30557
64,14400;-1,06902;-0,30543
64,15400;-1,06919;-0,30570
64,16400;-1,06936;-0,30572
64,17400;-1,06953;-0,30584
64,18400;-1,06970;-0,30589
64,19400;-1,06981;-0,30596
64,20400;-1,06998;-0,30591
64,21400;-1,07009;-0,30606
64,22401;-1,07026;-0,30614
64,23400;-1,07043;-0,30623
64,24400;-1,07060;-0,30632
64,25400;-1,07077;-0,30644
64,26400;-1,07094;-0,30660
64,27400;-1,07111;-0,30663
64,28400;-1,07128;-0,30680
64,29401;-1,07145;-0,30678
64,30400;-1,07168;-0,30686
64,31400;-1,07185;-0,30697
64,32400;-1,07202;-0,30714
64,33400;-1,07219;-0,30711
64,34400;-1,07236;-0,30740
64,35400;-1,07253;-0,30740
64,36401;-1,07270;-0,30750
64,37400;-1,07287;-0,30770
64,38400;-1,07304;-0,30769
64,39400;-1,07321;-0,30770
64,40400;-1,07338;-0,30789
64,41400;-1,07349;-0,30786
64,42400;-1,07366;-0,30803
64,43400;-1,07383;-0,30819
64,44400;-1,07400;-0,30812
64,45400;-1,07417;-0,30837
64,46400;-1,07434;-0,30837
64,47401;-1,07451;-0,30847
64,48400;-1,07468;-0,30854
64,49400;-1,07485;-0,30870
64,50400;-1,07508;-0,30866
64,51400;-1,07525;-0,30884
64,52400;-1,07536;-0,30887
64,53400;-1,07553;-0,30901
64,54401;-1,07570;-0,30906
64,55400;-1,07582;-0,30923
64,56400;-1,07599;-0,30923
64,57400;-1,07616;-0,30928
64,58400;-1,07638;-0,30953
64,59400;-1,07655;-0,30943
64,60400;-1,07672;-0,30957
64,61401;-1,07689;-0,30968
64,62400;-1,07706;-0,30984
64,63400;-1,07723;-0,30987
64,64400;-1,07740;-0,31012
64,65400;-1,07757;-0,31002
64,66400;-1,07774;-0,31023
64,67400;-1,07791;-0,31021
64,68400;-1,07808;-0,31047
64,69400;-1,07825;-0,31032
64,70400;-1,07837;-0,31053
64,71400;-1,07854;-0,31057
64,72401;-1,07871;-0,31066
64,73400;-1,07888;-0,31076
64,74400;-1,07899;-0,31083
64,75400;-1,07916;-0,31098
64,76400;-1,07933;-0,31102
64,77400;-1,07950;-0,31119
64,78400;-1,07967;-0,31110
64,79401;-1,07984;-0,31137
64,80400;-1,08001;-0,31116
64,81400;-1,08018;-0,31163
64,82400;-1,08035;-0,31140
64,83400;-1,08052;-0,31163
64,84400;-1,08063;-0,31169
64,85400;-1,08080;-0,31172
64,86401;-1,08097;-0,31190
64,87400;-1,08109;-0,31191
64,88400;-1,08126;-0,31205
64,89400;-1,08143;-0,31204
64,90400;-1,08160;-0,31234
64,91400;-1,08177;-0,31213
64,92400;-1,08194;-0,31256
64,93400;-1,08216;-0,31230
64,94400;-1,08233;-0,31268
64,95400;-1,08250;-0,31253
64,96400;-1,08267;-0,31275
64,97401;-1,08284;-0,31281
64,98400;-1,08301;-0,31280
64,99400;-1,08318;-0,31296
65,00400;-1,08335;-0,31300
65,01400;-1,08352;-0,31320
65,02400;-1,08364;-0,31318
65,03400;-1,08381;-0,31350
65,04401;-1,08398;-0,31329
65,05400;-1,08415;-0,31364
65,06400;-1,08426;-0,31353
65,07400;-1,08437;-0,31372
65,08400;-1,08454;-0,31365
65,09400;-1,08471;-0,31381
65,10400;-1,08488;-0,31395
65,11401;-1,08511;-0,31401
65,12400;-1,08528;-0,31414
65,13400;-1,08545;-0,31416
65,14400;-1,08568;-0,31427
65,15400;-1,08585;-0,31429
65,16400;-1,08602;-0,31456
65,17400;-1,08619;-0,31442
65,18400;-1,08636;-0,31466
65,19400;-1,08647;-0,31463
65,20400;-1,08664;-0,31485
65,21400;-1,08681;-0,31490
65,22401;-1,08698;-0,31507
65,23400;-1,08721;-0,31506
65,24400;-1,08738;-0,31514
65,25400;-1,08755;-0,31525
65,26400;-1,08772;-0,31537
65,27400;-1,08789;-0,31536
65,28400;-1,08806;-0,31541
65,29401;-1,08823;-0,31561
65,30400;-1,08840;-0,31560
65,31400;-1,08857;-0,31593
65,32400;-1,08874;-0,31584
65,33400;-1,08891;-0,31599
65,34400;-1,08908;-0,31603
65,35400;-1,08925;-0,31617
65,36401;-1,08936;-0,31616
65,37400;-1,08953;-0,31641
65,38400;-1,08970;-0,31630
65,39400;-1,08981;-0,31658
65,40400;-1,08998;-0,31651
65,41400;-1,09015;-0,31656
65,42400;-1,09032;-0,31673
65,43400;-1,09049;-0,31661
65,44400;-1,09066;-0,31684
65,45400;-1,09083;-0,31691
65,46400;-1,09100;-0,31698
65,47401;-1,09117;-0,31705
65,48400;-1,09129;-0,31723
65,49400;-1,09146;-0,31716
65,50400;-1,09163;-0,31737
65,51400;-1,09174;-0,31727
65,52400;-1,09191;-0,31751
65,53400;-1,09208;-0,31750
65,54401;-1,09219;-0,31760
65,55400;-1,09242;-0,31778
65,56400;-1,09259;-0,31776
65,57401;-1,09276;-0,31785
65,58400;-1,09293;-0,31807
65,59400;-1,09316;-0,31802
65,60400;-1,09333;-0,31821
65,61401;-1,09350;-0,31819
65,62400;-1,09367;-0,31821
65,63400;-1,09384;-0,31845
65,64401;-1,09401;-0,31847
65,65400;-1,09418;-0,31860
65,66400;-1,09440;-0,31873
65,67400;-1,09457;-0,31881
65,68401;-1,09469;-0,31892
65,69400;-1,09486;-0,31898
65,70400;-1,09503;-0,31893
65,71401;-1,09520;-0,31915
65,72401;-1,09531;-0,31914
65,73400;-1,09548;-0,31935
65,74400;-1,09565;-0,31936
65,75401;-1,09582;-0,31943
65,76400;-1,09599;-0,31956
65,77400;-1,09622;-0,31965
65,78401;-1,09639;-0,31966
65,79401;-1,09656;-0,31984
65,80400;-1,09673;-0,31985
65,81400;-1,09690;-0,31993
65,82401;-1,09707;-0,32007
65,83400;-1,09724;-0,31998
65,84400;-1,09741;-0,32017
65,85400;-1,09752;-0,32031
65,86401;-1,09769;-0,32042
65,87400;-1,09786;-0,32047
65,88400;-1,09803;-0,32065
65,89401;-1,09820;-0,32061
65,90400;-1,09837;-0,32080
65,91400;-1,09854;-0,32072
65,92400;-1,09871;-0,32090
65,93401;-1,09888;-0,32087
65,94400;-1,09905;-0,32109
65,95400;-1,09922;-0,32110
65,96401;-1,09939;-0,32113
65,97401;-1,09956;-0,32122
65,98400;-1,09973;-0,32137
65,99400;-1,09984;-0,32146
66,00401;-1,10001;-0,32146
66,01400;-1,10018;-0,32166
66,02400;-1,10035;-0,32154
66,03401;-1,10047;-0,32179
66,04401;-1,10064;-0,32177
66,05400;-1,10081;-0,32193
66,06400;-1,10098;-0,32194
66,07401;-1,10115;-0,32198
66,08400;-1,10132;-0,32210
66,09400;-1,10149;-0,32210
66,10400;-1,10166;-0,32237
66,11401;-1,10183;-0,32230
66,12400;-1,10194;-0,32258
66,13400;-1,10211;-0,32243
66,14401;-1,10222;-0,32266
66,15400;-1,10239;-0,32263
66,16400;-1,10256;-0,32283
66,17400;-1,10273;-0,32272
66,18401;-1,10290;-0,32301
66,19400;-1,10307;-0,32299
66,20400;-1,10330;-0,32304
66,21401;-1,10347;-0,32334
66,22401;-1,10370;-0,32311
66,23400;-1,10387;-0,32346
66,24400;-1,10404;-0,32333
66,25401;-1,10421;-0,32366
66,26400;-1,10438;-0,32356
66,27400;-1,10455;-0,32373
66,28401;-1,10472;-0,32363
66,29401;-1,10489;-0,32389
66,30400;-1,10506;-0,32402
66,31400;-1,10523;-0,32399
66,32401;-1,10534;-0,32415
66,33400;-1,10551;-0,32410
66,34400;-1,10568;-0,32444
66,35400;-1,10579;-0,32429
66,36401;-1,10596;-0,32459
66,37400;-1,10613;-0,32443
66,38400;-1,10625;-0,32467
66,39401;-1,10642;-0,32473
66,40401;-1,10664;-0,32485
66,41400;-1,10681;-0,32475
66,42400;-1,10698;-0,32494
66,43401;-1,10721;-0,32504
66,44400;-1,10738;-0,32506
66,45400;-1,10755;-0,32528
66,46401;-1,10772;-0,32524
66,47401;-1,10789;-0,32537
66,48400;-1,10806;-0,32541
66,49400;-1,10823;-0,32562
66,50401;-1,10840;-0,32555
66,51400;-1,10851;-0,32572
66,52400;-1,10868;-0,32580
66,53401;-1,10885;-0,32587
66,54401;-1,10902;-0,32595
66,55400;-1,10919;-0,32610
66,56400;-1,10936;-0,32605
66,57401;-1,10953;-0,32619
66,58400;-1,10976;-0,32632
66,59400;-1,10987;-0,32631
66,60400;-1,11010;-0,32649
66,61401;-1,11021;-0,32646
66,62400;-1,11038;-0,32659
66,63400;-1,11055;-0,32663
66,64401;-1,11072;-0,32679
66,65401;-1,11089;-0,32685
66,66400;-1,11106;-0,32693
66,67400;-1,11118;-0,32692
66,68401;-1,11135;-0,32710
66,69400;-1,11152;-0,32705
66,70400;-1,11163;-0,32737
66,71401;-1,11180;-0,32729
66,72401;-1,11197;-0,32742
66,73400;-1,11214;-0,32745
66,74400;-1,11225;-0,32747
66,75401;-1,11242;-0,32762
66,76400;-1,11259;-0,32764
66,77400;-1,11276;-0,32778
66,78401;-1,11293;-0,32777
66,79401;-1,11310;-0,32799
66,80400;-1,11322;-0,32788
66,81400;-1,11339;-0,32819
66,82401;-1,11356;-0,32799
66,83400;-1,11373;-0,32830
66,84400;-1,11390;-0,32822
66,85400;-1,11407;-0,32851
66,86401;-1,11429;-0,32850
66,87400;-1,11446;-0,32855
66,88400;-1,11463;-0,32867
66,89401;-1,11486;-0,32876
66,90401;-1,11503;-0,32885
66,91400;-1,11520;-0,32883
66,92400;-1,11537;-0,32899
66,93401;-1,11554;-0,32893
66,94400;-1,11571;-0,32922
66,95400;-1,11588;-0,32917
66,96401;-1,11605;-0,32942
66,97401;-1,11622;-0,32927
66,98400;-1,11633;-0,32949
66,99400;-1,11650;-0,32947
67,00401;-1,11662;-0,32958
67,01400;-1,11679;-0,32961
67,02400;-1,11696;-0,32969
67,03401;-1,11713;-0,32989
67,04401;-1,11730;-0,32982
67,05400;-1,11747;-0,33016
67,06400;-1,11764;-0,32995
67,07401;-1,11781;-0,33028
67,08400;-1,11798;-0,33011
67,09400;-1,11820;-0,33043
67,10400;-1,11837;-0,33037
67,11401;-1,11854;-0,33044
67,12400;-1,11871;-0,33053
67,13400;-1,11888;-0,33059
67,14401;-1,11900;-0,33081
67,15401;-1,11917;-0,33075
67,16400;-1,11934;-0,33111
67,17400;-1,11951;-0,33075
67,18401;-1,11962;-0,33119
67,19400;-1,11985;-0,33103
67,20400;-1,11996;-0,33123
67,21401;-1,12013;-0,33123
67,22401;-1,12036;-0,33132
67,23400;-1,12053;-0,33147
67,24400;-1,12070;-0,33142
67,25401;-1,12087;-0,33174
67,26400;-1,12104;-0,33147
67,27400;-1,12121;-0,33194
67,28401;-1,12138;-0,33163
67,29401;-1,12155;-0,33208
67,30400;-1,12172;-0,33182
67,31400;-1,12189;-0,33215
67,32401;-1,12200;-0,33209
67,33400;-1,12217;-0,33224
67,34400;-1,12234;-0,33240
67,35400;-1,12251;-0,33231
67,36401;-1,12268;-0,33265
67,37400;-1,12285;-0,33239
67,38400;-1,12296;-0,33280
67,39401;-1,12313;-0,33257
67,40401;-1,12330;-0,33287
67,41400;-1,12347;-0,33266
67,42400;-1,12364;-0,33301
67,43401;-1,12381;-0,33294
67,44400;-1,12398;-0,33301
67,45400;-1,12410;-0,33312
67,46401;-1,12427;-0,33307
67,47401;-1,12444;-0,33334
67,48400;-1,12455;-0,33329
67,49400;-1,12472;-0,33355
67,50401;-1,12495;-0,33343
67,51400;-1,12512;-0,33372
67,52400;-1,12529;-0,33367
67,53401;-1,12546;-0,33381
67,54401;-1,12563;-0,33387
67,55400;-1,12585;-0,33398
67,56400;-1,12602;-0,33405
67,57401;-1,12619;-0,33417
67,58400;-1,12636;-0,33424
67,59400;-1,12653;-0,33428
67,60400;-1,12670;-0,33447
67,61401;-1,12687;-0,33444
67,62400;-1,12699;-0,33458
67,63400;-1,12716;-0,33456
67,64401;-1,12733;-0,33472
67,65401;-1,12744;-0,33467
67,66400;-1,12761;-0,33486
67,67400;-1,12778;-0,33488
67,68401;-1,12795;-0,33493
67,69400;-1,12812;-0,33508
67,70400;-1,12829;-0,33518
67,71401;-1,12852;-0,33522
67,72401;-1,12869;-0,33529
67,73400;-1,12886;-0,33544
67,74400;-1,12903;-0,33543
67,75401;-1,12925;-0,33562
67,76400;-1,12942;-0,33567
67,77400;-1,12959;-0,33574
67,78401;-1,12976;-0,33580
67,79401;-1,12988;-0,33592
67,80400;-1,13005;-0,33590
67,81400;-1,13022;-0,33601
67,82401;-1,13033;-0,33615
67,83400;-1,13050;-0,33618
67,84400;-1,13067;-0,33628
67,85400;-1,13090;-0,33633
67,86401;-1,13107;-0,33655
67,87400;-1,13124;-0,33646
67,88400;-1,13141;-0,33672
67,89401;-1,13158;-0,33666
67,90401;-1,13175;-0,33676
67,91400;-1,13192;-0,33690
67,92400;-1,13209;-0,33692
67,93401;-1,13226;-0,33689
67,94400;-1,13237;-0,33710
67,95400;-1,13254;-0,33709
67,96401;-1,13271;-0,33714
67,97401;-1,13288;-0,33735
67,98400;-1,13299;-0,33720
67,99400;-1,13316;-0,33740
68,00401;-1,13333;-0,33747
68,01400;-1,13345;-0,33756
68,02400;-1,13362;-0,33759
68,03401;-1,13379;-0,33771
68,04401;-1,13396;-0,33777
68,05400;-1,13413;-0,33790
68,06400;-1,13430;-0,33793
68,07401;-1,13447;-0,33801
68,08400;-1,13464;-0,33805
68,09400;-1,13481;-0,33810
68,10400;-1,13492;-0,33823
68,11401;-1,13509;-0,33809
68,12400;-1,13526;-0,33842
68,13400;-1,13543;-0,33824
68,14401;-1,13560;-0,33851
68,15401;-1,13577;-0,33852
68,16400;-1,13594;-0,33859
68,17400;-1,13617;-0,33861
68,18401;-1,13634;-0,33889
68,19400;-1,13651;-0,33886
68,20400;-1,13668;-0,33900
68,21401;-1,13690;-0,33904
68,22401;-1,13707;-0,33909
68,23400;-1,13724;-0,33936
68,24400;-1,13741;-0,33931
68,25401;-1,13758;-0,33952
68,26400;-1,13775;-0,33944
68,27400;-1,13787;-0,33966
68,28401;-1,13804;-0,33954
68,29401;-1,13815;-0,33978
68,30400;-1,13832;-0,33969
68,31400;-1,13849;-0,33978
68,32401;-1,13860;-0,33989
68,33400;-1,13877;-0,33997
68,34400;-1,13894;-0,34006
68,35400;-1,13911;-0,34007
68,36401;-1,13928;-0,34030
68,37400;-1,13945;-0,34014
68,38400;-1,13968;-0,34046
68,39401;-1,13985;-0,34032
68,40401;-1,14002;-0,34056
68,41400;-1,14019;-0,34052
68,42400;-1,14036;-0,34069
68,43401;-1,14053;-0,34074
68,44400;-1,14064;-0,34086
68,45400;-1,14081;-0,34093
68,46401;-1,14098;-0,34102
68,47401;-1,14115;-0,34110
68,48400;-1,14132;-0,34105
68,49400;-1,14149;-0,34137
68,50401;-1,14161;-0,34114
68,51400;-1,14178;-0,34144
68,52400;-1,14200;-0,34134
68,53401;-1,14217;-0,34155
68,54401;-1,14234;-0,34152
68,55400;-1,14251;-0,34172
68,56400;-1,14268;-0,34168
68,57401;-1,14285;-0,34185
68,58400;-1,14302;-0,34196
68,59400;-1,14319;-0,34199
68,60400;-1,14336;-0,34214
68,61401;-1,14353;-0,34207
68,62400;-1,14370;-0,34222
68,63400;-1,14382;-0,34218
68,64401;-1,14399;-0,34239
68,65401;-1,14416;-0,34238
68,66400;-1,14433;-0,34252
68,67400;-1,14450;-0,34254
68,68401;-1,14467;-0,34271
68,69400;-1,14484;-0,34270
68,70400;-1,14501;-0,34275
68,71401;-1,14518;-0,34285
68,72401;-1,14535;-0,34299
68,73400;-1,14552;-0,34303
68,74400;-1,14563;-0,34307
68,75401;-1,14580;-0,34314
68,76400;-1,14597;-0,34320
68,77400;-1,14608;-0,34323
68,78401;-1,14625;-0,34341
68,79401;-1,14642;-0,34334
68,80400;-1,14659;-0,34353
68,81400;-1,14676;-0,34365
68,82401;-1,14699;-0,34364
68,83400;-1,14716;-0,34368
68,84400;-1,14733;-0,34372
68,85400;-1,14750;-0,34389
68,86401;-1,14767;-0,34386
68,87400;-1,14784;-0,34405
68,88400;-1,14801;-0,34394
68,89401;-1,14818;-0,34417
68,90401;-1,14835;-0,34424
68,91400;-1,14852;-0,34434
68,92400;-1,14869;-0,34437
68,93401;-1,14880;-0,34442
68,94400;-1,14897;-0,34461
68,95400;-1,14914;-0,34452
68,96401;-1,14926;-0,34479
68,97401;-1,14943;-0,34467
68,98400;-1,14960;-0,34489
68,99400;-1,14977;-0,34492
69,00401;-1,14999;-0,34502
69,01400;-1,15016;-0,34494
69,02400;-1,15033;-0,34513
69,03401;-1,15056;-0,34516
69,04401;-1,15073;-0,34523
69,05400;-1,15090;-0,34543
69,06400;-1,15107;-0,34539
69,07401;-1,15124;-0,34548
69,08400;-1,15141;-0,34562
69,09400;-1,15152;-0,34561
69,10400;-1,15169;-0,34571
69,11401;-1,15186;-0,34585
69,12400;-1,15203;-0,34583
69,13400;-1,15220;-0,34598
69,14401;-1,15237;-0,34600
69,15401;-1,15254;-0,34606
69,16400;-1,15271;-0,34619
69,17400;-1,15288;-0,34619
69,18401;-1,15305;-0,34643
69,19400;-1,15322;-0,34643
69,20400;-1,15339;-0,34654
69,21401;-1,15356;-0,34647
69,22401;-1,15373;-0,34663
69,23400;-1,15385;-0,34657
69,24400;-1,15402;-0,34682
69,25401;-1,15419;-0,34678
69,26400;-1,15436;-0,34693
69,27400;-1,15447;-0,34690
69,28401;-1,15464;-0,34706
69,29401;-1,15481;-0,34714
69,30400;-1,15492;-0,34719
69,31400;-1,15509;-0,34727
69,32401;-1,15526;-0,34724
69,33400;-1,15543;-0,34741
69,34400;-1,15560;-0,34737
69,35400;-1,15577;-0,34750
69,36401;-1,15594;-0,34756
69,37400;-1,15611;-0,34763
69,38400;-1,15628;-0,34768
69,39401;-1,15645;-0,34773
69,40401;-1,15657;-0,34785
69,41400;-1,15674;-0,34787
69,42400;-1,15691;-0,34799
69,43401;-1,15708;-0,34803
69,44400;-1,15725;-0,34822
69,45400;-1,15747;-0,34814
69,46401;-1,15764;-0,34836
69,47401;-1,15781;-0,34833
69,48400;-1,15798;-0,34847
69,49400;-1,15821;-0,34858
69,50401;-1,15838;-0,34859
69,51400;-1,15855;-0,34865
69,52400;-1,15872;-0,34885
69,53401;-1,15889;-0,34882
69,54401;-1,15906;-0,34898
69,55400;-1,15923;-0,34901
69,56400;-1,15934;-0,34903
69,57401;-1,15951;-0,34922
69,58400;-1,15963;-0,34916
69,59400;-1,15980;-0,34932
69,60400;-1,15997;-0,34923
69,61401;-1,16014;-0,34945
69,62400;-1,16031;-0,34951
69,63400;-1,16048;-0,34962
69,64401;-1,16065;-0,34959
69,65401;-1,16087;-0,34964
69,66400;-1,16104;-0,34975
69,67400;-1,16121;-0,34984
69,68401;-1,16138;-0,34993
69,69400;-1,16155;-0,34996
69,70400;-1,16172;-0,35019
69,71401;-1,16189;-0,35012
69,72401;-1,16206;-0,35032
69,73400;-1,16218;-0,35020
69,74400;-1,16235;-0,35029
69,75401;-1,16252;-0,35030
69,76400;-1,16269;-0,35049
69,77400;-1,16286;-0,35046
69,78401;-1,16303;-0,35068
69,79401;-1,16320;-0,35066
69,80400;-1,16337;-0,35082
69,81400;-1,16354;-0,35075
69,82401;-1,16371;-0,35097
69,83400;-1,16388;-0,35086
69,84400;-1,16405;-0,35101
69,85400;-1,16422;-0,35114
69,86401;-1,16439;-0,35112
69,87400;-1,16456;-0,35131
69,88400;-1,16473;-0,35125
69,89401;-1,16490;-0,35151
69,90401;-1,16507;-0,35137
69,91400;-1,16524;-0,35168
69,92400;-1,16535;-0,35144
69,93401;-1,16552;-0,35172
69,94400;-1,16569;-0,35170
69,95400;-1,16586;-0,35185
69,96401;-1,16597;-0,35190
69,97401;-1,16614;-0,35190
69,98400;-1,16631;-0,35209
69,99400;-1,16648;-0,35202
70,00401;-1,16665;-0,35218
70,01400;-1,16682;-0,35206
70,02400;-1,16699;-0,35228
70,03401;-1,16716;-0,35221
70,04401;-1,16733;-0,35250
70,05400;-1,16745;-0,35234
70,06400;-1,16762;-0,35256
70,07401;-1,16779;-0,35258
70,08400;-1,16790;-0,35262
70,09400;-1,16807;-0,35278
70,10400;-1,16824;-0,35268
70,11401;-1,16841;-0,35293
70,12400;-1,16864;-0,35278
70,13400;-1,16881;-0,35309
70,14401;-1,16898;-0,35296
70,15401;-1,16915;-0,35317
70,16400;-1,16932;-0,35315
70,17400;-1,16949;-0,35326
70,18401;-1,16966;-0,35326
70,19400;-1,16983;-0,35340
70,20400;-1,17000;-0,35358
70,21401;-1,17017;-0,35339
70,22401;-1,17034;-0,35386
70,23400;-1,17051;-0,35348
70,24400;-1,17062;-0,35404
70,25401;-1,17079;-0,35370
70,26400;-1,17096;-0,35402
70,27400;-1,17113;-0,35385
70,28401;-1,17130;-0,35412
70,29401;-1,17153;-0,35415
70,30400;-1,17170;-0,35413
70,31400;-1,17187;-0,35425
70,32401;-1,17204;-0,35420
70,33400;-1,17226;-0,35462
70,34400;-1,17243;-0,35425
70,35400;-1,17260;-0,35479
70,36401;-1,17272;-0,35435
70,37400;-1,17289;-0,35483
70,38400;-1,17306;-0,35472
70,39401;-1,17317;-0,35488
70,40401;-1,17334;-0,35488
70,41400;-1,17351;-0,35485
70,42400;-1,17368;-0,35509
70,43401;-1,17385;-0,35494
70,44400;-1,17402;-0,35527
70,45400;-1,17419;-0,35495
70,46401;-1,17436;-0,35541
70,47401;-1,17453;-0,35511
70,48400;-1,17470;-0,35560
70,49400;-1,17487;-0,35541
70,50401;-1,17504;-0,35557
70,51400;-1,17521;-0,35558
70,52400;-1,17538;-0,35566
70,53401;-1,17555;-0,35584
70,54401;-1,17572;-0,35570
70,55400;-1,17589;-0,35597
70,56400;-1,17600;-0,35582
70,57401;-1,17617;-0,35611
70,58400;-1,17634;-0,35591
70,59400;-1,17646;-0,35622
70,60400;-1,17663;-0,35598
70,61401;-1,17680;-0,35631
70,62400;-1,17697;-0,35628
70,63400;-1,17708;-0,35632
70,64401;-1,17731;-0,35644
70,65401;-1,17748;-0,35639
70,66400;-1,17765;-0,35665
70,67400;-1,17782;-0,35649
70,68401;-1,17799;-0,35688
70,69400;-1,17810;-0,35648
70,70400;-1,17827;-0,35706
70,71401;-1,17844;-0,35672
70,72401;-1,17861;-0,35709
70,73400;-1,17878;-0,35686
70,74400;-1,17895;-0,35709
70,75401;-1,17912;-0,35711
70,76400;-1,17929;-0,35708
70,77400;-1,17952;-0,35741
70,78401;-1,17969;-0,35712
70,79401;-1,17986;-0,35760
70,80400;-1,18003;-0,35731
70,81400;-1,18020;-0,35778
70,82401;-1,18037;-0,35734
70,83400;-1,18054;-0,35790
70,84400;-1,18071;-0,35758
70,85400;-1,18088;-0,35792
70,86401;-1,18105;-0,35780
70,87400;-1,18116;-0,35790
70,88400;-1,18133;-0,35802
70,89401;-1,18150;-0,35799
70,90401;-1,18167;-0,35825
70,91400;-1,18178;-0,35798
70,92400;-1,18195;-0,35839
70,93401;-1,18212;-0,35809
70,94400;-1,18229;-0,35860
70,95400;-1,18246;-0,35832
70,96401;-1,18263;-0,35871
70,97401;-1,18286;-0,35852
70,98400;-1,18303;-0,35873
70,99400;-1,18320;-0,35863
71,00401;-1,18331;-0,35871
71,01400;-1,18348;-0,35881
71,02400;-1,18365;-0,35865
71,03401;-1,18382;-0,35913
71,04401;-1,18399;-0,35886
71,05400;-1,18416;-0,35927
71,06400;-1,18433;-0,35898
71,07401;-1,18450;-0,35946
71,08400;-1,18467;-0,35901
71,09400;-1,18484;-0,35949
71,10400;-1,18501;-0,35934
71,11401;-1,18518;-0,35943
71,12400;-1,18535;-0,35956
71,13400;-1,18558;-0,35949
71,14401;-1,18575;-0,35971
71,15401;-1,18592;-0,35960
71,16400;-1,18609;-0,36000
71,17400;-1,18626;-0,35970
71,18401;-1,18643;-0,36012
71,19400;-1,18660;-0,35992
71,20400;-1,18671;-0,36020
71,21401;-1,18688;-0,35996
71,22401;-1,18705;-0,36022
71,23400;-1,18717;-0,36012
71,24400;-1,18734;-0,36021
71,25401;-1,18751;-0,36045
71,26400;-1,18762;-0,36015
71,27400;-1,18779;-0,36063
71,28401;-1,18796;-0,36034
71,29401;-1,18813;-0,36077
71,30400;-1,18830;-0,36042
71,31400;-1,18847;-0,36079
71,32401;-1,18864;-0,36062
71,33400;-1,18875;-0,36085
71,34400;-1,18892;-0,36072
71,35400;-1,18904;-0,36079
71,36401;-1,18921;-0,36098
71,37400;-1,18938;-0,36090
71,38400;-1,18955;-0,36134
71,39401;-1,18972;-0,36100
71,40401;-1,18994;-0,36142
71,41400;-1,19011;-0,36110
71,42400;-1,19028;-0,36156
71,43401;-1,19051;-0,36128
71,44400;-1,19068;-0,36146
71,45400;-1,19085;-0,36150
71,46401;-1,19102;-0,36155
71,47401;-1,19119;-0,36176
71,48400;-1,19136;-0,36153
71,49400;-1,19153;-0,36189
71,50401;-1,19170;-0,36162
71,51400;-1,19187;-0,36207
71,52400;-1,19204;-0,36169
71,53401;-1,19215;-0,36216
71,54401;-1,19232;-0,36195
71,55400;-1,19249;-0,36220
71,56400;-1,19266;-0,36226
71,57401;-1,19283;-0,36208
71,58400;-1,19300;-0,36238
71,59400;-1,19323;-0,36209
71,60400;-1,19340;-0,36262
71,61401;-1,19357;-0,36225
71,62400;-1,19374;-0,36269
71,63400;-1,19391;-0,36245
71,64401;-1,19408;-0,36275
71,65401;-1,19425;-0,36269
71,66400;-1,19436;-0,36281
71,67400;-1,19453;-0,36295
71,68401;-1,19470;-0,36274
71,69400;-1,19487;-0,36326
71,70400;-1,19504;-0,36279
71,71401;-1,19521;-0,36339
71,72401;-1,19538;-0,36295
71,73400;-1,19555;-0,36344
71,74400;-1,19572;-0,36310
71,75401;-1,19589;-0,36346
71,76400;-1,19606;-0,36328
71,77400;-1,19618;-0,36342
71,78401;-1,19635;-0,36358
71,79401;-1,19652;-0,36337
71,80400;-1,19669;-0,36385
71,81400;-1,19686;-0,36343
71,82401;-1,19703;-0,36400
71,83400;-1,19720;-0,36349
71,84400;-1,19737;-0,36409
71,85400;-1,19754;-0,36363
71,86401;-1,19771;-0,36415
71,87400;-1,19782;-0,36394
71,88400;-1,19799;-0,36413
71,89401;-1,19816;-0,36421
71,90401;-1,19827;-0,36415
71,91400;-1,19844;-0,36442
71,92400;-1,19861;-0,36414
71,93401;-1,19878;-0,36455
71,94400;-1,19895;-0,36416
71,95400;-1,19912;-0,36464
71,96401;-1,19929;-0,36430
71,97401;-1,19946;-0,36469
71,98400;-1,19958;-0,36439
71,99400;-1,19975;-0,36472
72,00401;-1,19992;-0,36470
72,01400;-1,20009;-0,36489
72,02400;-1,20026;-0,36488
72,03401;-1,20043;-0,36486
72,04401;-1,20065;-0,36510
72,05400;-1,20082;-0,36493
72,06400;-1,20099;-0,36523
72,07401;-1,20116;-0,36500
72,08400;-1,20133;-0,36529
72,09400;-1,20150;-0,36517
72,10400;-1,20167;-0,36539
72,11401;-1,20184;-0,36526
72,12400;-1,20201;-0,36549
72,13400;-1,20218;-0,36543
72,14401;-1,20235;-0,36560
72,15401;-1,20252;-0,36568
72,16400;-1,20269;-0,36556
72,17400;-1,20281;-0,36578
72,18401;-1,20298;-0,36564
72,19400;-1,20315;-0,36592
72,20400;-1,20326;-0,36571
72,21401;-1,20343;-0,36595
72,22401;-1,20366;-0,36588
72,23400;-1,20383;-0,36605
72,24400;-1,20400;-0,36598
72,25401;-1,20417;-0,36617
72,26400;-1,20439;-0,36607
72,27400;-1,20456;-0,36630
72,28401;-1,20473;-0,36632
72,29401;-1,20490;-0,36631
72,30400;-1,20502;-0,36651
72,31400;-1,20519;-0,36641
72,32401;-1,20536;-0,36657
72,33400;-1,20553;-0,36654
72,34400;-1,20570;-0,36672
72,35400;-1,20587;-0,36663
72,36401;-1,20604;-0,36684
72,37400;-1,20626;-0,36675
72,38400;-1,20638;-0,36686
72,39401;-1,20660;-0,36694
72,40401;-1,20677;-0,36700
72,41400;-1,20689;-0,36707
72,42400;-1,20706;-0,36704
72,43401;-1,20723;-0,36724
72,44400;-1,20740;-0,36705
72,45400;-1,20757;-0,36726
72,46401;-1,20774;-0,36711
72,47401;-1,20791;-0,36727
72,48400;-1,20808;-0,36735
72,49400;-1,20825;-0,36748
72,50401;-1,20836;-0,36749
72,51400;-1,20853;-0,36763
72,52400;-1,20870;-0,36754
72,53401;-1,20881;-0,36759
72,54401;-1,20898;-0,36783
72,55400;-1,20910;-0,36758
72,56400;-1,20932;-0,36787
72,57401;-1,20944;-0,36775
72,58400;-1,20961;-0,36790
72,59400;-1,20978;-0,36785
72,60400;-1,20995;-0,36812
72,61401;-1,21012;-0,36795
72,62400;-1,21029;-0,36816
72,63400;-1,21040;-0,36802
72,64401;-1,21057;-0,36824
72,65401;-1,21074;-0,36811
72,66400;-1,21085;-0,36833
72,67400;-1,21102;-0,36835
72,68401;-1,21125;-0,36832
72,69400;-1,21142;-0,36865
72,70400;-1,21159;-0,36837
72,71401;-1,21182;-0,36871
72,72401;-1,21193;-0,36858
72,73400;-1,21216;-0,36883
72,74400;-1,21233;-0,36854
72,75401;-1,21250;-0,36896
72,76400;-1,21267;-0,36863
72,77400;-1,21284;-0,36901
72,78401;-1,21301;-0,36885
72,79401;-1,21318;-0,36905
72,80400;-1,21329;-0,36905
72,81400;-1,21346;-0,36900
72,82401;-1,21363;-0,36920
72,83401;-1,21380;-0,36890
72,84400;-1,21391;-0,36940
72,85400;-1,21408;-0,36902
72,86401;-1,21425;-0,36948
72,87400;-1,21448;-0,36922
72,88400;-1,21465;-0,36962
72,89401;-1,21482;-0,36943
72,90401;-1,21505;-0,36968
72,91400;-1,21522;-0,36958
72,92400;-1,21539;-0,36960
72,93401;-1,21556;-0,36981
72,94400;-1,21573;-0,36954
72,95400;-1,21584;-0,36997
72,96401;-1,21601;-0,36955
72,97401;-1,21618;-0,37012
72,98400;-1,21641;-0,36982
72,99400;-1,21658;-0,37018
73,00401;-1,21675;-0,37002
73,01400;-1,21692;-0,37019
73,02400;-1,21709;-0,37016
73,03401;-1,21726;-0,37020
73,04401;-1,21743;-0,37040
73,05400;-1,21760;-0,37010
73,06400;-1,21777;-0,37050
73,07401;-1,21794;-0,37023
73,08401;-1,21805;-0,37060
73,09400;-1,21822;-0,37036
73,10400;-1,21839;-0,37068
73,11401;-1,21856;-0,37054
73,12400;-1,21873;-0,37066
73,13400;-1,21890;-0,37075
73,14401;-1,21901;-0,37075
73,15401;-1,21918;-0,37080
73,16400;-1,21930;-0,37071
73,17400;-1,21952;-0,37093
73,18401;-1,21964;-0,37080
73,19400;-1,21981;-0,37112
73,20400;-1,21998;-0,37080
73,21401;-1,22015;-0,37117
73,22401;-1,22032;-0,37096
73,23400;-1,22049;-0,37129
73,24400;-1,22066;-0,37104
73,25401;-1,22083;-0,37130
73,26400;-1,22100;-0,37123
73,27400;-1,22117;-0,37140
73,28401;-1,22134;-0,37142
73,29401;-1,22145;-0,37131
73,30400;-1,22162;-0,37152
73,31400;-1,22179;-0,37145
73,32401;-1,22196;-0,37166
73,33401;-1,22213;-0,37146
73,34400;-1,22230;-0,37188
73,35400;-1,22247;-0,37153
73,36401;-1,22264;-0,37188
73,37400;-1,22281;-0,37171
73,38400;-1,22298;-0,37185
73,39401;-1,22315;-0,37185
73,40401;-1,22332;-0,37196
73,41400;-1,22349;-0,37200
73,42400;-1,22366;-0,37196
73,43401;-1,22383;-0,37222
73,44400;-1,22406;-0,37188
73,45400;-1,22417;-0,37237
73,46401;-1,22434;-0,37199
73,47401;-1,22451;-0,37236
73,48400;-1,22468;-0,37225
73,49400;-1,22485;-0,37239
73,50401;-1,22496;-0,37243
73,51400;-1,22513;-0,37244
73,52400;-1,22530;-0,37254
73,53401;-1,22553;-0,37242
73,54401;-1,22570;-0,37271
73,55400;-1,22587;-0,37235
73,56400;-1,22604;-0,37282
73,57401;-1,22621;-0,37252
73,58401;-1,22638;-0,37292
73,59400;-1,22655;-0,37265
73,60400;-1,22672;-0,37293
73,61401;-1,22683;-0,37290
73,62400;-1,22706;-0,37290
73,63400;-1,22723;-0,37302
73,64401;-1,22740;-0,37296
73,65401;-1,22757;-0,37307
73,66400;-1,22774;-0,37314
73,67400;-1,22791;-0,37330
73,68401;-1,22808;-0,37305
73,69400;-1,22825;-0,37341
73,70400;-1,22842;-0,37318
73,71401;-1,22859;-0,37343
73,72401;-1,22876;-0,37339
73,73400;-1,22893;-0,37342
73,74400;-1,22910;-0,37345
73,75401;-1,22921;-0,37363
73,76400;-1,22938;-0,37355
73,77400;-1,22955;-0,37370
73,78401;-1,22972;-0,37362
73,79401;-1,22984;-0,37355
73,80400;-1,23001;-0,37381
73,81400;-1,23018;-0,37362
73,82401;-1,23035;-0,37382
73,83401;-1,23046;-0,37372
73,84400;-1,23063;-0,37396
73,85400;-1,23080;-0,37388
73,86401;-1,23097;-0,37418
73,87400;-1,23114;-0,37390
73,88400;-1,23131;-0,37416
73,89401;-1,23148;-0,37398
73,90401;-1,23165;-0,37419
73,91400;-1,23182;-0,37410
73,92400;-1,23193;-0,37416
73,93401;-1,23210;-0,37433
73,94400;-1,23222;-0,37417
73,95400;-1,23239;-0,37451
73,96401;-1,23256;-0,37428
73,97401;-1,23273;-0,37452
73,98400;-1,23290;-0,37441
73,99400;-1,23312;-0,37466
74,00401;-1,23329;-0,37442
74,01400;-1,23346;-0,37471
74,02400;-1,23363;-0,37464
74,03401;-1,23380;-0,37466
74,04401;-1,23397;-0,37472
74,05400;-1,23414;-0,37459
74,06400;-1,23431;-0,37491
74,07401;-1,23448;-0,37472
74,08401;-1,23471;-0,37508
74,09400;-1,23482;-0,37476
74,10400;-1,23499;-0,37506
74,11401;-1,23516;-0,37495
74,12400;-1,23533;-0,37514
74,13400;-1,23550;-0,37507
74,14401;-1,23567;-0,37509
74,15401;-1,23584;-0,37522
74,16400;-1,23601;-0,37518
74,17400;-1,23624;-0,37534
74,18401;-1,23641;-0,37517
74,19400;-1,23658;-0,37539
74,20400;-1,23675;-0,37530
74,21401;-1,23692;-0,37553
74,22401;-1,23709;-0,37544
74,23400;-1,23726;-0,37550
74,24400;-1,23737;-0,37556
74,25401;-1,23754;-0,37556
74,26400;-1,23771;-0,37573
74,27400;-1,23788;-0,37562
74,28401;-1,23805;-0,37565
74,29401;-1,23822;-0,37571
74,30400;-1,23839;-0,37586
74,31400;-1,23856;-0,37579
74,32401;-1,23873;-0,37587
74,33401;-1,23890;-0,37587
74,34400;-1,23907;-0,37589
74,35400;-1,23924;-0,37595
74,36401;-1,23941;-0,37599
74,37400;-1,23958;-0,37602
74,38400;-1,23975;-0,37598
74,39401;-1,23992;-0,37611
74,40401;-1,24004;-0,37612
74,41400;-1,24021;-0,37624
74,42400;-1,24038;-0,37619
74,43401;-1,24055;-0,37630
74,44400;-1,24072;-0,37620
74,45400;-1,24083;-0,37630
74,46401;-1,24100;-0,37634
74,47401;-1,24117;-0,37637
74,48400;-1,24134;-0,37643
74,49400;-1,24151;-0,37642
74,50401;-1,24168;-0,37664
74,51400;-1,24185;-0,37651
74,52400;-1,24202;-0,37673
74,53401;-1,24219;-0,37655
74,54401;-1,24236;-0,37680
74,55400;-1,24253;-0,37657
74,56400;-1,24270;-0,37689
74,57401;-1,24287;-0,37671
74,58401;-1,24298;-0,37680
74,59400;-1,24315;-0,37691
74,60400;-1,24332;-0,37687
74,61401;-1,24344;-0,37703
74,62400;-1,24361;-0,37693
74,63400;-1,24378;-0,37705
74,64401;-1,24400;-0,37692
74,65401;-1,24417;-0,37726
74,66400;-1,24434;-0,37694
74,67400;-1,24451;-0,37730
74,68401;-1,24468;-0,37708
74,69400;-1,24485;-0,37730
74,70400;-1,24502;-0,37725
74,71401;-1,24519;-0,37734
74,72401;-1,24536;-0,37729
74,73400;-1,24548;-0,37726
74,74400;-1,24565;-0,37743
74,75401;-1,24582;-0,37733
74,76400;-1,24593;-0,37754
74,77400;-1,24610;-0,37748
74,78401;-1,24627;-0,37762
74,79401;-1,24644;-0,37749
74,80400;-1,24661;-0,37778
74,81400;-1,24678;-0,37766
74,82401;-1,24695;-0,37773
74,83401;-1,24712;-0,37782
74,84400;-1,24735;-0,37770
74,85400;-1,24752;-0,37797
74,86401;-1,24769;-0,37787
74,87400;-1,24786;-0,37792
74,88400;-1,24797;-0,37785
74,89401;-1,24814;-0,37803
74,90401;-1,24831;-0,37793
74,91400;-1,24848;-0,37807
74,92400;-1,24865;-0,37803
74,93401;-1,24882;-0,37802
74,94400;-1,24899;-0,37817
74,95400;-1,24922;-0,37816
74,96401;-1,24939;-0,37825
74,97401;-1,24956;-0,37816
74,98400;-1,24973;-0,37840
74,99400;-1,24990;-0,37846
75,00401;-1,25007;-0,37841
75,01400;-1,25024;-0,37850
75,02400;-1,25041;-0,37842
75,03401;-1,25058;-0,37842
75,04401;-1,25075;-0,37851
75,05400;-1,25092;-0,37860
75,06400;-1,25103;-0,37849
75,07401;-1,25120;-0,37869
75,08401;-1,25131;-0,37861
75,09400;-1,25148;-0,37877
75,10400;-1,25165;-0,37878
75,11401;-1,25182;-0,37883
75,12400;-1,25199;-0,37884
75,13400;-1,25211;-0,37882
75,14401;-1,25228;-0,37886
75,15401;-1,25245;-0,37891
75,16400;-1,25262;-0,37895
75,17400;-1,25279;-0,37887
75,18401;-1,25296;-0,37908
75,19400;-1,25313;-0,37901
75,20400;-1,25330;-0,37914
75,21401;-1,25347;-0,37899
75,22401;-1,25358;-0,37910
75,23400;-1,25375;-0,37915
75,24400;-1,25386;-0,37925
75,25401;-1,25403;-0,37923
75,26400;-1,25420;-0,37933
75,27400;-1,25437;-0,37936
75,28401;-1,25460;-0,37940
75,29401;-1,25477;-0,37946
75,30400;-1,25494;-0,37941
75,31400;-1,25511;-0,37951
75,32401;-1,25534;-0,37953
75,33401;-1,25551;-0,37960
75,34400;-1,25568;-0,37956
75,35400;-1,25585;-0,37961
75,36401;-1,25602;-0,37975
75,37400;-1,25619;-0,37972
75,38400;-1,25636;-0,37984
75,39401;-1,25653;-0,37973
75,40401;-1,25664;-0,37982
75,41400;-1,25681;-0,37968
75,42400;-1,25698;-0,38002
75,43401;-1,25715;-0,37975
75,44400;-1,25726;-0,37997
75,45400;-1,25749;-0,37995
75,46401;-1,25766;-0,38008
75,47401;-1,25783;-0,38007
75,48400;-1,25806;-0,38008
75,49400;-1,25823;-0,38020
75,50401;-1,25840;-0,38005
75,51400;-1,25857;-0,38040
75,52400;-1,25874;-0,38007
75,53401;-1,25885;-0,38043
75,54401;-1,25902;-0,38017
75,55400;-1,25919;-0,38054
75,56400;-1,25936;-0,38041
75,57401;-1,25953;-0,38044
75,58401;-1,25970;-0,38044
75,59400;-1,25987;-0,38035
75,60400;-1,26004;-0,38063
75,61401;-1,26021;-0,38035
75,62400;-1,26038;-0,38065
75,63400;-1,26061;-0,38046
75,64401;-1,26072;-0,38078
75,65401;-1,26095;-0,38056
75,66400;-1,26106;-0,38081
75,67400;-1,26123;-0,38054
75,68401;-1,26140;-0,38078
75,69400;-1,26157;-0,38083
75,70400;-1,26174;-0,38071
75,71401;-1,26185;-0,38093
75,72401;-1,26202;-0,38068
75,73400;-1,26219;-0,38110
75,74400;-1,26236;-0,38090
75,75401;-1,26253;-0,38111
75,76400;-1,26265;-0,38093
75,77400;-1,26282;-0,38110
75,78401;-1,26299;-0,38102
75,79401;-1,26316;-0,38116
75,80400;-1,26333;-0,38110
75,81400;-1,26350;-0,38120
75,82401;-1,26367;-0,38130
75,83401;-1,26384;-0,38119
75,84400;-1,26401;-0,38134
75,85400;-1,26418;-0,38122
75,86401;-1,26429;-0,38135
75,87400;-1,26446;-0,38140
75,88400;-1,26463;-0,38131
75,89401;-1,26480;-0,38142
75,90401;-1,26497;-0,38151
75,91400;-1,26514;-0,38156
75,92400;-1,26531;-0,38155
75,93401;-1,26542;-0,38158
75,94400;-1,26559;-0,38155
75,95400;-1,26582;-0,38166
75,96401;-1,26599;-0,38164
75,97401;-1,26610;-0,38163
75,98400;-1,26633;-0,38175
75,99400;-1,26644;-0,38179
76,00401;-1,26667;-0,38179
76,01400;-1,26678;-0,38180
76,02400;-1,26695;-0,38179
76,03401;-1,26712;-0,38183
76,04401;-1,26729;-0,38191
76,05400;-1,26746;-0,38186
76,06400;-1,26758;-0,38199
76,07401;-1,26775;-0,38193
76,08401;-1,26792;-0,38207
76,09400;-1,26809;-0,38203
76,10400;-1,26826;-0,38210
76,11401;-1,26843;-0,38204
76,12400;-1,26860;-0,38220
76,13400;-1,26882;-0,38216
76,14401;-1,26899;-0,38220
76,15401;-1,26916;-0,38226
76,16400;-1,26933;-0,38225
76,17400;-1,26950;-0,38233
76,18401;-1,26962;-0,38222
76,19400;-1,26979;-0,38249
76,20400;-1,26996;-0,38212
76,21401;-1,27013;-0,38255
76,22401;-1,27030;-0,38234
76,23400;-1,27047;-0,38249
76,24400;-1,27069;-0,38247
76,25401;-1,27086;-0,38264
76,26400;-1,27103;-0,38252
76,27400;-1,27120;-0,38263
76,28401;-1,27137;-0,38269
76,29401;-1,27160;-0,38251
76,30400;-1,27177;-0,38280
76,31400;-1,27194;-0,38266
76,32401;-1,27211;-0,38291
76,33401;-1,27228;-0,38267
76,34400;-1,27239;-0,38288
76,35400;-1,27256;-0,38270
76,36401;-1,27273;-0,38288
76,37400;-1,27285;-0,38288
76,38400;-1,27302;-0,38286
76,39401;-1,27313;-0,38301
76,40401;-1,27330;-0,38301
76,41400;-1,27347;-0,38312
76,42400;-1,27364;-0,38306
76,43401;-1,27381;-0,38318
76,44400;-1,27398;-0,38302
76,45400;-1,27415;-0,38323
76,46401;-1,27432;-0,38314
76,47401;-1,27455;-0,38321
76,48400;-1,27466;-0,38317
76,49400;-1,27483;-0,38337
76,50401;-1,27500;-0,38319
76,51400;-1,27511;-0,38333
76,52400;-1,27528;-0,38328
76,53401;-1,27545;-0,38330
76,54401;-1,27562;-0,38337
76,55400;-1,27574;-0,38345
76,56400;-1,27596;-0,38341
76,57401;-1,27613;-0,38351
76,58401;-1,27630;-0,38363
76,59400;-1,27647;-0,38354
76,60400;-1,27664;-0,38367
76,61401;-1,27681;-0,38339
76,62400;-1,27698;-0,38363
76,63400;-1,27715;-0,38347
76,64401;-1,27732;-0,38375
76,65401;-1,27749;-0,38360
76,66400;-1,27766;-0,38381
76,67400;-1,27783;-0,38375
76,68401;-1,27806;-0,38384
76,69400;-1,27817;-0,38392
76,70400;-1,27834;-0,38384
76,71401;-1,27851;-0,38386
76,72401;-1,27868;-0,38382
76,73400;-1,27885;-0,38405
76,74400;-1,27897;-0,38381
76,75401;-1,27919;-0,38407
76,76400;-1,27936;-0,38395
76,77400;-1,27953;-0,38412
76,78401;-1,27970;-0,38410
76,79401;-1,27987;-0,38414
76,80400;-1,28004;-0,38409
76,81400;-1,28021;-0,38410
76,82401;-1,28038;-0,38418
76,83401;-1,28055;-0,38416
76,84400;-1,28067;-0,38412
76,85400;-1,28084;-0,38416
76,86401;-1,28101;-0,38430
76,87400;-1,28118;-0,38426
76,88400;-1,28135;-0,38437
76,89401;-1,28157;-0,38434
76,90401;-1,28174;-0,38441
76,91400;-1,28191;-0,38447
76,92400;-1,28208;-0,38449
76,93401;-1,28225;-0,38452
76,94400;-1,28242;-0,38448
76,95400;-1,28259;-0,38458
76,96401;-1,28276;-0,38461
76,97401;-1,28293;-0,38457
76,98400;-1,28310;-0,38463
76,99400;-1,28322;-0,38462
77,00401;-1,28339;-0,38457
77,01400;-1,28356;-0,38470
77,02400;-1,28367;-0,38465
77,03401;-1,28384;-0,38477
77,04401;-1,28401;-0,38478
77,05400;-1,28418;-0,38487
77,06400;-1,28429;-0,38479
77,07401;-1,28446;-0,38487
77,08401;-1,28463;-0,38475
77,09400;-1,28480;-0,38489
77,10400;-1,28503;-0,38482
77,11401;-1,28520;-0,38484
77,12400;-1,28537;-0,38497
77,13400;-1,28554;-0,38480
77,14401;-1,28571;-0,38509
77,15401;-1,28582;-0,38484
77,16400;-1,28594;-0,38507
77,17400;-1,28611;-0,38492
77,18401;-1,28628;-0,38523
77,19400;-1,28645;-0,38493
77,20400;-1,28662;-0,38524
77,21401;-1,28679;-0,38505
77,22401;-1,28696;-0,38513
77,23400;-1,28713;-0,38518
77,24400;-1,28730;-0,38509
77,25401;-1,28747;-0,38533
77,26400;-1,28764;-0,38507
77,27400;-1,28781;-0,38552
77,28401;-1,28798;-0,38515
77,29401;-1,28815;-0,38557
77,30400;-1,28832;-0,38525
77,31400;-1,28849;-0,38562
77,32401;-1,28866;-0,38531
77,33401;-1,28883;-0,38559
77,34400;-1,28894;-0,38541
77,35400;-1,28911;-0,38540
77,36401;-1,28928;-0,38555
77,37400;-1,28939;-0,38538
77,38400;-1,28956;-0,38570
77,39401;-1,28973;-0,38537
77,40401;-1,28990;-0,38584
77,41400;-1,29013;-0,38547
77,42400;-1,29030;-0,38584
77,43401;-1,29047;-0,38558
77,44400;-1,29064;-0,38575
77,45400;-1,29087;-0,38567
77,46401;-1,29104;-0,38576
77,47401;-1,29121;-0,38573
77,48400;-1,29132;-0,38565
77,49400;-1,29149;-0,38597
77,50401;-1,29166;-0,38565
77,51400;-1,29183;-0,38611
77,52400;-1,29206;-0,38571
77,53401;-1,29223;-0,38610
77,54401;-1,29240;-0,38584
77,55400;-1,29257;-0,38618
77,56400;-1,29274;-0,38591
77,57401;-1,29291;-0,38617
77,58401;-1,29308;-0,38615
77,59400;-1,29325;-0,38604
77,60400;-1,29342;-0,38623
77,61401;-1,29359;-0,38602
77,62400;-1,29376;-0,38631
77,63400;-1,29393;-0,38605
77,64401;-1,29404;-0,38644
77,65401;-1,29421;-0,38600
77,66400;-1,29438;-0,38651
77,67400;-1,29455;-0,38619
77,68401;-1,29466;-0,38638
77,69400;-1,29483;-0,38637
77,70400;-1,29500;-0,38636
77,71401;-1,29517;-0,38639
77,72401;-1,29529;-0,38636
77,73400;-1,29546;-0,38649
77,74400;-1,29563;-0,38629
77,75401;-1,29580;-0,38671
77,76400;-1,29597;-0,38635
77,77400;-1,29614;-0,38676
77,78401;-1,29631;-0,38643
77,79401;-1,29648;-0,38678
77,80400;-1,29659;-0,38652
77,81400;-1,29676;-0,38659
77,82401;-1,29693;-0,38666
77,83401;-1,29710;-0,38657
77,84400;-1,29727;-0,38671
77,85400;-1,29744;-0,38661
77,86401;-1,29761;-0,38684
77,87400;-1,29778;-0,38660
77,88400;-1,29795;-0,38697
77,89401;-1,29812;-0,38669
77,90401;-1,29835;-0,38691
77,91400;-1,29852;-0,38683
77,92400;-1,29869;-0,38684
77,93401;-1,29886;-0,38687
77,94400;-1,29903;-0,38683
77,95400;-1,29920;-0,38702
77,96401;-1,29937;-0,38678
77,97401;-1,29954;-0,38716
77,98400;-1,29971;-0,38695
77,99400;-1,29988;-0,38715
78,00401;-1,30005;-0,38703
78,01400;-1,30022;-0,38710
78,02400;-1,30033;-0,38707
78,03401;-1,30050;-0,38716
78,04401;-1,30067;-0,38723
78,05400;-1,30084;-0,38705
78,06400;-1,30101;-0,38736
78,07401;-1,30118;-0,38709
78,08401;-1,30135;-0,38740
78,09400;-1,30152;-0,38720
78,10400;-1,30175;-0,38736
78,11401;-1,30186;-0,38727
78,12400;-1,30203;-0,38740
78,13400;-1,30220;-0,38734
78,14401;-1,30231;-0,38735
78,15401;-1,30248;-0,38739
78,16400;-1,30265;-0,38733
78,17400;-1,30282;-0,38763
78,18401;-1,30299;-0,38736
78,19400;-1,30322;-0,38769
78,20400;-1,30339;-0,38738
78,21401;-1,30356;-0,38766
78,22401;-1,30373;-0,38751
78,23400;-1,30390;-0,38768
78,24400;-1,30407;-0,38745
78,25401;-1,30424;-0,38763
78,26400;-1,30441;-0,38763
78,27400;-1,30458;-0,38765
78,28401;-1,30475;-0,38773
78,29401;-1,30492;-0,38757
78,30400;-1,30509;-0,38792
78,31400;-1,30520;-0,38767
78,32401;-1,30537;-0,38786
78,33401;-1,30554;-0,38771
78,34400;-1,30566;-0,38781
78,35400;-1,30583;-0,38777
78,36401;-1,30600;-0,38793
78,37400;-1,30617;-0,38788
78,38400;-1,30634;-0,38789
78,39401;-1,30651;-0,38804
78,40401;-1,30668;-0,38789
78,41400;-1,30685;-0,38815
78,42400;-1,30702;-0,38783
78,43401;-1,30719;-0,38800
78,44400;-1,30730;-0,38786
78,45400;-1,30747;-0,38803
78,46401;-1,30764;-0,38801
78,47401;-1,30775;-0,38805
78,48400;-1,30792;-0,38807
78,49400;-1,30809;-0,38811
78,50401;-1,30826;-0,38820
78,51400;-1,30843;-0,38805
78,52400;-1,30860;-0,38819
78,53401;-1,30877;-0,38804
78,54401;-1,30894;-0,38826
78,55400;-1,30911;-0,38811
78,56400;-1,30928;-0,38826
78,57401;-1,30945;-0,38826
78,58401;-1,30962;-0,38827
78,59400;-1,30979;-0,38842
78,60400;-1,30996;-0,38825
78,61401;-1,31013;-0,38838
78,62400;-1,31030;-0,38827
78,63400;-1,31047;-0,38839
78,64401;-1,31064;-0,38828
78,65401;-1,31076;-0,38852
78,66400;-1,31093;-0,38831
78,67400;-1,31104;-0,38855
78,68401;-1,31121;-0,38837
78,69400;-1,31138;-0,38848
78,70400;-1,31161;-0,38861
78,71401;-1,31178;-0,38852
78,72401;-1,31195;-0,38863
78,73400;-1,31217;-0,38848
78,74400;-1,31234;-0,38866
78,75401;-1,31251;-0,38849
78,76400;-1,31268;-0,38867
78,77400;-1,31285;-0,38848
78,78401;-1,31302;-0,38868
78,79401;-1,31314;-0,38857
78,80400;-1,31331;-0,38881
78,81400;-1,31348;-0,38861
78,82401;-1,31370;-0,38875
78,83401;-1,31387;-0,38874
78,84400;-1,31404;-0,38880
78,85400;-1,31421;-0,38888
78,86401;-1,31438;-0,38877
78,87400;-1,31455;-0,38886
78,88400;-1,31472;-0,38884
78,89401;-1,31489;-0,38894
78,90401;-1,31506;-0,38881
78,91400;-1,31523;-0,38899
78,92400;-1,31540;-0,38884
78,93401;-1,31557;-0,38903
78,94400;-1,31574;-0,38897
78,95400;-1,31586;-0,38900
78,96401;-1,31603;-0,38897
78,97401;-1,31620;-0,38892
78,98400;-1,31631;-0,38914
78,99400;-1,31648;-0,38900
79,00401;-1,31665;-0,38917
79,01400;-1,31676;-0,38904
79,02400;-1,31693;-0,38923
79,03401;-1,31710;-0,38901
79,04401;-1,31733;-0,38925
79,05400;-1,31750;-0,38904
79,06400;-1,31767;-0,38915
79,07401;-1,31784;-0,38923
79,08401;-1,31801;-0,38912
79,09400;-1,31812;-0,38928
79,10400;-1,31829;-0,38909
79,11401;-1,31846;-0,38936
79,12400;-1,31858;-0,38912
79,13400;-1,31875;-0,38937
79,14401;-1,31892;-0,38913
79,15401;-1,31909;-0,38939
79,16400;-1,31926;-0,38931
79,17400;-1,31943;-0,38944
79,18401;-1,31960;-0,38940
79,19400;-1,31982;-0,38942
79,20400;-1,31999;-0,38950
79,21401;-1,32016;-0,38945
79,22401;-1,32033;-0,38952
79,23400;-1,32050;-0,38937
79,24400;-1,32067;-0,38959
79,25401;-1,32084;-0,38934
79,26401;-1,32101;-0,38972
79,27400;-1,32118;-0,38941
79,28401;-1,32135;-0,38970
79,29401;-1,32152;-0,38954
79,30400;-1,32169;-0,38969
79,31400;-1,32186;-0,38957
79,32401;-1,32198;-0,38972
79,33401;-1,32215;-0,38959
79,34400;-1,32232;-0,38960
79,35400;-1,32249;-0,38978
79,36401;-1,32266;-0,38949
79,37400;-1,32283;-0,38983
79,38400;-1,32300;-0,38952
79,39401;-1,32317;-0,38990
79,40401;-1,32334;-0,38965
79,41400;-1,32351;-0,38990
79,42400;-1,32368;-0,38965
79,43401;-1,32385;-0,38981
79,44400;-1,32402;-0,38974
79,45400;-1,32419;-0,38971
79,46401;-1,32430;-0,38994
79,47401;-1,32447;-0,38972
79,48400;-1,32464;-0,39002
79,49400;-1,32487;-0,38984
79,50401;-1,32498;-0,39000
79,51401;-1,32515;-0,38982
79,52400;-1,32538;-0,39007
79,53401;-1,32555;-0,38990
79,54401;-1,32572;-0,38996
79,55400;-1,32589;-0,39006
79,56400;-1,32606;-0,38991
79,57401;-1,32617;-0,39011
79,58401;-1,32634;-0,38996
79,59400;-1,32651;-0,39023
79,60400;-1,32668;-0,39001
79,61401;-1,32685;-0,39024
79,62400;-1,32696;-0,39000
79,63400;-1,32719;-0,39018
79,64401;-1,32730;-0,39009
79,65401;-1,32747;-0,39016
79,66400;-1,32764;-0,39017
79,67400;-1,32781;-0,39011
79,68401;-1,32798;-0,39030
79,69400;-1,32815;-0,39012
79,70400;-1,32832;-0,39029
79,71401;-1,32849;-0,39016
79,72401;-1,32861;-0,39030
79,73400;-1,32878;-0,39016
79,74400;-1,32895;-0,39026
79,75401;-1,32906;-0,39018
79,76401;-1,32923;-0,39029
79,77400;-1,32940;-0,39037
79,78401;-1,32957;-0,39037
79,79401;-1,32980;-0,39040
79,80400;-1,32997;-0,39032
79,81400;-1,33014;-0,39046
79,82401;-1,33031;-0,39030
79,83401;-1,33048;-0,39049
79,84400;-1,33065;-0,39026
79,85400;-1,33082;-0,39048
79,86401;-1,33099;-0,39029
79,87400;-1,33116;-0,39057
79,88400;-1,33133;-0,39037
79,89401;-1,33150;-0,39060
79,90401;-1,33167;-0,39044
79,91400;-1,33184;-0,39049
79,92400;-1,33201;-0,39058
79,93401;-1,33218;-0,39045
79,94400;-1,33229;-0,39062
79,95400;-1,33246;-0,39045
79,96401;-1,33257;-0,39064
79,97401;-1,33274;-0,39044
79,98400;-1,33291;-0,39081
79,99400;-1,33308;-0,39041
80,00401;-1,33325;-0,39082
80,01401;-1,33348;-0,39058
80,02400;-1,33365;-0,39071
80,03401;-1,33382;-0,39066
80,04401;-1,33399;-0,39064
80,05400;-1,33422;-0,39078
80,06400;-1,33439;-0,39064
80,07401;-1,33456;-0,39089
80,08401;-1,33473;-0,39053
80,09400;-1,33490;-0,39087
80,10400;-1,33501;-0,39055
80,11401;-1,33518;-0,39093
80,12400;-1,33535;-0,39070
80,13400;-1,33552;-0,39094
80,14401;-1,33569;-0,39080
80,15401;-1,33592;-0,39091
80,16400;-1,33603;-0,39094
80,17400;-1,33626;-0,39088
80,18401;-1,33643;-0,39102
80,19400;-1,33654;-0,39086
80,20400;-1,33671;-0,39105
80,21401;-1,33694;-0,39082
80,22401;-1,33705;-0,39106
80,23400;-1,33722;-0,39078
80,24400;-1,33739;-0,39096
80,25401;-1,33756;-0,39092
80,26401;-1,33767;-0,39104
80,27400;-1,33784;-0,39106
80,28401;-1,33801;-0,39095
80,29401;-1,33818;-0,39105
80,30400;-1,33830;-0,39097
80,31400;-1,33852;-0,39114
80,32401;-1,33864;-0,39097
80,33401;-1,33881;-0,39112
80,34400;-1,33898;-0,39091
80,35400;-1,33915;-0,39123
80,36401;-1,33932;-0,39105
80,37400;-1,33949;-0,39115
80,38400;-1,33966;-0,39112
80,39401;-1,33977;-0,39114
80,40401;-1,33994;-0,39116
80,41400;-1,34011;-0,39113
80,42400;-1,34022;-0,39121
80,43401;-1,34039;-0,39108
80,44400;-1,34062;-0,39140
80,45400;-1,34079;-0,39109
80,46401;-1,34096;-0,39133
80,47401;-1,34113;-0,39110
80,48400;-1,34136;-0,39126
80,49400;-1,34153;-0,39113
80,50401;-1,34170;-0,39127
80,51401;-1,34187;-0,39116
80,52400;-1,34204;-0,39125
80,53401;-1,34221;-0,39124
80,54401;-1,34238;-0,39117
80,55400;-1,34255;-0,39138
80,56400;-1,34272;-0,39112
80,57401;-1,34289;-0,39146
80,58401;-1,34306;-0,39110
80,59400;-1,34317;-0,39144
80,60400;-1,34334;-0,39122
80,61401;-1,34345;-0,39140
80,62400;-1,34362;-0,39125
80,63400;-1,34379;-0,39145
80,64401;-1,34396;-0,39133
80,65401;-1,34413;-0,39133
80,66400;-1,34430;-0,39159
80,67400;-1,34447;-0,39121
80,68401;-1,34464;-0,39164
80,69400;-1,34481;-0,39124
80,70400;-1,34504;-0,39174
80,71401;-1,34521;-0,39124
80,72401;-1,34532;-0,39159
80,73400;-1,34549;-0,39128
80,74400;-1,34566;-0,39145
80,75401;-1,34583;-0,39148
80,76401;-1,34600;-0,39140
80,77400;-1,34617;-0,39162
80,78401;-1,34634;-0,39132
80,79401;-1,34651;-0,39181
80,80400;-1,34668;-0,39122
80,81400;-1,34685;-0,39176
80,82401;-1,34702;-0,39121
80,83401;-1,34719;-0,39178
80,84400;-1,34736;-0,39139
80,85400;-1,34753;-0,39161
80,86401;-1,34770;-0,39155
80,87400;-1,34787;-0,39154
80,88400;-1,34804;-0,39166
80,89401;-1,34821;-0,39151
80,90401;-1,34838;-0,39183
80,91400;-1,34855;-0,39139
80,92400;-1,34872;-0,39190
80,93401;-1,34884;-0,39141
80,94400;-1,34901;-0,39181
80,95400;-1,34918;-0,39145
80,96401;-1,34935;-0,39177
80,97401;-1,34952;-0,39159
80,98400;-1,34969;-0,39167
80,99400;-1,34986;-0,39171
81,00401;-1,35003;-0,39161
81,01401;-1,35020;-0,39183
81,02400;-1,35037;-0,39163
81,03401;-1,35054;-0,39184
81,04401;-1,35065;-0,39150
81,05400;-1,35082;-0,39176
81,06400;-1,35093;-0,39149
81,07401;-1,35110;-0,39183
81,08401;-1,35127;-0,39159
81,09400;-1,35144;-0,39175
81,10400;-1,35161;-0,39187
81,11401;-1,35178;-0,39183
81,12400;-1,35195;-0,39183
81,13400;-1,35212;-0,39172
81,14401;-1,35229;-0,39174
81,15401;-1,35246;-0,39165
81,16400;-1,35263;-0,39191
81,17400;-1,35280;-0,39161
81,18401;-1,35297;-0,39191
81,19400;-1,35314;-0,39166
81,20400;-1,35331;-0,39195
81,21401;-1,35348;-0,39176
81,22401;-1,35365;-0,39181
81,23400;-1,35382;-0,39166
81,24400;-1,35394;-0,39171
81,25401;-1,35411;-0,39183
81,26401;-1,35428;-0,39169
81,27400;-1,35439;-0,39191
81,28401;-1,35456;-0,39169
81,29401;-1,35479;-0,39201
81,30400;-1,35496;-0,39182
81,31400;-1,35513;-0,39210
81,32401;-1,35530;-0,39168
81,33401;-1,35552;-0,39197
81,34400;-1,35569;-0,39178
81,35400;-1,35586;-0,39186
81,36401;-1,35603;-0,39182
81,37400;-1,35620;-0,39183
81,38400;-1,35637;-0,39189
81,39401;-1,35654;-0,39179
81,40401;-1,35671;-0,39206
81,41400;-1,35688;-0,39171
81,42400;-1,35705;-0,39205
81,43401;-1,35722;-0,39182
81,44400;-1,35739;-0,39198
81,45400;-1,35756;-0,39178
81,46401;-1,35773;-0,39203
81,47401;-1,35790;-0,39184
81,48400;-1,35807;-0,39203
81,49400;-1,35824;-0,39198
81,50401;-1,35841;-0,39192
81,51401;-1,35858;-0,39202
81,52400;-1,35870;-0,39187
81,53401;-1,35887;-0,39203
81,54401;-1,35904;-0,39186
81,55400;-1,35921;-0,39205
81,56400;-1,35938;-0,39186
81,57401;-1,35949;-0,39200
81,58401;-1,35966;-0,39182
81,59400;-1,35983;-0,39208
81,60400;-1,35994;-0,39196
81,61401;-1,36011;-0,39205
81,62400;-1,36028;-0,39200
81,63400;-1,36045;-0,39194
81,64401;-1,36062;-0,39209
81,65401;-1,36079;-0,39196
81,66400;-1,36096;-0,39199
81,67400;-1,36113;-0,39190
81,68401;-1,36130;-0,39209
81,69400;-1,36142;-0,39185
81,70400;-1,36159;-0,39209
81,71401;-1,36176;-0,39178
81,72401;-1,36193;-0,39205
81,73400;-1,36204;-0,39192
81,74400;-1,36227;-0,39209
81,75401;-1,36244;-0,39196
81,76401;-1,36261;-0,39201
81,77400;-1,36278;-0,39202
81,78401;-1,36300;-0,39191
81,79401;-1,36317;-0,39214
81,80400;-1,36334;-0,39184
81,81400;-1,36351;-0,39212
81,82401;-1,36368;-0,39187
81,83401;-1,36385;-0,39214
81,84400;-1,36402;-0,39178
81,85400;-1,36419;-0,39214
81,86401;-1,36436;-0,39188
81,87400;-1,36453;-0,39194
81,88400;-1,36470;-0,39204
81,89401;-1,36487;-0,39182
81,90401;-1,36499;-0,39211
81,91400;-1,36516;-0,39183
81,92400;-1,36533;-0,39216
81,93401;-1,36544;-0,39181
81,94400;-1,36561;-0,39217
81,95400;-1,36578;-0,39181
81,96401;-1,36595;-0,39218
81,97401;-1,36612;-0,39187
81,98400;-1,36635;-0,39203
81,99400;-1,36652;-0,39198
82,00401;-1,36669;-0,39197
82,01401;-1,36686;-0,39204
82,02400;-1,36703;-0,39197
82,03401;-1,36714;-0,39205
82,04401;-1,36731;-0,39191
82,05400;-1,36748;-0,39206
82,06400;-1,36765;-0,39191
82,07401;-1,36776;-0,39202
82,08401;-1,36799;-0,39188
82,09400;-1,36816;-0,39204
82,10400;-1,36833;-0,39194
82,11401;-1,36844;-0,39200
82,12400;-1,36867;-0,39194
82,13400;-1,36884;-0,39194
82,14401;-1,36901;-0,39197
82,15401;-1,36912;-0,39204
82,16400;-1,36935;-0,39191
82,17400;-1,36952;-0,39194
82,18401;-1,36969;-0,39191
82,19400;-1,36980;-0,39188
82,20400;-1,37003;-0,39203
82,21401;-1,37014;-0,39183
82,22401;-1,37031;-0,39196
82,23400;-1,37048;-0,39189
82,24400;-1,37065;-0,39201
82,25401;-1,37077;-0,39185
82,26401;-1,37094;-0,39196
82,27400;-1,37111;-0,39177
82,28401;-1,37128;-0,39199
82,29401;-1,37145;-0,39186
82,30400;-1,37162;-0,39198
82,31400;-1,37184;-0,39188
82,32401;-1,37196;-0,39191
82,33401;-1,37213;-0,39188
82,34400;-1,37230;-0,39179
82,35400;-1,37241;-0,39184
82,36401;-1,37258;-0,39176
82,37400;-1,37275;-0,39185
82,38400;-1,37286;-0,39179
82,39401;-1,37309;-0,39196
82,40401;-1,37326;-0,39173
82,41400;-1,37343;-0,39196
82,42400;-1,37366;-0,39174
82,43401;-1,37383;-0,39178
82,44400;-1,37400;-0,39172
82,45400;-1,37417;-0,39172
82,46401;-1,37434;-0,39162
82,47401;-1,37451;-0,39182
82,48400;-1,37468;-0,39167
82,49400;-1,37485;-0,39173
82,50401;-1,37502;-0,39189
82,51401;-1,37519;-0,39168
82,52400;-1,37536;-0,39175
82,53401;-1,37547;-0,39163
82,54401;-1,37564;-0,39171
82,55400;-1,37581;-0,39157
82,56400;-1,37592;-0,39169
82,57401;-1,37609;-0,39156
82,58401;-1,37626;-0,39166
82,59400;-1,37643;-0,39156
82,60400;-1,37660;-0,39173
82,61401;-1,37683;-0,39148
82,62400;-1,37700;-0,39164
82,63400;-1,37717;-0,39158
82,64401;-1,37740;-0,39149
82,65401;-1,37757;-0,39154
82,66400;-1,37774;-0,39150
82,67400;-1,37791;-0,39152
82,68401;-1,37808;-0,39152
82,69400;-1,37819;-0,39156
82,70400;-1,37836;-0,39135
82,71401;-1,37853;-0,39154
82,72401;-1,37870;-0,39143
82,73400;-1,37887;-0,39148
82,74400;-1,37904;-0,39139
82,75401;-1,37921;-0,39142
82,76401;-1,37938;-0,39135
82,77400;-1,37955;-0,39135
82,78401;-1,37972;-0,39142
82,79401;-1,37989;-0,39122
82,80400;-1,38006;-0,39125
82,81400;-1,38023;-0,39141
82,82401;-1,38034;-0,39127
82,83401;-1,38051;-0,39115
82,84400;-1,38068;-0,39128
82,85400;-1,38085;-0,39112
82,86401;-1,38102;-0,39118
82,87400;-1,38119;-0,39117
82,88400;-1,38131;-0,39110
82,89401;-1,38148;-0,39097
82,90401;-1,38165;-0,39114
82,91400;-1,38176;-0,39110
82,92400;-1,38193;-0,39107
82,93401;-1,38210;-0,39102
82,94400;-1,38227;-0,39108
82,95400;-1,38244;-0,39097
82,96401;-1,38261;-0,39100
82,97401;-1,38278;-0,39091
82,98400;-1,38295;-0,39086
82,99400;-1,38306;-0,39082
83,00401;-1,38323;-0,39089
83,01401;-1,38340;-0,39086
83,02400;-1,38352;-0,39076
83,03401;-1,38374;-0,39088
83,04401;-1,38391;-0,39069
83,05400;-1,38408;-0,39080
83,06400;-1,38425;-0,39067
83,07401;-1,38448;-0,39076
83,08401;-1,38465;-0,39060
83,09400;-1,38482;-0,39071
83,10400;-1,38499;-0,39051
83,11401;-1,38522;-0,39064
83,12400;-1,38539;-0,39051
83,13400;-1,38556;-0,39049
83,14401;-1,38573;-0,39047
83,15401;-1,38590;-0,39033
83,16400;-1,38601;-0,39041
83,17400;-1,38618;-0,39025
83,18401;-1,38629;-0,39035
83,19400;-1,38646;-0,39027
83,20400;-1,38663;-0,39026
83,21401;-1,38680;-0,39020
83,22401;-1,38697;-0,39030
83,23400;-1,38714;-0,39014
83,24400;-1,38731;-0,39021
83,25401;-1,38748;-0,39013
83,26401;-1,38765;-0,39001
83,27400;-1,38788;-0,39006
83,28401;-1,38805;-0,38994
83,29401;-1,38822;-0,38993
83,30400;-1,38839;-0,38988
83,31400;-1,38856;-0,38995
83,32401;-1,38867;-0,38976
83,33401;-1,38884;-0,38985
83,34400;-1,38901;-0,38967
83,35400;-1,38918;-0,38976
83,36401;-1,38935;-0,38960
83,37400;-1,38952;-0,38963
83,38400;-1,38969;-0,38958
83,39401;-1,38986;-0,38952
83,40401;-1,39003;-0,38949
83,41400;-1,39020;-0,38936
83,42400;-1,39037;-0,38944
83,43401;-1,39054;-0,38924
83,44400;-1,39071;-0,38935
83,45400;-1,39088;-0,38913
83,46401;-1,39105;-0,38929
83,47401;-1,39122;-0,38898
83,48400;-1,39139;-0,38912
83,49400;-1,39156;-0,38897
83,50401;-1,39173;-0,38900
83,51401;-1,39190;-0,38898
83,52400;-1,39207;-0,38881
83,53401;-1,39219;-0,38885
83,54401;-1,39236;-0,38863
83,55400;-1,39253;-0,38872
83,56400;-1,39270;-0,38845
83,57401;-1,39281;-0,38864
83,58401;-1,39298;-0,38821
83,59400;-1,39315;-0,38845
83,60400;-1,39332;-0,38813
83,61401;-1,39349;-0,38820
83,62400;-1,39366;-0,38811
83,63400;-1,39383;-0,38798
83,64401;-1,39400;-0,38798
83,65401;-1,39411;-0,38776
83,66400;-1,39428;-0,38788
83,67400;-1,39445;-0,38750
83,68401;-1,39457;-0,38771
83,69400;-1,39474;-0,38736
83,70400;-1,39491;-0,38751
83,71401;-1,39513;-0,38730
83,72401;-1,39530;-0,38735
83,73400;-1,39547;-0,38706
83,74400;-1,39564;-0,38708
83,75401;-1,39581;-0,38687
83,76401;-1,39598;-0,38667
83,77400;-1,39615;-0,38660
83,78401;-1,39632;-0,38631
83,79401;-1,39649;-0,38623
83,80400;-1,39666;-0,38608
83,81400;-1,39683;-0,38594
83,82401;-1,39700;-0,38558
83,83401;-1,39712;-0,38549
83,84400;-1,39729;-0,38515
83,85400;-1,39746;-0,38491
83,86401;-1,39763;-0,38452
83,87400;-1,39780;-0,38422
83,88400;-1,39797;-0,38363
83,89401;-1,39814;-0,38324
83,90401;-1,39831;-0,38207
83,91400;-1,39853;-0,37478
83,92400;-1,39870;-0,35539
83,93401;-1,39887;-0,34224
83,94400;-1,39904;-0,32987
83,95400;-1,39921;-0,32431
83,96401;-1,39938;-0,32143
83,97401;-1,39955;-0,31972
83,98400;-1,39972;-0,32161
83,99400;-1,39984;-0,31997
84,00401;-1,40001;-0,32329
84,01401;-1,40018;-0,32074
84,02400;-1,40035;-0,32383
84,03401;-1,40052;-0,32116
84,04401;-1,40069;-0,32365
84,05400;-1,40086;-0,32138
84,06400;-1,40103;-0,32286
84,07401;-1,40120;-0,32178
84,08401;-1,40137;-0,32187
84,09400;-1,40154;-0,32248
84,10400;-1,40171;-0,32115
84,11401;-1,40188;-0,32284
84,12400;-1,40205;-0,32067
84,13400;-1,40222;-0,32300
84,14401;-1,40239;-0,32041
84,15401;-1,40256;-0,32299
84,16400;-1,40273;-0,32054
84,17400;-1,40284;-0,32236
84,18401;-1,40301;-0,32094
84,19400;-1,40312;-0,32180
84,20400;-1,40329;-0,32145
84,21401;-1,40346;-0,32115
84,22401;-1,40363;-0,32206
84,23400;-1,40380;-0,32057
84,24400;-1,40397;-0,32244
84,25401;-1,40414;-0,32035
84,26401;-1,40431;-0,32230
84,27400;-1,40448;-0,32013
84,28401;-1,40465;-0,32214
84,29401;-1,40477;-0,32037
84,30400;-1,40494;-0,32164
84,31400;-1,40505;-0,32086
84,32401;-1,40522;-0,32110
84,33401;-1,40539;-0,32120
84,34400;-1,40562;-0,32077
84,35400;-1,40579;-0,32155
84,36401;-1,40601;-0,32023
84,37400;-1,40618;-0,32175
84,38400;-1,40635;-0,32001
84,39401;-1,40652;-0,32163
84,40401;-1,40669;-0,32009
84,41400;-1,40686;-0,32130
84,42400;-1,40703;-0,32016
84,43401;-1,40720;-0,32110
84,44400;-1,40737;-0,32045
84,45400;-1,40754;-0,32057
84,46401;-1,40771;-0,32075
84,47401;-1,40788;-0,32007
84,48400;-1,40800;-0,32091
84,49400;-1,40817;-0,31985
84,50401;-1,40834;-0,32097
84,51401;-1,40851;-0,31952
84,52400;-1,40868;-0,32086
84,53401;-1,40879;-0,31962
84,54401;-1,40902;-0,32067
84,55400;-1,40919;-0,31977
84,56400;-1,40936;-0,32028
84,57401;-1,40953;-0,31981
84,58401;-1,40970;-0,31984
84,59400;-1,40987;-0,31997
84,60400;-1,41004;-0,31932
84,61401;-1,41015;-0,32012
84,62400;-1,41032;-0,31905
84,63400;-1,41049;-0,32012
84,64401;-1,41066;-0,31882
84,65401;-1,41083;-0,31980
84,66400;-1,41100;-0,31862
84,67400;-1,41117;-0,31927
84,68401;-1,41134;-0,31836
84,69400;-1,41151;-0,31859
84,70400;-1,41168;-0,31797
84,71401;-1,41185;-0,31522
84,72401;-1,41202;-0,29769
84,73400;-1,41225;-0,28455
84,74400;-1,41242;-0,27052
84,75401;-1,41259;-0,26505
84,76401;-1,41276;-0,25994
84,77400;-1,41293;-0,25972
84,78401;-1,41310;-0,25917
84,79401;-1,41327;-0,25986
84,80400;-1,41344;-0,26106
84,81400;-1,41355;-0,26028
84,82401;-1,41372;-0,26208
84,83401;-1,41389;-0,26033
84,84400;-1,41400;-0,26238
84,85400;-1,41417;-0,26022
84,86401;-1,41434;-0,26227
84,87400;-1,41451;-0,26031
84,88400;-1,41468;-0,26174
84,89401;-1,41480;-0,26081
84,90401;-1,41497;-0,26129
84,91400;-1,41519;-0,26104
84,92400;-1,41531;-0,26072
84,93401;-1,41548;-0,26149
84,94400;-1,41559;-0,26026
84,95400;-1,41576;-0,26190
84,96401;-1,41593;-0,26002
84,97401;-1,41604;-0,26187
84,98400;-1,41627;-0,26013
84,99400;-1,41644;-0,26184
85,00401;-1,41661;-0,26025
85,01401;-1,41678;-0,26136
85,02400;-1,41701;-0,26062
85,03401;-1,41718;-0,26090
85,04401;-1,41735;-0,26107
85,05400;-1,41752;-0,26040
85,06400;-1,41769;-0,26134
85,07401;-1,41786;-0,26007
85,08401;-1,41803;-0,26170
85,09400;-1,41820;-0,25996
85,10400;-1,41837;-0,26161
85,11401;-1,41854;-0,26000
85,12400;-1,41871;-0,26140
85,13400;-1,41888;-0,26024
85,14401;-1,41899;-0,26104
85,15401;-1,41916;-0,26058
85,16400;-1,41933;-0,26059
85,17400;-1,41950;-0,26105
85,18401;-1,41967;-0,26026
85,19400;-1,41984;-0,26129
85,20400;-1,42001;-0,26008
85,21401;-1,42018;-0,26144
85,22401;-1,42041;-0,25994
85,23400;-1,42058;-0,26136
85,24400;-1,42075;-0,25993
85,25401;-1,42086;-0,26108
85,26401;-1,42103;-0,26035
85,27400;-1,42120;-0,26071
85,28401;-1,42137;-0,26073
85,29401;-1,42154;-0,26055
85,30400;-1,42171;-0,26103
85,31400;-1,42188;-0,26026
85,32401;-1,42205;-0,26119
85,33401;-1,42222;-0,26000
85,34400;-1,42239;-0,26134
85,35400;-1,42256;-0,26005
85,36401;-1,42273;-0,26118
85,37400;-1,42290;-0,26019
85,38400;-1,42307;-0,26096
85,39401;-1,42324;-0,26046
85,40401;-1,42341;-0,26066
85,41400;-1,42352;-0,26066
85,42400;-1,42369;-0,26034
85,43401;-1,42386;-0,26099
85,44400;-1,42403;-0,26021
85,45400;-1,42420;-0,26108
85,46401;-1,42437;-0,26005
85,47401;-1,42449;-0,26106
85,48400;-1,42466;-0,26015
85,49400;-1,42483;-0,26095
85,50401;-1,42494;-0,26034
85,51401;-1,42511;-0,26072
85,52400;-1,42528;-0,26049
85,53401;-1,42545;-0,26059
85,54401;-1,42562;-0,26069
85,55400;-1,42579;-0,26028
85,56400;-1,42596;-0,26091
85,57401;-1,42613;-0,26016
85,58401;-1,42624;-0,26097
85,59400;-1,42641;-0,26020
85,60400;-1,42658;-0,26086
85,61401;-1,42670;-0,26028
85,62400;-1,42692;-0,26081
85,63400;-1,42709;-0,26035
85,64401;-1,42726;-0,26064
85,65401;-1,42749;-0,26049
85,66400;-1,42766;-0,26043
85,67400;-1,42783;-0,26078
85,68401;-1,42800;-0,26035
85,69401;-1,42817;-0,26088
85,70400;-1,42840;-0,26026
85,71401;-1,42851;-0,26093
85,72401;-1,42874;-0,26012
85,73400;-1,42891;-0,26089
85,74400;-1,42902;-0,26021
85,75401;-1,42919;-0,26075
85,76401;-1,42936;-0,26041
85,77400;-1,42947;-0,26053
85,78401;-1,42964;-0,26056
85,79401;-1,42976;-0,26050
85,80400;-1,42993;-0,26076
85,80601;-1,42998;-0,26090
85,80801;-1,43004;-0,26088
85,81800;-1,43015;-0,26024
85,82800;-1,43021;-0,26078
85,83801;-1,43021;-0,26024
85,84801;-1,43021;-0,26040
85,85800;-1,43021;-0,26047
85,86800;-1,43021;-0,26007
85,87801;-1,43010;-0,26072
85,88800;-1,43010;-0,26009
85,89800;-1,43004;-0,26071
85,90801;-1,43004;-0,26003
85,91801;-1,42998;-0,26078
85,92800;-1,42987;-0,26008
85,93800;-1,42981;-0,26075
85,94801;-1,42976;-0,26012
85,95801;-1,42964;-0,26053
85,96800;-1,42953;-0,26041
85,97801;-1,42942;-0,26028
85,98801;-1,42925;-0,26057
85,99800;-1,42908;-0,26002
86,00800;-1,42885;-0,26057
86,01801;-1,42862;-0,25988
86,02801;-1,42840;-0,26050
86,03800;-1,42806;-0,25978
86,04801;-1,42777;-0,26038
86,05801;-1,42749;-0,25983
86,06800;-1,42715;-0,26036
86,07800;-1,42687;-0,25990
86,08801;-1,42653;-0,26012
86,09801;-1,42619;-0,26022
86,10800;-1,42590;-0,25987
86,11800;-1,42562;-0,26032
86,12801;-1,42539;-0,25985
86,13800;-1,42511;-0,26026
86,14800;-1,42488;-0,25977
86,15801;-1,42466;-0,26034
86,16801;-1,42443;-0,25972
86,17800;-1,42420;-0,26014
86,18800;-1,42398;-0,25975
86,19801;-1,42375;-0,26001
86,20801;-1,42352;-0,25982
86,21800;-1,42335;-0,25980
86,22801;-1,42313;-0,25997
86,23801;-1,42296;-0,25965
86,24800;-1,42279;-0,25999
86,25800;-1,42262;-0,25966
86,26801;-1,42239;-0,25988
86,27801;-1,42222;-0,25957
86,28800;-1,42205;-0,25994
86,29801;-1,42188;-0,25946
86,30801;-1,42171;-0,25980
86,31800;-1,42154;-0,25953
86,32800;-1,42137;-0,25969
86,33801;-1,42120;-0,25970
86,34801;-1,42103;-0,25959
86,35800;-1,42086;-0,25966
86,36800;-1,42069;-0,25956
86,37801;-1,42052;-0,25966
86,38800;-1,42035;-0,25953
86,39800;-1,42018;-0,25973
86,40801;-1,42001;-0,25941
86,41801;-1,41984;-0,25973
86,42800;-1,41967;-0,25949
86,43800;-1,41950;-0,25958
86,44801;-1,41933;-0,25942
86,45801;-1,41916;-0,25945
86,46800;-1,41899;-0,25944
86,47801;-1,41882;-0,25951
86,48801;-1,41865;-0,25947
86,49800;-1,41848;-0,25928
86,50800;-1,41831;-0,25951
86,51801;-1,41820;-0,25920
86,52801;-1,41803;-0,25949
86,53800;-1,41786;-0,25925
86,54801;-1,41769;-0,25941
86,55801;-1,41752;-0,25919
86,56800;-1,41735;-0,25936
86,57800;-1,41718;-0,25935
86,58801;-1,41706;-0,25921
86,59801;-1,41684;-0,25948
86,60800;-1,41672;-0,25920
86,61800;-1,41655;-0,25933
86,62801;-1,41638;-0,25915
86,63800;-1,41621;-0,25937
86,64800;-1,41604;-0,25906
86,65801;-1,41587;-0,25936
86,66801;-1,41570;-0,25908
86,67800;-1,41553;-0,25914
86,68800;-1,41536;-0,25927
86,69801;-1,41519;-0,25890
86,70801;-1,41508;-0,25915
86,71800;-1,41491;-0,25899
86,72801;-1,41474;-0,25911
86,73801;-1,41457;-0,25895
86,74800;-1,41440;-0,25921
86,75800;-1,41423;-0,25892
86,76801;-1,41406;-0,25916
86,77801;-1,41389;-0,25898
86,78800;-1,41372;-0,25907
86,79801;-1,41355;-0,25898
86,80801;-1,41332;-0,25898
86,81800;-1,41321;-0,25908
86,82800;-1,41298;-0,25897
86,83801;-1,41281;-0,25906
86,84801;-1,41264;-0,25900
86,85800;-1,41247;-0,25906
86,86800;-1,41230;-0,25899
86,87801;-1,41213;-0,25906
86,88800;-1,41196;-0,25890
86,89800;-1,41179;-0,25890
86,90801;-1,41162;-0,25884
86,91801;-1,41145;-0,25890
86,92800;-1,41128;-0,25884
86,93800;-1,41111;-0,25883
86,94801;-1,41094;-0,25884
86,95801;-1,41077;-0,25882
86,96800;-1,41060;-0,25879
86,97801;-1,41043;-0,25880
86,98801;-1,41026;-0,25881
86,99800;-1,41009;-0,25870
87,00800;-1,40998;-0,25887
87,01801;-1,40981;-0,25880
87,02801;-1,40964;-0,25878
87,03800;-1,40947;-0,25868
87,04801;-1,40930;-0,25877
87,05801;-1,40913;-0,25864
87,06800;-1,40896;-0,25874
87,07800;-1,40879;-0,25868
87,08801;-1,40862;-0,25868
87,09801;-1,40845;-0,25878
87,10800;-1,40828;-0,25865
87,11800;-1,40811;-0,25870
87,12801;-1,40794;-0,25856
87,13800;-1,40783;-0,25863
87,14800;-1,40760;-0,25850
87,15801;-1,40749;-0,25872
87,16801;-1,40732;-0,25858
87,17800;-1,40715;-0,25862
87,18800;-1,40698;-0,25851
87,19801;-1,40681;-0,25860
87,20801;-1,40664;-0,25852
87,21800;-1,40647;-0,25854
87,22801;-1,40630;-0,25851
87,23801;-1,40613;-0,25849
87,24800;-1,40596;-0,25849
87,25800;-1,40579;-0,25854
87,26801;-1,40562;-0,25854
87,27801;-1,40545;-0,25853
87,28800;-1,40528;-0,25854
87,29801;-1,40511;-0,25844
87,30801;-1,40494;-0,25853
87,31800;-1,40477;-0,25840
87,32800;-1,40465;-0,25843
87,33801;-1,40448;-0,25831
87,34801;-1,40431;-0,25844
87,35800;-1,40414;-0,25833
87,36800;-1,40397;-0,25849
87,37801;-1,40380;-0,25826
87,38800;-1,40369;-0,25844
87,39800;-1,40352;-0,25836
87,40801;-1,40335;-0,25835
87,41801;-1,40318;-0,25830
87,42800;-1,40301;-0,25824
87,43800;-1,40284;-0,25834
87,44801;-1,40267;-0,25820
87,45801;-1,40250;-0,25837
87,46800;-1,40239;-0,25823
87,47801;-1,40216;-0,25833
87,48801;-1,40205;-0,25814
87,49800;-1,40188;-0,25832
87,50800;-1,40171;-0,25812
87,51801;-1,40154;-0,25832
87,52801;-1,40137;-0,25822
87,53800;-1,40120;-0,25818
87,54801;-1,40103;-0,25823
87,55801;-1,40086;-0,25813
87,56800;-1,40069;-0,25819
87,57800;-1,40052;-0,25804
87,58801;-1,40035;-0,25823
87,59801;-1,40018;-0,25806
87,60800;-1,40001;-0,25818
87,61800;-1,39984;-0,25811
87,62801;-1,39967;-0,25817
87,63800;-1,39950;-0,25805
87,64800;-1,39933;-0,25821
87,65801;-1,39916;-0,25806
87,66801;-1,39899;-0,25809
87,67800;-1,39882;-0,25810
87,68800;-1,39865;-0,25795
87,69801;-1,39848;-0,25810
87,70801;-1,39831;-0,25797
87,71800;-1,39814;-0,25810
87,72801;-1,39797;-0,25793
87,73801;-1,39780;-0,25804
87,74800;-1,39763;-0,25792
87,75800;-1,39746;-0,25800
87,76801;-1,39729;-0,25791
87,77801;-1,39712;-0,25810
87,78800;-1,39695;-0,25788
87,79801;-1,39678;-0,25801
87,80801;-1,39666;-0,25801
87,81800;-1,39649;-0,25788
87,82800;-1,39632;-0,25797
87,83801;-1,39615;-0,25783
87,84801;-1,39598;-0,25777
87,85800;-1,39581;-0,25793
87,86800;-1,39564;-0,25793
87,87801;-1,39547;-0,25777
87,88800;-1,39530;-0,25801
87,89800;-1,39513;-0,25789
87,90801;-1,39496;-0,25789
87,91801;-1,39479;-0,25791
87,92800;-1,39462;-0,25773
87,93800;-1,39445;-0,25774
87,94801;-1,39428;-0,25778
87,95801;-1,39411;-0,25787
87,96800;-1,39394;-0,25780
87,97801;-1,39377;-0,25785
87,98801;-1,39360;-0,25781
87,99800;-1,39343;-0,25778
88,00800;-1,39332;-0,25778
88,01801;-1,39315;-0,25784
88,02801;-1,39298;-0,25762
88,03800;-1,39281;-0,25764
88,04801;-1,39264;-0,25784
88,05801;-1,39247;-0,25755
88,06800;-1,39230;-0,25773
88,07800;-1,39213;-0,25763
88,08801;-1,39196;-0,25760
88,09801;-1,39179;-0,25765
88,10800;-1,39162;-0,25765
88,11800;-1,39145;-0,25760
88,12801;-1,39128;-0,25764
88,13800;-1,39111;-0,25777
88,14800;-1,39094;-0,25762
88,15801;-1,39077;-0,25778
88,16801;-1,39060;-0,25757
88,17800;-1,39043;-0,25773
88,18800;-1,39026;-0,25753
88,19801;-1,39015;-0,25767
88,20801;-1,38998;-0,25763
88,21800;-1,38981;-0,25760
88,22801;-1,38964;-0,25758
88,23801;-1,38947;-0,25748
88,24800;-1,38930;-0,25750
88,25800;-1,38913;-0,25743
88,26801;-1,38896;-0,25758
88,27801;-1,38879;-0,25739
88,28800;-1,38862;-0,25756
88,29801;-1,38845;-0,25753
88,30801;-1,38828;-0,25758
88,31800;-1,38811;-0,25746
88,32800;-1,38799;-0,25741
88,33801;-1,38782;-0,25739
88,34801;-1,38765;-0,25738
88,35800;-1,38748;-0,25747
88,36800;-1,38731;-0,25734
88,37801;-1,38714;-0,25743
88,38800;-1,38697;-0,25739
88,39800;-1,38680;-0,25757
88,40801;-1,38663;-0,25733
88,41801;-1,38646;-0,25739
88,42800;-1,38629;-0,25742
88,43800;-1,38612;-0,25728
88,44801;-1,38595;-0,25741
88,45801;-1,38578;-0,25734
88,46800;-1,38561;-0,25730
88,47801;-1,38544;-0,25735
88,48801;-1,38527;-0,25741
88,49800;-1,38510;-0,25728
88,50800;-1,38493;-0,25735
88,51801;-1,38476;-0,25732
88,52801;-1,38459;-0,25728
88,53800;-1,38442;-0,25738
88,54801;-1,38425;-0,25726
88,55801;-1,38408;-0,25735
88,56800;-1,38397;-0,25726
88,57800;-1,38374;-0,25734
88,58801;-1,38363;-0,25720
88,59801;-1,38346;-0,25735
88,60800;-1,38329;-0,25729
88,61800;-1,38312;-0,25723
88,62801;-1,38295;-0,25726
88,63800;-1,38284;-0,25724
88,64800;-1,38267;-0,25722
88,65801;-1,38250;-0,25714
88,66801;-1,38238;-0,25727
88,67800;-1,38221;-0,25708
88,68800;-1,38204;-0,25725
88,69801;-1,38193;-0,25711
88,70801;-1,38176;-0,25712
88,71800;-1,38159;-0,25720
88,72801;-1,38142;-0,25712
88,73801;-1,38125;-0,25705
88,74800;-1,38108;-0,25709
88,75800;-1,38085;-0,25709
88,76801;-1,38068;-0,25709
88,77801;-1,38051;-0,25721
88,78800;-1,38034;-0,25697
88,79801;-1,38017;-0,25718
88,80801;-1,38000;-0,25708
88,81800;-1,37989;-0,25724
88,82800;-1,37972;-0,25697
88,83801;-1,37955;-0,25708
88,84801;-1,37938;-0,25703
88,85800;-1,37921;-0,25710
88,86800;-1,37904;-0,25700
88,87801;-1,37887;-0,25703
88,88800;-1,37870;-0,25694
88,89800;-1,37853;-0,25704
88,90801;-1,37836;-0,25704
88,91801;-1,37819;-0,25687
88,92800;-1,37802;-0,25703
88,93800;-1,37785;-0,25680
88,94801;-1,37768;-0,25709
88,95801;-1,37751;-0,25682
88,96800;-1,37734;-0,25700
88,97801;-1,37717;-0,25680
88,98801;-1,37700;-0,25696
88,99800;-1,37683;-0,25691
89,00800;-1,37666;-0,25690
89,01801;-1,37649;-0,25686
89,02801;-1,37632;-0,25688
89,03800;-1,37615;-0,25697
89,04801;-1,37598;-0,25673
89,05801;-1,37581;-0,25706
89,06800;-1,37564;-0,25667
89,07800;-1,37547;-0,25708
89,08801;-1,37536;-0,25673
89,09801;-1,37519;-0,25693
89,10800;-1,37502;-0,25672
89,11800;-1,37485;-0,25685
89,12801;-1,37468;-0,25673
89,13800;-1,37451;-0,25671
89,14800;-1,37439;-0,25679
89,15801;-1,37422;-0,25667
89,16801;-1,37405;-0,25694
89,17800;-1,37388;-0,25655
89,18800;-1,37371;-0,25694
89,19801;-1,37354;-0,25661
89,20801;-1,37337;-0,25691
89,21800;-1,37320;-0,25662
89,22801;-1,37303;-0,25686
89,23801;-1,37286;-0,25665
89,24800;-1,37269;-0,25670
89,25800;-1,37252;-0,25674
89,26801;-1,37235;-0,25653
89,27801;-1,37218;-0,25665
89,28800;-1,37207;-0,25658
89,29801;-1,37190;-0,25678
89,30801;-1,37173;-0,25642
89,31800;-1,37156;-0,25686
89,32800;-1,37139;-0,25642
89,33801;-1,37122;-0,25671
89,34801;-1,37105;-0,25653
89,35800;-1,37088;-0,25657
89,36800;-1,37071;-0,25639
89,37801;-1,37054;-0,25665
89,38800;-1,37037;-0,25654
89,39800;-1,37020;-0,25656
89,40801;-1,37003;-0,25670
89,41801;-1,36986;-0,25648
89,42800;-1,36963;-0,25674
89,43800;-1,36946;-0,25636
89,44801;-1,36935;-0,25661
89,45801;-1,36918;-0,25629
89,46800;-1,36901;-0,25664
89,47801;-1,36884;-0,25643
89,48801;-1,36867;-0,25658
89,49800;-1,36850;-0,25640
89,50800;-1,36833;-0,25652
89,51801;-1,36816;-0,25648
89,52801;-1,36805;-0,25638
89,53800;-1,36788;-0,25651
89,54801;-1,36771;-0,25620
89,55801;-1,36754;-0,25655
89,56800;-1,36737;-0,25628
89,57800;-1,36720;-0,25658
89,58801;-1,36703;-0,25631
89,59801;-1,36686;-0,25651
89,60800;-1,36669;-0,25635
89,61800;-1,36652;-0,25652
89,62801;-1,36635;-0,25632
89,63800;-1,36623;-0,25632
89,64800;-1,36606;-0,25639
89,65801;-1,36589;-0,25628
89,66801;-1,36572;-0,25645
89,67800;-1,36555;-0,25620
89,68800;-1,36538;-0,25645
89,69801;-1,36521;-0,25624
89,70801;-1,36504;-0,25650
89,71800;-1,36487;-0,25624
89,72801;-1,36470;-0,25634
89,73801;-1,36453;-0,25629
89,74800;-1,36436;-0,25626
89,75800;-1,36419;-0,25626
89,76801;-1,36402;-0,25621
89,77801;-1,36385;-0,25634
89,78800;-1,36374;-0,25612
89,79801;-1,36357;-0,25637
89,80801;-1,36340;-0,25610
89,81800;-1,36323;-0,25627
89,82800;-1,36300;-0,25617
89,83801;-1,36283;-0,25625
89,84801;-1,36266;-0,25617
89,85800;-1,36255;-0,25626
89,86800;-1,36232;-0,25621
89,87801;-1,36215;-0,25600
89,88800;-1,36204;-0,25627
89,89800;-1,36181;-0,25593
89,90801;-1,36170;-0,25621
89,91801;-1,36153;-0,25610
89,92800;-1,36136;-0,25619
89,93800;-1,36119;-0,25605
89,94801;-1,36108;-0,25626
89,95801;-1,36091;-0,25613
89,96800;-1,36074;-0,25608
89,97801;-1,36057;-0,25615
89,98801;-1,36040;-0,25605
89,99800;-1,36023;-0,25613
90,00800;-1,36006;-0,25602
90,01801;-1,35989;-0,25617
90,02801;-1,35972;-0,25597
90,03800;-1,35955;-0,25615
90,04801;-1,35938;-0,25595
90,05801;-1,35921;-0,25599
90,06800;-1,35904;-0,25600
90,07800;-1,35887;-0,25602
90,08801;-1,35870;-0,25603
90,09801;-1,35853;-0,25605
90,10800;-1,35836;-0,25600
90,11800;-1,35819;-0,25598
90,12801;-1,35807;-0,25599
90,13800;-1,35790;-0,25578
90,14800;-1,35768;-0,25601
90,15801;-1,35751;-0,25585
90,16801;-1,35734;-0,25601
90,17800;-1,35717;-0,25586
90,18800;-1,35700;-0,25607
90,19801;-1,35683;-0,25595
90,20801;-1,35666;-0,25610
90,21800;-1,35649;-0,25592
90,22801;-1,35632;-0,25591
90,23801;-1,35615;-0,25592
90,24800;-1,35598;-0,25591
90,25800;-1,35581;-0,25603
90,26801;-1,35564;-0,25573
90,27801;-1,35547;-0,25605
90,28800;-1,35530;-0,25575
90,29801;-1,35513;-0,25606
90,30801;-1,35496;-0,25571
90,31800;-1,35479;-0,25586
90,32800;-1,35462;-0,25570
90,33801;-1,35445;-0,25589
90,34801;-1,35428;-0,25580
90,35800;-1,35416;-0,25581
90,36800;-1,35399;-0,25593
90,37801;-1,35382;-0,25578
90,38800;-1,35365;-0,25599
90,39800;-1,35348;-0,25567
90,40801;-1,35331;-0,25590
90,41801;-1,35320;-0,25558
90,42800;-1,35303;-0,25585
90,43800;-1,35286;-0,25570
90,44801;-1,35269;-0,25577
90,45801;-1,35252;-0,25567
90,46800;-1,35235;-0,25575
90,47801;-1,35218;-0,25574
90,48801;-1,35201;-0,25566
90,49800;-1,35184;-0,25585
90,50800;-1,35173;-0,25557
90,51801;-1,35156;-0,25581
90,52801;-1,35139;-0,25557
90,53800;-1,35122;-0,25577
90,54801;-1,35105;-0,25548
90,55801;-1,35088;-0,25570
90,56800;-1,35071;-0,25552
90,57800;-1,35054;-0,25578
90,58801;-1,35037;-0,25561
90,59801;-1,35020;-0,25573
90,60800;-1,35008;-0,25565
90,61800;-1,34991;-0,25563
90,62801;-1,34974;-0,25568
90,63801;-1,34957;-0,25550
90,64800;-1,34940;-0,25564
90,65801;-1,34918;-0,25541
90,66801;-1,34906;-0,25563
90,67800;-1,34889;-0,25556
90,68800;-1,34867;-0,25575
90,69801;-1,34850;-0,25545
90,70801;-1,34833;-0,25577
90,71800;-1,34816;-0,25546
90,72801;-1,34799;-0,25552
90,73801;-1,34782;-0,25549
90,74800;-1,34765;-0,25543
90,75800;-1,34748;-0,25548
90,76801;-1,34731;-0,25557
90,77801;-1,34719;-0,25563
90,78800;-1,34702;-0,25545
90,79801;-1,34685;-0,25564
90,80801;-1,34668;-0,25532
90,81800;-1,34651;-0,25554
90,82800;-1,34634;-0,25530
90,83801;-1,34617;-0,25553
90,84801;-1,34600;-0,25528
90,85800;-1,34583;-0,25551
90,86800;-1,34566;-0,25541
90,87801;-1,34549;-0,25552
90,88801;-1,34532;-0,25549
90,89800;-1,34515;-0,25546
90,90801;-1,34498;-0,25543
90,91801;-1,34481;-0,25543
90,92800;-1,34464;-0,25548
90,93800;-1,34447;-0,25525
90,94801;-1,34430;-0,25552
90,95801;-1,34413;-0,25528
90,96800;-1,34402;-0,25547
90,97801;-1,34385;-0,25523
90,98801;-1,34368;-0,25538
90,99800;-1,34351;-0,25528
91,00800;-1,34334;-0,25541
91,01801;-1,34317;-0,25528
91,02801;-1,34300;-0,25546
91,03800;-1,34283;-0,25531
91,04801;-1,34266;-0,25549
91,05801;-1,34249;-0,25543
91,06800;-1,34232;-0,25518
91,07800;-1,34215;-0,25537
91,08801;-1,34198;-0,25522
91,09801;-1,34187;-0,25532
91,10800;-1,34164;-0,25530
91,11800;-1,34153;-0,25532
91,12801;-1,34136;-0,25525
91,13801;-1,34119;-0,25539
91,14800;-1,34102;-0,25515
91,15801;-1,34085;-0,25534
91,16801;-1,34068;-0,25505
91,17800;-1,34051;-0,25525
91,18800;-1,34034;-0,25531
91,19801;-1,34017;-0,25522
91,20801;-1,34000;-0,25531
91,21800;-1,33988;-0,25521
91,22801;-1,33971;-0,25523
91,23801;-1,33954;-0,25512
91,24800;-1,33937;-0,25523
91,25800;-1,33920;-0,25499
91,26801;-1,33909;-0,25527
91,27801;-1,33892;-0,25510
91,28800;-1,33875;-0,25530
91,29801;-1,33858;-0,25513
91,30801;-1,33835;-0,25518
91,31800;-1,33824;-0,25511
91,32800;-1,33807;-0,25518
91,33801;-1,33784;-0,25515
91,34801;-1,33767;-0,25499
91,35800;-1,33750;-0,25521
91,36800;-1,33733;-0,25513
91,37801;-1,33716;-0,25524
91,38801;-1,33699;-0,25508
91,39800;-1,33682;-0,25521
91,40801;-1,33671;-0,25500
91,41801;-1,33654;-0,25518
91,42800;-1,33637;-0,25506
91,43800;-1,33620;-0,25498
91,44801;-1,33603;-0,25500
91,45801;-1,33580;-0,25507
91,46800;-1,33563;-0,25501
91,47801;-1,33546;-0,25504
91,48801;-1,33529;-0,25511
91,49800;-1,33512;-0,25492
91,50800;-1,33495;-0,25511
91,51801;-1,33478;-0,25497
91,52801;-1,33461;-0,25501
91,53800;-1,33444;-0,25502
91,54801;-1,33427;-0,25503
91,55801;-1,33410;-0,25501
91,56800;-1,33393;-0,25518
91,57800;-1,33376;-0,25497
91,58801;-1,33359;-0,25498
91,59801;-1,33348;-0,25504
91,60800;-1,33331;-0,25496
91,61800;-1,33314;-0,25506
91,62801;-1,33297;-0,25493
91,63801;-1,33280;-0,25507
91,64800;-1,33263;-0,25485
91,65801;-1,33246;-0,25498
91,66801;-1,33229;-0,25493
91,67800;-1,33218;-0,25491
91,68800;-1,33201;-0,25491
91,69801;-1,33184;-0,25504
91,70801;-1,33167;-0,25486
91,71800;-1,33150;-0,25496
91,72801;-1,33133;-0,25492
91,73801;-1,33121;-0,25478
91,74800;-1,33104;-0,25491
91,75800;-1,33087;-0,25486
91,76801;-1,33070;-0,25483
91,77801;-1,33053;-0,25485
91,78800;-1,33036;-0,25485
91,79801;-1,33019;-0,25485
91,80801;-1,33008;-0,25478
91,81800;-1,32991;-0,25490
91,82800;-1,32974;-0,25485
91,83801;-1,32957;-0,25493
91,84801;-1,32940;-0,25489
91,85800;-1,32923;-0,25477
91,86800;-1,32906;-0,25490
91,87801;-1,32889;-0,25478
91,88801;-1,32872;-0,25487
91,89800;-1,32855;-0,25480
91,90801;-1,32838;-0,25495
91,91801;-1,32821;-0,25470
91,92800;-1,32804;-0,25497
91,93800;-1,32787;-0,25466
91,94801;-1,32770;-0,25486
91,95801;-1,32753;-0,25472
91,96800;-1,32736;-0,25467
91,97801;-1,32719;-0,25480
91,98801;-1,32702;-0,25465
91,99800;-1,32685;-0,25489
92,00800;-1,32668;-0,25463
92,01801;-1,32651;-0,25486
92,02801;-1,32634;-0,25455
92,03800;-1,32617;-0,25491
92,04801;-1,32600;-0,25457
92,05801;-1,32589;-0,25484
92,06800;-1,32572;-0,25456
92,07800;-1,32555;-0,25474
92,08801;-1,32538;-0,25478
92,09801;-1,32521;-0,25475
92,10800;-1,32504;-0,25482
92,11800;-1,32487;-0,25456
92,12801;-1,32470;-0,25485
92,13801;-1,32453;-0,25453
92,14800;-1,32436;-0,25479
92,15801;-1,32419;-0,25443
92,16801;-1,32402;-0,25484
92,17800;-1,32385;-0,25452
92,18800;-1,32373;-0,25484
92,19801;-1,32351;-0,25452
92,20801;-1,32339;-0,25461
92,21800;-1,32322;-0,25465
92,22801;-1,32305;-0,25460
92,23801;-1,32288;-0,25472
92,24800;-1,32271;-0,25444
92,25800;-1,32254;-0,25481
92,26801;-1,32237;-0,25452
92,27801;-1,32220;-0,25478
92,28800;-1,32203;-0,25450
92,29801;-1,32186;-0,25473
92,30801;-1,32169;-0,25439
92,31800;-1,32152;-0,25475
92,32800;-1,32135;-0,25450
92,33801;-1,32118;-0,25460
92,34801;-1,32101;-0,25459
92,35800;-1,32084;-0,25452
92,36800;-1,32067;-0,25461
92,37801;-1,32050;-0,25448
92,38801;-1,32039;-0,25466
92,39800;-1,32022;-0,25433
92,40801;-1,32005;-0,25458
92,41801;-1,31988;-0,25433
92,42800;-1,31971;-0,25465
92,43800;-1,31954;-0,25437
92,44801;-1,31937;-0,25462
92,45801;-1,31920;-0,25441
92,46800;-1,31903;-0,25459
92,47801;-1,31886;-0,25455
92,48801;-1,31869;-0,25445
92,49800;-1,31858;-0,25463
92,50800;-1,31841;-0,25429
92,51801;-1,31824;-0,25467
92,52801;-1,31807;-0,25433
92,53800;-1,31790;-0,25463
92,54801;-1,31773;-0,25425
92,55801;-1,31756;-0,25458
92,56800;-1,31739;-0,25439
92,57800;-1,31722;-0,25457
92,58801;-1,31705;-0,25435
92,59801;-1,31688;-0,25442
92,60800;-1,31671;-0,25442
92,61800;-1,31654;-0,25433
92,62801;-1,31637;-0,25457
92,63801;-1,31620;-0,25414
92,64800;-1,31603;-0,25457
92,65801;-1,31586;-0,25427
92,66801;-1,31569;-0,25450
92,67800;-1,31552;-0,25424
92,68800;-1,31535;-0,25445
92,69801;-1,31518;-0,25420
92,70801;-1,31506;-0,25443
92,71800;-1,31489;-0,25435
92,72801;-1,31472;-0,25423
92,73801;-1,31455;-0,25439
92,74800;-1,31433;-0,25416
92,75800;-1,31416;-0,25455
92,76801;-1,31399;-0,25420
92,77801;-1,31382;-0,25444
92,78800;-1,31365;-0,25421
92,79801;-1,31348;-0,25445
92,80801;-1,31331;-0,25422
92,81800;-1,31314;-0,25435
92,82800;-1,31297;-0,25416
92,83801;-1,31280;-0,25438
92,84801;-1,31263;-0,25429
92,85800;-1,31246;-0,25428
92,86800;-1,31229;-0,25435
92,87801;-1,31212;-0,25414
92,88801;-1,31195;-0,25432
92,89800;-1,31183;-0,25415
92,90801;-1,31166;-0,25427
92,91801;-1,31149;-0,25408
92,92800;-1,31132;-0,25434
92,93800;-1,31115;-0,25403
92,94801;-1,31098;-0,25429
92,95801;-1,31081;-0,25412
92,96800;-1,31070;-0,25422
92,97801;-1,31053;-0,25413
92,98801;-1,31036;-0,25414
92,99800;-1,31019;-0,25423
93,00800;-1,31002;-0,25400
93,01801;-1,30985;-0,25433
93,02801;-1,30974;-0,25401
93,03800;-1,30957;-0,25425
93,04801;-1,30940;-0,25405
93,05801;-1,30923;-0,25427
93,06800;-1,30906;-0,25392
93,07800;-1,30889;-0,25425
93,08801;-1,30872;-0,25398
93,09801;-1,30855;-0,25419
93,10800;-1,30838;-0,25419
93,11800;-1,30821;-0,25406
93,12801;-1,30804;-0,25416
93,13801;-1,30787;-0,25400
93,14800;-1,30770;-0,25416
93,15801;-1,30753;-0,25385
93,16801;-1,30736;-0,25412
93,17800;-1,30724;-0,25385
93,18800;-1,30707;-0,25417
93,19801;-1,30690;-0,25389
93,20801;-1,30673;-0,25420
93,21800;-1,30656;-0,25394
93,22801;-1,30639;-0,25405
93,23801;-1,30622;-0,25399
93,24800;-1,30605;-0,25389
93,25800;-1,30588;-0,25405
93,26801;-1,30571;-0,25383
93,27801;-1,30554;-0,25398
93,28800;-1,30537;-0,25390
93,29801;-1,30520;-0,25413
93,30801;-1,30503;-0,25388
93,31800;-1,30486;-0,25410
93,32800;-1,30469;-0,25393
93,33801;-1,30452;-0,25410
93,34801;-1,30441;-0,25401
93,35800;-1,30424;-0,25394
93,36800;-1,30407;-0,25394
93,37801;-1,30390;-0,25384
93,38801;-1,30373;-0,25393
93,39800;-1,30356;-0,25380
93,40801;-1,30339;-0,25394
93,41801;-1,30316;-0,25388
93,42800;-1,30299;-0,25390
93,43800;-1,30282;-0,25392
93,44801;-1,30265;-0,25397
93,45801;-1,30248;-0,25380
93,46800;-1,30231;-0,25391
93,47801;-1,30214;-0,25383
93,48801;-1,30197;-0,25384
93,49800;-1,30180;-0,25395
93,50800;-1,30163;-0,25385
93,51801;-1,30146;-0,25393
93,52801;-1,30129;-0,25391
93,53800;-1,30118;-0,25393
93,54801;-1,30101;-0,25387
93,55801;-1,30084;-0,25387
93,56800;-1,30067;-0,25377
93,57800;-1,30050;-0,25383
93,58801;-1,30027;-0,25381
93,59801;-1,30016;-0,25397
93,60800;-1,29993;-0,25381
93,61800;-1,29976;-0,25391
93,62801;-1,29959;-0,25386
93,63801;-1,29942;-0,25380
93,64800;-1,29925;-0,25381
93,65801;-1,29914;-0,25377
93,66801;-1,29897;-0,25381
93,67800;-1,29880;-0,25378
93,68800;-1,29863;-0,25377
93,69801;-1,29846;-0,25376
93,70801;-1,29829;-0,25385
93,71800;-1,29812;-0,25378
93,72801;-1,29795;-0,25376
93,73801;-1,29784;-0,25376
93,74800;-1,29767;-0,25379
93,75800;-1,29750;-0,25384
93,76801;-1,29733;-0,25377
93,77801;-1,29716;-0,25389
93,78800;-1,29699;-0,25372
93,79801;-1,29687;-0,25386
93,80801;-1,29670;-0,25379
93,81800;-1,29653;-0,25368
93,82800;-1,29636;-0,25373
93,83801;-1,29619;-0,25374
93,84801;-1,29602;-0,25370
93,85800;-1,29585;-0,25373
93,86800;-1,29574;-0,25374
93,87801;-1,29557;-0,25360
93,88801;-1,29540;-0,25381
93,89800;-1,29523;-0,25364
93,90801;-1,29506;-0,25363
93,91801;-1,29489;-0,25365
93,92800;-1,29472;-0,25364
93,93800;-1,29455;-0,25374
93,94801;-1,29438;-0,25361
93,95801;-1,29421;-0,25371
93,96800;-1,29404;-0,25362
93,97801;-1,29387;-0,25377
93,98801;-1,29370;-0,25367
93,99800;-1,29353;-0,25377
94,00800;-1,29336;-0,25362
94,01801;-1,29319;-0,25373
94,02801;-1,29302;-0,25371
94,03800;-1,29285;-0,25364
94,04801;-1,29268;-0,25369
94,05801;-1,29251;-0,25353
94,06800;-1,29234;-0,25375
94,07800;-1,29217;-0,25352
94,08801;-1,29194;-0,25366
94,09801;-1,29177;-0,25360
94,10800;-1,29160;-0,25370
94,11800;-1,29143;-0,25350
94,12801;-1,29126;-0,25369
94,13801;-1,29115;-0,25352
94,14800;-1,29098;-0,25348
94,15801;-1,29081;-0,25363
94,16801;-1,29064;-0,25340
94,17800;-1,29047;-0,25363
94,18800;-1,29030;-0,25352
94,19801;-1,29013;-0,25374
94,20801;-1,28996;-0,25342
94,21800;-1,28979;-0,25370
94,22801;-1,28962;-0,25347
94,23801;-1,28945;-0,25368
94,24800;-1,28934;-0,25347
94,25800;-1,28917;-0,25364
94,26801;-1,28900;-0,25349
94,27801;-1,28883;-0,25361
94,28800;-1,28866;-0,25372
94,29801;-1,28849;-0,25340
94,30801;-1,28832;-0,25368
94,31800;-1,28815;-0,25341
94,32800;-1,28798;-0,25364
94,33801;-1,28786;-0,25344
94,34801;-1,28769;-0,25355
94,35800;-1,28752;-0,25337
94,36800;-1,28735;-0,25368
94,37801;-1,28718;-0,25344
94,38801;-1,28701;-0,25347
94,39800;-1,28684;-0,25360
94,40801;-1,28667;-0,25338
94,41801;-1,28656;-0,25358
94,42800;-1,28639;-0,25349
94,43800;-1,28622;-0,25347
94,44801;-1,28605;-0,25343
94,45801;-1,28588;-0,25361
94,46800;-1,28571;-0,25336
94,47801;-1,28554;-0,25347
94,48801;-1,28537;-0,25344
94,49800;-1,28520;-0,25345
94,50800;-1,28503;-0,25354
94,51801;-1,28492;-0,25353
94,52801;-1,28475;-0,25340
94,53800;-1,28458;-0,25335
94,54801;-1,28441;-0,25343
94,55801;-1,28424;-0,25328
94,56800;-1,28407;-0,25340
94,57800;-1,28390;-0,25334
94,58801;-1,28373;-0,25341
94,59801;-1,28356;-0,25346
94,60800;-1,28339;-0,25349
94,61800;-1,28322;-0,25344
94,62801;-1,28305;-0,25339
94,63801;-1,28288;-0,25348
94,64800;-1,28271;-0,25336
94,65801;-1,28254;-0,25343
94,66801;-1,28237;-0,25335
94,67800;-1,28225;-0,25340
94,68800;-1,28203;-0,25328
94,69801;-1,28186;-0,25344
94,70801;-1,28169;-0,25334
94,71800;-1,28152;-0,25337
94,72801;-1,28135;-0,25335
94,73801;-1,28118;-0,25329
94,74800;-1,28101;-0,25344
94,75800;-1,28084;-0,25320
94,76801;-1,28067;-0,25333
94,77801;-1,28050;-0,25332
94,78800;-1,28033;-0,25343
94,79801;-1,28016;-0,25325
94,80801;-1,27999;-0,25350
94,81800;-1,27982;-0,25321
94,82800;-1,27965;-0,25341
94,83801;-1,27948;-0,25350
94,84801;-1,27931;-0,25334
94,85800;-1,27914;-0,25353
94,86800;-1,27897;-0,25330
94,87801;-1,27880;-0,25350
94,88801;-1,27863;-0,25327
94,89800;-1,27846;-0,25346
94,90801;-1,27829;-0,25316
94,91801;-1,27812;-0,25348
94,92800;-1,27795;-0,25318
94,93800;-1,27778;-0,25347
94,94801;-1,27761;-0,25330
94,95801;-1,27744;-0,25326
94,96800;-1,27727;-0,25343
94,97801;-1,27715;-0,25323
94,98801;-1,27698;-0,25345
94,99800;-1,27681;-0,25313
95,00800;-1,27664;-0,25343
95,01801;-1,27647;-0,25312
95,02801;-1,27630;-0,25347
95,03800;-1,27613;-0,25310
95,04801;-1,27602;-0,25350
95,05801;-1,27585;-0,25322
95,06800;-1,27568;-0,25334
95,07800;-1,27551;-0,25327
95,08801;-1,27534;-0,25326
95,09801;-1,27517;-0,25337
95,10800;-1,27500;-0,25317
95,11800;-1,27489;-0,25344
95,12801;-1,27472;-0,25306
95,13801;-1,27455;-0,25347
95,14800;-1,27438;-0,25309
95,15801;-1,27421;-0,25357
95,16801;-1,27404;-0,25302
95,17800;-1,27392;-0,25350
95,18800;-1,27375;-0,25318
95,19801;-1,27358;-0,25334
95,20801;-1,27336;-0,25318
95,21800;-1,27319;-0,25329
95,22801;-1,27302;-0,25330
95,23801;-1,27285;-0,25332
95,24800;-1,27268;-0,25344
95,25800;-1,27251;-0,25312
95,26801;-1,27234;-0,25347
95,27801;-1,27217;-0,25294
95,28800;-1,27200;-0,25340
95,29801;-1,27183;-0,25302
95,30801;-1,27166;-0,25344
95,31800;-1,27154;-0,25317
95,32800;-1,27137;-0,25340
95,33801;-1,27115;-0,25320
95,34801;-1,27098;-0,25317
95,35800;-1,27081;-0,25321
95,36800;-1,27064;-0,25316
95,37801;-1,27047;-0,25327
95,38801;-1,27030;-0,25289
95,39800;-1,27013;-0,25351
95,40801;-1,26996;-0,25290
95,41801;-1,26979;-0,25346
95,42800;-1,26962;-0,25318
95,43800;-1,26945;-0,25327
95,44801;-1,26928;-0,25325
95,45801;-1,26911;-0,25332
95,46800;-1,26899;-0,25325
95,47801;-1,26882;-0,25309
95,48801;-1,26865;-0,25332
95,49800;-1,26848;-0,25300
95,50800;-1,26837;-0,25345
95,51801;-1,26820;-0,25300
95,52801;-1,26803;-0,25343
95,53800;-1,26786;-0,25300
95,54801;-1,26769;-0,25339
95,55801;-1,26752;-0,25317
95,56800;-1,26735;-0,25328
95,57800;-1,26718;-0,25322
95,58801;-1,26701;-0,25311
95,59801;-1,26684;-0,25336
95,60800;-1,26673;-0,25319
95,61800;-1,26656;-0,25338
95,62801;-1,26639;-0,25302
95,63801;-1,26622;-0,25346
95,64800;-1,26605;-0,25308
95,65801;-1,26588;-0,25328
95,66801;-1,26571;-0,25313
95,67800;-1,26554;-0,25312
95,68800;-1,26537;-0,25305
95,69801;-1,26520;-0,25321
95,70801;-1,26503;-0,25319
95,71800;-1,26486;-0,25305
95,72801;-1,26469;-0,25327
95,73801;-1,26452;-0,25302
95,74800;-1,26435;-0,25329
95,75800;-1,26418;-0,25308
95,76801;-1,26406;-0,25326
95,77801;-1,26389;-0,25313
95,78800;-1,26372;-0,25326
95,79801;-1,26355;-0,25322
95,80801;-1,26338;-0,25324
95,81800;-1,26321;-0,25317
95,82800;-1,26304;-0,25313
95,83801;-1,26287;-0,25315
95,84801;-1,26270;-0,25305
95,85800;-1,26253;-0,25317
95,86800;-1,26236;-0,25305
95,87801;-1,26219;-0,25323
95,88801;-1,26202;-0,25305
95,89800;-1,26185;-0,25328
95,90801;-1,26168;-0,25318
95,91801;-1,26151;-0,25328
95,92800;-1,26134;-0,25315
95,93800;-1,26117;-0,25321
95,94801;-1,26106;-0,25313
95,95801;-1,26089;-0,25318
95,96800;-1,26072;-0,25322
95,97801;-1,26055;-0,25310
95,98801;-1,26038;-0,25319
95,99800;-1,26021;-0,25310
96,00800;-1,26004;-0,25329
96,01801;-1,25987;-0,25315
96,02801;-1,25964;-0,25329
96,03800;-1,25947;-0,25308
96,04801;-1,25930;-0,25321
96,05801;-1,25913;-0,25310
96,06800;-1,25896;-0,25317
96,07800;-1,25879;-0,25325
96,08801;-1,25862;-0,25321
96,09801;-1,25845;-0,25337
96,10800;-1,25828;-0,25320
96,11800;-1,25811;-0,25330
96,12801;-1,25794;-0,25322
96,13801;-1,25783;-0,25324
96,14800;-1,25766;-0,25316
96,15801;-1,25749;-0,25318
96,16801;-1,25732;-0,25321
96,17800;-1,25715;-0,25320
96,18800;-1,25692;-0,25320
96,19801;-1,25675;-0,25312
96,20801;-1,25658;-0,25332
96,21800;-1,25641;-0,25316
96,22801;-1,25624;-0,25329
96,23801;-1,25607;-0,25327
96,24800;-1,25596;-0,25320
96,25800;-1,25579;-0,25332
96,26801;-1,25562;-0,25317
96,27801;-1,25551;-0,25331
96,28800;-1,25534;-0,25309
96,29801;-1,25517;-0,25324
96,30801;-1,25500;-0,25325
96,31800;-1,25483;-0,25324
96,32800;-1,25466;-0,25316
96,33801;-1,25449;-0,25322
96,34801;-1,25437;-0,25332
96,35800;-1,25420;-0,25331
96,36800;-1,25403;-0,25341
96,37801;-1,25386;-0,25307
96,38801;-1,25369;-0,25340
96,39800;-1,25358;-0,25314
96,40801;-1,25341;-0,25338
96,41801;-1,25324;-0,25322
96,42800;-1,25307;-0,25327
96,43800;-1,25290;-0,25327
96,44801;-1,25273;-0,25329
96,45801;-1,25256;-0,25326
96,46800;-1,25239;-0,25320
96,47801;-1,25222;-0,25326
96,48801;-1,25205;-0,25318
96,49800;-1,25188;-0,25352
96,50800;-1,25171;-0,25321
96,51801;-1,25154;-0,25335
96,52801;-1,25137;-0,25332
96,53800;-1,25120;-0,25327
96,54801;-1,25103;-0,25333
96,55801;-1,25086;-0,25325
96,56800;-1,25069;-0,25317
96,57800;-1,25052;-0,25332
96,58801;-1,25035;-0,25330
96,59801;-1,25018;-0,25327
96,60800;-1,25007;-0,25343
96,61800;-1,24984;-0,25329
96,62801;-1,24967;-0,25338
96,63801;-1,24950;-0,25331
96,64800;-1,24933;-0,25338
96,65801;-1,24916;-0,25333
96,66801;-1,24899;-0,25329
96,67800;-1,24882;-0,25327
96,68800;-1,24865;-0,25343
96,69801;-1,24848;-0,25327
96,70801;-1,24831;-0,25351
96,71800;-1,24814;-0,25328
96,72801;-1,24797;-0,25331
96,73801;-1,24780;-0,25340
96,74800;-1,24763;-0,25329
96,75800;-1,24746;-0,25345
96,76801;-1,24735;-0,25338
96,77801;-1,24718;-0,25348
96,78800;-1,24701;-0,25336
96,79801;-1,24684;-0,25358
96,80801;-1,24667;-0,25331
96,81800;-1,24650;-0,25352
96,82800;-1,24633;-0,25330
96,83801;-1,24616;-0,25352
96,84801;-1,24599;-0,25341
96,85800;-1,24582;-0,25340
96,86800;-1,24565;-0,25349
96,87801;-1,24548;-0,25333
96,88801;-1,24531;-0,25353
96,89800;-1,24519;-0,25332
96,90801;-1,24502;-0,25342
96,91801;-1,24485;-0,25330
96,92800;-1,24468;-0,25348
96,93800;-1,24451;-0,25331
96,94801;-1,24434;-0,25364
96,95801;-1,24417;-0,25336
96,96800;-1,24400;-0,25355
96,97801;-1,24383;-0,25345
96,98801;-1,24366;-0,25349
96,99800;-1,24349;-0,25350
97,00800;-1,24338;-0,25336
97,01801;-1,24315;-0,25341
97,02801;-1,24304;-0,25347
97,03800;-1,24287;-0,25352
97,04801;-1,24270;-0,25355
97,05801;-1,24253;-0,25360
97,06801;-1,24236;-0,25350
97,07800;-1,24219;-0,25358
97,08801;-1,24202;-0,25348
97,09801;-1,24185;-0,25351
97,10800;-1,24168;-0,25349
97,11800;-1,24157;-0,25354
97,12801;-1,24140;-0,25357
97,13801;-1,24123;-0,25359
97,14800;-1,24106;-0,25359
97,15801;-1,24089;-0,25357
97,16801;-1,24072;-0,25358
97,17800;-1,24055;-0,25350
97,18800;-1,24038;-0,25346
97,19801;-1,24021;-0,25354
97,20801;-1,24004;-0,25357
97,21800;-1,23987;-0,25363
97,22801;-1,23970;-0,25366
97,23801;-1,23953;-0,25372
97,24800;-1,23936;-0,25363
97,25800;-1,23919;-0,25356
97,26801;-1,23902;-0,25352
97,27801;-1,23885;-0,25365
97,28800;-1,23868;-0,25354
97,29801;-1,23851;-0,25385
97,30801;-1,23834;-0,25369
97,31801;-1,23817;-0,25380
97,32800;-1,23800;-0,25368
97,33801;-1,23783;-0,25365
97,34801;-1,23760;-0,25354
97,35800;-1,23743;-0,25360
97,36800;-1,23726;-0,25366
97,37801;-1,23709;-0,25363
97,38801;-1,23692;-0,25385
97,39800;-1,23675;-0,25368
97,40801;-1,23658;-0,25385
97,41801;-1,23647;-0,25366
97,42800;-1,23630;-0,25385
97,43800;-1,23613;-0,25364
97,44801;-1,23596;-0,25384
97,45801;-1,23579;-0,25381
97,46800;-1,23562;-0,25380
97,47801;-1,23545;-0,25395
97,48801;-1,23528;-0,25377
97,49800;-1,23505;-0,25395
97,50800;-1,23494;-0,25375
97,51801;-1,23477;-0,25402
97,52801;-1,23460;-0,25382
97,53800;-1,23443;-0,25410
97,54801;-1,23431;-0,25389
97,55801;-1,23414;-0,25399
97,56801;-1,23397;-0,25397
97,57800;-1,23380;-0,25390
97,58801;-1,23363;-0,25397
97,59801;-1,23346;-0,25376
97,60800;-1,23329;-0,25405
97,61800;-1,23312;-0,25376
97,62801;-1,23301;-0,25424
97,63801;-1,23284;-0,25391
97,64800;-1,23267;-0,25423
97,65801;-1,23250;-0,25393
97,66801;-1,23233;-0,25425
97,67800;-1,23216;-0,25403
97,68800;-1,23199;-0,25429
97,69801;-1,23188;-0,25415
97,70801;-1,23171;-0,25410
97,71800;-1,23154;-0,25426
97,72801;-1,23137;-0,25403
97,73801;-1,23120;-0,25424
97,74800;-1,23103;-0,25410
97,75800;-1,23086;-0,25430
97,76801;-1,23074;-0,25393
97,77801;-1,23057;-0,25443
97,78800;-1,23040;-0,25413
97,79801;-1,23023;-0,25434
97,80801;-1,23006;-0,25419
97,81801;-1,22989;-0,25444
97,82800;-1,22972;-0,25423
97,83801;-1,22950;-0,25447
97,84801;-1,22933;-0,25433
97,85800;-1,22916;-0,25419
97,86800;-1,22899;-0,25435
97,87801;-1,22882;-0,25420
97,88801;-1,22870;-0,25446
97,89800;-1,22853;-0,25419
97,90801;-1,22836;-0,25454
97,91801;-1,22819;-0,25422
97,92800;-1,22802;-0,25463
97,93800;-1,22785;-0,25421
97,94801;-1,22768;-0,25452
97,95801;-1,22746;-0,25428
97,96800;-1,22729;-0,25465
97,97801;-1,22712;-0,25448
97,98801;-1,22695;-0,25474
97,99800;-1,22678;-0,25463
98,00800;-1,22661;-0,25450
98,01801;-1,22644;-0,25479
98,02801;-1,22627;-0,25450
98,03800;-1,22610;-0,25463
98,04801;-1,22593;-0,25449
98,05801;-1,22576;-0,25490
98,06801;-1,22564;-0,25452
98,07800;-1,22547;-0,25514
98,08801;-1,22530;-0,25449
98,09801;-1,22513;-0,25484
98,10800;-1,22496;-0,25448
98,11800;-1,22479;-0,25479
98,12801;-1,22462;-0,25464
98,13801;-1,22445;-0,25475
98,14800;-1,22428;-0,25498
98,15801;-1,22411;-0,25480
98,16801;-1,22394;-0,25511
98,17800;-1,22377;-0,25473
98,18800;-1,22360;-0,25504
98,19801;-1,22343;-0,25459
98,20801;-1,22326;-0,25515
98,21800;-1,22309;-0,25468
98,22801;-1,22298;-0,25520
98,23801;-1,22281;-0,25494
98,24800;-1,22258;-0,25508
98,25800;-1,22247;-0,25512
98,26801;-1,22230;-0,25510
98,27801;-1,22213;-0,25512
98,28800;-1,22196;-0,25501
98,29801;-1,22179;-0,25530
98,30801;-1,22162;-0,25492
98,31801;-1,22145;-0,25548
98,32800;-1,22128;-0,25499
98,33801;-1,22111;-0,25546
98,34801;-1,22094;-0,25503
98,35800;-1,22077;-0,25541
98,36800;-1,22066;-0,25514
98,37801;-1,22049;-0,25551
98,38801;-1,22032;-0,25536
98,39800;-1,22015;-0,25549
98,40801;-1,21998;-0,25556
98,41801;-1,21981;-0,25542
98,42800;-1,21964;-0,25561
98,43800;-1,21952;-0,25531
98,44801;-1,21930;-0,25571
98,45801;-1,21918;-0,25531
98,46800;-1,21901;-0,25586
98,47801;-1,21884;-0,25541
98,48801;-1,21867;-0,25581
98,49800;-1,21850;-0,25559
98,50800;-1,21833;-0,25572
98,51801;-1,21816;-0,25575
98,52801;-1,21799;-0,25568
98,53800;-1,21782;-0,25591
98,54801;-1,21765;-0,25565
98,55801;-1,21748;-0,25603
98,56801;-1,21731;-0,25562
98,57800;-1,21714;-0,25617
98,58801;-1,21697;-0,25571
98,59801;-1,21680;-0,25625
98,60800;-1,21663;-0,25604
98,61800;-1,21646;-0,25620
98,62801;-1,21629;-0,25606
98,63801;-1,21612;-0,25619
98,64800;-1,21595;-0,25615
98,65801;-1,21578;-0,25598
98,66801;-1,21561;-0,25640
98,67800;-1,21544;-0,25602
98,68800;-1,21527;-0,25650
98,69801;-1,21510;-0,25631
98,70801;-1,21493;-0,25675
98,71800;-1,21476;-0,25636
98,72801;-1,21465;-0,25667
98,73801;-1,21448;-0,25649
98,74800;-1,21431;-0,25648
98,75800;-1,21414;-0,25657
98,76801;-1,21397;-0,25652
98,77801;-1,21380;-0,25675
98,78800;-1,21357;-0,25658
98,79801;-1,21340;-0,25706
98,80801;-1,21323;-0,25674
98,81801;-1,21312;-0,25724
98,82800;-1,21295;-0,25688
98,83801;-1,21278;-0,25722
98,84801;-1,21267;-0,25693
98,85800;-1,21250;-0,25717
98,86800;-1,21233;-0,25702
98,87801;-1,21216;-0,25710
98,88801;-1,21199;-0,25739
98,89800;-1,21182;-0,25720
98,90801;-1,21165;-0,25762
98,91801;-1,21148;-0,25740
98,92800;-1,21136;-0,25771
98,93800;-1,21119;-0,25731
98,94801;-1,21102;-0,25777
98,95801;-1,21085;-0,25731
98,96800;-1,21068;-0,25779
98,97801;-1,21057;-0,25775
98,98801;-1,21040;-0,25791
98,99800;-1,21023;-0,25809
99,00800;-1,21006;-0,25817
99,01801;-1,20989;-0,25826
99,02801;-1,20972;-0,25801
99,03800;-1,20961;-0,25839
99,04801;-1,20944;-0,25795
99,05801;-1,20927;-0,25855
99,06801;-1,20910;-0,25823
99,07800;-1,20893;-0,25877
99,08801;-1,20876;-0,25857
99,09801;-1,20859;-0,25892
99,10800;-1,20836;-0,25878
99,11800;-1,20819;-0,25879
99,12801;-1,20802;-0,25894
99,13801;-1,20785;-0,25896
99,14800;-1,20768;-0,25923
99,15801;-1,20751;-0,25920
99,16801;-1,20734;-0,25959
99,17800;-1,20717;-0,25927
99,18800;-1,20700;-0,25993
99,19801;-1,20689;-0,25953
99,20801;-1,20672;-0,25994
99,21800;-1,20655;-0,25980
99,22801;-1,20638;-0,26016
99,23801;-1,20621;-0,26021
99,24800;-1,20604;-0,26041
99,25800;-1,20587;-0,26043
99,26801;-1,20570;-0,26052
99,27801;-1,20553;-0,26075
99,28800;-1,20536;-0,26086
99,29801;-1,20519;-0,26129
99,30801;-1,20502;-0,26128
99,31801;-1,20485;-0,26201
99,32800;-1,20468;-0,26194
99,33801;-1,20451;-0,26254
99,34801;-1,20434;-0,26248
99,35800;-1,20417;-0,26291
99,36800;-1,20400;-0,26312
99,37801;-1,20388;-0,26390
99,38801;-1,20371;-0,26458
99,39800;-1,20354;-0,26658
99,40801;-1,20337;-0,27804
99,41801;-1,20320;-0,28923
99,42800;-1,20303;-0,30045
99,43800;-1,20286;-0,30445
99,44801;-1,20269;-0,30979
99,45801;-1,20252;-0,30837
99,46800;-1,20235;-0,31077
99,47801;-1,20218;-0,30816
99,48801;-1,20201;-0,30921
99,49800;-1,20190;-0,30748
99,50800;-1,20173;-0,30761
99,51801;-1,20156;-0,30709
99,52801;-1,20139;-0,30652
99,53800;-1,20122;-0,30751
99,54801;-1,20105;-0,30601
99,55801;-1,20088;-0,30793
99,56801;-1,20071;-0,30598
99,57800;-1,20054;-0,30798
99,58801;-1,20037;-0,30585
99,59801;-1,20020;-0,30756
99,60800;-1,20003;-0,30576
99,61800;-1,19986;-0,30669
99,62801;-1,19969;-0,30630
99,63801;-1,19952;-0,30620
99,64800;-1,19935;-0,30676
99,65801;-1,19924;-0,30574
99,66801;-1,19907;-0,30704
99,67800;-1,19890;-0,30533
99,68800;-1,19873;-0,30703
99,69801;-1,19856;-0,30504
99,70801;-1,19839;-0,30665
99,71800;-1,19822;-0,30527
99,72801;-1,19805;-0,30637
99,73801;-1,19793;-0,30561
99,74800;-1,19776;-0,30574
99,75800;-1,19754;-0,30596
99,76801;-1,19742;-0,30510
99,77801;-1,19720;-0,30610
99,78800;-1,19703;-0,30479
99,79801;-1,19691;-0,30613
99,80801;-1,19674;-0,30464
99,81801;-1,19657;-0,30613
99,82800;-1,19640;-0,30462
99,83801;-1,19623;-0,30562
99,84801;-1,19606;-0,30486
99,85800;-1,19589;-0,30513
99,86800;-1,19572;-0,30513
99,87801;-1,19555;-0,30479
99,88801;-1,19538;-0,30545
99,89800;-1,19521;-0,30442
99,90801;-1,19504;-0,30551
99,91801;-1,19487;-0,30412
99,92800;-1,19470;-0,30528
99,93800;-1,19453;-0,30401
99,94801;-1,19436;-0,30505
99,95801;-1,19419;-0,30411
99,96800;-1,19402;-0,30475
99,97801;-1,19385;-0,30444
99,98801;-1,19368;-0,30427
99,99800;-1,19351;-0,30455
100,00800;-1,19334;-0,30389
100,01801;-1,19317;-0,30462
100,02801;-1,19306;-0,30354
100,03800;-1,19289;-0,30465
100,04801;-1,19272;-0,30354
100,05801;-1,19255;-0,30447
100,06801;-1,19238;-0,30366
100,07800;-1,19221;-0,30416
100,08801;-1,19204;-0,30366
100,09801;-1,19187;-0,30379
100,10800;-1,19170;-0,30378
100,11800;-1,19153;-0,30342
100,12801;-1,19142;-0,30398
100,13801;-1,19125;-0,30321
100,14800;-1,19108;-0,30403
100,15801;-1,19091;-0,30304
100,16801;-1,19074;-0,30389
100,17800;-1,19057;-0,30288
100,18800;-1,19040;-0,30362
100,19801;-1,19023;-0,30305
100,20801;-1,19006;-0,30334
100,21201;-1,18994;-0,30277
100,21401;-1,18994;-0,30270
100,22401;-1,18977;-0,30351
100,23400;-1,18972;-0,30282
100,24400;-1,18972;-0,30350
100,25401;-1,18972;-0,30304
100,26401;-1,18972;-0,30320
100,27400;-1,18972;-0,30301
100,28401;-1,18983;-0,30286
100,29401;-1,18989;-0,30326
100,30401;-1,18989;-0,30262
100,31400;-1,18994;-0,30339
100,32401;-1,19000;-0,30252
100,33401;-1,19006;-0,30328
100,34400;-1,19017;-0,30269
100,35400;-1,19023;-0,30324
100,36401;-1,19034;-0,30275
100,37401;-1,19045;-0,30308
100,38400;-1,19057;-0,30306
100,39401;-1,19068;-0,30307
100,40401;-1,19085;-0,30328
100,41400;-1,19102;-0,30296
100,42400;-1,19125;-0,30350
100,43401;-1,19147;-0,30287
100,44401;-1,19176;-0,30376
100,45400;-1,19204;-0,30298
100,46401;-1,19238;-0,30366
100,47401;-1,19266;-0,30325
100,48400;-1,19300;-0,30365
100,49400;-1,19334;-0,30357
100,50401;-1,19374;-0,30383
100,51401;-1,19408;-0,30384
100,52400;-1,19436;-0,30374
100,53401;-1,19459;-0,30419
100,54401;-1,19487;-0,30384
100,55401;-1,19516;-0,30434
100,56400;-1,19538;-0,30395
100,57401;-1,19561;-0,30449
100,58401;-1,19584;-0,30428
100,59400;-1,19606;-0,30463
100,60400;-1,19623;-0,30449
100,61401;-1,19646;-0,30468
100,62401;-1,19663;-0,30477
100,63400;-1,19680;-0,30488
100,64401;-1,19703;-0,30500
100,65401;-1,19720;-0,30485
100,66400;-1,19737;-0,30514
100,67400;-1,19754;-0,30491
100,68401;-1,19771;-0,30528
100,69401;-1,19788;-0,30494
100,70400;-1,19799;-0,30531
100,71401;-1,19816;-0,30524
100,72401;-1,19833;-0,30541
100,73400;-1,19850;-0,30544
100,74400;-1,19867;-0,30549
100,75401;-1,19884;-0,30549
100,76401;-1,19907;-0,30552
100,77400;-1,19924;-0,30565
100,78401;-1,19941;-0,30557
100,79401;-1,19958;-0,30596
100,80401;-1,19969;-0,30561
100,81400;-1,19986;-0,30597
100,82401;-1,20003;-0,30571
100,83401;-1,20020;-0,30597
100,84400;-1,20037;-0,30587
100,85400;-1,20060;-0,30598
100,86401;-1,20077;-0,30610
100,87401;-1,20094;-0,30613
100,88400;-1,20111;-0,30631
100,89401;-1,20128;-0,30632
100,90401;-1,20145;-0,30636
100,91400;-1,20162;-0,30616
100,92400;-1,20179;-0,30655
100,93401;-1,20196;-0,30626
100,94401;-1,20213;-0,30658
100,95400;-1,20230;-0,30642
100,96401;-1,20247;-0,30671
100,97401;-1,20264;-0,30659
100,98400;-1,20275;-0,30688
100,99400;-1,20292;-0,30681
101,00401;-1,20303;-0,30689
101,01401;-1,20320;-0,30699
101,02400;-1,20337;-0,30686
101,03401;-1,20354;-0,30712
101,04401;-1,20377;-0,30688
101,05401;-1,20394;-0,30728
101,06400;-1,20411;-0,30697
101,07401;-1,20428;-0,30734
101,08401;-1,20445;-0,30709
101,09400;-1,20462;-0,30744
101,10400;-1,20479;-0,30721
101,11401;-1,20496;-0,30741
101,12401;-1,20513;-0,30740
101,13400;-1,20530;-0,30742
101,14401;-1,20547;-0,30770
101,15401;-1,20564;-0,30746
101,16400;-1,20581;-0,30783
101,17400;-1,20598;-0,30748
101,18401;-1,20615;-0,30797
101,19401;-1,20632;-0,30758
101,20400;-1,20649;-0,30805
101,21401;-1,20666;-0,30774
101,22401;-1,20683;-0,30798
101,23400;-1,20700;-0,30796
101,24400;-1,20717;-0,30814
101,25401;-1,20734;-0,30829
101,26401;-1,20751;-0,30819
101,27400;-1,20768;-0,30844
101,28401;-1,20785;-0,30818
101,29401;-1,20796;-0,30866
101,30401;-1,20813;-0,30817
101,31400;-1,20830;-0,30850
101,32401;-1,20847;-0,30822
101,33401;-1,20864;-0,30860
101,34400;-1,20876;-0,30843
101,35400;-1,20893;-0,30871
101,36401;-1,20910;-0,30863
101,37401;-1,20927;-0,30871
101,38400;-1,20938;-0,30878
101,39401;-1,20955;-0,30875
101,40401;-1,20972;-0,30881
101,41400;-1,20989;-0,30859
101,42400;-1,21006;-0,30902
101,43401;-1,21023;-0,30879
101,44401;-1,21034;-0,30907
101,45400;-1,21051;-0,30894
101,46401;-1,21063;-0,30919
101,47401;-1,21080;-0,30906
101,48400;-1,21097;-0,30937
101,49400;-1,21119;-0,30911
101,50401;-1,21136;-0,30933
101,51401;-1,21153;-0,30947
101,52400;-1,21170;-0,30944
101,53401;-1,21187;-0,30958
101,54401;-1,21204;-0,30943
101,55401;-1,21221;-0,30959
101,56400;-1,21238;-0,30937
101,57401;-1,21255;-0,30971
101,58401;-1,21272;-0,30947
101,59400;-1,21289;-0,30978
101,60400;-1,21306;-0,30974
101,61401;-1,21323;-0,30998
101,62401;-1,21340;-0,30978
101,63400;-1,21357;-0,30991
101,64401;-1,21374;-0,30989
101,65401;-1,21386;-0,30976
101,66400;-1,21403;-0,30995
101,67400;-1,21420;-0,30986
101,68401;-1,21442;-0,31011
101,69401;-1,21459;-0,31012
101,70400;-1,21476;-0,31044
101,71401;-1,21499;-0,31019
101,72401;-1,21516;-0,31046
101,73400;-1,21533;-0,31016
101,74400;-1,21550;-0,31032
101,75401;-1,21567;-0,31028
101,76401;-1,21584;-0,31038
101,77400;-1,21595;-0,31046
101,78401;-1,21618;-0,31067
101,79401;-1,21635;-0,31068
101,80401;-1,21652;-0,31066
101,81400;-1,21669;-0,31087
101,82401;-1,21686;-0,31056
101,83401;-1,21703;-0,31089
101,84400;-1,21720;-0,31075
101,85400;-1,21737;-0,31091
101,86401;-1,21748;-0,31084
101,87401;-1,21765;-0,31099
101,88400;-1,21782;-0,31090
101,89401;-1,21799;-0,31112
101,90401;-1,21816;-0,31092
101,91400;-1,21833;-0,31112
101,92400;-1,21850;-0,31114
101,93401;-1,21867;-0,31114
101,94401;-1,21884;-0,31139
101,95400;-1,21896;-0,31131
101,96401;-1,21913;-0,31143
101,97401;-1,21930;-0,31131
101,98400;-1,21941;-0,31133
101,99400;-1,21958;-0,31131
102,00401;-1,21975;-0,31148
102,01401;-1,21992;-0,31142
102,02400;-1,22009;-0,31170
102,03401;-1,22026;-0,31161
102,04401;-1,22043;-0,31176
102,05401;-1,22060;-0,31184
102,06400;-1,22083;-0,31159
102,07401;-1,22100;-0,31173
102,08401;-1,22117;-0,31160
102,09400;-1,22128;-0,31183
102,10400;-1,22145;-0,31186
102,11401;-1,22162;-0,31204
102,12401;-1,22179;-0,31195
102,13400;-1,22196;-0,31221
102,14401;-1,22213;-0,31207
102,15401;-1,22230;-0,31213
102,16400;-1,22247;-0,31201
102,17400;-1,22264;-0,31190
102,18401;-1,22281;-0,31221
102,19401;-1,22298;-0,31211
102,20400;-1,22315;-0,31241
102,21401;-1,22332;-0,31223
102,22401;-1,22349;-0,31247
102,23400;-1,22366;-0,31232
102,24400;-1,22383;-0,31242
102,25401;-1,22400;-0,31221
102,26401;-1,22417;-0,31247
102,27400;-1,22428;-0,31233
102,28401;-1,22445;-0,31265
102,29401;-1,22462;-0,31279
102,30401;-1,22479;-0,31268
102,31400;-1,22496;-0,31291
102,32401;-1,22508;-0,31269
102,33401;-1,22525;-0,31286
102,34400;-1,22547;-0,31274
102,35400;-1,22564;-0,31286
102,36401;-1,22581;-0,31285
102,37401;-1,22598;-0,31307
102,38400;-1,22615;-0,31301
102,39401;-1,22632;-0,31311
102,40401;-1,22649;-0,31306
102,41400;-1,22666;-0,31300
102,42400;-1,22683;-0,31308
102,43401;-1,22700;-0,31304
102,44401;-1,22717;-0,31325
102,45400;-1,22734;-0,31320
102,46401;-1,22751;-0,31333
102,47401;-1,22768;-0,31339
102,48400;-1,22785;-0,31335
102,49400;-1,22802;-0,31339
102,50401;-1,22819;-0,31339
102,51401;-1,22836;-0,31332
102,52400;-1,22853;-0,31339
102,53401;-1,22870;-0,31347
102,54401;-1,22887;-0,31345
102,55401;-1,22904;-0,31365
102,56400;-1,22916;-0,31361
102,57401;-1,22933;-0,31354
102,58401;-1,22950;-0,31378
102,59400;-1,22967;-0,31359
102,60400;-1,22978;-0,31367
102,61401;-1,22995;-0,31369
102,62401;-1,23012;-0,31378
102,63400;-1,23029;-0,31394
102,64401;-1,23040;-0,31403
102,65401;-1,23057;-0,31397
102,66400;-1,23074;-0,31386
102,67400;-1,23091;-0,31394
102,68401;-1,23108;-0,31383
102,69401;-1,23125;-0,31401
102,70400;-1,23142;-0,31386
102,71401;-1,23159;-0,31406
102,72401;-1,23176;-0,31402
102,73400;-1,23193;-0,31432
102,74400;-1,23205;-0,31424
102,75401;-1,23222;-0,31424
102,76401;-1,23233;-0,31425
102,77400;-1,23250;-0,31427
102,78401;-1,23267;-0,31431
102,79401;-1,23284;-0,31434
102,80401;-1,23307;-0,31431
102,81400;-1,23324;-0,31426
102,82401;-1,23341;-0,31452
102,83401;-1,23358;-0,31433
102,84400;-1,23375;-0,31465
102,85400;-1,23392;-0,31447
102,86401;-1,23409;-0,31447
102,87401;-1,23426;-0,31448
102,88400;-1,23443;-0,31461
102,89401;-1,23460;-0,31456
102,90401;-1,23477;-0,31465
102,91400;-1,23494;-0,31459
102,92400;-1,23511;-0,31457
102,93401;-1,23528;-0,31479
102,94401;-1,23545;-0,31473
102,95400;-1,23562;-0,31490
102,96401;-1,23579;-0,31480
102,97401;-1,23596;-0,31497
102,98400;-1,23613;-0,31496
102,99400;-1,23630;-0,31501
103,00401;-1,23647;-0,31493
103,01401;-1,23669;-0,31501
103,02400;-1,23686;-0,31493
103,03401;-1,23703;-0,31507
103,04401;-1,23720;-0,31512
103,05401;-1,23732;-0,31513
103,06400;-1,23749;-0,31511
103,07401;-1,23766;-0,31519
103,08401;-1,23783;-0,31524
103,09400;-1,23800;-0,31533
103,10400;-1,23817;-0,31530
103,11401;-1,23834;-0,31537
103,12401;-1,23851;-0,31531
103,13400;-1,23868;-0,31529
103,14401;-1,23885;-0,31540
103,15401;-1,23902;-0,31530
103,16400;-1,23919;-0,31539
103,17400;-1,23936;-0,31543
103,18401;-1,23953;-0,31551
103,19401;-1,23964;-0,31555
103,20400;-1,23981;-0,31553
103,21401;-1,23998;-0,31541
103,22401;-1,24015;-0,31558
103,23400;-1,24032;-0,31549
103,24400;-1,24049;-0,31555
103,25401;-1,24060;-0,31558
103,26401;-1,24077;-0,31555
103,27400;-1,24094;-0,31573
103,28401;-1,24111;-0,31566
103,29401;-1,24128;-0,31579
103,30401;-1,24145;-0,31568
103,31400;-1,24162;-0,31578
103,32401;-1,24179;-0,31580
103,33401;-1,24196;-0,31581
103,34400;-1,24213;-0,31567
103,35400;-1,24230;-0,31590
103,36401;-1,24247;-0,31574
103,37401;-1,24264;-0,31593
103,38400;-1,24281;-0,31600
103,39401;-1,24293;-0,31584
103,40401;-1,24310;-0,31598
103,41400;-1,24327;-0,31595
103,42400;-1,24344;-0,31598
103,43401;-1,24361;-0,31600
103,44401;-1,24378;-0,31615
103,45400;-1,24395;-0,31607
103,46401;-1,24412;-0,31619
103,47401;-1,24429;-0,31613
103,48400;-1,24446;-0,31622
103,49400;-1,24457;-0,31623
103,50401;-1,24474;-0,31619
103,51401;-1,24491;-0,31628
103,52400;-1,24508;-0,31613
103,53401;-1,24525;-0,31634
103,54401;-1,24542;-0,31631
103,55401;-1,24559;-0,31633
103,56400;-1,24576;-0,31627
103,57401;-1,24587;-0,31635
103,58401;-1,24604;-0,31625
103,59400;-1,24621;-0,31633
103,60400;-1,24633;-0,31628
103,61401;-1,24655;-0,31627
103,62401;-1,24672;-0,31643
103,63400;-1,24689;-0,31643
103,64401;-1,24706;-0,31653
103,65401;-1,24729;-0,31651
103,66400;-1,24740;-0,31654
103,67400;-1,24763;-0,31652
103,68401;-1,24780;-0,31652
103,69401;-1,24791;-0,31657
103,70400;-1,24808;-0,31642
103,71401;-1,24825;-0,31656
103,72401;-1,24842;-0,31655
103,73400;-1,24859;-0,31661
103,74400;-1,24876;-0,31663
103,75401;-1,24893;-0,31669
103,76401;-1,24910;-0,31664
103,77400;-1,24927;-0,31668
103,78401;-1,24950;-0,31680
103,79401;-1,24967;-0,31663
103,80401;-1,24984;-0,31683
103,81400;-1,25001;-0,31669
103,82401;-1,25018;-0,31684
103,83401;-1,25035;-0,31683
103,84400;-1,25052;-0,31686
103,85400;-1,25069;-0,31681
103,86401;-1,25086;-0,31692
103,87401;-1,25097;-0,31685
103,88400;-1,25114;-0,31680
103,89401;-1,25126;-0,31687
103,90401;-1,25143;-0,31675
103,91400;-1,25160;-0,31698
103,92400;-1,25177;-0,31677
103,93401;-1,25188;-0,31703
103,94401;-1,25205;-0,31685
103,95400;-1,25222;-0,31699
103,96401;-1,25239;-0,31688
103,97401;-1,25256;-0,31694
103,98400;-1,25273;-0,31699
103,99400;-1,25290;-0,31710
104,00401;-1,25307;-0,31712
104,01401;-1,25324;-0,31708
104,02400;-1,25341;-0,31729
104,03401;-1,25352;-0,31693
104,04401;-1,25369;-0,31728
104,05401;-1,25381;-0,31692
104,06400;-1,25398;-0,31720
104,07401;-1,25415;-0,31711
104,08401;-1,25432;-0,31725
104,09400;-1,25449;-0,31724
104,10400;-1,25471;-0,31731
104,11401;-1,25488;-0,31727
104,12401;-1,25505;-0,31726
104,13400;-1,25522;-0,31740
104,14401;-1,25539;-0,31713
104,15401;-1,25556;-0,31746
104,16400;-1,25573;-0,31699
104,17400;-1,25590;-0,31750
104,18401;-1,25607;-0,31709
104,19401;-1,25624;-0,31738
104,20400;-1,25641;-0,31724
104,21401;-1,25658;-0,31744
104,22401;-1,25675;-0,31734
104,23400;-1,25687;-0,31750
104,24400;-1,25704;-0,31742
104,25401;-1,25721;-0,31743
104,26401;-1,25738;-0,31753
104,27400;-1,25760;-0,31740
104,28401;-1,25777;-0,31762
104,29401;-1,25794;-0,31737
104,30401;-1,25811;-0,31766
104,31400;-1,25828;-0,31739
104,32401;-1,25851;-0,31767
104,33401;-1,25862;-0,31741
104,34400;-1,25879;-0,31762
104,35400;-1,25896;-0,31744
104,36401;-1,25913;-0,31767
104,37401;-1,25925;-0,31763
104,38400;-1,25942;-0,31759
104,39401;-1,25964;-0,31774
104,40401;-1,25981;-0,31746
104,41400;-1,25998;-0,31775
104,42400;-1,26015;-0,31754
104,43401;-1,26032;-0,31778
104,44401;-1,26049;-0,31748
104,45400;-1,26066;-0,31786
104,46401;-1,26083;-0,31751
104,47401;-1,26100;-0,31789
104,48400;-1,26117;-0,31767
104,49400;-1,26134;-0,31774
104,50401;-1,26151;-0,31771
104,51401;-1,26163;-0,31769
104,52400;-1,26180;-0,31776
104,53401;-1,26197;-0,31762
104,54401;-1,26214;-0,31797
104,55401;-1,26225;-0,31760
104,56400;-1,26242;-0,31806
104,57401;-1,26259;-0,31771
104,58401;-1,26276;-0,31809
104,59400;-1,26293;-0,31759
104,60400;-1,26310;-0,31806
104,61401;-1,26327;-0,31766
104,62401;-1,26344;-0,31794
104,63400;-1,26361;-0,31794
104,64401;-1,26378;-0,31788
104,65401;-1,26395;-0,31804
104,66400;-1,26412;-0,31786
104,67400;-1,26429;-0,31804
104,68401;-1,26440;-0,31763
104,69401;-1,26457;-0,31813
104,70400;-1,26474;-0,31763
104,71401;-1,26491;-0,31818
104,72401;-1,26508;-0,31778
104,73401;-1,26525;-0,31815
104,74400;-1,26542;-0,31789
104,75401;-1,26554;-0,31809
104,76401;-1,26571;-0,31797
104,77400;-1,26588;-0,31789
104,78401;-1,26605;-0,31806
104,79401;-1,26622;-0,31783
104,80401;-1,26639;-0,31823
104,81400;-1,26656;-0,31798
104,82401;-1,26673;-0,31836
104,83401;-1,26690;-0,31787
104,84400;-1,26707;-0,31838
104,85400;-1,26718;-0,31791
104,86401;-1,26735;-0,31820
104,87401;-1,26752;-0,31788
104,88400;-1,26769;-0,31803
104,89401;-1,26780;-0,31815
104,90401;-1,26797;-0,31803
104,91400;-1,26814;-0,31836
104,92400;-1,26837;-0,31804
104,93401;-1,26854;-0,31838
104,94401;-1,26871;-0,31813
104,95400;-1,26888;-0,31841
104,96401;-1,26911;-0,31803
104,97401;-1,26928;-0,31838
104,98401;-1,26939;-0,31817
104,99400;-1,26956;-0,31830
105,00401;-1,26973;-0,31833
105,01401;-1,26990;-0,31824
105,02400;-1,27007;-0,31840
105,03401;-1,27024;-0,31827
105,04401;-1,27041;-0,31846
105,05401;-1,27058;-0,31812
105,06400;-1,27075;-0,31850
105,07401;-1,27098;-0,31824
105,08401;-1,27115;-0,31846
105,09400;-1,27132;-0,31833
105,10400;-1,27149;-0,31840
105,11401;-1,27166;-0,31851
105,12401;-1,27183;-0,31840
105,13400;-1,27200;-0,31860
105,14401;-1,27217;-0,31835
105,15401;-1,27234;-0,31867
105,16400;-1,27251;-0,31847
105,17400;-1,27262;-0,31872
105,18401;-1,27279;-0,31836
105,19401;-1,27296;-0,31864
105,20400;-1,27307;-0,31835
105,21401;-1,27324;-0,31858
105,22401;-1,27341;-0,31856
105,23401;-1,27358;-0,31843
105,24400;-1,27375;-0,31863
105,25401;-1,27392;-0,31864
105,26401;-1,27409;-0,31873
105,27400;-1,27426;-0,31859
105,28401;-1,27443;-0,31877
105,29401;-1,27460;-0,31834
105,30401;-1,27477;-0,31879
105,31400;-1,27494;-0,31844
105,32401;-1,27506;-0,31878
105,33401;-1,27517;-0,31859
105,34400;-1,27534;-0,31885
105,35400;-1,27551;-0,31878
105,36401;-1,27568;-0,31875
105,37401;-1,27585;-0,31879
105,38400;-1,27602;-0,31864
105,39401;-1,27619;-0,31875
105,40401;-1,27642;-0,31863
105,41400;-1,27659;-0,31896
105,42400;-1,27676;-0,31860
105,43401;-1,27693;-0,31901
105,44401;-1,27710;-0,31876
105,45400;-1,27727;-0,31901
105,46401;-1,27744;-0,31885
105,47401;-1,27761;-0,31889
105,48401;-1,27778;-0,31882
105,49400;-1,27795;-0,31886
105,50401;-1,27812;-0,31895
105,51401;-1,27829;-0,31887
105,52400;-1,27846;-0,31907
105,53401;-1,27857;-0,31884
105,54401;-1,27874;-0,31907
105,55401;-1,27891;-0,31890
105,56400;-1,27908;-0,31914
105,57401;-1,27925;-0,31895
105,58401;-1,27942;-0,31913
105,59400;-1,27965;-0,31894
105,60400;-1,27982;-0,31925
105,61401;-1,27999;-0,31900
105,62401;-1,28016;-0,31908
105,63400;-1,28027;-0,31906
105,64401;-1,28044;-0,31902
105,65401;-1,28061;-0,31913
105,66400;-1,28078;-0,31910
105,67400;-1,28095;-0,31913
105,68401;-1,28112;-0,31908
105,69401;-1,28129;-0,31923
105,70400;-1,28146;-0,31917
105,71401;-1,28163;-0,31934
105,72401;-1,28180;-0,31910
105,73401;-1,28197;-0,31921
105,74400;-1,28214;-0,31918
105,75401;-1,28231;-0,31921
105,76401;-1,28248;-0,31931
105,77400;-1,28265;-0,31913
105,78401;-1,28282;-0,31929
105,79401;-1,28299;-0,31935
105,80401;-1,28316;-0,31931
105,81400;-1,28333;-0,31925
105,82401;-1,28344;-0,31939
105,83401;-1,28361;-0,31921
105,84400;-1,28378;-0,31946
105,85400;-1,28395;-0,31941
105,86401;-1,28407;-0,31938
105,87401;-1,28424;-0,31946
105,88400;-1,28441;-0,31940
105,89401;-1,28458;-0,31940
105,90401;-1,28475;-0,31945
105,91400;-1,28492;-0,31946
105,92400;-1,28514;-0,31941
105,93401;-1,28531;-0,31950
105,94401;-1,28548;-0,31949
105,95400;-1,28560;-0,31960
105,96401;-1,28577;-0,31955
105,97401;-1,28594;-0,31944
105,98401;-1,28605;-0,31960
105,99400;-1,28622;-0,31940
106,00401;-1,28639;-0,31962
106,01401;-1,28656;-0,31951
106,02400;-1,28673;-0,31969
106,03401;-1,28690;-0,31958
106,04401;-1,28707;-0,31977
106,05401;-1,28724;-0,31960
106,06400;-1,28741;-0,31968
106,07401;-1,28758;-0,31964
106,08401;-1,28775;-0,31957
106,09400;-1,28786;-0,31972
106,10400;-1,28803;-0,31965
106,11401;-1,28820;-0,31986
106,12401;-1,28837;-0,31972
106,13400;-1,28854;-0,31988
106,14401;-1,28871;-0,31968
106,15401;-1,28888;-0,31981
106,16400;-1,28905;-0,31972
106,17400;-1,28917;-0,31971
106,18401;-1,28934;-0,31975
106,19401;-1,28951;-0,31976
106,20400;-1,28968;-0,31992
106,21401;-1,28985;-0,31981
106,22401;-1,29002;-0,32001
106,23401;-1,29024;-0,31981
106,24400;-1,29041;-0,32007
106,25401;-1,29058;-0,31984
106,26401;-1,29075;-0,31996
106,27400;-1,29092;-0,31979
106,28401;-1,29115;-0,31995
106,29401;-1,29126;-0,31993
106,30401;-1,29143;-0,31996
106,31400;-1,29160;-0,32010
106,32401;-1,29177;-0,31989
106,33401;-1,29194;-0,32018
106,34400;-1,29211;-0,31991
106,35400;-1,29228;-0,32019
106,36401;-1,29245;-0,31995
106,37401;-1,29268;-0,32020
106,38400;-1,29285;-0,31995
106,39401;-1,29302;-0,32016
106,40401;-1,29319;-0,32009
106,41400;-1,29336;-0,32017
106,42400;-1,29353;-0,32024
106,43401;-1,29370;-0,32007
106,44401;-1,29381;-0,32026
106,45400;-1,29398;-0,32003
106,46401;-1,29415;-0,32032
106,47401;-1,29432;-0,32003
106,48401;-1,29449;-0,32028
106,49400;-1,29461;-0,32018
106,50401;-1,29478;-0,32031
106,51401;-1,29495;-0,32025
106,52400;-1,29506;-0,32026
106,53401;-1,29523;-0,32025
106,54401;-1,29540;-0,32030
106,55401;-1,29557;-0,32040
106,56400;-1,29574;-0,32020
106,57401;-1,29591;-0,32041
106,58401;-1,29608;-0,32019
106,59400;-1,29625;-0,32047
106,60400;-1,29642;-0,32039
106,61401;-1,29653;-0,32045
106,62401;-1,29670;-0,32027
106,63400;-1,29687;-0,32052
106,64401;-1,29699;-0,32039
106,65401;-1,29716;-0,32052
106,66400;-1,29733;-0,32049
106,67400;-1,29755;-0,32043
106,68401;-1,29772;-0,32053
106,69401;-1,29789;-0,32047
106,70400;-1,29806;-0,32058
106,71401;-1,29823;-0,32042
106,72401;-1,29840;-0,32059
106,73401;-1,29857;-0,32037
106,74400;-1,29880;-0,32056
106,75401;-1,29891;-0,32047
106,76401;-1,29914;-0,32061
106,77400;-1,29931;-0,32044
106,78401;-1,29948;-0,32066
106,79401;-1,29965;-0,32057
106,80401;-1,29982;-0,32064
106,81400;-1,29993;-0,32059
106,82401;-1,30010;-0,32046
106,83401;-1,30027;-0,32061
106,84400;-1,30044;-0,32067
106,85400;-1,30061;-0,32071
106,86401;-1,30078;-0,32061
106,87401;-1,30095;-0,32085
106,88400;-1,30112;-0,32065
106,89401;-1,30129;-0,32081
106,90401;-1,30146;-0,32065
106,91400;-1,30163;-0,32071
106,92400;-1,30180;-0,32062
106,93401;-1,30197;-0,32083
106,94401;-1,30214;-0,32073
106,95400;-1,30226;-0,32081
106,96401;-1,30243;-0,32072
106,97401;-1,30260;-0,32085
106,98401;-1,30277;-0,32081
106,99400;-1,30294;-0,32084
107,00401;-1,30311;-0,32079
107,01401;-1,30328;-0,32068
107,02400;-1,30345;-0,32087
107,03401;-1,30362;-0,32077
107,04401;-1,30379;-0,32101
107,05401;-1,30396;-0,32087
107,06400;-1,30418;-0,32103
107,07401;-1,30430;-0,32088
107,08401;-1,30447;-0,32106
107,09400;-1,30464;-0,32075
107,10400;-1,30481;-0,32101
107,11401;-1,30498;-0,32087
107,12401;-1,30515;-0,32094
107,13400;-1,30532;-0,32102
107,14401;-1,30543;-0,32099
107,15401;-1,30560;-0,32110
107,16400;-1,30577;-0,32091
107,17400;-1,30594;-0,32117
107,18401;-1,30611;-0,32091
107,19401;-1,30628;-0,32105
107,20400;-1,30645;-0,32090
107,21401;-1,30662;-0,32116
107,22401;-1,30679;-0,32095
107,23401;-1,30696;-0,32122
107,24400;-1,30713;-0,32104
107,25401;-1,30724;-0,32108
107,26401;-1,30741;-0,32119
107,27400;-1,30758;-0,32098
107,28401;-1,30770;-0,32118
107,29401;-1,30787;-0,32107
107,30401;-1,30804;-0,32118
107,31400;-1,30821;-0,32113
107,32401;-1,30838;-0,32126
107,33401;-1,30855;-0,32103
107,34400;-1,30872;-0,32139
107,35400;-1,30889;-0,32116
107,36401;-1,30906;-0,32135
107,37401;-1,30923;-0,32121
107,38400;-1,30940;-0,32128
107,39401;-1,30957;-0,32122
107,40401;-1,30974;-0,32123
107,41400;-1,30991;-0,32132
107,42400;-1,31008;-0,32127
107,43401;-1,31025;-0,32129
107,44401;-1,31036;-0,32130
107,45400;-1,31053;-0,32135
107,46401;-1,31070;-0,32125
107,47401;-1,31087;-0,32147
107,48401;-1,31098;-0,32112
107,49400;-1,31115;-0,32137
107,50401;-1,31132;-0,32132
107,51401;-1,31149;-0,32148
107,52400;-1,31172;-0,32137
107,53401;-1,31189;-0,32152
107,54401;-1,31206;-0,32133
107,55401;-1,31229;-0,32159
107,56400;-1,31246;-0,32138
107,57401;-1,31263;-0,32139
107,58401;-1,31280;-0,32145
107,59400;-1,31297;-0,32140
107,60400;-1,31308;-0,32160
107,61401;-1,31325;-0,32146
107,62401;-1,31342;-0,32166
107,63400;-1,31365;-0,32148
107,64401;-1,31382;-0,32176
107,65401;-1,31399;-0,32151
107,66400;-1,31416;-0,32169
107,67400;-1,31433;-0,32145
107,68401;-1,31450;-0,32175
107,69401;-1,31467;-0,32161
107,70400;-1,31484;-0,32166
107,71401;-1,31501;-0,32163
107,72401;-1,31518;-0,32156
107,73401;-1,31535;-0,32173
107,74400;-1,31552;-0,32160
107,75401;-1,31563;-0,32175
107,76401;-1,31580;-0,32154
107,77400;-1,31597;-0,32181
107,78401;-1,31608;-0,32146
107,79401;-1,31625;-0,32188
107,80401;-1,31642;-0,32156
107,81400;-1,31654;-0,32178
107,82401;-1,31671;-0,32175
107,83401;-1,31688;-0,32183
107,84400;-1,31705;-0,32181
107,85400;-1,31722;-0,32185
107,86401;-1,31739;-0,32185
107,87401;-1,31756;-0,32169
107,88400;-1,31773;-0,32190
107,89401;-1,31790;-0,32171
107,90401;-1,31807;-0,32191
107,91400;-1,31824;-0,32165
107,92400;-1,31841;-0,32194
107,93401;-1,31852;-0,32170
107,94401;-1,31869;-0,32190
107,95400;-1,31886;-0,32188
107,96401;-1,31903;-0,32184
107,97401;-1,31920;-0,32186
107,98401;-1,31937;-0,32196
107,99400;-1,31954;-0,32192
108,00401;-1,31971;-0,32193
108,01401;-1,31988;-0,32194
108,02400;-1,32005;-0,32186
108,03401;-1,32028;-0,32204
108,04401;-1,32045;-0,32203
108,05401;-1,32062;-0,32196
108,06400;-1,32079;-0,32202
108,07401;-1,32096;-0,32206
108,08401;-1,32113;-0,32194
108,09400;-1,32130;-0,32212
108,10400;-1,32141;-0,32201
108,11401;-1,32158;-0,32210
108,12401;-1,32175;-0,32199
108,13400;-1,32192;-0,32214
108,14401;-1,32203;-0,32196
108,15401;-1,32220;-0,32214
108,16400;-1,32237;-0,32205
108,17400;-1,32254;-0,32212
108,18401;-1,32271;-0,32201
108,19401;-1,32288;-0,32214
108,20400;-1,32311;-0,32208
108,21401;-1,32322;-0,32210
108,22401;-1,32345;-0,32224
108,23401;-1,32356;-0,32194
108,24400;-1,32373;-0,32226
108,25401;-1,32390;-0,32201
108,26401;-1,32407;-0,32233
108,27400;-1,32424;-0,32203
108,28401;-1,32436;-0,32239
108,29401;-1,32453;-0,32199
108,30401;-1,32470;-0,32235
108,31400;-1,32487;-0,32215
108,32401;-1,32504;-0,32212
108,33401;-1,32521;-0,32222
108,34400;-1,32538;-0,32219
108,35400;-1,32560;-0,32243
108,36401;-1,32577;-0,32217
108,37401;-1,32589;-0,32255
108,38400;-1,32606;-0,32204
108,39401;-1,32623;-0,32255
108,40401;-1,32640;-0,32218
108,41400;-1,32657;-0,32248
108,42400;-1,32674;-0,32232
108,43401;-1,32691;-0,32239
108,44401;-1,32702;-0,32238
108,45400;-1,32719;-0,32238
108,46401;-1,32736;-0,32246
108,47401;-1,32753;-0,32232
108,48401;-1,32770;-0,32260
108,49400;-1,32787;-0,32224
108,50401;-1,32804;-0,32264
108,51401;-1,32821;-0,32224
108,52400;-1,32838;-0,32254
108,53401;-1,32855;-0,32241
108,54401;-1,32872;-0,32251
108,55401;-1,32889;-0,32241
108,56400;-1,32900;-0,32252
108,57401;-1,32917;-0,32244
108,58401;-1,32934;-0,32248
108,59400;-1,32951;-0,32253
108,60400;-1,32968;-0,32241
108,61401;-1,32985;-0,32266
108,62401;-1,33008;-0,32242
108,63400;-1,33025;-0,32277
108,64401;-1,33042;-0,32249
108,65401;-1,33059;-0,32271
108,66400;-1,33076;-0,32244
108,67400;-1,33093;-0,32265
108,68401;-1,33110;-0,32257
108,69401;-1,33127;-0,32263
108,70400;-1,33144;-0,32255
108,71401;-1,33155;-0,32264
108,72401;-1,33172;-0,32265
108,73401;-1,33189;-0,32260
108,74400;-1,33206;-0,32284
108,75401;-1,33218;-0,32248
108,76401;-1,33240;-0,32286
108,77400;-1,33252;-0,32264
108,78401;-1,33263;-0,32281
108,79401;-1,33286;-0,32260
108,80401;-1,33303;-0,32284
108,81400;-1,33320;-0,32264
108,82401;-1,33337;-0,32286
108,83401;-1,33359;-0,32273
108,84400;-1,33376;-0,32270
108,85400;-1,33393;-0,32284
108,86401;-1,33410;-0,32271
108,87401;-1,33427;-0,32289
108,88400;-1,33444;-0,32267
108,89401;-1,33461;-0,32291
108,90401;-1,33478;-0,32262
108,91400;-1,33495;-0,32296
108,92400;-1,33512;-0,32270
108,93401;-1,33529;-0,32291
108,94401;-1,33546;-0,32280
108,95400;-1,33563;-0,32297
108,96401;-1,33580;-0,32285
108,97401;-1,33597;-0,32292
108,98401;-1,33614;-0,32288
108,99400;-1,33631;-0,32276
109,00401;-1,33648;-0,32295
109,01401;-1,33665;-0,32273
109,02400;-1,33682;-0,32290
109,03401;-1,33699;-0,32283
109,04401;-1,33716;-0,32296
109,05401;-1,33733;-0,32285
109,06400;-1,33750;-0,32297
109,07401;-1,33762;-0,32286
109,08401;-1,33779;-0,32295
109,09400;-1,33796;-0,32288
109,10400;-1,33807;-0,32292
109,11401;-1,33824;-0,32296
109,12401;-1,33841;-0,32302
109,13400;-1,33858;-0,32300
109,14401;-1,33875;-0,32300
109,15401;-1,33892;-0,32307
109,16400;-1,33909;-0,32307
109,17400;-1,33920;-0,32304
109,18401;-1,33943;-0,32315
109,19401;-1,33954;-0,32304
109,20400;-1,33971;-0,32301
109,21401;-1,33983;-0,32310
109,22401;-1,34000;-0,32300
109,23401;-1,34017;-0,32308
109,24400;-1,34034;-0,32312
109,25401;-1,34051;-0,32308
109,26401;-1,34068;-0,32316
109,27400;-1,34090;-0,32309
109,28401;-1,34107;-0,32309
109,29401;-1,34124;-0,32304
109,30401;-1,34141;-0,32320
109,31400;-1,34158;-0,32307
109,32401;-1,34175;-0,32318
109,33401;-1,34198;-0,32308
109,34400;-1,34215;-0,32310
109,35400;-1,34226;-0,32315
109,36401;-1,34249;-0,32317
109,37401;-1,34260;-0,32318
109,38400;-1,34277;-0,32309
109,39401;-1,34294;-0,32333
109,40401;-1,34311;-0,32311
109,41400;-1,34328;-0,32331
109,42400;-1,34340;-0,32315
109,43401;-1,34351;-0,32328
109,44401;-1,34374;-0,32311
109,45400;-1,34385;-0,32338
109,46401;-1,34402;-0,32326
109,47401;-1,34425;-0,32313
109,48401;-1,34442;-0,32341
109,49400;-1,34459;-0,32320
109,50401;-1,34476;-0,32337
109,51401;-1,34493;-0,32318
109,52400;-1,34510;-0,32336
109,53401;-1,34527;-0,32311
109,54401;-1,34544;-0,32339
109,55401;-1,34561;-0,32318
109,56400;-1,34572;-0,32331
109,57401;-1,34589;-0,32337
109,58401;-1,34606;-0,32337
109,59400;-1,34623;-0,32341
109,60400;-1,34640;-0,32332
109,61401;-1,34657;-0,32348
109,62401;-1,34674;-0,32323
109,63400;-1,34691;-0,32355
109,64401;-1,34708;-0,32327
109,65401;-1,34725;-0,32344
109,66400;-1,34742;-0,32336
109,67400;-1,34759;-0,32343
109,68401;-1,34776;-0,32332
109,69401;-1,34793;-0,32350
109,70400;-1,34810;-0,32344
109,71401;-1,34827;-0,32334
109,72401;-1,34844;-0,32357
109,73401;-1,34861;-0,32333
109,74400;-1,34878;-0,32359
109,75401;-1,34889;-0,32337
109,76401;-1,34906;-0,32362
109,77400;-1,34923;-0,32339
109,78401;-1,34940;-0,32365
109,79401;-1,34957;-0,32347
109,80401;-1,34974;-0,32349
109,81400;-1,34991;-0,32359
109,82401;-1,35008;-0,32340
109,83401;-1,35025;-0,32362
109,84400;-1,35042;-0,32343
109,85400;-1,35059;-0,32369
109,86401;-1,35071;-0,32330
109,87401;-1,35088;-0,32372
109,88400;-1,35099;-0,32341
109,89401;-1,35116;-0,32362
109,90401;-1,35133;-0,32361
109,91400;-1,35150;-0,32361
109,92400;-1,35167;-0,32363
109,93401;-1,35184;-0,32362
109,94401;-1,35201;-0,32368
109,95400;-1,35224;-0,32350
109,96401;-1,35241;-0,32375
109,97401;-1,35258;-0,32343
109,98401;-1,35275;-0,32382
109,99400;-1,35292;-0,32354
110,00401;-1,35309;-0,32382
110,01401;-1,35326;-0,32362
110,02400;-1,35343;-0,32376
110,03401;-1,35360;-0,32371
110,04401;-1,35371;-0,32363
110,05401;-1,35388;-0,32372
110,06400;-1,35399;-0,32362
110,07401;-1,35416;-0,32374
110,08401;-1,35433;-0,32364
110,09400;-1,35450;-0,32379
110,10400;-1,35467;-0,32347
110,11401;-1,35484;-0,32397
110,12401;-1,35501;-0,32357
110,13400;-1,35524;-0,32388
110,14401;-1,35541;-0,32366
110,15401;-1,35558;-0,32382
110,16400;-1,35581;-0,32372
110,17400;-1,35598;-0,32384
110,18401;-1,35615;-0,32375
110,19401;-1,35632;-0,32369
110,20400;-1,35649;-0,32378
110,21401;-1,35666;-0,32367
110,22401;-1,35677;-0,32388
110,23401;-1,35694;-0,32369
110,24400;-1,35711;-0,32396
110,25401;-1,35728;-0,32375
110,26401;-1,35751;-0,32396
110,27400;-1,35768;-0,32381
110,28401;-1,35779;-0,32383
110,29401;-1,35802;-0,32378
110,30401;-1,35819;-0,32381
110,31400;-1,35830;-0,32374
110,32401;-1,35847;-0,32380
110,33401;-1,35864;-0,32376
110,34400;-1,35881;-0,32384
110,35400;-1,35898;-0,32389
110,36401;-1,35915;-0,32383
110,37401;-1,35932;-0,32388
110,38400;-1,35943;-0,32385
110,39401;-1,35960;-0,32387
110,40401;-1,35972;-0,32385
110,41400;-1,35989;-0,32393
110,42400;-1,36006;-0,32387
110,43401;-1,36023;-0,32403
110,44401;-1,36040;-0,32388
110,45400;-1,36057;-0,32392
110,46401;-1,36074;-0,32383
110,47401;-1,36091;-0,32396
110,48401;-1,36108;-0,32388
110,49400;-1,36125;-0,32393
110,50401;-1,36142;-0,32395
110,51401;-1,36153;-0,32388
110,52400;-1,36164;-0,32391
110,53401;-1,36181;-0,32393
110,54401;-1,36198;-0,32394
110,55401;-1,36215;-0,32391
110,56400;-1,36238;-0,32406
110,57401;-1,36255;-0,32395
110,58401;-1,36272;-0,32390
110,59400;-1,36289;-0,32393
110,60400;-1,36312;-0,32384
110,61401;-1,36329;-0,32389
110,62401;-1,36346;-0,32392
110,63400;-1,36363;-0,32390
110,64401;-1,36380;-0,32385
110,65401;-1,36397;-0,32397
110,66400;-1,36414;-0,32391
110,67400;-1,36431;-0,32397
110,68401;-1,36448;-0,32394
110,69401;-1,36465;-0,32390
110,70400;-1,36476;-0,32396
110,71401;-1,36493;-0,32398
110,72401;-1,36510;-0,32396
110,73401;-1,36521;-0,32393
110,74400;-1,36538;-0,32398
110,75401;-1,36555;-0,32395
110,76401;-1,36572;-0,32403
110,77400;-1,36589;-0,32403
110,78401;-1,36606;-0,32398
110,79401;-1,36623;-0,32392
110,80401;-1,36640;-0,32403
110,81400;-1,36657;-0,32391
110,82401;-1,36674;-0,32408
110,83401;-1,36691;-0,32402
110,84400;-1,36708;-0,32407
110,85400;-1,36725;-0,32403
110,86401;-1,36737;-0,32403
110,87401;-1,36754;-0,32405
110,88400;-1,36771;-0,32401
110,89401;-1,36788;-0,32406
110,90401;-1,36805;-0,32399
110,91400;-1,36822;-0,32413
110,92400;-1,36839;-0,32390
110,93401;-1,36856;-0,32410
110,94401;-1,36873;-0,32398
110,95400;-1,36890;-0,32412
110,96401;-1,36907;-0,32398
110,97401;-1,36924;-0,32411
110,98401;-1,36941;-0,32408
110,99400;-1,36958;-0,32401
111,00401;-1,36975;-0,32408
111,01401;-1,36992;-0,32414
111,02400;-1,37009;-0,32406
111,03401;-1,37020;-0,32408
111,04401;-1,37037;-0,32409
111,05401;-1,37054;-0,32397
111,06400;-1,37071;-0,32419
111,07401;-1,37088;-0,32414
111,08401;-1,37105;-0,32407
111,09400;-1,37122;-0,32422
111,10400;-1,37139;-0,32417
111,11401;-1,37156;-0,32428
111,12401;-1,37173;-0,32420
111,13400;-1,37190;-0,32415
111,14401;-1,37207;-0,32420
111,15401;-1,37218;-0,32417
111,16401;-1,37235;-0,32410
111,17400;-1,37252;-0,32416
111,18401;-1,37264;-0,32419
111,19401;-1,37281;-0,32414
111,20400;-1,37298;-0,32435
111,21401;-1,37320;-0,32427
111,22401;-1,37337;-0,32427
111,23401;-1,37354;-0,32423
111,24400;-1,37371;-0,32430
111,25401;-1,37388;-0,32427
111,26401;-1,37411;-0,32427
111,27400;-1,37428;-0,32426
111,28401;-1,37445;-0,32420
111,29401;-1,37462;-0,32419
111,30401;-1,37479;-0,32424
111,31400;-1,37496;-0,32420
111,32401;-1,37513;-0,32423
111,33401;-1,37530;-0,32427
111,34400;-1,37541;-0,32420
111,35400;-1,37558;-0,32423
111,36401;-1,37575;-0,32435
111,37401;-1,37587;-0,32423
111,38400;-1,37604;-0,32433
111,39401;-1,37621;-0,32434
111,40401;-1,37638;-0,32428
111,41401;-1,37655;-0,32432
111,42400;-1,37672;-0,32437
111,43401;-1,37694;-0,32426
111,44401;-1,37711;-0,32430
111,45400;-1,37728;-0,32430
111,46401;-1,37745;-0,32429
111,47401;-1,37768;-0,32422
111,48401;-1,37779;-0,32426
111,49400;-1,37796;-0,32421
111,50401;-1,37813;-0,32421
111,51401;-1,37830;-0,32432
111,52400;-1,37847;-0,32433
111,53401;-1,37864;-0,32432
111,54401;-1,37881;-0,32431
111,55401;-1,37898;-0,32439
111,56400;-1,37915;-0,32428
111,57401;-1,37932;-0,32435
111,58401;-1,37949;-0,32431
111,59400;-1,37966;-0,32428
111,60400;-1,37978;-0,32433
111,61401;-1,37995;-0,32434
111,62401;-1,38012;-0,32434
111,63400;-1,38029;-0,32425
111,64401;-1,38046;-0,32435
111,65401;-1,38063;-0,32424
111,66401;-1,38080;-0,32439
111,67400;-1,38097;-0,32427
111,68401;-1,38108;-0,32435
111,69401;-1,38125;-0,32423
111,70400;-1,38142;-0,32425
111,71401;-1,38153;-0,32423
111,72401;-1,38170;-0,32429
111,73401;-1,38187;-0,32432
111,74400;-1,38204;-0,32429
111,75401;-1,38221;-0,32444
111,76401;-1,38238;-0,32426
111,77400;-1,38255;-0,32456
111,78401;-1,38272;-0,32432
111,79401;-1,38289;-0,32439
111,80401;-1,38301;-0,32426
111,81400;-1,38318;-0,32432
111,82401;-1,38335;-0,32429
111,83401;-1,38346;-0,32448
111,84400;-1,38363;-0,32432
111,85400;-1,38380;-0,32436
111,86401;-1,38403;-0,32446
111,87401;-1,38420;-0,32431
111,88400;-1,38442;-0,32444
111,89401;-1,38459;-0,32422
111,90401;-1,38476;-0,32440
111,91401;-1,38493;-0,32422
111,92400;-1,38516;-0,32450
111,93401;-1,38533;-0,32429
111,94401;-1,38550;-0,32440
111,95400;-1,38567;-0,32430
111,96401;-1,38584;-0,32442
111,97401;-1,38595;-0,32429
111,98401;-1,38612;-0,32431
111,99400;-1,38624;-0,32434
112,00401;-1,38641;-0,32421
112,01401;-1,38658;-0,32441
112,02400;-1,38675;-0,32425
112,03401;-1,38692;-0,32443
112,04401;-1,38709;-0,32432
112,05401;-1,38726;-0,32447
112,06400;-1,38743;-0,32431
112,07401;-1,38760;-0,32444
112,08401;-1,38782;-0,32425
112,09400;-1,38799;-0,32433
112,10400;-1,38816;-0,32427
112,11401;-1,38833;-0,32430
112,12401;-1,38850;-0,32435
112,13400;-1,38862;-0,32422
112,14401;-1,38879;-0,32436
112,15401;-1,38896;-0,32420
112,16401;-1,38913;-0,32434
112,17400;-1,38924;-0,32425
112,18401;-1,38941;-0,32441
112,19401;-1,38958;-0,32418
112,20400;-1,38975;-0,32445
112,21401;-1,38992;-0,32419
112,22401;-1,39009;-0,32433
112,23401;-1,39032;-0,32434
112,24400;-1,39043;-0,32433
112,25401;-1,39066;-0,32437
112,26401;-1,39083;-0,32434
112,27400;-1,39100;-0,32440
112,28401;-1,39117;-0,32422
112,29401;-1,39134;-0,32452
112,30401;-1,39151;-0,32419
112,31400;-1,39168;-0,32452
112,32401;-1,39185;-0,32430
112,33401;-1,39196;-0,32454
112,34400;-1,39213;-0,32416
112,35400;-1,39230;-0,32448
112,36401;-1,39247;-0,32429
112,37401;-1,39258;-0,32438
112,38400;-1,39275;-0,32441
112,39401;-1,39292;-0,32421
112,40401;-1,39309;-0,32441
112,41401;-1,39326;-0,32427
112,42400;-1,39343;-0,32449
112,43401;-1,39360;-0,32412
112,44401;-1,39377;-0,32460
112,45400;-1,39394;-0,32402
112,46401;-1,39406;-0,32456
112,47401;-1,39423;-0,32415
112,48401;-1,39440;-0,32435
112,49400;-1,39451;-0,32425
112,50401;-1,39468;-0,32434
112,51401;-1,39485;-0,32428
112,52400;-1,39502;-0,32418
112,53401;-1,39525;-0,32440
112,54401;-1,39542;-0,32403
112,55401;-1,39559;-0,32443
112,56400;-1,39576;-0,32401
112,57401;-1,39593;-0,32440
112,58401;-1,39610;-0,32400
112,59400;-1,39627;-0,32441
112,60400;-1,39644;-0,32405
112,61401;-1,39661;-0,32420
112,62401;-1,39678;-0,32416
112,63400;-1,39695;-0,32418
112,64401;-1,39712;-0,32422
112,65401;-1,39723;-0,32415
112,66401;-1,39740;-0,32433
112,67400;-1,39757;-0,32407
112,68401;-1,39774;-0,32457
112,69401;-1,39791;-0,32400
112,70400;-1,39808;-0,32441
112,71401;-1,39825;-0,32406
112,72401;-1,39842;-0,32441
112,73401;-1,39865;-0,32402
112,74400;-1,39882;-0,32433
112,75401;-1,39899;-0,32409
112,76401;-1,39916;-0,32421
112,77400;-1,39933;-0,32419
112,78401;-1,39950;-0,32407
112,79401;-1,39967;-0,32417
112,80401;-1,39978;-0,32388
112,81400;-1,39995;-0,32435
112,82401;-1,40012;-0,32392
112,83401;-1,40029;-0,32429
112,84400;-1,40046;-0,32403
112,85400;-1,40063;-0,32424
112,86401;-1,40080;-0,32398
112,87401;-1,40097;-0,32422
112,88400;-1,40114;-0,32402
112,89401;-1,40131;-0,32394
112,90401;-1,40148;-0,32412
112,91401;-1,40165;-0,32392
112,92400;-1,40182;-0,32412
112,93401;-1,40199;-0,32387
112,94401;-1,40216;-0,32413
112,95400;-1,40233;-0,32387
112,96401;-1,40250;-0,32416
112,97401;-1,40261;-0,32390
112,98401;-1,40278;-0,32403
112,99400;-1,40295;-0,32396
113,00401;-1,40307;-0,32396
113,01401;-1,40324;-0,32391
113,02400;-1,40341;-0,32397
113,03401;-1,40358;-0,32400
113,04401;-1,40375;-0,32391
113,05401;-1,40392;-0,32410
113,06400;-1,40409;-0,32385
113,07401;-1,40426;-0,32404
113,08401;-1,40443;-0,32388
113,09400;-1,40460;-0,32393
113,10400;-1,40471;-0,32374
113,11401;-1,40488;-0,32395
113,12401;-1,40499;-0,32376
113,13400;-1,40516;-0,32385
113,14401;-1,40533;-0,32392
113,15401;-1,40556;-0,32382
113,16401;-1,40573;-0,32402
113,17400;-1,40590;-0,32389
113,18401;-1,40607;-0,32383
113,19401;-1,40624;-0,32383
113,20400;-1,40647;-0,32387
113,21401;-1,40664;-0,32376
113,22401;-1,40681;-0,32390
113,23401;-1,40698;-0,32368
113,24400;-1,40715;-0,32383
113,25401;-1,40732;-0,32384
113,26401;-1,40749;-0,32382
113,27400;-1,40766;-0,32380
113,28401;-1,40783;-0,32379
113,29401;-1,40794;-0,32375
113,30401;-1,40811;-0,32383
113,31400;-1,40828;-0,32373
113,32401;-1,40839;-0,32371
113,33401;-1,40856;-0,32370
113,34400;-1,40873;-0,32369
113,35400;-1,40890;-0,32379
113,36401;-1,40907;-0,32375
113,37401;-1,40930;-0,32381
113,38400;-1,40947;-0,32372
113,39401;-1,40964;-0,32368
113,40401;-1,40981;-0,32375
113,41401;-1,40998;-0,32370
113,42400;-1,41009;-0,32362
113,43401;-1,41026;-0,32364
113,44401;-1,41043;-0,32362
113,45400;-1,41060;-0,32364
113,46401;-1,41077;-0,32373
113,47401;-1,41094;-0,32371
113,48401;-1,41111;-0,32360
113,49400;-1,41128;-0,32365
113,50401;-1,41145;-0,32347
113,51401;-1,41162;-0,32365
113,52400;-1,41179;-0,32344
113,53401;-1,41196;-0,32365
113,54401;-1,41213;-0,32350
113,55401;-1,41230;-0,32365
113,56400;-1,41247;-0,32350
113,57401;-1,41264;-0,32353
113,58401;-1,41281;-0,32344
113,59400;-1,41298;-0,32336
113,60400;-1,41315;-0,32352
113,61401;-1,41332;-0,32334
113,62401;-1,41349;-0,32353
113,63400;-1,41366;-0,32331
113,64401;-1,41383;-0,32349
113,65401;-1,41395;-0,32331
113,66401;-1,41412;-0,32344
113,67400;-1,41429;-0,32334
113,68401;-1,41440;-0,32336
113,69401;-1,41457;-0,32327
113,70400;-1,41474;-0,32326
113,71401;-1,41491;-0,32337
113,72401;-1,41508;-0,32308
113,73401;-1,41525;-0,32344
113,74400;-1,41536;-0,32301
113,75401;-1,41553;-0,32330
113,76401;-1,41570;-0,32312
113,77400;-1,41582;-0,32328
113,78401;-1,41599;-0,32305
113,79401;-1,41616;-0,32318
113,80401;-1,41633;-0,32306
113,81400;-1,41655;-0,32307
113,82401;-1,41672;-0,32306
113,83401;-1,41689;-0,32292
113,84400;-1,41706;-0,32309
113,85400;-1,41723;-0,32289
113,86401;-1,41746;-0,32316
113,87401;-1,41763;-0,32279
113,88400;-1,41780;-0,32304
113,89401;-1,41797;-0,32281
113,90401;-1,41814;-0,32299
113,91401;-1,41831;-0,32279
113,92400;-1,41848;-0,32285
113,93401;-1,41859;-0,32268
113,94401;-1,41876;-0,32283
113,95400;-1,41893;-0,32278
113,96401;-1,41910;-0,32272
113,97401;-1,41922;-0,32273
113,98401;-1,41939;-0,32248
113,99400;-1,41956;-0,32269
114,00401;-1,41973;-0,32249
114,01401;-1,41990;-0,32255
114,02400;-1,42012;-0,32245
114,03401;-1,42029;-0,32245
114,04401;-1,42046;-0,32240
114,05401;-1,42063;-0,32251
114,06400;-1,42080;-0,32229
114,07401;-1,42097;-0,32226
114,08401;-1,42114;-0,32225
114,09400;-1,42126;-0,32213
114,10400;-1,42143;-0,32228
114,11401;-1,42160;-0,32208
114,12401;-1,42177;-0,32212
114,13400;-1,42199;-0,32197
114,14401;-1,42216;-0,32206
114,15401;-1,42228;-0,32194
114,16401;-1,42245;-0,32196
114,17400;-1,42262;-0,32178
114,18401;-1,42279;-0,32183
114,19401;-1,42296;-0,32168
114,20400;-1,42313;-0,32164
114,21401;-1,42330;-0,32166
114,22401;-1,42347;-0,32141
114,23401;-1,42364;-0,32151
114,24400;-1,42381;-0,32132
114,25401;-1,42398;-0,32136
114,26401;-1,42415;-0,32123
114,27400;-1,42426;-0,32118
114,28401;-1,42443;-0,32103
114,29401;-1,42454;-0,32116
114,30401;-1,42471;-0,32090
114,31400;-1,42488;-0,32092
114,32401;-1,42505;-0,32078
114,33401;-1,42517;-0,32063
114,34400;-1,42534;-0,32065
114,35400;-1,42551;-0,32050
114,36401;-1,42568;-0,32035
114,37401;-1,42590;-0,32022
114,38400;-1,42602;-0,32016
114,39401;-1,42619;-0,31980
114,40401;-1,42636;-0,31986
114,41401;-1,42647;-0,31947
114,42400;-1,42664;-0,31951
114,43401;-1,42681;-0,31926
114,44401;-1,42704;-0,31906
114,45400;-1,42721;-0,31888
114,46401;-1,42738;-0,31846
114,47401;-1,42760;-0,31818
114,48401;-1,42777;-0,31774
114,49400;-1,42794;-0,31720
114,50401;-1,42811;-0,31639
114,51401;-1,42828;-0,31286
114,52400;-1,42845;-0,29481
114,53401;-1,42862;-0,28259
114,54401;-1,42879;-0,26819
114,55401;-1,42896;-0,26384
114,56400;-1,42913;-0,25808
114,57401;-1,42930;-0,25859
114,58401;-1,42942;-0,25752
114,59400;-1,42959;-0,25843
114,60400;-1,42970;-0,25934
114,61401;-1,42987;-0,25880
114,62401;-1,43004;-0,26055
114,62601;-1,43010;-0,26101
114,63601;-1,43021;-0,25858
114,64600;-1,43032;-0,26088
114,65601;-1,43032;-0,25851
114,66601;-1,43032;-0,26035
114,67600;-1,43032;-0,25884
114,68601;-1,43032;-0,25963
114,69601;-1,43021;-0,25950
114,70601;-1,43015;-0,25898
114,71600;-1,43015;-0,25981
114,72601;-1,43010;-0,25851
114,73601;-1,43004;-0,26010
114,74600;-1,42998;-0,25813
114,75601;-1,42987;-0,26034
114,76601;-1,42981;-0,25806
114,77601;-1,42976;-0,25998
114,78600;-1,42959;-0,25830
114,79601;-1,42947;-0,25944
114,80601;-1,42930;-0,25872
114,81600;-1,42919;-0,25895
114,82601;-1,42896;-0,25903
114,83601;-1,42874;-0,25834
114,84601;-1,42851;-0,25942
114,85600;-1,42823;-0,25791
114,86601;-1,42789;-0,25967
114,87601;-1,42760;-0,25772
114,88601;-1,42726;-0,25964
114,89600;-1,42692;-0,25779
114,90601;-1,42658;-0,25927
114,91601;-1,42630;-0,25812
114,92600;-1,42602;-0,25893
114,93601;-1,42573;-0,25860
114,94601;-1,42545;-0,25847
114,95601;-1,42517;-0,25904
114,96600;-1,42494;-0,25793
114,97601;-1,42471;-0,25920
114,98601;-1,42449;-0,25765
114,99600;-1,42426;-0,25918
115,00601;-1,42403;-0,25756
115,01601;-1,42386;-0,25905
115,02601;-1,42364;-0,25771
115,03600;-1,42347;-0,25869
115,04601;-1,42324;-0,25817
115,05601;-1,42307;-0,25826
115,06600;-1,42290;-0,25841
115,07601;-1,42267;-0,25791
115,08601;-1,42250;-0,25868
115,09601;-1,42233;-0,25769
115,10600;-1,42216;-0,25881
115,11601;-1,42199;-0,25761
115,12601;-1,42182;-0,25870
115,13601;-1,42165;-0,25772
115,14600;-1,42148;-0,25861
115,15601;-1,42131;-0,25769
115,16601;-1,42114;-0,25818
115,17600;-1,42097;-0,25799
115,18601;-1,42080;-0,25793
115,19601;-1,42063;-0,25827
115,20601;-1,42046;-0,25771
115,21600;-1,42029;-0,25831
115,22601;-1,42012;-0,25757
115,23601;-1,41995;-0,25841
115,24600;-1,41978;-0,25750
115,25601;-1,41967;-0,25823
115,26601;-1,41950;-0,25752
115,27601;-1,41933;-0,25814
115,28600;-1,41910;-0,25768
115,29601;-1,41893;-0,25799
115,30601;-1,41876;-0,25783
115,31600;-1,41859;-0,25777
115,32601;-1,41842;-0,25806
115,33601;-1,41831;-0,25761
115,34601;-1,41814;-0,25814
115,35600;-1,41797;-0,25746
115,36601;-1,41780;-0,25818
115,37601;-1,41763;-0,25744
115,38601;-1,41746;-0,25812
115,39600;-1,41729;-0,25735
115,40601;-1,41712;-0,25786
115,41601;-1,41695;-0,25758
115,42600;-1,41678;-0,25772
115,43601;-1,41661;-0,25769
115,44601;-1,41644;-0,25751
115,45601;-1,41627;-0,25789
115,46600;-1,41616;-0,25729
115,47601;-1,41599;-0,25799
115,48601;-1,41582;-0,25724
115,49600;-1,41565;-0,25783
115,50601;-1,41548;-0,25715
115,51601;-1,41531;-0,25773
115,52601;-1,41514;-0,25728
115,53600;-1,41497;-0,25751
115,54601;-1,41485;-0,25749
115,55601;-1,41468;-0,25741
115,56600;-1,41451;-0,25767
115,57601;-1,41434;-0,25722
115,58601;-1,41417;-0,25777
115,59601;-1,41400;-0,25700
115,60600;-1,41378;-0,25773
115,61601;-1,41361;-0,25699
115,62601;-1,41344;-0,25770
115,63601;-1,41327;-0,25708
115,64600;-1,41310;-0,25761
115,65601;-1,41293;-0,25725
115,66601;-1,41276;-0,25734
115,67600;-1,41259;-0,25737
115,68601;-1,41242;-0,25723
115,69601;-1,41225;-0,25743
115,70601;-1,41208;-0,25706
115,71600;-1,41191;-0,25752
115,72601;-1,41174;-0,25701
115,73601;-1,41151;-0,25755
115,74600;-1,41140;-0,25707
115,75601;-1,41123;-0,25751
115,76601;-1,41106;-0,25710
115,77601;-1,41089;-0,25739
115,78600;-1,41072;-0,25707
115,79601;-1,41055;-0,25717
115,80601;-1,41038;-0,25714
115,81600;-1,41021;-0,25704
115,82601;-1,41004;-0,25724
115,83601;-1,40987;-0,25714
115,84601;-1,40970;-0,25728
115,85600;-1,40953;-0,25705
115,86601;-1,40941;-0,25734
115,87601;-1,40924;-0,25685
115,88601;-1,40907;-0,25733
115,89600;-1,40890;-0,25690
115,90601;-1,40873;-0,25713
115,91601;-1,40856;-0,25692
115,92600;-1,40839;-0,25729
115,93601;-1,40822;-0,25681
115,94601;-1,40805;-0,25725
115,95601;-1,40788;-0,25689
115,96600;-1,40771;-0,25715
115,97601;-1,40754;-0,25703
115,98601;-1,40743;-0,25701
115,99600;-1,40726;-0,25707
116,00601;-1,40709;-0,25681
116,01601;-1,40692;-0,25714
116,02601;-1,40675;-0,25679
116,03600;-1,40658;-0,25714
116,04601;-1,40635;-0,25674
116,05601;-1,40618;-0,25726
116,06600;-1,40601;-0,25676
116,07601;-1,40584;-0,25719
116,08601;-1,40567;-0,25684
116,09601;-1,40556;-0,25709
116,10600;-1,40539;-0,25691
116,11601;-1,40522;-0,25688
116,12601;-1,40505;-0,25703
116,13601;-1,40488;-0,25673
116,14600;-1,40471;-0,25708
116,15601;-1,40454;-0,25666
116,16601;-1,40437;-0,25701
116,17600;-1,40426;-0,25665
116,18601;-1,40409;-0,25716
116,19601;-1,40392;-0,25661
116,20601;-1,40375;-0,25700
116,21600;-1,40358;-0,25667
116,22601;-1,40346;-0,25684
116,23601;-1,40329;-0,25683
116,24600;-1,40312;-0,25686
116,25601;-1,40295;-0,25680
116,26601;-1,40278;-0,25670
116,27601;-1,40261;-0,25696
116,28600;-1,40244;-0,25661
116,29601;-1,40227;-0,25689
116,30601;-1,40210;-0,25655
116,31600;-1,40193;-0,25693
116,32601;-1,40176;-0,25659
116,33601;-1,40159;-0,25700
116,34601;-1,40142;-0,25663
116,35600;-1,40125;-0,25684
116,36601;-1,40108;-0,25667
116,37601;-1,40097;-0,25678
116,38601;-1,40080;-0,25673
116,39600;-1,40063;-0,25662
116,40601;-1,40046;-0,25677
116,41601;-1,40029;-0,25650
116,42600;-1,40012;-0,25683
116,43601;-1,39995;-0,25653
116,44601;-1,39972;-0,25685
116,45601;-1,39955;-0,25652
116,46600;-1,39938;-0,25690
116,47601;-1,39921;-0,25641
116,48601;-1,39904;-0,25684
116,49600;-1,39887;-0,25644
116,50601;-1,39870;-0,25677
116,51601;-1,39853;-0,25651
116,52601;-1,39836;-0,25658
116,53600;-1,39819;-0,25664
116,54601;-1,39802;-0,25653
116,55601;-1,39785;-0,25665
116,56600;-1,39768;-0,25645
116,57601;-1,39751;-0,25671
116,58601;-1,39740;-0,25639
116,59601;-1,39723;-0,25677
116,60600;-1,39706;-0,25639
116,61601;-1,39689;-0,25665
116,62601;-1,39672;-0,25643
116,63601;-1,39655;-0,25664
116,64600;-1,39638;-0,25660
116,65601;-1,39627;-0,25648
116,66601;-1,39610;-0,25657
116,67600;-1,39587;-0,25641
116,68601;-1,39576;-0,25658
116,69601;-1,39553;-0,25639
116,70601;-1,39536;-0,25661
116,71600;-1,39519;-0,25630
116,72601;-1,39508;-0,25661
116,73601;-1,39491;-0,25637
116,74600;-1,39474;-0,25648
116,75601;-1,39457;-0,25645
116,76601;-1,39440;-0,25641
116,77601;-1,39423;-0,25648
116,78600;-1,39406;-0,25637
116,79601;-1,39389;-0,25649
116,80601;-1,39372;-0,25634
116,81600;-1,39355;-0,25643
116,82601;-1,39338;-0,25626
116,83601;-1,39321;-0,25646
116,84601;-1,39304;-0,25624
116,85600;-1,39292;-0,25649
116,86601;-1,39275;-0,25629
116,87601;-1,39258;-0,25636
116,88601;-1,39241;-0,25637
116,89600;-1,39224;-0,25630
116,90601;-1,39207;-0,25638
116,91601;-1,39190;-0,25629
116,92600;-1,39173;-0,25628
116,93601;-1,39156;-0,25624
116,94601;-1,39139;-0,25637
116,95601;-1,39122;-0,25619
116,96600;-1,39105;-0,25640
116,97601;-1,39088;-0,25625
116,98601;-1,39071;-0,25626
116,99600;-1,39054;-0,25626
117,00601;-1,39037;-0,25622
117,01601;-1,39020;-0,25622
117,02601;-1,39003;-0,25618
117,03600;-1,38986;-0,25625
117,04601;-1,38975;-0,25618
117,05601;-1,38958;-0,25623
117,06600;-1,38941;-0,25610
117,07601;-1,38924;-0,25623
117,08601;-1,38907;-0,25616
117,09601;-1,38890;-0,25620
117,10600;-1,38873;-0,25619
117,11601;-1,38856;-0,25613
117,12601;-1,38839;-0,25619
117,13601;-1,38822;-0,25613
117,14600;-1,38805;-0,25625
117,15601;-1,38788;-0,25607
117,16601;-1,38771;-0,25611
117,17600;-1,38760;-0,25607
117,18601;-1,38743;-0,25612
117,19601;-1,38726;-0,25605
117,20601;-1,38709;-0,25609
117,21600;-1,38692;-0,25609
117,22601;-1,38675;-0,25607
117,23601;-1,38658;-0,25616
117,24600;-1,38641;-0,25597
117,25601;-1,38624;-0,25613
117,26601;-1,38607;-0,25598
117,27601;-1,38590;-0,25610
117,28600;-1,38573;-0,25593
117,29601;-1,38556;-0,25612
117,30601;-1,38539;-0,25596
117,31600;-1,38522;-0,25605
117,32601;-1,38505;-0,25602
117,33601;-1,38488;-0,25604
117,34601;-1,38471;-0,25599
117,35600;-1,38454;-0,25605
117,36601;-1,38437;-0,25605
117,37601;-1,38420;-0,25588
117,38601;-1,38403;-0,25611
117,39600;-1,38386;-0,25589
117,40601;-1,38369;-0,25603
117,41601;-1,38352;-0,25598
117,42600;-1,38340;-0,25601
117,43601;-1,38323;-0,25595
117,44601;-1,38306;-0,25603
117,45601;-1,38295;-0,25589
117,46600;-1,38278;-0,25593
117,47601;-1,38261;-0,25597
117,48601;-1,38244;-0,25581
117,49600;-1,38233;-0,25599
117,50601;-1,38216;-0,25580
117,51601;-1,38199;-0,25589
117,52601;-1,38182;-0,25581
117,53600;-1,38165;-0,25600
117,54601;-1,38148;-0,25577
117,55601;-1,38131;-0,25599
117,56600;-1,38114;-0,25580
117,57601;-1,38097;-0,25587
117,58601;-1,38080;-0,25580
117,59601;-1,38063;-0,25582
117,60600;-1,38046;-0,25584
117,61601;-1,38029;-0,25574
117,62601;-1,38012;-0,25594
117,63601;-1,37995;-0,25575
117,64600;-1,37983;-0,25595
117,65601;-1,37966;-0,25573
117,66601;-1,37949;-0,25589
117,67600;-1,37932;-0,25569
117,68601;-1,37915;-0,25579
117,69601;-1,37898;-0,25565
117,70601;-1,37881;-0,25569
117,71600;-1,37864;-0,25581
117,72601;-1,37847;-0,25565
117,73601;-1,37825;-0,25588
117,74600;-1,37808;-0,25561
117,75601;-1,37791;-0,25583
117,76601;-1,37774;-0,25561
117,77601;-1,37762;-0,25582
117,78600;-1,37745;-0,25548
117,79601;-1,37728;-0,25571
117,80601;-1,37706;-0,25561
117,81600;-1,37694;-0,25561
117,82601;-1,37677;-0,25568
117,83601;-1,37660;-0,25562
117,84601;-1,37643;-0,25566
117,85600;-1,37626;-0,25550
117,86601;-1,37609;-0,25578
117,87601;-1,37592;-0,25541
117,88601;-1,37575;-0,25566
117,89600;-1,37558;-0,25545
117,90601;-1,37541;-0,25564
117,91601;-1,37524;-0,25547
117,92600;-1,37513;-0,25568
117,93601;-1,37496;-0,25552
117,94601;-1,37479;-0,25562
117,95601;-1,37462;-0,25555
117,96600;-1,37445;-0,25537
117,97601;-1,37428;-0,25559
117,98601;-1,37411;-0,25550
117,99600;-1,37394;-0,25553
118,00601;-1,37377;-0,25539
118,01601;-1,37360;-0,25566
118,02601;-1,37349;-0,25530
118,03600;-1,37332;-0,25564
118,04601;-1,37315;-0,25533
118,05601;-1,37298;-0,25543
118,06600;-1,37281;-0,25536
118,07601;-1,37264;-0,25554
118,08601;-1,37247;-0,25536
118,09601;-1,37230;-0,25530
118,10600;-1,37213;-0,25546
118,11601;-1,37196;-0,25532
118,12601;-1,37184;-0,25557
118,13601;-1,37167;-0,25536
118,14600;-1,37150;-0,25550
118,15601;-1,37133;-0,25528
118,16601;-1,37116;-0,25551
118,17600;-1,37099;-0,25529
118,18601;-1,37082;-0,25541
118,19601;-1,37065;-0,25528
118,20601;-1,37048;-0,25537
118,21600;-1,37031;-0,25544
118,22601;-1,37009;-0,25540
118,23601;-1,36992;-0,25542
118,24600;-1,36975;-0,25538
118,25601;-1,36958;-0,25554
118,26601;-1,36941;-0,25526
118,27601;-1,36924;-0,25549
118,28600;-1,36907;-0,25524
118,29601;-1,36895;-0,25535
118,30601;-1,36878;-0,25528
118,31600;-1,36861;-0,25540
118,32601;-1,36844;-0,25518
118,33601;-1,36827;-0,25544
118,34601;-1,36810;-0,25528
118,35600;-1,36793;-0,25524
118,36601;-1,36776;-0,25529
118,37601;-1,36759;-0,25522
118,38601;-1,36742;-0,25534
118,39600;-1,36725;-0,25528
118,40601;-1,36708;-0,25529
118,41601;-1,36691;-0,25516
118,42600;-1,36680;-0,25540
118,43601;-1,36663;-0,25512
118,44601;-1,36646;-0,25536
118,45601;-1,36629;-0,25509
118,46600;-1,36612;-0,25529
118,47601;-1,36595;-0,25514
118,48601;-1,36578;-0,25522
118,49600;-1,36561;-0,25518
118,50601;-1,36550;-0,25509
118,51601;-1,36533;-0,25520
118,52601;-1,36516;-0,25511
118,53600;-1,36499;-0,25521
118,54601;-1,36482;-0,25505
118,55601;-1,36465;-0,25524
118,56600;-1,36448;-0,25501
118,57601;-1,36431;-0,25524
118,58601;-1,36414;-0,25499
118,59601;-1,36397;-0,25516
118,60600;-1,36380;-0,25503
118,61601;-1,36363;-0,25505
118,62601;-1,36346;-0,25517
118,63601;-1,36329;-0,25498
118,64600;-1,36312;-0,25516
118,65601;-1,36295;-0,25503
118,66601;-1,36278;-0,25518
118,67600;-1,36261;-0,25490
118,68601;-1,36244;-0,25523
118,69601;-1,36227;-0,25490
118,70601;-1,36210;-0,25517
118,71600;-1,36193;-0,25491
118,72601;-1,36176;-0,25508
118,73601;-1,36159;-0,25499
118,74600;-1,36147;-0,25508
118,75601;-1,36130;-0,25509
118,76601;-1,36113;-0,25492
118,77601;-1,36096;-0,25506
118,78600;-1,36085;-0,25488
118,79601;-1,36068;-0,25501
118,80601;-1,36051;-0,25477
118,81600;-1,36034;-0,25501
118,82601;-1,36017;-0,25481
118,83601;-1,36000;-0,25502
118,84601;-1,35983;-0,25482
118,85600;-1,35966;-0,25494
118,86601;-1,35949;-0,25496
118,87601;-1,35932;-0,25488
118,88601;-1,35915;-0,25499
118,89600;-1,35898;-0,25475
118,90601;-1,35881;-0,25491
118,91601;-1,35864;-0,25479
118,92600;-1,35847;-0,25500
118,93601;-1,35830;-0,25481
118,94601;-1,35813;-0,25494
118,95601;-1,35796;-0,25475
118,96600;-1,35779;-0,25494
118,97601;-1,35762;-0,25483
118,98601;-1,35745;-0,25477
118,99600;-1,35728;-0,25490
119,00601;-1,35711;-0,25476
119,01601;-1,35694;-0,25489
119,02601;-1,35677;-0,25475
119,03600;-1,35660;-0,25486
119,04601;-1,35643;-0,25475
119,05601;-1,35626;-0,25486
119,06600;-1,35609;-0,25479
119,07601;-1,35592;-0,25489
119,08601;-1,35575;-0,25474
119,09601;-1,35558;-0,25480
119,10600;-1,35541;-0,25483
119,11601;-1,35524;-0,25475
119,12601;-1,35507;-0,25484
119,13601;-1,35490;-0,25475
119,14600;-1,35473;-0,25482
119,15601;-1,35456;-0,25478
119,16601;-1,35439;-0,25479
119,17600;-1,35422;-0,25462
119,18601;-1,35405;-0,25483
119,19601;-1,35394;-0,25462
119,20601;-1,35377;-0,25483
119,21600;-1,35360;-0,25467
119,22601;-1,35343;-0,25469
119,23601;-1,35326;-0,25474
119,24600;-1,35309;-0,25473
119,25601;-1,35297;-0,25470
119,26601;-1,35280;-0,25460
119,27601;-1,35263;-0,25471
119,28600;-1,35246;-0,25446
119,29601;-1,35229;-0,25477
119,30601;-1,35212;-0,25449
119,31600;-1,35195;-0,25479
119,32601;-1,35178;-0,25449
119,33601;-1,35161;-0,25480
119,34601;-1,35144;-0,25450
119,35600;-1,35133;-0,25471
119,36601;-1,35116;-0,25455
119,37601;-1,35099;-0,25455
119,38601;-1,35082;-0,25456
119,39600;-1,35065;-0,25456
119,40601;-1,35048;-0,25456
119,41601;-1,35031;-0,25445
119,42600;-1,35014;-0,25466
119,43601;-1,34997;-0,25430
119,44601;-1,34986;-0,25473
119,45601;-1,34969;-0,25442
119,46600;-1,34952;-0,25457
119,47601;-1,34935;-0,25440
119,48601;-1,34912;-0,25446
119,49600;-1,34895;-0,25444
119,50601;-1,34878;-0,25443
119,51601;-1,34861;-0,25439
119,52601;-1,34844;-0,25446
119,53600;-1,34827;-0,25449
119,54601;-1,34810;-0,25439
119,55601;-1,34793;-0,25459
119,56600;-1,34776;-0,25422
119,57601;-1,34759;-0,25454
119,58601;-1,34742;-0,25430
119,59601;-1,34725;-0,25453
119,60600;-1,34708;-0,25426
119,61601;-1,34697;-0,25444
119,62601;-1,34680;-0,25430
119,63601;-1,34657;-0,25443
119,64600;-1,34640;-0,25437
119,65601;-1,34623;-0,25437
119,66601;-1,34606;-0,25440
119,67600;-1,34589;-0,25419
119,68601;-1,34572;-0,25455
119,69601;-1,34555;-0,25414
119,70601;-1,34538;-0,25448
119,71600;-1,34527;-0,25419
119,72601;-1,34504;-0,25446
119,73601;-1,34493;-0,25428
119,74600;-1,34476;-0,25455
119,75601;-1,34459;-0,25424
119,76601;-1,34442;-0,25438
119,77601;-1,34425;-0,25438
119,78600;-1,34408;-0,25428
119,79601;-1,34391;-0,25452
119,80601;-1,34374;-0,25416
119,81600;-1,34362;-0,25445
119,82601;-1,34345;-0,25418
119,83601;-1,34328;-0,25444
119,84601;-1,34306;-0,25413
119,85600;-1,34294;-0,25449
119,86601;-1,34277;-0,25417
119,87601;-1,34260;-0,25442
119,88601;-1,34243;-0,25426
119,89600;-1,34226;-0,25428
119,90601;-1,34209;-0,25436
119,91601;-1,34192;-0,25422
119,92600;-1,34181;-0,25437
119,93601;-1,34158;-0,25415
119,94601;-1,34147;-0,25432
119,95601;-1,34124;-0,25414
119,96600;-1,34113;-0,25433
119,97601;-1,34096;-0,25404
119,98601;-1,34079;-0,25441
119,99600;-1,34062;-0,25409
120,00601;-1,34045;-0,25441
120,01601;-1,34028;-0,25412
120,02601;-1,34011;-0,25421
120,03600;-1,33994;-0,25424
120,04601;-1,33977;-0,25420
120,05601;-1,33966;-0,25423
120,06600;-1,33949;-0,25414
120,07601;-1,33932;-0,25423
120,08601;-1,33915;-0,25404
120,09601;-1,33898;-0,25432
120,10600;-1,33881;-0,25399
120,11601;-1,33869;-0,25428
120,12601;-1,33847;-0,25394
120,13601;-1,33830;-0,25434
120,14600;-1,33813;-0,25406
120,15601;-1,33796;-0,25425
120,16601;-1,33779;-0,25412
120,17600;-1,33762;-0,25415
120,18601;-1,33745;-0,25425
120,19601;-1,33728;-0,25407
120,20601;-1,33711;-0,25415
120,21600;-1,33694;-0,25403
120,22601;-1,33677;-0,25418
120,23601;-1,33660;-0,25393
120,24600;-1,33648;-0,25425
120,25601;-1,33631;-0,25394
120,26601;-1,33614;-0,25417
120,27601;-1,33592;-0,25399
120,28600;-1,33575;-0,25404
120,29601;-1,33558;-0,25402
120,30601;-1,33541;-0,25407
120,31601;-1,33524;-0,25397
120,32601;-1,33507;-0,25396
120,33601;-1,33490;-0,25409
120,34601;-1,33473;-0,25392
120,35600;-1,33456;-0,25414
120,36601;-1,33439;-0,25401
120,37601;-1,33422;-0,25408
120,38601;-1,33405;-0,25393
120,39600;-1,33388;-0,25417
120,40601;-1,33371;-0,25394
120,41601;-1,33354;-0,25398
120,42600;-1,33337;-0,25394
120,43601;-1,33325;-0,25391
120,44601;-1,33308;-0,25409
120,45601;-1,33291;-0,25397
120,46600;-1,33274;-0,25404
120,47601;-1,33257;-0,25384
120,48601;-1,33240;-0,25407
120,49600;-1,33223;-0,25380
120,50601;-1,33212;-0,25400
120,51601;-1,33195;-0,25383
120,52601;-1,33178;-0,25392
120,53600;-1,33161;-0,25392
120,54601;-1,33144;-0,25403
120,55601;-1,33127;-0,25393
120,56601;-1,33116;-0,25385
120,57601;-1,33099;-0,25402
120,58601;-1,33082;-0,25376
120,59601;-1,33065;-0,25399
120,60600;-1,33048;-0,25378
120,61601;-1,33031;-0,25385
120,62601;-1,33014;-0,25382
120,63601;-1,32997;-0,25401
120,64600;-1,32985;-0,25373
120,65601;-1,32968;-0,25395
120,66601;-1,32951;-0,25379
120,67600;-1,32934;-0,25379
120,68601;-1,32917;-0,25383
120,69601;-1,32900;-0,25375
120,70601;-1,32883;-0,25385
120,71600;-1,32866;-0,25366
120,72601;-1,32849;-0,25387
120,73601;-1,32832;-0,25369
120,74600;-1,32815;-0,25396
120,75601;-1,32798;-0,25366
120,76601;-1,32781;-0,25393
120,77601;-1,32764;-0,25366
120,78600;-1,32747;-0,25387
120,79601;-1,32730;-0,25371
120,80601;-1,32713;-0,25382
120,81601;-1,32696;-0,25383
120,82601;-1,32679;-0,25366
120,83601;-1,32662;-0,25385
120,84601;-1,32645;-0,25354
120,85600;-1,32628;-0,25384
120,86601;-1,32611;-0,25365
120,87601;-1,32600;-0,25387
120,88601;-1,32583;-0,25353
120,89600;-1,32566;-0,25385
120,90601;-1,32549;-0,25360
120,91601;-1,32532;-0,25372
120,92600;-1,32515;-0,25373
120,93601;-1,32498;-0,25363
120,94601;-1,32481;-0,25379
120,95601;-1,32464;-0,25356
120,96600;-1,32447;-0,25380
120,97601;-1,32430;-0,25351
120,98601;-1,32413;-0,25382
120,99600;-1,32396;-0,25353
121,00601;-1,32379;-0,25384
121,01601;-1,32362;-0,25351
121,02601;-1,32345;-0,25372
121,03600;-1,32334;-0,25365
121,04601;-1,32317;-0,25363
121,05601;-1,32300;-0,25372
121,06601;-1,32283;-0,25349
121,07601;-1,32266;-0,25370
121,08601;-1,32249;-0,25348
121,09601;-1,32232;-0,25371
121,10600;-1,32215;-0,25340
121,11601;-1,32198;-0,25373
121,12601;-1,32181;-0,25344
121,13601;-1,32164;-0,25376
121,14600;-1,32147;-0,25357
121,15601;-1,32130;-0,25362
121,16601;-1,32113;-0,25356
121,17600;-1,32096;-0,25357
121,18601;-1,32079;-0,25358
121,19601;-1,32062;-0,25348
121,20601;-1,32045;-0,25362
121,21600;-1,32033;-0,25341
121,22601;-1,32016;-0,25363
121,23601;-1,31999;-0,25341
121,24600;-1,31982;-0,25371
121,25601;-1,31965;-0,25346
121,26601;-1,31948;-0,25357
121,27601;-1,31931;-0,25343
121,28600;-1,31914;-0,25361
121,29601;-1,31897;-0,25348
121,30601;-1,31880;-0,25354
121,31601;-1,31863;-0,25353
121,32601;-1,31846;-0,25337
121,33601;-1,31835;-0,25354
121,34601;-1,31818;-0,25344
121,35600;-1,31801;-0,25345
121,36601;-1,31784;-0,25334
121,37601;-1,31767;-0,25345
121,38601;-1,31750;-0,25333
121,39600;-1,31733;-0,25344
121,40601;-1,31716;-0,25334
121,41601;-1,31699;-0,25328
121,42600;-1,31682;-0,25338
121,43601;-1,31665;-0,25335
121,44601;-1,31648;-0,25339
121,45601;-1,31631;-0,25332
121,46600;-1,31614;-0,25332
121,47601;-1,31597;-0,25326
121,48601;-1,31580;-0,25333
121,49600;-1,31563;-0,25328
121,50601;-1,31546;-0,25335
121,51601;-1,31529;-0,25328
121,52601;-1,31512;-0,25340
121,53600;-1,31501;-0,25341
121,54601;-1,31484;-0,25331
121,55601;-1,31467;-0,25343
121,56601;-1,31450;-0,25329
121,57601;-1,31427;-0,25330
121,58601;-1,31410;-0,25328
121,59601;-1,31393;-0,25336
121,60600;-1,31376;-0,25317
121,61601;-1,31359;-0,25334
121,62601;-1,31342;-0,25330
121,63601;-1,31325;-0,25329
121,64600;-1,31308;-0,25333
121,65601;-1,31291;-0,25332
121,66601;-1,31274;-0,25328
121,67600;-1,31257;-0,25327
121,68601;-1,31240;-0,25331
121,69601;-1,31223;-0,25321
121,70601;-1,31206;-0,25329
121,71600;-1,31189;-0,25324
121,72601;-1,31172;-0,25327
121,73601;-1,31161;-0,25331
121,74600;-1,31144;-0,25325
121,75601;-1,31127;-0,25322
121,76601;-1,31110;-0,25322
121,77601;-1,31093;-0,25327
121,78600;-1,31076;-0,25324
121,79601;-1,31059;-0,25329
121,80601;-1,31042;-0,25331
121,81601;-1,31030;-0,25318
121,82601;-1,31013;-0,25329
121,83601;-1,30996;-0,25318
121,84601;-1,30979;-0,25325
121,85600;-1,30962;-0,25314
121,86601;-1,30945;-0,25323
121,87601;-1,30934;-0,25312
121,88601;-1,30917;-0,25327
121,89600;-1,30900;-0,25315
121,90601;-1,30883;-0,25319
121,91601;-1,30866;-0,25308
121,92600;-1,30849;-0,25313
121,93601;-1,30832;-0,25325
121,94601;-1,30815;-0,25305
121,95601;-1,30798;-0,25331
121,96600;-1,30781;-0,25313
121,97601;-1,30764;-0,25327
121,98601;-1,30747;-0,25316
121,99600;-1,30730;-0,25329
122,00601;-1,30713;-0,25305
122,01601;-1,30702;-0,25324
122,02601;-1,30685;-0,25302
122,03600;-1,30668;-0,25319
122,04601;-1,30651;-0,25313
122,05601;-1,30634;-0,25314
122,06601;-1,30617;-0,25314
122,07601;-1,30600;-0,25301
122,08601;-1,30583;-0,25316
122,09601;-1,30566;-0,25295
122,10600;-1,30549;-0,25311
122,11601;-1,30532;-0,25298
122,12601;-1,30515;-0,25315
122,13601;-1,30498;-0,25299
122,14600;-1,30481;-0,25318
122,15601;-1,30464;-0,25300
122,16601;-1,30447;-0,25316
122,17600;-1,30430;-0,25312
122,18601;-1,30418;-0,25300
122,19601;-1,30401;-0,25311
122,20601;-1,30384;-0,25294
122,21600;-1,30367;-0,25311
122,22601;-1,30345;-0,25286
122,23601;-1,30328;-0,25311
122,24600;-1,30311;-0,25295
122,25601;-1,30294;-0,25315
122,26601;-1,30277;-0,25284
122,27601;-1,30260;-0,25315
122,28600;-1,30243;-0,25288
122,29601;-1,30226;-0,25306
122,30601;-1,30209;-0,25302
122,31601;-1,30192;-0,25296
122,32601;-1,30175;-0,25299
122,33601;-1,30158;-0,25297
122,34601;-1,30141;-0,25305
122,35600;-1,30129;-0,25282
122,36601;-1,30112;-0,25305
122,37601;-1,30095;-0,25281
122,38601;-1,30078;-0,25310
122,39600;-1,30061;-0,25285
122,40601;-1,30044;-0,25292
122,41601;-1,30027;-0,25281
122,42600;-1,30010;-0,25296
122,43601;-1,29993;-0,25287
122,44601;-1,29976;-0,25277
122,45601;-1,29959;-0,25300
122,46600;-1,29942;-0,25270
122,47601;-1,29925;-0,25301
122,48601;-1,29908;-0,25279
122,49600;-1,29891;-0,25300
122,50601;-1,29874;-0,25261
122,51601;-1,29857;-0,25295
122,52601;-1,29840;-0,25267
122,53600;-1,29823;-0,25274
122,54601;-1,29806;-0,25285
122,55601;-1,29789;-0,25273
122,56601;-1,29778;-0,25283
122,57601;-1,29761;-0,25274
122,58601;-1,29744;-0,25289
122,59601;-1,29727;-0,25256
122,60600;-1,29710;-0,25296
122,61601;-1,29699;-0,25255
122,62601;-1,29682;-0,25287
122,63601;-1,29665;-0,25268
122,64600;-1,29648;-0,25281
122,65601;-1,29631;-0,25272
122,66601;-1,29614;-0,25276
122,67600;-1,29597;-0,25284
122,68601;-1,29585;-0,25267
122,69601;-1,29568;-0,25284
122,70601;-1,29551;-0,25262
122,71600;-1,29534;-0,25283
122,72601;-1,29517;-0,25258
122,73601;-1,29500;-0,25278
122,74600;-1,29483;-0,25244
122,75601;-1,29461;-0,25277
122,76601;-1,29449;-0,25269
122,77601;-1,29432;-0,25267
122,78600;-1,29415;-0,25274
122,79601;-1,29393;-0,25265
122,80601;-1,29381;-0,25273
122,81601;-1,29364;-0,25270
122,82601;-1,29347;-0,25278
122,83601;-1,29330;-0,25246
122,84601;-1,29313;-0,25278
122,85600;-1,29296;-0,25255
122,86601;-1,29279;-0,25274
122,87601;-1,29262;-0,25259
122,88601;-1,29245;-0,25267
122,89600;-1,29228;-0,25256
122,90601;-1,29211;-0,25267
122,91601;-1,29194;-0,25258
122,92600;-1,29177;-0,25251
122,93601;-1,29160;-0,25265
122,94601;-1,29143;-0,25253
122,95601;-1,29126;-0,25267
122,96600;-1,29109;-0,25247
122,97601;-1,29092;-0,25266
122,98601;-1,29075;-0,25242
122,99600;-1,29058;-0,25263
123,00601;-1,29041;-0,25257
123,01601;-1,29024;-0,25251
123,02601;-1,29013;-0,25262
123,03600;-1,28996;-0,25247
123,04601;-1,28979;-0,25251
123,05601;-1,28962;-0,25241
123,06601;-1,28945;-0,25261
123,07601;-1,28928;-0,25233
123,08601;-1,28911;-0,25259
123,09601;-1,28894;-0,25240
123,10600;-1,28877;-0,25250
123,11601;-1,28860;-0,25252
123,12601;-1,28843;-0,25248
123,13601;-1,28832;-0,25249
123,14600;-1,28815;-0,25245
123,15601;-1,28798;-0,25254
123,16601;-1,28781;-0,25236
123,17600;-1,28764;-0,25255
123,18601;-1,28747;-0,25224
123,19601;-1,28730;-0,25254
123,20601;-1,28713;-0,25241
123,21600;-1,28696;-0,25256
123,22601;-1,28684;-0,25241
123,23601;-1,28667;-0,25243
123,24600;-1,28650;-0,25247
123,25601;-1,28633;-0,25236
123,26601;-1,28616;-0,25255
123,27601;-1,28599;-0,25228
123,28600;-1,28582;-0,25264
123,29601;-1,28565;-0,25237
123,30601;-1,28548;-0,25266
123,31601;-1,28531;-0,25235
123,32601;-1,28514;-0,25255
123,33601;-1,28497;-0,25242
123,34601;-1,28480;-0,25253
123,35600;-1,28463;-0,25254
123,36601;-1,28446;-0,25239
123,37601;-1,28429;-0,25259
123,38601;-1,28412;-0,25233
123,39600;-1,28395;-0,25262
123,40601;-1,28378;-0,25225
123,41601;-1,28367;-0,25253
123,42600;-1,28350;-0,25226
123,43601;-1,28333;-0,25254
123,44601;-1,28316;-0,25236
123,45601;-1,28299;-0,25248
123,46600;-1,28282;-0,25240
123,47601;-1,28265;-0,25237
123,48601;-1,28248;-0,25248
123,49600;-1,28231;-0,25221
123,50601;-1,28214;-0,25240
123,51601;-1,28197;-0,25218
123,52601;-1,28180;-0,25251
123,53600;-1,28163;-0,25221
123,54601;-1,28146;-0,25259
123,55601;-1,28129;-0,25231
123,56601;-1,28112;-0,25250
123,57601;-1,28095;-0,25241
123,58601;-1,28078;-0,25237
123,59601;-1,28061;-0,25243
123,60600;-1,28044;-0,25241
123,61601;-1,28027;-0,25248
123,62601;-1,28010;-0,25227
123,63601;-1,27993;-0,25252
123,64600;-1,27976;-0,25221
123,65601;-1,27959;-0,25256
123,66601;-1,27942;-0,25222
123,67600;-1,27925;-0,25249
123,68601;-1,27908;-0,25223
123,69601;-1,27891;-0,25244
123,70601;-1,27874;-0,25232
123,71600;-1,27857;-0,25235
123,72601;-1,27840;-0,25233
123,73601;-1,27823;-0,25228
123,74600;-1,27806;-0,25239
123,75601;-1,27789;-0,25221
123,76601;-1,27772;-0,25248
123,77601;-1,27755;-0,25220
123,78600;-1,27738;-0,25245
123,79601;-1,27721;-0,25221
123,80601;-1,27710;-0,25243
123,81601;-1,27693;-0,25220
123,82601;-1,27676;-0,25233
123,83601;-1,27659;-0,25226
123,84601;-1,27642;-0,25221
123,85600;-1,27625;-0,25230
123,86601;-1,27608;-0,25233
123,87601;-1,27591;-0,25235
123,88601;-1,27574;-0,25215
123,89600;-1,27562;-0,25232
123,90601;-1,27545;-0,25218
123,91601;-1,27528;-0,25238
123,92600;-1,27511;-0,25218
123,93601;-1,27494;-0,25225
123,94601;-1,27477;-0,25219
123,95601;-1,27466;-0,25227
123,96600;-1,27449;-0,25227
123,97601;-1,27432;-0,25227
123,98601;-1,27415;-0,25225
123,99600;-1,27398;-0,25221
124,00601;-1,27381;-0,25233
124,01601;-1,27364;-0,25224
124,02601;-1,27347;-0,25227
124,03600;-1,27330;-0,25213
124,04601;-1,27313;-0,25234
124,05601;-1,27296;-0,25228
124,06601;-1,27279;-0,25233
124,07601;-1,27262;-0,25219
124,08601;-1,27245;-0,25221
124,09601;-1,27228;-0,25227
124,10600;-1,27211;-0,25215
124,11601;-1,27194;-0,25227
124,12601;-1,27177;-0,25214
124,13601;-1,27160;-0,25233
124,14600;-1,27143;-0,25216
124,15601;-1,27126;-0,25231
124,16601;-1,27109;-0,25209
124,17600;-1,27092;-0,25230
124,18601;-1,27075;-0,25229
124,19601;-1,27052;-0,25229
124,20601;-1,27035;-0,25228
124,21600;-1,27018;-0,25220
124,22601;-1,27001;-0,25232
124,23601;-1,26984;-0,25217
124,24600;-1,26967;-0,25235
124,25601;-1,26956;-0,25219
124,26601;-1,26939;-0,25225
124,27601;-1,26922;-0,25210
124,28600;-1,26905;-0,25221
124,29601;-1,26894;-0,25210
124,30601;-1,26877;-0,25211
124,31601;-1,26860;-0,25219
124,32601;-1,26843;-0,25206
124,33601;-1,26831;-0,25229
124,34601;-1,26814;-0,25209
124,35600;-1,26797;-0,25225
124,36601;-1,26780;-0,25205
124,37601;-1,26763;-0,25221
124,38601;-1,26746;-0,25200
124,39600;-1,26729;-0,25227
124,40601;-1,26712;-0,25218
124,41601;-1,26695;-0,25215
124,42600;-1,26678;-0,25216
124,43601;-1,26661;-0,25223
124,44601;-1,26650;-0,25220
124,45601;-1,26633;-0,25209
124,46600;-1,26616;-0,25225
124,47601;-1,26599;-0,25202
124,48601;-1,26582;-0,25228
124,49600;-1,26565;-0,25211
124,50601;-1,26548;-0,25221
124,51601;-1,26531;-0,25197
124,52601;-1,26514;-0,25229
124,53600;-1,26497;-0,25201
124,54601;-1,26480;-0,25215
124,55601;-1,26463;-0,25205
124,56601;-1,26446;-0,25204
124,57601;-1,26429;-0,25222
124,58601;-1,26412;-0,25210
124,59601;-1,26395;-0,25231
124,60600;-1,26378;-0,25205
124,61601;-1,26361;-0,25223
124,62601;-1,26344;-0,25203
124,63601;-1,26333;-0,25233
124,64600;-1,26316;-0,25198
124,65601;-1,26299;-0,25227
124,66601;-1,26282;-0,25208
124,67600;-1,26265;-0,25226
124,68601;-1,26248;-0,25222
124,69601;-1,26231;-0,25218
124,70601;-1,26214;-0,25213
124,71600;-1,26197;-0,25209
124,72601;-1,26180;-0,25222
124,73601;-1,26163;-0,25208
124,74600;-1,26146;-0,25221
124,75601;-1,26129;-0,25203
124,76601;-1,26112;-0,25233
124,77601;-1,26100;-0,25208
124,78600;-1,26083;-0,25246
124,79601;-1,26066;-0,25210
124,80601;-1,26049;-0,25233
124,81601;-1,26032;-0,25210
124,82601;-1,26015;-0,25214
124,83601;-1,25998;-0,25215
124,84601;-1,25976;-0,25219
124,85600;-1,25959;-0,25216
124,86601;-1,25942;-0,25210
124,87601;-1,25925;-0,25232
124,88601;-1,25908;-0,25201
124,89600;-1,25885;-0,25238
124,90601;-1,25868;-0,25208
124,91601;-1,25857;-0,25229
124,92600;-1,25840;-0,25201
124,93601;-1,25823;-0,25230
124,94601;-1,25806;-0,25211
124,95601;-1,25789;-0,25218
124,96600;-1,25772;-0,25221
124,97601;-1,25755;-0,25212
124,98601;-1,25738;-0,25228
124,99600;-1,25721;-0,25209
125,00601;-1,25704;-0,25231
125,01601;-1,25687;-0,25197
125,02601;-1,25670;-0,25232
125,03600;-1,25653;-0,25207
125,04601;-1,25636;-0,25231
125,05601;-1,25619;-0,25213
125,06601;-1,25602;-0,25220
125,07601;-1,25590;-0,25219
125,08601;-1,25573;-0,25211
125,09601;-1,25556;-0,25226
125,10600;-1,25539;-0,25210
125,11601;-1,25528;-0,25229
125,12601;-1,25511;-0,25202
125,13601;-1,25494;-0,25230
125,14600;-1,25477;-0,25206
125,15601;-1,25460;-0,25231
125,16601;-1,25443;-0,25208
125,17600;-1,25426;-0,25229
125,18601;-1,25415;-0,25215
125,19601;-1,25398;-0,25220
125,20601;-1,25381;-0,25218
125,21600;-1,25364;-0,25211
125,22601;-1,25347;-0,25228
125,23601;-1,25330;-0,25214
125,24600;-1,25318;-0,25229
125,25601;-1,25301;-0,25211
125,26601;-1,25284;-0,25237
125,27601;-1,25267;-0,25208
125,28600;-1,25250;-0,25238
125,29601;-1,25233;-0,25210
125,30601;-1,25216;-0,25219
125,31601;-1,25199;-0,25221
125,32601;-1,25182;-0,25225
125,33601;-1,25165;-0,25215
125,34601;-1,25148;-0,25225
125,35600;-1,25131;-0,25225
125,36601;-1,25114;-0,25211
125,37601;-1,25097;-0,25227
125,38601;-1,25080;-0,25209
125,39600;-1,25063;-0,25230
125,40601;-1,25046;-0,25206
125,41601;-1,25029;-0,25236
125,42600;-1,25012;-0,25215
125,43601;-1,24995;-0,25228
125,44601;-1,24978;-0,25211
125,45601;-1,24961;-0,25230
125,46600;-1,24944;-0,25214
125,47601;-1,24927;-0,25234
125,48601;-1,24910;-0,25229
125,49600;-1,24893;-0,25217
125,50601;-1,24876;-0,25228
125,51601;-1,24859;-0,25213
125,52601;-1,24842;-0,25238
125,53600;-1,24825;-0,25210
125,54601;-1,24803;-0,25245
125,55601;-1,24791;-0,25211
125,56601;-1,24774;-0,25247
125,57601;-1,24757;-0,25215
125,58601;-1,24740;-0,25236
125,59601;-1,24729;-0,25224
125,60600;-1,24712;-0,25229
125,61601;-1,24695;-0,25230
125,62601;-1,24678;-0,25217
125,63601;-1,24661;-0,25240
125,64600;-1,24644;-0,25206
125,65601;-1,24627;-0,25245
125,66601;-1,24610;-0,25219
125,67600;-1,24593;-0,25248
125,68601;-1,24576;-0,25230
125,69601;-1,24559;-0,25242
125,70601;-1,24542;-0,25230
125,71600;-1,24525;-0,25237
125,72601;-1,24514;-0,25248
125,73601;-1,24497;-0,25232
125,74600;-1,24480;-0,25246
125,75601;-1,24463;-0,25230
125,76601;-1,24446;-0,25250
125,77601;-1,24429;-0,25231
125,78600;-1,24412;-0,25241
125,79601;-1,24395;-0,25229
125,80601;-1,24378;-0,25244
125,81601;-1,24361;-0,25239
125,82601;-1,24344;-0,25243
125,83601;-1,24332;-0,25235
125,84601;-1,24310;-0,25236
125,85600;-1,24298;-0,25248
125,86601;-1,24281;-0,25242
125,87601;-1,24264;-0,25251
125,88601;-1,24247;-0,25243
125,89600;-1,24230;-0,25247
125,90601;-1,24213;-0,25241
125,91601;-1,24196;-0,25253
125,92600;-1,24179;-0,25232
125,93601;-1,24168;-0,25255
125,94601;-1,24151;-0,25248
125,95601;-1,24134;-0,25257
125,96600;-1,24117;-0,25250
125,97601;-1,24100;-0,25252
125,98601;-1,24083;-0,25255
125,99600;-1,24066;-0,25256
126,00601;-1,24049;-0,25259
126,01601;-1,24032;-0,25250
126,02601;-1,24015;-0,25259
126,03600;-1,23998;-0,25246
126,04601;-1,23981;-0,25258
126,05601;-1,23964;-0,25241
126,06601;-1,23947;-0,25263
126,07601;-1,23930;-0,25261
126,08601;-1,23913;-0,25258
126,09601;-1,23896;-0,25256
126,10600;-1,23879;-0,25258
126,11601;-1,23862;-0,25256
126,12601;-1,23845;-0,25262
126,13601;-1,23828;-0,25269
126,14600;-1,23811;-0,25253
126,15601;-1,23794;-0,25274
126,16601;-1,23777;-0,25257
126,17600;-1,23754;-0,25264
126,18601;-1,23737;-0,25264
126,19601;-1,23720;-0,25264
126,20601;-1,23703;-0,25277
126,21600;-1,23686;-0,25258
126,22601;-1,23669;-0,25259
126,23601;-1,23652;-0,25260
126,24600;-1,23641;-0,25272
126,25601;-1,23624;-0,25269
126,26601;-1,23607;-0,25279
126,27601;-1,23590;-0,25265
126,28600;-1,23573;-0,25278
126,29601;-1,23556;-0,25281
126,30601;-1,23539;-0,25269
126,31601;-1,23516;-0,25295
126,32601;-1,23499;-0,25272
126,33601;-1,23482;-0,25296
126,34601;-1,23471;-0,25287
126,35600;-1,23454;-0,25294
126,36601;-1,23437;-0,25282
126,37601;-1,23426;-0,25295
126,38601;-1,23409;-0,25292
126,39600;-1,23392;-0,25286
126,40601;-1,23375;-0,25292
126,41601;-1,23358;-0,25280
126,42600;-1,23341;-0,25296
126,43601;-1,23324;-0,25279
126,44601;-1,23307;-0,25310
126,45601;-1,23290;-0,25283
126,46600;-1,23278;-0,25303
126,47601;-1,23261;-0,25295
126,48601;-1,23244;-0,25302
126,49600;-1,23227;-0,25298
126,50601;-1,23210;-0,25306
126,51601;-1,23193;-0,25307
126,52601;-1,23182;-0,25303
126,53600;-1,23165;-0,25316
126,54601;-1,23148;-0,25300
126,55601;-1,23131;-0,25318
126,56601;-1,23114;-0,25298
126,57601;-1,23097;-0,25321
126,58601;-1,23080;-0,25314
126,59601;-1,23063;-0,25327
126,60600;-1,23052;-0,25308
126,61601;-1,23029;-0,25328
126,62601;-1,23018;-0,25310
126,63601;-1,23001;-0,25322
126,64600;-1,22978;-0,25322
126,65601;-1,22961;-0,25322
126,66601;-1,22944;-0,25333
126,67600;-1,22927;-0,25319
126,68601;-1,22910;-0,25338
126,69601;-1,22893;-0,25319
126,70601;-1,22876;-0,25351
126,71600;-1,22859;-0,25325
126,72601;-1,22842;-0,25337
126,73601;-1,22825;-0,25318
126,74601;-1,22808;-0,25344
126,75601;-1,22791;-0,25333
126,76601;-1,22774;-0,25341
126,77601;-1,22757;-0,25349
126,78600;-1,22740;-0,25323
126,79601;-1,22723;-0,25367
126,80601;-1,22706;-0,25330
126,81601;-1,22689;-0,25356
126,82601;-1,22672;-0,25339
126,83601;-1,22655;-0,25358
126,84601;-1,22638;-0,25334
126,85600;-1,22621;-0,25360
126,86601;-1,22604;-0,25344
126,87601;-1,22587;-0,25352
126,88601;-1,22570;-0,25359
126,89600;-1,22559;-0,25358
126,90601;-1,22542;-0,25367
126,91601;-1,22525;-0,25349
126,92600;-1,22508;-0,25369
126,93601;-1,22491;-0,25346
126,94601;-1,22474;-0,25366
126,95601;-1,22457;-0,25368
126,96600;-1,22440;-0,25369
126,97601;-1,22417;-0,25375
126,98601;-1,22400;-0,25372
126,99601;-1,22389;-0,25381
127,00601;-1,22372;-0,25379
127,01601;-1,22355;-0,25388
127,02601;-1,22338;-0,25379
127,03600;-1,22321;-0,25383
127,04601;-1,22304;-0,25386
127,05601;-1,22287;-0,25397
127,06601;-1,22270;-0,25395
127,07601;-1,22253;-0,25392
127,08601;-1,22236;-0,25395
127,09601;-1,22219;-0,25393
127,10600;-1,22202;-0,25406
127,11601;-1,22185;-0,25400
127,12601;-1,22168;-0,25397
127,13601;-1,22151;-0,25406
127,14600;-1,22139;-0,25403
127,15601;-1,22122;-0,25418
127,16601;-1,22105;-0,25403
127,17600;-1,22088;-0,25411
127,18601;-1,22071;-0,25412
127,19601;-1,22054;-0,25428
127,20601;-1,22037;-0,25427
127,21600;-1,22020;-0,25424
127,22601;-1,22009;-0,25428
127,23601;-1,21992;-0,25430
127,24601;-1,21975;-0,25438
127,25601;-1,21958;-0,25431
127,26601;-1,21941;-0,25441
127,27601;-1,21924;-0,25428
127,28600;-1,21907;-0,25461
127,29601;-1,21890;-0,25444
127,30601;-1,21873;-0,25468
127,31601;-1,21856;-0,25448
127,32601;-1,21839;-0,25458
127,33601;-1,21822;-0,25463
127,34601;-1,21805;-0,25464
127,35600;-1,21788;-0,25465
127,36601;-1,21771;-0,25466
127,37601;-1,21754;-0,25478
127,38601;-1,21743;-0,25469
127,39600;-1,21720;-0,25496
127,40601;-1,21703;-0,25461
127,41601;-1,21692;-0,25501
127,42600;-1,21669;-0,25474
127,43601;-1,21652;-0,25499
127,44601;-1,21635;-0,25485
127,45601;-1,21618;-0,25506
127,46600;-1,21601;-0,25493
127,47601;-1,21584;-0,25515
127,48601;-1,21567;-0,25509
127,49601;-1,21550;-0,25509
127,50601;-1,21533;-0,25526
127,51601;-1,21516;-0,25506
127,52601;-1,21505;-0,25529
127,53600;-1,21488;-0,25511
127,54601;-1,21471;-0,25547
127,55601;-1,21454;-0,25526
127,56601;-1,21442;-0,25554
127,57601;-1,21425;-0,25535
127,58601;-1,21408;-0,25557
127,59601;-1,21386;-0,25546
127,60600;-1,21369;-0,25569
127,61601;-1,21352;-0,25562
127,62601;-1,21335;-0,25567
127,63601;-1,21318;-0,25586
127,64600;-1,21306;-0,25574
127,65601;-1,21289;-0,25601
127,66601;-1,21272;-0,25584
127,67600;-1,21255;-0,25601
127,68601;-1,21238;-0,25599
127,69601;-1,21221;-0,25615
127,70601;-1,21210;-0,25603
127,71600;-1,21187;-0,25620
127,72601;-1,21176;-0,25613
127,73601;-1,21159;-0,25627
127,74601;-1,21142;-0,25636
127,75601;-1,21125;-0,25629
127,76601;-1,21108;-0,25649
127,77601;-1,21091;-0,25642
127,78600;-1,21074;-0,25667
127,79601;-1,21063;-0,25660
127,80601;-1,21046;-0,25686
127,81601;-1,21029;-0,25671
127,82601;-1,21012;-0,25691
127,83601;-1,21000;-0,25685
127,84601;-1,20983;-0,25702
127,85600;-1,20966;-0,25695
127,86601;-1,20949;-0,25713
127,87601;-1,20932;-0,25716
127,88601;-1,20915;-0,25714
127,89600;-1,20898;-0,25742
127,90601;-1,20881;-0,25728
127,91601;-1,20864;-0,25758
127,92600;-1,20847;-0,25744
127,93601;-1,20830;-0,25778
127,94601;-1,20813;-0,25763
127,95601;-1,20796;-0,25797
127,96600;-1,20779;-0,25787
127,97601;-1,20762;-0,25812
127,98601;-1,20745;-0,25814
127,99601;-1,20728;-0,25846
128,00602;-1,20711;-0,25846
128,01601;-1,20694;-0,25853
128,02600;-1,20677;-0,25875
128,03601;-1,20660;-0,25872
128,04601;-1,20643;-0,25907
128,05600;-1,20626;-0,25902
128,06601;-1,20609;-0,25935
128,07601;-1,20592;-0,25928
128,08600;-1,20575;-0,25972
128,09601;-1,20558;-0,25961
128,10600;-1,20541;-0,26009
128,11602;-1,20524;-0,25997
128,12601;-1,20507;-0,26042
128,13600;-1,20490;-0,26051
128,14601;-1,20473;-0,26095
128,15601;-1,20456;-0,26118
128,16600;-1,20439;-0,26151
128,17601;-1,20422;-0,26211
128,18601;-1,20405;-0,26247
128,19600;-1,20394;-0,26350
128,20601;-1,20377;-0,26486
128,21600;-1,20360;-0,27559
128,22602;-1,20343;-0,28707
128,23601;-1,20332;-0,29819
128,24600;-1,20309;-0,30279
128,25602;-1,20298;-0,30788
128,26601;-1,20275;-0,30679
128,27600;-1,20264;-0,30883
128,28601;-1,20247;-0,30638
128,29601;-1,20230;-0,30723
128,30600;-1,20213;-0,30549
128,31601;-1,20196;-0,30594
128,32601;-1,20179;-0,30537
128,33600;-1,20167;-0,30501
128,34601;-1,20150;-0,30573
128,35600;-1,20133;-0,30437
128,36602;-1,20116;-0,30594
128,37601;-1,20094;-0,30420
128,38600;-1,20082;-0,30582
128,39601;-1,20065;-0,30406
128,40601;-1,20048;-0,30559
128,41600;-1,20031;-0,30423
128,42601;-1,20014;-0,30515
128,43601;-1,19997;-0,30459
128,44600;-1,19980;-0,30459
128,45601;-1,19963;-0,30481
128,46600;-1,19946;-0,30406
128,47602;-1,19929;-0,30504
128,48601;-1,19918;-0,30358
128,49600;-1,19901;-0,30509
128,50602;-1,19884;-0,30343
128,51601;-1,19867;-0,30472
128,52600;-1,19850;-0,30355
128,53601;-1,19833;-0,30435
128,54601;-1,19816;-0,30368
128,55600;-1,19799;-0,30394
128,56601;-1,19782;-0,30397
128,57601;-1,19765;-0,30348
128,58600;-1,19754;-0,30420
128,59601;-1,19731;-0,30314
128,60600;-1,19714;-0,30424
128,61602;-1,19697;-0,30294
128,62601;-1,19680;-0,30418
128,63600;-1,19669;-0,30295
128,64601;-1,19652;-0,30381
128,65601;-1,19635;-0,30304
128,66600;-1,19618;-0,30355
128,67601;-1,19601;-0,30326
128,68601;-1,19584;-0,30315
128,69600;-1,19567;-0,30346
128,70601;-1,19550;-0,30278
128,71600;-1,19533;-0,30364
128,72602;-1,19516;-0,30261
128,73601;-1,19499;-0,30346
128,74600;-1,19482;-0,30246
128,75602;-1,19465;-0,30338
128,76601;-1,19448;-0,30251
128,77600;-1,19431;-0,30305
128,78601;-1,19414;-0,30262
128,79601;-1,19397;-0,30269
128,80600;-1,19380;-0,30277
128,81601;-1,19363;-0,30248
128,82601;-1,19346;-0,30279
128,83600;-1,19334;-0,30213
128,84601;-1,19317;-0,30290
128,85600;-1,19300;-0,30203
128,86602;-1,19283;-0,30271
128,87601;-1,19266;-0,30205
128,88600;-1,19249;-0,30250
128,89601;-1,19232;-0,30205
128,90601;-1,19215;-0,30231
128,91600;-1,19198;-0,30207
128,92601;-1,19181;-0,30191
128,93601;-1,19164;-0,30217
128,94600;-1,19153;-0,30169
128,95601;-1,19136;-0,30215
128,96600;-1,19119;-0,30156
128,97602;-1,19102;-0,30201
128,98601;-1,19085;-0,30145
128,99600;-1,19068;-0,30194
129,00602;-1,19051;-0,30151
129,01601;-1,19034;-0,30163
129,02600;-1,19017;-0,30147
129,03601;-1,18994;-0,30137
129,03801;-1,18994;-0,30121
129,04801;-1,18983;-0,30161
129,05800;-1,18972;-0,30116
129,06801;-1,18972;-0,30166
129,07800;-1,18972;-0,30130
129,08802;-1,18972;-0,30167
129,09801;-1,18972;-0,30125
129,10800;-1,18983;-0,30151
129,11801;-1,18989;-0,30125
129,12801;-1,18989;-0,30129
129,13800;-1,18994;-0,30139
129,14801;-1,19000;-0,30118
129,15801;-1,19006;-0,30140
129,16800;-1,19017;-0,30121
129,17801;-1,19023;-0,30153
129,18800;-1,19034;-0,30119
129,19802;-1,19045;-0,30158
129,20801;-1,19057;-0,30118
129,21800;-1,19068;-0,30153
129,22802;-1,19085;-0,30133
129,23801;-1,19102;-0,30149
129,24800;-1,19125;-0,30143
129,25801;-1,19147;-0,30152
129,26801;-1,19176;-0,30173
129,27800;-1,19204;-0,30145
129,28801;-1,19232;-0,30192
129,29801;-1,19266;-0,30157
129,30800;-1,19300;-0,30194
129,31801;-1,19334;-0,30183
129,32800;-1,19368;-0,30209
129,33802;-1,19402;-0,30190
129,34801;-1,19431;-0,30225
129,35800;-1,19459;-0,30207
129,36801;-1,19487;-0,30228
129,37801;-1,19510;-0,30253
129,38800;-1,19538;-0,30237
129,39801;-1,19561;-0,30269
129,40801;-1,19584;-0,30250
129,41800;-1,19601;-0,30282
129,42801;-1,19623;-0,30267
129,43800;-1,19646;-0,30289
129,44802;-1,19663;-0,30289
129,45801;-1,19680;-0,30309
129,46800;-1,19703;-0,30301
129,47802;-1,19714;-0,30329
129,48801;-1,19737;-0,30309
129,49800;-1,19754;-0,30330
129,50801;-1,19771;-0,30337
129,51801;-1,19782;-0,30334
129,52800;-1,19799;-0,30349
129,53801;-1,19816;-0,30347
129,54801;-1,19833;-0,30354
129,55800;-1,19850;-0,30361
129,56801;-1,19867;-0,30375
129,57800;-1,19884;-0,30363
129,58802;-1,19907;-0,30395
129,59801;-1,19924;-0,30369
129,60800;-1,19941;-0,30396
129,61801;-1,19952;-0,30387
129,62801;-1,19969;-0,30398
129,63800;-1,19986;-0,30400
129,64801;-1,20003;-0,30415
129,65801;-1,20020;-0,30420
129,66800;-1,20037;-0,30424
129,67801;-1,20054;-0,30440
129,68800;-1,20077;-0,30430
129,69802;-1,20094;-0,30439
129,70801;-1,20111;-0,30443
129,71800;-1,20128;-0,30465
129,72802;-1,20145;-0,30446
129,73801;-1,20162;-0,30467
129,74800;-1,20179;-0,30472
129,75801;-1,20196;-0,30478
129,76801;-1,20213;-0,30490
129,77800;-1,20230;-0,30477
129,78801;-1,20247;-0,30485
129,79801;-1,20264;-0,30488
129,80800;-1,20275;-0,30506
129,81801;-1,20292;-0,30485
129,82800;-1,20303;-0,30513
129,83802;-1,20320;-0,30501
129,84801;-1,20337;-0,30518
129,85800;-1,20360;-0,30524
129,86801;-1,20377;-0,30527
129,87801;-1,20394;-0,30520
129,88800;-1,20411;-0,30545
129,89801;-1,20428;-0,30553
129,90801;-1,20445;-0,30542
129,91800;-1,20462;-0,30567
129,92801;-1,20479;-0,30546
129,93800;-1,20496;-0,30569
129,94802;-1,20513;-0,30560
129,95801;-1,20530;-0,30581
129,96800;-1,20547;-0,30568
129,97802;-1,20564;-0,30593
129,98801;-1,20581;-0,30586
129,99800;-1,20598;-0,30603
130,00801;-1,20615;-0,30593
130,01801;-1,20632;-0,30604
130,02800;-1,20649;-0,30610
130,03801;-1,20666;-0,30611
130,04801;-1,20683;-0,30631
130,05800;-1,20700;-0,30614
130,06801;-1,20717;-0,30640
130,07800;-1,20734;-0,30624
130,08802;-1,20751;-0,30650
130,09801;-1,20768;-0,30635
130,10800;-1,20785;-0,30657
130,11801;-1,20802;-0,30642
130,12801;-1,20813;-0,30664
130,13800;-1,20830;-0,30653
130,14801;-1,20847;-0,30665
130,15801;-1,20864;-0,30667
130,16800;-1,20876;-0,30664
130,17801;-1,20893;-0,30694
130,18800;-1,20910;-0,30667
130,19802;-1,20927;-0,30701
130,20801;-1,20944;-0,30677
130,21800;-1,20955;-0,30701
130,22802;-1,20972;-0,30689
130,23801;-1,20989;-0,30716
130,24800;-1,21006;-0,30705
130,25801;-1,21023;-0,30726
130,26801;-1,21034;-0,30718
130,27800;-1,21051;-0,30722
130,28801;-1,21068;-0,30731
130,29801;-1,21080;-0,30719
130,30800;-1,21102;-0,30748
130,31801;-1,21119;-0,30727
130,32800;-1,21136;-0,30763
130,33802;-1,21153;-0,30743
130,34801;-1,21170;-0,30766
130,35800;-1,21187;-0,30746
130,36801;-1,21204;-0,30767
130,37801;-1,21221;-0,30758
130,38800;-1,21238;-0,30774
130,39801;-1,21255;-0,30766
130,40801;-1,21272;-0,30777
130,41800;-1,21289;-0,30792
130,42801;-1,21306;-0,30783
130,43800;-1,21323;-0,30805
130,44802;-1,21340;-0,30776
130,45801;-1,21357;-0,30808
130,46800;-1,21374;-0,30786
130,47802;-1,21391;-0,30820
130,48801;-1,21403;-0,30804
130,49800;-1,21425;-0,30829
130,50801;-1,21442;-0,30818
130,51801;-1,21459;-0,30844
130,52800;-1,21476;-0,30829
130,53801;-1,21499;-0,30833
130,54801;-1,21516;-0,30850
130,55800;-1,21533;-0,30835
130,56801;-1,21550;-0,30863
130,57800;-1,21567;-0,30849
130,58802;-1,21584;-0,30868
130,59801;-1,21601;-0,30854
130,60800;-1,21618;-0,30881
130,61801;-1,21635;-0,30863
130,62801;-1,21652;-0,30878
130,63800;-1,21669;-0,30870
130,64801;-1,21686;-0,30881
130,65801;-1,21703;-0,30886
130,66800;-1,21720;-0,30891
130,67801;-1,21737;-0,30893
130,68800;-1,21754;-0,30886
130,69802;-1,21765;-0,30910
130,70801;-1,21782;-0,30893
130,71800;-1,21799;-0,30918
130,72802;-1,21816;-0,30900
130,73801;-1,21833;-0,30918
130,74800;-1,21850;-0,30918
130,75801;-1,21862;-0,30937
130,76801;-1,21884;-0,30922
130,77800;-1,21896;-0,30943
130,78801;-1,21913;-0,30936
130,79801;-1,21930;-0,30941
130,80800;-1,21941;-0,30944
130,81801;-1,21958;-0,30945
130,82800;-1,21975;-0,30947
130,83802;-1,21992;-0,30949
130,84801;-1,22009;-0,30974
130,85800;-1,22026;-0,30954
130,86801;-1,22043;-0,30975
130,87801;-1,22060;-0,30968
130,88800;-1,22083;-0,30982
130,89801;-1,22100;-0,30983
130,90801;-1,22117;-0,30994
130,91800;-1,22134;-0,30983
130,92801;-1,22145;-0,30991
130,93800;-1,22162;-0,30994
130,94802;-1,22179;-0,30988
130,95801;-1,22196;-0,30999
130,96800;-1,22213;-0,30996
130,97802;-1,22230;-0,31013
130,98801;-1,22247;-0,31004
130,99800;-1,22264;-0,31023
131,00801;-1,22281;-0,31009
131,01801;-1,22298;-0,31028
131,02800;-1,22315;-0,31025
131,03801;-1,22332;-0,31028
131,04801;-1,22349;-0,31027
131,05800;-1,22366;-0,31040
131,06801;-1,22383;-0,31042
131,07800;-1,22400;-0,31037
131,08802;-1,22417;-0,31056
131,09800;-1,22428;-0,31041
131,10800;-1,22445;-0,31061
131,11802;-1,22462;-0,31048
131,12800;-1,22479;-0,31066
131,13800;-1,22491;-0,31052
131,14802;-1,22513;-0,31074
131,15800;-1,22525;-0,31069
131,16800;-1,22547;-0,31080
131,17802;-1,22564;-0,31079
131,18800;-1,22581;-0,31087
131,19802;-1,22598;-0,31087
131,20800;-1,22615;-0,31087
131,21800;-1,22632;-0,31084
131,22802;-1,22649;-0,31085
131,23800;-1,22666;-0,31100
131,24800;-1,22683;-0,31097
131,25802;-1,22700;-0,31113
131,26800;-1,22717;-0,31101
131,27800;-1,22734;-0,31121
131,28802;-1,22751;-0,31112
131,29800;-1,22768;-0,31131
131,30800;-1,22785;-0,31108
131,31802;-1,22802;-0,31127
131,32800;-1,22819;-0,31127
131,33802;-1,22836;-0,31132
131,34800;-1,22853;-0,31127
131,35800;-1,22870;-0,31136
131,36802;-1,22887;-0,31133
131,37800;-1,22904;-0,31131
131,38800;-1,22916;-0,31164
131,39802;-1,22933;-0,31134
131,40800;-1,22950;-0,31164
131,41800;-1,22967;-0,31154
131,42802;-1,22978;-0,31155
131,43800;-1,22995;-0,31164
131,44802;-1,23012;-0,31161
131,45800;-1,23029;-0,31162
131,46800;-1,23040;-0,31168
131,47802;-1,23057;-0,31173
131,48800;-1,23074;-0,31163
131,49800;-1,23091;-0,31180
131,50802;-1,23108;-0,31162
131,51800;-1,23125;-0,31181
131,52800;-1,23142;-0,31174
131,53802;-1,23159;-0,31190
131,54800;-1,23176;-0,31188
131,55800;-1,23188;-0,31196
131,56802;-1,23205;-0,31197
131,57800;-1,23222;-0,31189
131,58802;-1,23233;-0,31199
131,59800;-1,23250;-0,31205
131,60800;-1,23267;-0,31203
131,61802;-1,23284;-0,31204
131,62800;-1,23301;-0,31216
131,63800;-1,23324;-0,31207
131,64802;-1,23341;-0,31221
131,65800;-1,23358;-0,31208
131,66800;-1,23375;-0,31220
131,67802;-1,23392;-0,31224
131,68800;-1,23409;-0,31235
131,69802;-1,23426;-0,31227
131,70800;-1,23443;-0,31230
131,71800;-1,23460;-0,31238
131,72802;-1,23477;-0,31229
131,73800;-1,23494;-0,31251
131,74800;-1,23511;-0,31233
131,75802;-1,23528;-0,31250
131,76800;-1,23545;-0,31233
131,77800;-1,23562;-0,31253
131,78802;-1,23579;-0,31246
131,79800;-1,23596;-0,31260
131,80800;-1,23613;-0,31261
131,81802;-1,23630;-0,31259
131,82800;-1,23652;-0,31282
131,83802;-1,23669;-0,31265
131,84800;-1,23686;-0,31287
131,85800;-1,23703;-0,31260
131,86802;-1,23720;-0,31290
131,87800;-1,23732;-0,31262
131,88800;-1,23749;-0,31282
131,89802;-1,23766;-0,31280
131,90800;-1,23783;-0,31276
131,91800;-1,23800;-0,31298
131,92802;-1,23811;-0,31282
131,93800;-1,23834;-0,31307
131,94802;-1,23851;-0,31279
131,95800;-1,23868;-0,31314
131,96800;-1,23885;-0,31270
131,97802;-1,23902;-0,31321
131,98800;-1,23919;-0,31276
131,99800;-1,23936;-0,31310
132,00802;-1,23953;-0,31303
132,01800;-1,23964;-0,31307
132,02800;-1,23981;-0,31317
132,03802;-1,23998;-0,31303
132,04800;-1,24015;-0,31318
132,05800;-1,24032;-0,31293
132,06802;-1,24049;-0,31339
132,07800;-1,24060;-0,31290
132,08802;-1,24077;-0,31354
132,09800;-1,24094;-0,31306
132,10800;-1,24111;-0,31350
132,11802;-1,24128;-0,31322
132,12800;-1,24140;-0,31337
132,13800;-1,24157;-0,31330
132,14802;-1,24179;-0,31331
132,15800;-1,24196;-0,31344
132,16800;-1,24213;-0,31319
132,17802;-1,24230;-0,31367
132,18800;-1,24247;-0,31322
132,19802;-1,24264;-0,31371
132,20800;-1,24276;-0,31311
132,21800;-1,24293;-0,31376
132,22802;-1,24310;-0,31324
132,23800;-1,24327;-0,31369
132,24800;-1,24338;-0,31350
132,25802;-1,24355;-0,31354
132,26800;-1,24372;-0,31375
132,27800;-1,24389;-0,31370
132,28802;-1,24406;-0,31387
132,29800;-1,24423;-0,31345
132,30800;-1,24440;-0,31394
132,31802;-1,24457;-0,31344
132,32800;-1,24474;-0,31403
132,33802;-1,24491;-0,31341
132,34800;-1,24508;-0,31393
132,35800;-1,24525;-0,31361
132,36802;-1,24542;-0,31402
132,37800;-1,24559;-0,31383
132,38800;-1,24570;-0,31382
132,39802;-1,24587;-0,31393
132,40800;-1,24604;-0,31365
132,41800;-1,24616;-0,31413
132,42802;-1,24633;-0,31367
132,43800;-1,24650;-0,31411
132,44802;-1,24672;-0,31375
132,45800;-1,24689;-0,31433
132,46800;-1,24706;-0,31375
132,47802;-1,24723;-0,31431
132,48800;-1,24746;-0,31393
132,49800;-1,24763;-0,31410
132,50802;-1,24780;-0,31412
132,51800;-1,24791;-0,31398
132,52800;-1,24808;-0,31421
132,53802;-1,24825;-0,31388
132,54800;-1,24842;-0,31442
132,55802;-1,24859;-0,31386
132,56802;-1,24876;-0,31457
132,57800;-1,24893;-0,31401
132,58802;-1,24910;-0,31450
132,59800;-1,24927;-0,31402
132,60800;-1,24950;-0,31437
132,61802;-1,24967;-0,31417
132,62800;-1,24984;-0,31424
132,63800;-1,25001;-0,31447
132,64802;-1,25018;-0,31416
132,65800;-1,25035;-0,31463
132,66800;-1,25052;-0,31413
132,67802;-1,25069;-0,31471
132,68800;-1,25086;-0,31415
132,69802;-1,25097;-0,31483
132,70800;-1,25114;-0,31421
132,71800;-1,25126;-0,31466
132,72802;-1,25143;-0,31442
132,73800;-1,25160;-0,31454
132,74800;-1,25177;-0,31459
132,75802;-1,25194;-0,31444
132,76800;-1,25205;-0,31476
132,77800;-1,25222;-0,31434
132,78802;-1,25239;-0,31487
132,79800;-1,25256;-0,31436
132,80802;-1,25273;-0,31487
132,81802;-1,25290;-0,31437
132,82800;-1,25307;-0,31493
132,83802;-1,25324;-0,31450
132,84800;-1,25341;-0,31484
132,85800;-1,25352;-0,31461
132,86802;-1,25369;-0,31466
132,87800;-1,25381;-0,31475
132,88800;-1,25398;-0,31462
132,89802;-1,25415;-0,31499
132,90800;-1,25432;-0,31464
132,91800;-1,25449;-0,31506
132,92802;-1,25471;-0,31474
132,93800;-1,25488;-0,31504
132,94802;-1,25505;-0,31474
132,95800;-1,25522;-0,31498
132,96800;-1,25539;-0,31474
132,97802;-1,25556;-0,31498
132,98800;-1,25573;-0,31493
132,99800;-1,25590;-0,31496
133,00802;-1,25607;-0,31510
133,01800;-1,25624;-0,31480
133,02800;-1,25641;-0,31532
133,03802;-1,25658;-0,31477
133,04800;-1,25675;-0,31521
133,05802;-1,25687;-0,31476
133,06802;-1,25704;-0,31529
133,07800;-1,25721;-0,31498
133,08802;-1,25738;-0,31541
133,09800;-1,25760;-0,31505
133,10800;-1,25777;-0,31530
133,11802;-1,25794;-0,31529
133,12800;-1,25811;-0,31517
133,13800;-1,25828;-0,31539
133,14802;-1,25851;-0,31495
133,15800;-1,25862;-0,31545
133,16800;-1,25879;-0,31503
133,17802;-1,25896;-0,31562
133,18800;-1,25913;-0,31516
133,19802;-1,25925;-0,31557
133,20800;-1,25947;-0,31523
133,21800;-1,25964;-0,31558
133,22802;-1,25981;-0,31537
133,23800;-1,25998;-0,31540
133,24800;-1,26015;-0,31554
133,25802;-1,26032;-0,31522
133,26800;-1,26049;-0,31579
133,27800;-1,26066;-0,31521
133,28802;-1,26083;-0,31579
133,29800;-1,26100;-0,31529
133,30802;-1,26117;-0,31583
133,31802;-1,26134;-0,31533
133,32800;-1,26151;-0,31581
133,33802;-1,26168;-0,31546
133,34800;-1,26180;-0,31573
133,35800;-1,26197;-0,31567
133,36802;-1,26214;-0,31556
133,37800;-1,26225;-0,31589
133,38800;-1,26242;-0,31555
133,39802;-1,26259;-0,31602
133,40800;-1,26276;-0,31556
133,41800;-1,26293;-0,31600
133,42802;-1,26310;-0,31555
133,43800;-1,26327;-0,31605
133,44802;-1,26344;-0,31570
133,45800;-1,26361;-0,31598
133,46800;-1,26378;-0,31576
133,47802;-1,26395;-0,31593
133,48800;-1,26412;-0,31598
133,49800;-1,26429;-0,31577
133,50802;-1,26440;-0,31600
133,51800;-1,26457;-0,31573
133,52800;-1,26474;-0,31616
133,53802;-1,26491;-0,31586
133,54800;-1,26508;-0,31610
133,55802;-1,26525;-0,31582
133,56802;-1,26542;-0,31616
133,57800;-1,26559;-0,31596
133,58802;-1,26571;-0,31616
133,59800;-1,26588;-0,31603
133,60800;-1,26605;-0,31610
133,61802;-1,26622;-0,31623
133,62800;-1,26639;-0,31607
133,63800;-1,26656;-0,31628
133,64802;-1,26673;-0,31599
133,65800;-1,26690;-0,31629
133,66800;-1,26707;-0,31613
133,67802;-1,26724;-0,31635
133,68800;-1,26735;-0,31610
133,69802;-1,26752;-0,31624
133,70800;-1,26769;-0,31613
133,71800;-1,26780;-0,31631
133,72802;-1,26797;-0,31632
133,73800;-1,26814;-0,31617
133,74800;-1,26837;-0,31649
133,75802;-1,26854;-0,31616
133,76800;-1,26871;-0,31652
133,77800;-1,26894;-0,31627
133,78802;-1,26911;-0,31657
133,79800;-1,26928;-0,31634
133,80802;-1,26939;-0,31659
133,81802;-1,26956;-0,31641
133,82800;-1,26973;-0,31653
133,83802;-1,26990;-0,31649
133,84800;-1,27007;-0,31650
133,85800;-1,27024;-0,31668
133,86802;-1,27041;-0,31641
133,87800;-1,27058;-0,31683
133,88800;-1,27075;-0,31648
133,89802;-1,27092;-0,31671
133,90800;-1,27115;-0,31656
133,91800;-1,27132;-0,31668
133,92802;-1,27149;-0,31663
133,93800;-1,27166;-0,31672
133,94802;-1,27183;-0,31664
133,95800;-1,27200;-0,31669
133,96800;-1,27217;-0,31676
133,97802;-1,27234;-0,31659
133,98800;-1,27251;-0,31695
133,99800;-1,27262;-0,31659
134,00802;-1,27279;-0,31692
134,01800;-1,27296;-0,31670
134,02800;-1,27307;-0,31693
134,03802;-1,27324;-0,31676
134,04800;-1,27341;-0,31693
134,05802;-1,27358;-0,31687
134,06802;-1,27375;-0,31703
134,07800;-1,27392;-0,31701
134,08802;-1,27409;-0,31693
134,09800;-1,27426;-0,31707
134,10800;-1,27443;-0,31688
134,11802;-1,27460;-0,31720
134,12800;-1,27477;-0,31684
134,13800;-1,27494;-0,31713
134,14802;-1,27506;-0,31688
134,15800;-1,27523;-0,31715
134,16800;-1,27534;-0,31702
134,17802;-1,27551;-0,31727
134,18800;-1,27568;-0,31704
134,19802;-1,27585;-0,31727
134,20800;-1,27602;-0,31723
134,21800;-1,27625;-0,31712
134,22802;-1,27642;-0,31716
134,23800;-1,27659;-0,31704
134,24800;-1,27676;-0,31719
134,25802;-1,27693;-0,31718
134,26800;-1,27710;-0,31735
134,27800;-1,27727;-0,31712
134,28802;-1,27744;-0,31741
134,29800;-1,27761;-0,31722
134,30802;-1,27778;-0,31740
134,31802;-1,27795;-0,31729
134,32800;-1,27812;-0,31740
134,33802;-1,27829;-0,31735
134,34800;-1,27846;-0,31737
134,35800;-1,27857;-0,31742
134,36802;-1,27874;-0,31735
134,37800;-1,27891;-0,31757
134,38800;-1,27908;-0,31738
134,39802;-1,27925;-0,31758
134,40800;-1,27942;-0,31742
134,41800;-1,27965;-0,31757
134,42802;-1,27982;-0,31739
134,43800;-1,27999;-0,31759
134,44802;-1,28016;-0,31747
134,45800;-1,28027;-0,31758
134,46800;-1,28044;-0,31765
134,47802;-1,28061;-0,31748
134,48800;-1,28078;-0,31769
134,49800;-1,28095;-0,31754
134,50802;-1,28112;-0,31777
134,51800;-1,28129;-0,31760
134,52800;-1,28146;-0,31783
134,53802;-1,28163;-0,31767
134,54800;-1,28180;-0,31778
134,55802;-1,28197;-0,31764
134,56802;-1,28214;-0,31774
134,57800;-1,28231;-0,31777
134,58802;-1,28248;-0,31777
134,59800;-1,28265;-0,31795
134,60800;-1,28282;-0,31767
134,61802;-1,28299;-0,31796
134,62800;-1,28316;-0,31773
134,63800;-1,28333;-0,31795
134,64802;-1,28344;-0,31782
134,65800;-1,28361;-0,31793
134,66800;-1,28378;-0,31784
134,67802;-1,28390;-0,31800
134,68800;-1,28407;-0,31799
134,69802;-1,28424;-0,31793
134,70800;-1,28441;-0,31813
134,71800;-1,28458;-0,31795
134,72802;-1,28475;-0,31816
134,73800;-1,28492;-0,31795
134,74800;-1,28509;-0,31808
134,75802;-1,28531;-0,31788
134,76800;-1,28548;-0,31817
134,77800;-1,28565;-0,31804
134,78802;-1,28577;-0,31814
134,79800;-1,28594;-0,31808
134,80802;-1,28605;-0,31815
134,81802;-1,28622;-0,31815
134,82800;-1,28639;-0,31821
134,83802;-1,28656;-0,31817
134,84800;-1,28673;-0,31816
134,85800;-1,28690;-0,31830
134,86802;-1,28707;-0,31822
134,87800;-1,28724;-0,31833
134,88800;-1,28741;-0,31827
134,89802;-1,28758;-0,31842
134,90800;-1,28775;-0,31819
134,91800;-1,28786;-0,31849
134,92802;-1,28803;-0,31823
134,93800;-1,28820;-0,31835
134,94802;-1,28837;-0,31830
134,95800;-1,28854;-0,31838
134,96800;-1,28871;-0,31839
134,97802;-1,28888;-0,31839
134,98800;-1,28905;-0,31848
134,99800;-1,28917;-0,31820
135,00802;-1,28934;-0,31857
135,01800;-1,28951;-0,31830
135,02800;-1,28968;-0,31862
135,03802;-1,28985;-0,31827
135,04800;-1,29002;-0,31869
135,05802;-1,29019;-0,31841
135,06802;-1,29041;-0,31864
135,07800;-1,29058;-0,31856
135,08802;-1,29081;-0,31853
135,09800;-1,29092;-0,31861
135,10800;-1,29109;-0,31866
135,11802;-1,29126;-0,31866
135,12800;-1,29143;-0,31858
135,13800;-1,29160;-0,31870
135,14802;-1,29177;-0,31853
135,15800;-1,29194;-0,31883
135,16800;-1,29211;-0,31861
135,17802;-1,29228;-0,31869
135,18800;-1,29245;-0,31871
135,19802;-1,29262;-0,31875
135,20800;-1,29279;-0,31873
135,21800;-1,29296;-0,31881
135,22802;-1,29319;-0,31871
135,23800;-1,29336;-0,31873
135,24800;-1,29347;-0,31885
135,25802;-1,29364;-0,31879
135,26800;-1,29381;-0,31887
135,27800;-1,29398;-0,31882
135,28802;-1,29415;-0,31898
135,29800;-1,29432;-0,31891
135,30802;-1,29444;-0,31897
135,31802;-1,29461;-0,31891
135,32800;-1,29478;-0,31889
135,33802;-1,29495;-0,31896
135,34800;-1,29506;-0,31905
135,35800;-1,29523;-0,31898
135,36802;-1,29540;-0,31910
135,37800;-1,29557;-0,31908
135,38800;-1,29574;-0,31902
135,39802;-1,29591;-0,31915
135,40800;-1,29608;-0,31903
135,41800;-1,29625;-0,31913
135,42802;-1,29642;-0,31909
135,43800;-1,29653;-0,31913
135,44802;-1,29670;-0,31907
135,45800;-1,29682;-0,31905
135,46800;-1,29699;-0,31912
135,47802;-1,29716;-0,31917
135,48800;-1,29733;-0,31916
135,49800;-1,29755;-0,31918
135,50802;-1,29772;-0,31919
135,51800;-1,29789;-0,31918
135,52800;-1,29806;-0,31927
135,53802;-1,29823;-0,31922
135,54800;-1,29840;-0,31924
135,55802;-1,29857;-0,31935
135,56802;-1,29880;-0,31929
135,57800;-1,29897;-0,31935
135,58802;-1,29914;-0,31928
135,59800;-1,29931;-0,31939
135,60800;-1,29948;-0,31924
135,61802;-1,29965;-0,31949
135,62800;-1,29982;-0,31939
135,63800;-1,29993;-0,31931
135,64802;-1,30010;-0,31940
135,65800;-1,30027;-0,31938
135,66800;-1,30044;-0,31938
135,67802;-1,30061;-0,31942
135,68800;-1,30078;-0,31955
135,69802;-1,30095;-0,31936
135,70800;-1,30112;-0,31973
135,71800;-1,30129;-0,31940
135,72802;-1,30146;-0,31962
135,73800;-1,30163;-0,31951
135,74800;-1,30180;-0,31959
135,75802;-1,30197;-0,31953
135,76800;-1,30209;-0,31954
135,77800;-1,30226;-0,31962
135,78802;-1,30243;-0,31955
135,79800;-1,30260;-0,31979
135,80802;-1,30277;-0,31957
135,81802;-1,30294;-0,31975
135,82800;-1,30311;-0,31959
135,83802;-1,30328;-0,31976
135,84800;-1,30345;-0,31943
135,85800;-1,30362;-0,31974
135,86802;-1,30379;-0,31948
135,87800;-1,30396;-0,31972
135,88800;-1,30413;-0,31971
135,89802;-1,30430;-0,31969
135,90800;-1,30447;-0,31974
135,91800;-1,30464;-0,31973
135,92802;-1,30481;-0,31982
135,93800;-1,30498;-0,31971
135,94802;-1,30515;-0,31992
135,95800;-1,30532;-0,31963
135,96800;-1,30543;-0,31997
135,97802;-1,30560;-0,31978
135,98800;-1,30577;-0,31999
135,99800;-1,30594;-0,31981
136,00802;-1,30611;-0,32006
136,01800;-1,30628;-0,31988
136,02800;-1,30645;-0,31988
136,03802;-1,30662;-0,31994
136,04800;-1,30679;-0,31983
136,05802;-1,30696;-0,31999
136,06802;-1,30713;-0,31988
136,07800;-1,30724;-0,31999
136,08802;-1,30741;-0,31987
136,09800;-1,30758;-0,32009
136,10800;-1,30770;-0,31994
136,11802;-1,30787;-0,32007
136,12800;-1,30804;-0,31997
136,13800;-1,30821;-0,32010
136,14802;-1,30838;-0,32001
136,15800;-1,30855;-0,32014
136,16800;-1,30872;-0,32007
136,17802;-1,30889;-0,32015
136,18800;-1,30906;-0,32015
136,19802;-1,30923;-0,32017
136,20800;-1,30940;-0,32016
136,21800;-1,30957;-0,32013
136,22802;-1,30974;-0,32016
136,23800;-1,30991;-0,32009
136,24800;-1,31008;-0,32025
136,25802;-1,31025;-0,32008
136,26800;-1,31036;-0,32035
136,27800;-1,31053;-0,32007
136,28802;-1,31070;-0,32030
136,29800;-1,31087;-0,32009
136,30802;-1,31098;-0,32028
136,31802;-1,31115;-0,32017
136,32800;-1,31132;-0,32030
136,33802;-1,31149;-0,32023
136,34800;-1,31172;-0,32023
136,35800;-1,31189;-0,32039
136,36802;-1,31206;-0,32013
136,37800;-1,31229;-0,32047
136,38800;-1,31246;-0,32018
136,39802;-1,31263;-0,32045
136,40800;-1,31280;-0,32023
136,41800;-1,31297;-0,32049
136,42802;-1,31314;-0,32017
136,43800;-1,31325;-0,32049
136,44802;-1,31342;-0,32038
136,45800;-1,31359;-0,32048
136,46800;-1,31382;-0,32050
136,47802;-1,31399;-0,32044
136,48800;-1,31416;-0,32052
136,49800;-1,31433;-0,32038
136,50802;-1,31450;-0,32064
136,51800;-1,31467;-0,32030
136,52800;-1,31484;-0,32066
136,53802;-1,31501;-0,32041
136,54800;-1,31518;-0,32059
136,55802;-1,31535;-0,32046
136,56802;-1,31552;-0,32059
136,57800;-1,31563;-0,32039
136,58802;-1,31580;-0,32060
136,59800;-1,31597;-0,32058
136,60800;-1,31614;-0,32044
136,61802;-1,31625;-0,32065
136,62800;-1,31642;-0,32063
136,63800;-1,31659;-0,32059
136,64802;-1,31676;-0,32069
136,65800;-1,31688;-0,32064
136,66800;-1,31705;-0,32056
136,67802;-1,31722;-0,32072
136,68800;-1,31739;-0,32078
136,69802;-1,31756;-0,32066
136,70800;-1,31773;-0,32079
136,71800;-1,31790;-0,32075
136,72802;-1,31807;-0,32077
136,73800;-1,31824;-0,32069
136,74800;-1,31835;-0,32079
136,75802;-1,31852;-0,32067
136,76800;-1,31869;-0,32076
136,77800;-1,31886;-0,32086
136,78802;-1,31903;-0,32082
136,79800;-1,31920;-0,32079
136,80802;-1,31937;-0,32094
136,81802;-1,31954;-0,32072
136,82800;-1,31971;-0,32090
136,83802;-1,31988;-0,32089
136,84800;-1,32005;-0,32083
136,85800;-1,32028;-0,32102
136,86802;-1,32045;-0,32093
136,87800;-1,32062;-0,32089
136,88800;-1,32079;-0,32097
136,89802;-1,32096;-0,32092
136,90800;-1,32113;-0,32087
136,91800;-1,32130;-0,32104
136,92802;-1,32141;-0,32089
136,93800;-1,32158;-0,32101
136,94802;-1,32175;-0,32092
136,95800;-1,32192;-0,32103
136,96800;-1,32203;-0,32103
136,97802;-1,32220;-0,32092
136,98800;-1,32237;-0,32112
136,99800;-1,32254;-0,32098
137,00802;-1,32271;-0,32113
137,01800;-1,32288;-0,32097
137,02800;-1,32305;-0,32117
137,03802;-1,32328;-0,32096
137,04800;-1,32339;-0,32123
137,05802;-1,32356;-0,32097
137,06802;-1,32373;-0,32119
137,07800;-1,32390;-0,32106
137,08802;-1,32407;-0,32117
137,09800;-1,32424;-0,32127
137,10800;-1,32436;-0,32108
137,11802;-1,32453;-0,32129
137,12800;-1,32470;-0,32115
137,13800;-1,32492;-0,32138
137,14802;-1,32504;-0,32101
137,15800;-1,32521;-0,32133
137,16800;-1,32543;-0,32103
137,17802;-1,32560;-0,32136
137,18800;-1,32577;-0,32123
137,19802;-1,32589;-0,32133
137,20800;-1,32606;-0,32124
137,21800;-1,32623;-0,32130
137,22802;-1,32640;-0,32135
137,23800;-1,32657;-0,32115
137,24800;-1,32674;-0,32141
137,25802;-1,32691;-0,32108
137,26800;-1,32702;-0,32149
137,27800;-1,32719;-0,32124
137,28802;-1,32736;-0,32148
137,29800;-1,32753;-0,32119
137,30802;-1,32770;-0,32157
137,31802;-1,32787;-0,32134
137,32800;-1,32804;-0,32137
137,33802;-1,32821;-0,32150
137,34800;-1,32838;-0,32129
137,35800;-1,32855;-0,32150
137,36802;-1,32872;-0,32126
137,37800;-1,32889;-0,32154
137,38800;-1,32900;-0,32124
137,39802;-1,32917;-0,32160
137,40800;-1,32934;-0,32138
137,41800;-1,32951;-0,32153
137,42802;-1,32968;-0,32150
137,43800;-1,32985;-0,32158
137,44802;-1,33008;-0,32147
137,45800;-1,33025;-0,32147
137,46800;-1,33042;-0,32163
137,47802;-1,33059;-0,32134
137,48800;-1,33076;-0,32173
137,49800;-1,33093;-0,32143
137,50802;-1,33110;-0,32166
137,51800;-1,33127;-0,32147
137,52800;-1,33144;-0,32168
137,53802;-1,33161;-0,32150
137,54800;-1,33178;-0,32167
137,55802;-1,33189;-0,32154
137,56802;-1,33206;-0,32162
137,57800;-1,33223;-0,32167
137,58802;-1,33240;-0,32160
137,59800;-1,33252;-0,32174
137,60800;-1,33269;-0,32156
137,61802;-1,33286;-0,32175
137,62800;-1,33303;-0,32159
137,63800;-1,33320;-0,32178
137,64802;-1,33337;-0,32164
137,65800;-1,33359;-0,32177
137,66800;-1,33376;-0,32174
137,67802;-1,33393;-0,32182
137,68800;-1,33410;-0,32173
137,69802;-1,33427;-0,32175
137,70800;-1,33444;-0,32177
137,71800;-1,33461;-0,32177
137,72802;-1,33478;-0,32184
137,73800;-1,33495;-0,32167
137,74800;-1,33512;-0,32192
137,75802;-1,33529;-0,32173
137,76800;-1,33546;-0,32188
137,77800;-1,33563;-0,32195
137,78802;-1,33580;-0,32186
137,79800;-1,33597;-0,32191
137,80802;-1,33614;-0,32191
137,81802;-1,33631;-0,32188
137,82800;-1,33648;-0,32181
137,83802;-1,33665;-0,32192
137,84800;-1,33682;-0,32182
137,85800;-1,33699;-0,32202
137,86802;-1,33716;-0,32181
137,87800;-1,33733;-0,32198
137,88800;-1,33750;-0,32181
137,89802;-1,33762;-0,32193
137,90800;-1,33779;-0,32198
137,91800;-1,33796;-0,32181
137,92802;-1,33807;-0,32204
137,93800;-1,33824;-0,32193
137,94802;-1,33841;-0,32207
137,95800;-1,33858;-0,32197
137,96800;-1,33875;-0,32214
137,97802;-1,33892;-0,32187
137,98800;-1,33903;-0,32222
137,99800;-1,33926;-0,32199
138,00802;-1,33937;-0,32211
138,01800;-1,33954;-0,32208
138,02800;-1,33971;-0,32205
138,03802;-1,33983;-0,32217
138,04800;-1,34000;-0,32198
138,05802;-1,34017;-0,32216
138,06802;-1,34034;-0,32194
138,07800;-1,34051;-0,32224
138,08802;-1,34068;-0,32202
138,09800;-1,34085;-0,32226
138,10800;-1,34107;-0,32204
138,11802;-1,34124;-0,32226
138,12800;-1,34141;-0,32221
138,13800;-1,34158;-0,32212
138,14802;-1,34181;-0,32227
138,15800;-1,34198;-0,32201
138,16800;-1,34215;-0,32231
138,17802;-1,34232;-0,32210
138,18800;-1,34249;-0,32239
138,19802;-1,34266;-0,32212
138,20800;-1,34277;-0,32244
138,21800;-1,34294;-0,32221
138,22802;-1,34311;-0,32232
138,23800;-1,34328;-0,32227
138,24800;-1,34340;-0,32224
138,25802;-1,34357;-0,32228
138,26800;-1,34374;-0,32218
138,27800;-1,34385;-0,32246
138,28802;-1,34402;-0,32217
138,29800;-1,34425;-0,32244
138,30802;-1,34442;-0,32224
138,31802;-1,34459;-0,32228
138,32800;-1,34476;-0,32229
138,33802;-1,34493;-0,32238
138,34800;-1,34510;-0,32230
138,35800;-1,34527;-0,32239
138,36802;-1,34544;-0,32242
138,37800;-1,34561;-0,32223
138,38800;-1,34572;-0,32249
138,39802;-1,34589;-0,32217
138,40800;-1,34606;-0,32245
138,41800;-1,34623;-0,32226
138,42802;-1,34640;-0,32245
138,43800;-1,34657;-0,32233
138,44802;-1,34674;-0,32236
138,45800;-1,34691;-0,32237
138,46800;-1,34708;-0,32239
138,47802;-1,34725;-0,32251
138,48800;-1,34742;-0,32234
138,49800;-1,34759;-0,32251
138,50802;-1,34776;-0,32230
138,51800;-1,34793;-0,32262
138,52800;-1,34810;-0,32231
138,53802;-1,34827;-0,32263
138,54800;-1,34844;-0,32232
138,55802;-1,34861;-0,32252
138,56802;-1,34878;-0,32247
138,57800;-1,34895;-0,32238
138,58802;-1,34906;-0,32253
138,59800;-1,34923;-0,32237
138,60800;-1,34940;-0,32261
138,61802;-1,34957;-0,32244
138,62800;-1,34974;-0,32266
138,63800;-1,34991;-0,32238
138,64802;-1,35008;-0,32276
138,65800;-1,35025;-0,32242
138,66800;-1,35042;-0,32264
138,67802;-1,35059;-0,32247
138,68800;-1,35071;-0,32253
138,69802;-1,35088;-0,32255
138,70800;-1,35099;-0,32252
138,71800;-1,35116;-0,32269
138,72802;-1,35133;-0,32250
138,73800;-1,35150;-0,32282
138,74800;-1,35167;-0,32253
138,75802;-1,35184;-0,32285
138,76800;-1,35201;-0,32242
138,77800;-1,35224;-0,32277
138,78802;-1,35241;-0,32244
138,79800;-1,35258;-0,32279
138,80802;-1,35275;-0,32261
138,81802;-1,35292;-0,32270
138,82800;-1,35309;-0,32263
138,83802;-1,35326;-0,32258
138,84800;-1,35343;-0,32277
138,85800;-1,35360;-0,32249
138,86802;-1,35371;-0,32289
138,87800;-1,35388;-0,32255
138,88800;-1,35405;-0,32291
138,89802;-1,35416;-0,32260
138,90800;-1,35433;-0,32284
138,91800;-1,35450;-0,32263
138,92802;-1,35467;-0,32279
138,93800;-1,35484;-0,32275
138,94802;-1,35507;-0,32272
138,95800;-1,35524;-0,32289
138,96800;-1,35541;-0,32260
138,97802;-1,35558;-0,32290
138,98800;-1,35581;-0,32274
138,99800;-1,35598;-0,32290
139,00802;-1,35615;-0,32276
139,01800;-1,35632;-0,32289
139,02800;-1,35649;-0,32277
139,03802;-1,35666;-0,32288
139,04800;-1,35677;-0,32284
139,05802;-1,35694;-0,32275
139,06802;-1,35711;-0,32295
139,07800;-1,35734;-0,32278
139,08802;-1,35751;-0,32296
139,09800;-1,35768;-0,32283
139,10800;-1,35785;-0,32295
139,11802;-1,35802;-0,32282
139,12800;-1,35819;-0,32289
139,13800;-1,35830;-0,32293
139,14802;-1,35847;-0,32297
139,15800;-1,35864;-0,32294
139,16800;-1,35881;-0,32288
139,17802;-1,35898;-0,32296
139,18800;-1,35915;-0,32296
139,19802;-1,35932;-0,32300
139,20800;-1,35943;-0,32296
139,21800;-1,35960;-0,32284
139,22802;-1,35972;-0,32297
139,23800;-1,35989;-0,32298
139,24800;-1,36006;-0,32297
139,25802;-1,36023;-0,32296
139,26800;-1,36040;-0,32288
139,27800;-1,36057;-0,32308
139,28802;-1,36074;-0,32297
139,29800;-1,36091;-0,32314
139,30802;-1,36108;-0,32293
139,31802;-1,36125;-0,32310
139,32800;-1,36142;-0,32294
139,33802;-1,36153;-0,32307
139,34800;-1,36170;-0,32291
139,35800;-1,36181;-0,32295
139,36802;-1,36198;-0,32302
139,37800;-1,36215;-0,32294
139,38800;-1,36238;-0,32318
139,39802;-1,36255;-0,32299
139,40800;-1,36272;-0,32316
139,41800;-1,36289;-0,32297
139,42802;-1,36312;-0,32329
139,43800;-1,36329;-0,32298
139,44802;-1,36346;-0,32320
139,45800;-1,36363;-0,32300
139,46800;-1,36380;-0,32319
139,47802;-1,36397;-0,32309
139,48800;-1,36414;-0,32316
139,49800;-1,36431;-0,32312
139,50802;-1,36448;-0,32309
139,51800;-1,36459;-0,32330
139,52800;-1,36476;-0,32303
139,53802;-1,36493;-0,32329
139,54800;-1,36504;-0,32305
139,55802;-1,36521;-0,32323
139,56802;-1,36538;-0,32308
139,57800;-1,36555;-0,32326
139,58802;-1,36572;-0,32303
139,59800;-1,36589;-0,32329
139,60800;-1,36606;-0,32321
139,61802;-1,36623;-0,32327
139,62800;-1,36640;-0,32326
139,63800;-1,36657;-0,32315
139,64802;-1,36674;-0,32328
139,65800;-1,36691;-0,32313
139,66800;-1,36708;-0,32317
139,67802;-1,36725;-0,32309
139,68800;-1,36737;-0,32319
139,69802;-1,36754;-0,32320
139,70800;-1,36771;-0,32333
139,71800;-1,36788;-0,32316
139,72802;-1,36805;-0,32332
139,73800;-1,36822;-0,32328
139,74800;-1,36839;-0,32312
139,75802;-1,36856;-0,32325
139,76800;-1,36873;-0,32307
139,77800;-1,36890;-0,32327
139,78802;-1,36907;-0,32318
139,79800;-1,36924;-0,32329
139,80802;-1,36941;-0,32312
139,81802;-1,36958;-0,32330
139,82800;-1,36975;-0,32318
139,83802;-1,36992;-0,32330
139,84800;-1,37009;-0,32324
139,85800;-1,37026;-0,32312
139,86802;-1,37037;-0,32327
139,87800;-1,37054;-0,32312
139,88800;-1,37071;-0,32333
139,89802;-1,37088;-0,32315
139,90800;-1,37105;-0,32337
139,91800;-1,37122;-0,32326
139,92802;-1,37139;-0,32330
139,93800;-1,37156;-0,32324
139,94802;-1,37173;-0,32337
139,95800;-1,37190;-0,32331
139,96800;-1,37207;-0,32320
139,97802;-1,37218;-0,32336
139,98800;-1,37235;-0,32306
139,99800;-1,37252;-0,32349
140,00802;-1,37264;-0,32308
140,01800;-1,37281;-0,32342
140,02800;-1,37298;-0,32315
140,03802;-1,37315;-0,32338
140,04800;-1,37337;-0,32319
140,05802;-1,37354;-0,32338
140,06802;-1,37371;-0,32326
140,07800;-1,37388;-0,32322
140,08802;-1,37411;-0,32349
140,09800;-1,37428;-0,32312
140,10800;-1,37445;-0,32363
140,11802;-1,37462;-0,32309
140,12800;-1,37479;-0,32353
140,13800;-1,37496;-0,32321
140,14802;-1,37513;-0,32356
140,15800;-1,37524;-0,32317
140,16800;-1,37541;-0,32338
140,17802;-1,37558;-0,32320
140,18800;-1,37570;-0,32336
140,19802;-1,37587;-0,32345
140,20800;-1,37604;-0,32320
140,21800;-1,37621;-0,32356
140,22802;-1,37638;-0,32313
140,23800;-1,37655;-0,32364
140,24800;-1,37672;-0,32321
140,25802;-1,37694;-0,32352
140,26800;-1,37711;-0,32320
140,27800;-1,37728;-0,32360
140,28802;-1,37745;-0,32324
140,29800;-1,37762;-0,32349
140,30802;-1,37779;-0,32333
140,31802;-1,37796;-0,32330
140,32800;-1,37813;-0,32350
140,33802;-1,37830;-0,32326
140,34800;-1,37847;-0,32352
140,35800;-1,37864;-0,32321
140,36802;-1,37881;-0,32351
140,37800;-1,37898;-0,32328
140,38800;-1,37915;-0,32349
140,39802;-1,37932;-0,32332
140,40800;-1,37949;-0,32359
140,41800;-1,37966;-0,32336
140,42802;-1,37978;-0,32349
140,43800;-1,38000;-0,32337
140,44802;-1,38012;-0,32328
140,45800;-1,38029;-0,32344
140,46800;-1,38046;-0,32329
140,47802;-1,38063;-0,32345
140,48800;-1,38080;-0,32339
140,49800;-1,38097;-0,32353
140,50802;-1,38114;-0,32332
140,51800;-1,38125;-0,32356
140,52800;-1,38136;-0,32322
140,53802;-1,38159;-0,32348
140,54800;-1,38170;-0,32335
140,55802;-1,38187;-0,32335
140,56802;-1,38204;-0,32334
140,57800;-1,38221;-0,32346
140,58802;-1,38238;-0,32351
140,59800;-1,38255;-0,32344
140,60800;-1,38272;-0,32344
140,61802;-1,38289;-0,32332
140,62800;-1,38301;-0,32346
140,63800;-1,38318;-0,32330
140,64802;-1,38335;-0,32351
140,65800;-1,38346;-0,32330
140,66800;-1,38363;-0,32351
140,67802;-1,38380;-0,32351
140,68800;-1,38403;-0,32339
140,69802;-1,38420;-0,32354
140,70800;-1,38442;-0,32330
140,71800;-1,38459;-0,32348
140,72802;-1,38476;-0,32345
140,73800;-1,38493;-0,32340
140,74800;-1,38510;-0,32332
140,75802;-1,38533;-0,32351
140,76800;-1,38550;-0,32334
140,77800;-1,38567;-0,32345
140,78802;-1,38584;-0,32348
140,79800;-1,38595;-0,32327
140,80802;-1,38612;-0,32344
140,81802;-1,38624;-0,32342
140,82800;-1,38641;-0,32351
140,83802;-1,38658;-0,32336
140,84800;-1,38675;-0,32349
140,85800;-1,38686;-0,32344
140,86802;-1,38709;-0,32348
140,87800;-1,38726;-0,32352
140,88800;-1,38743;-0,32344
140,89802;-1,38760;-0,32343
140,90800;-1,38777;-0,32350
140,91800;-1,38794;-0,32344
140,92802;-1,38816;-0,32350
140,93800;-1,38828;-0,32345
140,94802;-1,38845;-0,32339
140,95800;-1,38862;-0,32345
140,96800;-1,38879;-0,32340
140,97802;-1,38896;-0,32344
140,98800;-1,38907;-0,32342
140,99800;-1,38924;-0,32352
141,00802;-1,38941;-0,32336
141,01800;-1,38958;-0,32361
141,02800;-1,38975;-0,32341
141,03802;-1,38992;-0,32354
141,04800;-1,39009;-0,32334
141,05802;-1,39026;-0,32355
141,06802;-1,39043;-0,32335
141,07800;-1,39060;-0,32354
141,08802;-1,39077;-0,32353
141,09800;-1,39100;-0,32339
141,10800;-1,39117;-0,32356
141,11802;-1,39134;-0,32332
141,12800;-1,39151;-0,32362
141,13800;-1,39168;-0,32338
141,14802;-1,39179;-0,32355
141,15800;-1,39196;-0,32331
141,16800;-1,39213;-0,32355
141,17802;-1,39230;-0,32338
141,18800;-1,39247;-0,32344
141,19802;-1,39258;-0,32346
141,20800;-1,39275;-0,32337
141,21800;-1,39292;-0,32351
141,22802;-1,39309;-0,32342
141,23800;-1,39326;-0,32347
141,24800;-1,39343;-0,32328
141,25802;-1,39360;-0,32356
141,26800;-1,39377;-0,32336
141,27800;-1,39394;-0,32353
141,28802;-1,39406;-0,32335
141,29800;-1,39423;-0,32339
141,30802;-1,39434;-0,32345
141,31802;-1,39451;-0,32345
141,32800;-1,39468;-0,32347
141,33802;-1,39485;-0,32339
141,34800;-1,39502;-0,32352
141,35800;-1,39525;-0,32337
141,36802;-1,39542;-0,32355
141,37800;-1,39559;-0,32331
141,38800;-1,39576;-0,32353
141,39802;-1,39593;-0,32339
141,40800;-1,39610;-0,32353
141,41800;-1,39627;-0,32337
141,42802;-1,39649;-0,32339
141,43800;-1,39661;-0,32332
141,44802;-1,39678;-0,32342
141,45800;-1,39695;-0,32342
141,46800;-1,39712;-0,32327
141,47802;-1,39723;-0,32350
141,48800;-1,39740;-0,32329
141,49800;-1,39757;-0,32358
141,50802;-1,39774;-0,32336
141,51800;-1,39791;-0,32347
141,52800;-1,39808;-0,32333
141,53802;-1,39825;-0,32348
141,54800;-1,39848;-0,32338
141,55802;-1,39865;-0,32340
141,56802;-1,39882;-0,32335
141,57800;-1,39899;-0,32337
141,58802;-1,39916;-0,32339
141,59800;-1,39933;-0,32319
141,60800;-1,39950;-0,32349
141,61802;-1,39967;-0,32314
141,62800;-1,39978;-0,32351
141,63800;-1,39995;-0,32324
141,64802;-1,40012;-0,32340
141,65800;-1,40029;-0,32326
141,66800;-1,40046;-0,32341
141,67802;-1,40063;-0,32324
141,68800;-1,40080;-0,32336
141,69802;-1,40097;-0,32336
141,70800;-1,40114;-0,32325
141,71800;-1,40131;-0,32347
141,72802;-1,40148;-0,32311
141,73800;-1,40165;-0,32348
141,74800;-1,40182;-0,32315
141,75802;-1,40199;-0,32333
141,76800;-1,40216;-0,32316
141,77800;-1,40233;-0,32329
141,78802;-1,40250;-0,32321
141,79800;-1,40267;-0,32331
141,80802;-1,40278;-0,32329
141,81802;-1,40290;-0,32313
141,82800;-1,40312;-0,32326
141,83802;-1,40324;-0,32317
141,84800;-1,40341;-0,32327
141,85800;-1,40358;-0,32307
141,86802;-1,40375;-0,32327
141,87800;-1,40392;-0,32310
141,88800;-1,40409;-0,32333
141,89802;-1,40426;-0,32318
141,90800;-1,40443;-0,32324
141,91800;-1,40460;-0,32318
141,92802;-1,40471;-0,32313
141,93800;-1,40488;-0,32316
141,94802;-1,40499;-0,32307
141,95800;-1,40516;-0,32315
141,96800;-1,40533;-0,32309
141,97802;-1,40556;-0,32316
141,98800;-1,40573;-0,32316
141,99800;-1,40590;-0,32311
142,00802;-1,40613;-0,32310
142,01800;-1,40630;-0,32306
142,02800;-1,40647;-0,32311
142,03802;-1,40664;-0,32298
142,04800;-1,40681;-0,32308
142,05802;-1,40698;-0,32297
142,06802;-1,40715;-0,32298
142,07800;-1,40732;-0,32299
142,08802;-1,40749;-0,32301
142,09800;-1,40766;-0,32299
142,10800;-1,40777;-0,32295
142,11802;-1,40794;-0,32303
142,12800;-1,40811;-0,32295
142,13800;-1,40828;-0,32300
142,14802;-1,40839;-0,32288
142,15800;-1,40856;-0,32296
142,16800;-1,40873;-0,32291
142,17802;-1,40890;-0,32299
142,18800;-1,40913;-0,32292
142,19802;-1,40924;-0,32292
142,20800;-1,40947;-0,32293
142,21800;-1,40964;-0,32288
142,22802;-1,40981;-0,32294
142,23800;-1,40992;-0,32282
142,24800;-1,41009;-0,32289
142,25802;-1,41026;-0,32277
142,26800;-1,41043;-0,32285
142,27800;-1,41060;-0,32271
142,28802;-1,41077;-0,32290
142,29800;-1,41094;-0,32272
142,30802;-1,41111;-0,32285
142,31802;-1,41128;-0,32278
142,32800;-1,41145;-0,32269
142,33802;-1,41162;-0,32280
142,34800;-1,41179;-0,32260
142,35800;-1,41196;-0,32270
142,36802;-1,41213;-0,32263
142,37800;-1,41236;-0,32269
142,38800;-1,41253;-0,32258
142,39802;-1,41270;-0,32270
142,40800;-1,41287;-0,32254
142,41800;-1,41304;-0,32255
142,42802;-1,41315;-0,32253
142,43800;-1,41332;-0,32255
142,44802;-1,41349;-0,32255
142,45800;-1,41366;-0,32253
142,46800;-1,41378;-0,32252
142,47802;-1,41395;-0,32247
142,48800;-1,41412;-0,32252
142,49800;-1,41429;-0,32247
142,50802;-1,41440;-0,32250
142,51800;-1,41457;-0,32242
142,52800;-1,41474;-0,32248
142,53802;-1,41491;-0,32236
142,54800;-1,41508;-0,32241
142,55802;-1,41525;-0,32232
142,56802;-1,41542;-0,32224
142,57800;-1,41553;-0,32224
142,58802;-1,41570;-0,32214
142,59800;-1,41582;-0,32226
142,60800;-1,41599;-0,32216
142,61802;-1,41616;-0,32225
142,62800;-1,41638;-0,32224
142,63800;-1,41655;-0,32227
142,64802;-1,41672;-0,32215
142,65800;-1,41689;-0,32216
142,66800;-1,41706;-0,32208
142,67802;-1,41729;-0,32205
142,68800;-1,41746;-0,32212
142,69802;-1,41763;-0,32199
142,70800;-1,41780;-0,32207
142,71800;-1,41797;-0,32187
142,72802;-1,41814;-0,32205
142,73800;-1,41831;-0,32189
142,74800;-1,41848;-0,32195
142,75802;-1,41865;-0,32180
142,76800;-1,41876;-0,32175
142,77800;-1,41893;-0,32174
142,78802;-1,41910;-0,32174
142,79800;-1,41927;-0,32170
142,80802;-1,41939;-0,32161
142,81802;-1,41956;-0,32176
142,82800;-1,41973;-0,32153
142,83802;-1,41995;-0,32180
142,84800;-1,42012;-0,32144
142,85800;-1,42029;-0,32158
142,86802;-1,42046;-0,32130
142,87800;-1,42063;-0,32149
142,88800;-1,42080;-0,32124
142,89802;-1,42097;-0,32141
142,90800;-1,42114;-0,32124
142,91800;-1,42131;-0,32134
142,92802;-1,42148;-0,32121
142,93800;-1,42165;-0,32116
142,94802;-1,42182;-0,32120
142,95800;-1,42199;-0,32086
142,96800;-1,42216;-0,32123
142,97802;-1,42233;-0,32081
142,98800;-1,42250;-0,32106
142,99800;-1,42267;-0,32078
143,00802;-1,42284;-0,32089
143,01800;-1,42301;-0,32062
143,02800;-1,42313;-0,32090
143,03802;-1,42330;-0,32054
143,04800;-1,42347;-0,32057
143,05802;-1,42364;-0,32063
143,06802;-1,42381;-0,32034
143,07800;-1,42398;-0,32054
143,08802;-1,42415;-0,32023
143,09800;-1,42426;-0,32030
143,10800;-1,42443;-0,32002
143,11802;-1,42454;-0,32015
143,12800;-1,42471;-0,31981
143,13800;-1,42488;-0,31990
143,14802;-1,42500;-0,31967
143,15800;-1,42522;-0,31968
143,16800;-1,42534;-0,31960
143,17802;-1,42551;-0,31944
143,18800;-1,42573;-0,31943
143,19802;-1,42590;-0,31904
143,20800;-1,42602;-0,31922
143,21800;-1,42619;-0,31882
143,22802;-1,42630;-0,31871
143,23800;-1,42647;-0,31864
143,24800;-1,42664;-0,31839
143,25802;-1,42681;-0,31820
143,26800;-1,42704;-0,31800
143,27800;-1,42721;-0,31775
143,28802;-1,42738;-0,31726
143,29800;-1,42760;-0,31706
143,30802;-1,42777;-0,31646
143,31802;-1,42794;-0,31567
143,32800;-1,42811;-0,31314
143,33802;-1,42828;-0,29647
143,34800;-1,42845;-0,28341
143,35800;-1,42862;-0,26858
143,36802;-1,42879;-0,26395
143,37800;-1,42896;-0,25717
143,38800;-1,42913;-0,25844
143,39802;-1,42925;-0,25624
143,40800;-1,42942;-0,25816
143,41800;-1,42959;-0,25796
143,42802;-1,42970;-0,25858
143,43800;-1,42987;-0,25916
143,44802;-1,43004;-0,25839
143,45002;-1,43004;-0,25789
143,46000;-1,43021;-0,26019
143,47000;-1,43027;-0,25762
143,48002;-1,43027;-0,25986
143,49000;-1,43027;-0,25762
143,50000;-1,43027;-0,25917
143,51002;-1,43027;-0,25819
143,52000;-1,43027;-0,25871
143,53002;-1,43015;-0,25853
143,54002;-1,43015;-0,25821
143,55000;-1,43010;-0,25897
143,56002;-1,43004;-0,25763
143,57000;-1,42998;-0,25934
143,58000;-1,42987;-0,25738
143,59002;-1,42981;-0,25920
143,60000;-1,42976;-0,25751
143,61000;-1,42964;-0,25906
143,62002;-1,42947;-0,25750
143,63000;-1,42936;-0,25864
143,64000;-1,42919;-0,25791
143,65002;-1,42902;-0,25808
143,66000;-1,42879;-0,25815
143,67002;-1,42857;-0,25751
143,68002;-1,42828;-0,25831
143,69000;-1,42800;-0,25720
143,70002;-1,42766;-0,25866
143,71000;-1,42738;-0,25700
143,72000;-1,42704;-0,25853
143,73002;-1,42670;-0,25716
143,74000;-1,42636;-0,25830
143,75000;-1,42607;-0,25747
143,76002;-1,42579;-0,25805
143,77000;-1,42551;-0,25773
143,78002;-1,42522;-0,25766
143,79002;-1,42500;-0,25812
143,80000;-1,42477;-0,25734
143,81002;-1,42454;-0,25822
143,82000;-1,42432;-0,25701
143,83000;-1,42409;-0,25827
143,84002;-1,42386;-0,25684
143,85000;-1,42364;-0,25816
143,86000;-1,42347;-0,25705
143,87002;-1,42324;-0,25786
143,88000;-1,42307;-0,25730
143,89000;-1,42290;-0,25765
143,90002;-1,42267;-0,25750
143,91000;-1,42250;-0,25734
143,92002;-1,42233;-0,25773
143,93002;-1,42216;-0,25696
143,94000;-1,42199;-0,25793
143,95002;-1,42182;-0,25682
143,96000;-1,42165;-0,25796
143,97000;-1,42148;-0,25689
143,98002;-1,42126;-0,25775
143,99000;-1,42109;-0,25692
144,00000;-1,42097;-0,25761
144,01002;-1,42075;-0,25705
144,02000;-1,42063;-0,25739
144,03002;-1,42046;-0,25732
144,04002;-1,42029;-0,25702
144,05000;-1,42012;-0,25750
144,06002;-1,41995;-0,25682
144,07000;-1,41978;-0,25760
144,08000;-1,41961;-0,25671
144,09002;-1,41944;-0,25761
144,10000;-1,41927;-0,25679
144,11000;-1,41910;-0,25754
144,12002;-1,41893;-0,25689
144,13000;-1,41876;-0,25738
144,14000;-1,41859;-0,25713
144,15002;-1,41842;-0,25718
144,16000;-1,41825;-0,25728
144,17002;-1,41808;-0,25682
144,18002;-1,41797;-0,25743
144,19000;-1,41780;-0,25670
144,20002;-1,41763;-0,25748
144,21000;-1,41746;-0,25667
144,22000;-1,41729;-0,25734
144,23002;-1,41712;-0,25666
144,24000;-1,41695;-0,25727
144,25000;-1,41678;-0,25672
144,26002;-1,41661;-0,25710
144,27000;-1,41644;-0,25694
144,28002;-1,41627;-0,25685
144,29002;-1,41610;-0,25713
144,30000;-1,41593;-0,25670
144,31002;-1,41582;-0,25725
144,32000;-1,41565;-0,25655
144,33000;-1,41548;-0,25725
144,34002;-1,41531;-0,25656
144,35000;-1,41514;-0,25714
144,36000;-1,41497;-0,25662
144,37002;-1,41485;-0,25715
144,38000;-1,41468;-0,25661
144,39000;-1,41451;-0,25694
144,40002;-1,41434;-0,25692
144,41000;-1,41417;-0,25673
144,42002;-1,41400;-0,25699
144,43002;-1,41378;-0,25659
144,44000;-1,41361;-0,25691
144,45002;-1,41344;-0,25654
144,46000;-1,41327;-0,25707
144,47000;-1,41310;-0,25649
144,48002;-1,41293;-0,25695
144,49000;-1,41276;-0,25661
144,50000;-1,41259;-0,25684
144,51002;-1,41242;-0,25670
144,52000;-1,41225;-0,25676
144,53002;-1,41208;-0,25672
144,54002;-1,41191;-0,25656
144,55000;-1,41174;-0,25678
144,56002;-1,41151;-0,25648
144,57000;-1,41140;-0,25676
144,58000;-1,41123;-0,25649
144,59002;-1,41106;-0,25681
144,60000;-1,41089;-0,25654
144,61000;-1,41072;-0,25685
144,62002;-1,41055;-0,25650
144,63000;-1,41038;-0,25664
144,64000;-1,41021;-0,25657
144,65002;-1,41004;-0,25655
144,66000;-1,40987;-0,25654
144,67002;-1,40970;-0,25644
144,68002;-1,40958;-0,25660
144,69000;-1,40941;-0,25634
144,70002;-1,40924;-0,25668
144,71000;-1,40907;-0,25635
144,72000;-1,40890;-0,25668
144,73002;-1,40873;-0,25631
144,74000;-1,40856;-0,25661
144,75000;-1,40839;-0,25640
144,76002;-1,40822;-0,25658
144,77000;-1,40805;-0,25643
144,78002;-1,40788;-0,25656
144,79002;-1,40771;-0,25643
144,80000;-1,40754;-0,25640
144,81002;-1,40737;-0,25657
144,82000;-1,40720;-0,25625
144,83000;-1,40709;-0,25658
144,84002;-1,40692;-0,25629
144,85000;-1,40675;-0,25652
144,86000;-1,40658;-0,25622
144,87002;-1,40635;-0,25658
144,88000;-1,40618;-0,25616
144,89000;-1,40601;-0,25644
144,90002;-1,40584;-0,25626
144,91000;-1,40567;-0,25637
144,92002;-1,40556;-0,25633
144,93002;-1,40539;-0,25634
144,94000;-1,40522;-0,25640
144,95002;-1,40505;-0,25618
144,96000;-1,40488;-0,25647
144,97000;-1,40471;-0,25611
144,98002;-1,40454;-0,25638
144,99000;-1,40443;-0,25610
145,00000;-1,40426;-0,25642
145,01002;-1,40409;-0,25615
145,02000;-1,40392;-0,25641
145,03002;-1,40375;-0,25621
145,04002;-1,40358;-0,25632
145,05000;-1,40346;-0,25628
145,06002;-1,40329;-0,25623
145,07000;-1,40312;-0,25625
145,08000;-1,40295;-0,25610
145,09002;-1,40278;-0,25633
145,10000;-1,40261;-0,25609
145,11000;-1,40244;-0,25635
145,12002;-1,40227;-0,25611
145,13000;-1,40210;-0,25631
145,14000;-1,40193;-0,25606
145,15002;-1,40176;-0,25618
145,16000;-1,40159;-0,25601
145,17002;-1,40142;-0,25616
145,18002;-1,40125;-0,25609
145,19000;-1,40108;-0,25611
145,20002;-1,40097;-0,25617
145,21000;-1,40080;-0,25600
145,22000;-1,40063;-0,25627
145,23002;-1,40046;-0,25597
145,24000;-1,40029;-0,25614
145,25000;-1,40012;-0,25589
145,26002;-1,39989;-0,25619
145,27000;-1,39972;-0,25590
145,28002;-1,39955;-0,25614
145,29002;-1,39938;-0,25596
145,30000;-1,39921;-0,25610
145,31002;-1,39904;-0,25606
145,32000;-1,39887;-0,25599
145,33000;-1,39870;-0,25603
145,34002;-1,39853;-0,25578
145,35000;-1,39836;-0,25613
145,36000;-1,39819;-0,25585
145,37002;-1,39802;-0,25607
145,38000;-1,39785;-0,25587
145,39000;-1,39768;-0,25609
145,40002;-1,39751;-0,25586
145,41000;-1,39740;-0,25614
145,42002;-1,39723;-0,25584
145,43002;-1,39706;-0,25589
145,44000;-1,39689;-0,25600
145,45002;-1,39672;-0,25588
145,46000;-1,39655;-0,25595
145,47000;-1,39638;-0,25584
145,48002;-1,39627;-0,25588
145,49000;-1,39610;-0,25576
145,50000;-1,39593;-0,25601
145,51002;-1,39576;-0,25576
145,52000;-1,39553;-0,25589
145,53002;-1,39542;-0,25578
145,54002;-1,39519;-0,25587
145,55000;-1,39508;-0,25578
145,56002;-1,39491;-0,25588
145,57000;-1,39474;-0,25577
145,58000;-1,39457;-0,25574
145,59002;-1,39440;-0,25587
145,60000;-1,39423;-0,25573
145,61000;-1,39406;-0,25589
145,62002;-1,39389;-0,25573
145,63000;-1,39372;-0,25587
145,64000;-1,39355;-0,25569
145,65002;-1,39338;-0,25587
145,66000;-1,39321;-0,25563
145,67002;-1,39309;-0,25578
145,68002;-1,39292;-0,25575
145,69000;-1,39275;-0,25582
145,70002;-1,39258;-0,25582
145,71000;-1,39241;-0,25583
145,72000;-1,39224;-0,25572
145,73002;-1,39207;-0,25561
145,74000;-1,39190;-0,25577
145,75000;-1,39173;-0,25547
145,76002;-1,39156;-0,25578
145,77000;-1,39139;-0,25554
145,78002;-1,39122;-0,25575
145,79002;-1,39105;-0,25556
145,80000;-1,39088;-0,25583
145,81002;-1,39071;-0,25554
145,82000;-1,39054;-0,25566
145,83000;-1,39037;-0,25557
145,84002;-1,39020;-0,25554
145,85000;-1,39003;-0,25578
145,86000;-1,38986;-0,25551
145,87002;-1,38975;-0,25573
145,88000;-1,38958;-0,25557
145,89000;-1,38941;-0,25576
145,90002;-1,38924;-0,25542
145,91000;-1,38907;-0,25580
145,92002;-1,38890;-0,25531
145,93002;-1,38873;-0,25564
145,94000;-1,38856;-0,25552
145,95002;-1,38839;-0,25558
145,96000;-1,38822;-0,25560
145,97000;-1,38805;-0,25561
145,98002;-1,38788;-0,25565
145,99000;-1,38777;-0,25550
146,00000;-1,38760;-0,25564
146,01002;-1,38743;-0,25538
146,02000;-1,38726;-0,25560
146,03002;-1,38709;-0,25537
146,04002;-1,38692;-0,25571
146,05000;-1,38675;-0,25544
146,06002;-1,38658;-0,25564
146,07000;-1,38641;-0,25553
146,08000;-1,38624;-0,25551
146,09002;-1,38607;-0,25544
146,10000;-1,38590;-0,25547
146,11000;-1,38573;-0,25550
146,12002;-1,38556;-0,25541
146,13000;-1,38539;-0,25556
146,14000;-1,38522;-0,25540
146,15002;-1,38505;-0,25561
146,16000;-1,38488;-0,25538
146,17002;-1,38471;-0,25559
146,18002;-1,38454;-0,25534
146,19000;-1,38437;-0,25549
146,20002;-1,38420;-0,25538
146,21000;-1,38403;-0,25545
146,22000;-1,38386;-0,25537
146,23002;-1,38369;-0,25545
146,24000;-1,38352;-0,25538
146,25000;-1,38340;-0,25533
146,26002;-1,38323;-0,25539
146,27000;-1,38306;-0,25523
146,28002;-1,38289;-0,25540
146,29002;-1,38278;-0,25532
146,30000;-1,38261;-0,25548
146,31002;-1,38244;-0,25534
146,32000;-1,38233;-0,25547
146,33000;-1,38216;-0,25537
146,34002;-1,38199;-0,25536
146,35000;-1,38182;-0,25529
146,36000;-1,38165;-0,25531
146,37002;-1,38148;-0,25524
146,38000;-1,38131;-0,25521
146,39000;-1,38114;-0,25538
146,40002;-1,38097;-0,25526
146,41000;-1,38080;-0,25534
146,42002;-1,38063;-0,25529
146,43002;-1,38046;-0,25530
146,44000;-1,38029;-0,25523
146,45002;-1,38012;-0,25535
146,46000;-1,37995;-0,25517
146,47000;-1,37978;-0,25523
146,48002;-1,37966;-0,25534
146,49000;-1,37949;-0,25522
146,50000;-1,37932;-0,25533
146,51002;-1,37915;-0,25523
146,52000;-1,37898;-0,25528
146,53002;-1,37876;-0,25520
146,54002;-1,37864;-0,25535
146,55000;-1,37842;-0,25519
146,56002;-1,37825;-0,25524
146,57000;-1,37808;-0,25517
146,58000;-1,37791;-0,25522
146,59002;-1,37774;-0,25516
146,60000;-1,37757;-0,25518
146,61000;-1,37740;-0,25521
146,62002;-1,37723;-0,25513
146,63000;-1,37706;-0,25533
146,64000;-1,37689;-0,25504
146,65002;-1,37672;-0,25523
146,66000;-1,37655;-0,25502
146,67002;-1,37638;-0,25515
146,68002;-1,37621;-0,25506
146,69000;-1,37604;-0,25518
146,70002;-1,37592;-0,25499
146,71000;-1,37575;-0,25516
146,72000;-1,37558;-0,25517
146,73002;-1,37541;-0,25490
146,74000;-1,37524;-0,25526
146,75000;-1,37507;-0,25491
146,76002;-1,37490;-0,25520
146,77000;-1,37479;-0,25497
146,78002;-1,37462;-0,25522
146,79002;-1,37445;-0,25487
146,80000;-1,37428;-0,25518
146,81002;-1,37411;-0,25500
146,82000;-1,37394;-0,25512
146,83000;-1,37377;-0,25507
146,84002;-1,37360;-0,25499
146,85000;-1,37343;-0,25507
146,86000;-1,37326;-0,25492
146,87002;-1,37309;-0,25512
146,88000;-1,37292;-0,25482
146,89000;-1,37275;-0,25515
146,90002;-1,37264;-0,25490
146,91000;-1,37247;-0,25508
146,92002;-1,37230;-0,25481
146,93002;-1,37213;-0,25507
146,94000;-1,37196;-0,25485
146,95002;-1,37179;-0,25499
146,96000;-1,37162;-0,25502
146,97000;-1,37150;-0,25484
146,98002;-1,37133;-0,25505
146,99000;-1,37116;-0,25487
147,00000;-1,37099;-0,25497
147,01002;-1,37082;-0,25482
147,02000;-1,37065;-0,25497
147,03002;-1,37048;-0,25479
147,04002;-1,37031;-0,25488
147,05000;-1,37009;-0,25476
147,06002;-1,36992;-0,25489
147,07000;-1,36975;-0,25492
147,08000;-1,36958;-0,25480
147,09002;-1,36941;-0,25489
147,10000;-1,36924;-0,25478
147,11000;-1,36912;-0,25484
147,12002;-1,36895;-0,25479
147,13000;-1,36878;-0,25479
147,14000;-1,36861;-0,25470
147,15002;-1,36844;-0,25487
147,16000;-1,36827;-0,25482
147,17002;-1,36810;-0,25484
147,18002;-1,36793;-0,25476
147,19000;-1,36776;-0,25480
147,20002;-1,36759;-0,25477
147,21000;-1,36742;-0,25484
147,22000;-1,36725;-0,25480
147,23002;-1,36708;-0,25464
147,24000;-1,36691;-0,25473
147,25000;-1,36680;-0,25480
147,26002;-1,36663;-0,25469
147,27000;-1,36646;-0,25465
147,28002;-1,36629;-0,25486
147,29002;-1,36612;-0,25460
147,30000;-1,36595;-0,25478
147,31002;-1,36578;-0,25473
147,32000;-1,36561;-0,25464
147,33000;-1,36544;-0,25468
147,34002;-1,36527;-0,25474
147,35000;-1,36510;-0,25461
147,36000;-1,36493;-0,25470
147,37002;-1,36482;-0,25470
147,38000;-1,36465;-0,25460
147,39000;-1,36448;-0,25469
147,40002;-1,36431;-0,25469
147,41000;-1,36414;-0,25475
147,42002;-1,36397;-0,25464
147,43002;-1,36380;-0,25467
147,44000;-1,36363;-0,25463
147,45002;-1,36346;-0,25460
147,46000;-1,36329;-0,25466
147,47000;-1,36312;-0,25464
147,48002;-1,36295;-0,25459
147,49000;-1,36278;-0,25467
147,50000;-1,36261;-0,25460
147,51002;-1,36244;-0,25454
147,52000;-1,36227;-0,25459
147,53002;-1,36210;-0,25455
147,54002;-1,36193;-0,25448
147,55000;-1,36176;-0,25471
147,56002;-1,36159;-0,25447
147,57000;-1,36147;-0,25462
147,58000;-1,36130;-0,25454
147,59002;-1,36113;-0,25458
147,60000;-1,36096;-0,25450
147,61000;-1,36085;-0,25465
147,62002;-1,36068;-0,25442
147,63000;-1,36051;-0,25453
147,64000;-1,36034;-0,25451
147,65002;-1,36017;-0,25447
147,66000;-1,36000;-0,25458
147,67002;-1,35983;-0,25447
147,68002;-1,35966;-0,25457
147,69000;-1,35949;-0,25438
147,70002;-1,35932;-0,25453
147,71000;-1,35915;-0,25437
147,72000;-1,35898;-0,25451
147,73002;-1,35881;-0,25435
147,74000;-1,35864;-0,25461
147,75000;-1,35847;-0,25439
147,76002;-1,35830;-0,25456
147,77000;-1,35813;-0,25446
147,78002;-1,35796;-0,25432
147,79002;-1,35779;-0,25450
147,80000;-1,35762;-0,25428
147,81002;-1,35745;-0,25440
147,82000;-1,35728;-0,25438
147,83000;-1,35711;-0,25448
147,84002;-1,35694;-0,25436
147,85000;-1,35677;-0,25450
147,86000;-1,35660;-0,25430
147,87002;-1,35643;-0,25446
147,88000;-1,35626;-0,25431
147,89002;-1,35609;-0,25434
147,90002;-1,35586;-0,25427
147,91000;-1,35575;-0,25430
147,92002;-1,35558;-0,25444
147,93002;-1,35541;-0,25428
147,94000;-1,35524;-0,25430
147,95002;-1,35507;-0,25428
147,96000;-1,35490;-0,25423
147,97000;-1,35473;-0,25418
147,98002;-1,35456;-0,25429
147,99000;-1,35439;-0,25416
148,00000;-1,35422;-0,25434
148,01002;-1,35405;-0,25436
148,02000;-1,35394;-0,25424
148,03002;-1,35377;-0,25436
148,04002;-1,35360;-0,25422
148,05000;-1,35343;-0,25424
148,06002;-1,35326;-0,25427
148,07000;-1,35309;-0,25426
148,08000;-1,35297;-0,25413
148,09002;-1,35280;-0,25422
148,10000;-1,35263;-0,25420
148,11000;-1,35246;-0,25419
148,12002;-1,35229;-0,25419
148,13000;-1,35212;-0,25414
148,14002;-1,35195;-0,25416
148,15002;-1,35178;-0,25412
148,16000;-1,35167;-0,25427
148,17002;-1,35150;-0,25409
148,18002;-1,35133;-0,25425
148,19000;-1,35116;-0,25410
148,20002;-1,35099;-0,25418
148,21000;-1,35082;-0,25411
148,22000;-1,35065;-0,25416
148,23002;-1,35048;-0,25421
148,24000;-1,35031;-0,25413
148,25000;-1,35014;-0,25413
148,26002;-1,34997;-0,25409
148,27000;-1,34986;-0,25413
148,28002;-1,34969;-0,25400
148,29002;-1,34952;-0,25413
148,30000;-1,34935;-0,25401
148,31002;-1,34912;-0,25408
148,32000;-1,34895;-0,25402
148,33000;-1,34878;-0,25407
148,34002;-1,34861;-0,25407
148,35000;-1,34844;-0,25401
148,36000;-1,34827;-0,25419
148,37002;-1,34810;-0,25403
148,38000;-1,34793;-0,25409
148,39002;-1,34776;-0,25406
148,40002;-1,34759;-0,25414
148,41000;-1,34742;-0,25391
148,42002;-1,34725;-0,25417
148,43002;-1,34708;-0,25403
148,44000;-1,34697;-0,25396
148,45002;-1,34674;-0,25409
148,46000;-1,34663;-0,25387
148,47000;-1,34640;-0,25391
148,48002;-1,34623;-0,25383
148,49000;-1,34606;-0,25401
148,50000;-1,34589;-0,25382
148,51002;-1,34572;-0,25404
148,52000;-1,34555;-0,25384
148,53002;-1,34538;-0,25396
148,54002;-1,34521;-0,25393
148,55000;-1,34510;-0,25391
148,56002;-1,34493;-0,25394
148,57000;-1,34476;-0,25388
148,58000;-1,34459;-0,25394
148,59002;-1,34442;-0,25383
148,60000;-1,34425;-0,25403
148,61000;-1,34408;-0,25394
148,62002;-1,34391;-0,25392
148,63000;-1,34374;-0,25385
148,64002;-1,34362;-0,25395
148,65002;-1,34345;-0,25376
148,66000;-1,34328;-0,25381
148,67002;-1,34311;-0,25387
148,68002;-1,34289;-0,25373
148,69000;-1,34277;-0,25388
148,70002;-1,34260;-0,25379
148,71000;-1,34243;-0,25386
148,72000;-1,34226;-0,25376
148,73002;-1,34209;-0,25392
148,74000;-1,34192;-0,25379
148,75000;-1,34181;-0,25387
148,76002;-1,34164;-0,25375
148,77000;-1,34141;-0,25376
148,78002;-1,34130;-0,25375
148,79002;-1,34113;-0,25377
148,80000;-1,34096;-0,25374
148,81002;-1,34079;-0,25377
148,82000;-1,34062;-0,25389
148,83000;-1,34045;-0,25366
148,84002;-1,34028;-0,25391
148,85000;-1,34011;-0,25360
148,86000;-1,33994;-0,25381
148,87002;-1,33983;-0,25374
148,88000;-1,33966;-0,25374
148,89002;-1,33949;-0,25362
148,90002;-1,33932;-0,25381
148,91000;-1,33915;-0,25367
148,92002;-1,33898;-0,25367
148,93002;-1,33886;-0,25379
148,94000;-1,33869;-0,25356
148,95002;-1,33852;-0,25382
148,96000;-1,33835;-0,25365
148,97000;-1,33813;-0,25380
148,98002;-1,33796;-0,25351
148,99000;-1,33779;-0,25381
149,00000;-1,33762;-0,25358
149,01002;-1,33745;-0,25371
149,02000;-1,33728;-0,25371
149,03002;-1,33711;-0,25361
149,04002;-1,33694;-0,25362
149,05000;-1,33682;-0,25376
149,06002;-1,33665;-0,25373
149,07000;-1,33648;-0,25338
149,08000;-1,33631;-0,25387
149,09002;-1,33614;-0,25335
149,10000;-1,33597;-0,25373
149,11000;-1,33575;-0,25354
149,12002;-1,33558;-0,25370
149,13000;-1,33541;-0,25347
149,14002;-1,33524;-0,25375
149,15002;-1,33507;-0,25352
149,16000;-1,33490;-0,25356
149,17002;-1,33473;-0,25369
149,18002;-1,33456;-0,25344
149,19000;-1,33439;-0,25372
149,20002;-1,33422;-0,25343
149,21000;-1,33405;-0,25381
149,22000;-1,33388;-0,25338
149,23002;-1,33371;-0,25372
149,24000;-1,33354;-0,25336
149,25000;-1,33342;-0,25358
149,26002;-1,33325;-0,25348
149,27000;-1,33308;-0,25351
149,28002;-1,33291;-0,25352
149,29002;-1,33274;-0,25342
149,30000;-1,33257;-0,25361
149,31002;-1,33240;-0,25332
149,32000;-1,33223;-0,25373
149,33000;-1,33212;-0,25325
149,34002;-1,33195;-0,25366
149,35000;-1,33178;-0,25334
149,36000;-1,33161;-0,25363
149,37002;-1,33144;-0,25333
149,38000;-1,33127;-0,25353
149,39002;-1,33116;-0,25338
149,40002;-1,33099;-0,25333
149,41000;-1,33082;-0,25351
149,42002;-1,33065;-0,25323
149,43002;-1,33048;-0,25353
149,44000;-1,33031;-0,25323
149,45002;-1,33014;-0,25369
149,46000;-1,32997;-0,25320
149,47000;-1,32985;-0,25376
149,48002;-1,32968;-0,25320
149,49000;-1,32946;-0,25353
149,50000;-1,32934;-0,25330
149,51002;-1,32917;-0,25338
149,52000;-1,32900;-0,25332
149,53002;-1,32883;-0,25340
149,54002;-1,32866;-0,25349
149,55000;-1,32849;-0,25324
149,56002;-1,32832;-0,25356
149,57000;-1,32815;-0,25313
149,58000;-1,32798;-0,25355
149,59002;-1,32781;-0,25309
149,60000;-1,32764;-0,25346
149,61000;-1,32747;-0,25307
149,62002;-1,32730;-0,25347
149,63000;-1,32713;-0,25323
149,64002;-1,32696;-0,25326
149,65002;-1,32679;-0,25332
149,66000;-1,32662;-0,25326
149,67002;-1,32645;-0,25330
149,68002;-1,32628;-0,25315
149,69000;-1,32617;-0,25343
149,70002;-1,32600;-0,25302
149,71000;-1,32583;-0,25355
149,72000;-1,32566;-0,25323
149,73002;-1,32549;-0,25337
149,74000;-1,32532;-0,25320
149,75000;-1,32515;-0,25334
149,76002;-1,32498;-0,25321
149,77000;-1,32481;-0,25322
149,78002;-1,32464;-0,25317
149,79002;-1,32447;-0,25304
149,80000;-1,32430;-0,25326
149,81002;-1,32413;-0,25318
149,82000;-1,32396;-0,25323
149,83000;-1,32379;-0,25307
149,84002;-1,32362;-0,25332
149,85000;-1,32345;-0,25308
149,86000;-1,32334;-0,25331
149,87002;-1,32311;-0,25320
149,88000;-1,32300;-0,25310
149,89002;-1,32283;-0,25314
149,90002;-1,32266;-0,25318
149,91000;-1,32249;-0,25309
149,92002;-1,32232;-0,25312
149,93002;-1,32215;-0,25315
149,94000;-1,32198;-0,25299
149,95002;-1,32181;-0,25320
149,96000;-1,32164;-0,25304
149,97000;-1,32147;-0,25313
149,98002;-1,32130;-0,25308
149,99000;-1,32113;-0,25317
150,00000;-1,32096;-0,25302
150,01002;-1,32079;-0,25312
150,02000;-1,32062;-0,25305
150,03002;-1,32045;-0,25305
150,04002;-1,32028;-0,25307
150,05000;-1,32016;-0,25301
150,06002;-1,31999;-0,25309
150,07000;-1,31982;-0,25301
150,08000;-1,31965;-0,25308
150,09002;-1,31948;-0,25289
150,10000;-1,31931;-0,25312
150,11000;-1,31914;-0,25295
150,12002;-1,31897;-0,25299
150,13000;-1,31880;-0,25298
150,14002;-1,31863;-0,25296
150,15002;-1,31846;-0,25293
150,16000;-1,31835;-0,25308
150,17002;-1,31818;-0,25297
150,18002;-1,31801;-0,25293
150,19000;-1,31784;-0,25297
150,20002;-1,31767;-0,25299
150,21000;-1,31750;-0,25297
150,22000;-1,31733;-0,25298
150,23002;-1,31716;-0,25286
150,24000;-1,31699;-0,25289
150,25000;-1,31682;-0,25291
150,26002;-1,31665;-0,25288
150,27000;-1,31648;-0,25280
150,28002;-1,31631;-0,25278
150,29002;-1,31614;-0,25298
150,30000;-1,31597;-0,25281
150,31002;-1,31580;-0,25304
150,32000;-1,31563;-0,25276
150,33000;-1,31546;-0,25299
150,34002;-1,31529;-0,25284
150,35000;-1,31512;-0,25298
150,36000;-1,31501;-0,25277
150,37002;-1,31484;-0,25294
150,38000;-1,31467;-0,25282
150,39002;-1,31450;-0,25281
150,40002;-1,31427;-0,25290
150,41000;-1,31410;-0,25273
150,42002;-1,31393;-0,25301
150,43002;-1,31376;-0,25275
150,44000;-1,31359;-0,25303
150,45002;-1,31342;-0,25265
150,46000;-1,31325;-0,25301
150,47000;-1,31308;-0,25268
150,48002;-1,31291;-0,25284
150,49000;-1,31274;-0,25280
150,50000;-1,31257;-0,25281
150,51002;-1,31240;-0,25287
150,52000;-1,31223;-0,25273
150,53002;-1,31206;-0,25288
150,54002;-1,31189;-0,25254
150,55000;-1,31178;-0,25302
150,56002;-1,31161;-0,25257
150,57000;-1,31144;-0,25290
150,58000;-1,31127;-0,25259
150,59002;-1,31110;-0,25283
150,60000;-1,31093;-0,25261
150,61000;-1,31076;-0,25288
150,62002;-1,31059;-0,25273
150,63000;-1,31042;-0,25266
150,64002;-1,31030;-0,25277
150,65002;-1,31013;-0,25250
150,66000;-1,30996;-0,25281
150,67002;-1,30979;-0,25255
150,68002;-1,30962;-0,25281
150,69000;-1,30945;-0,25244
150,70002;-1,30934;-0,25286
150,71000;-1,30917;-0,25255
150,72000;-1,30900;-0,25274
150,73002;-1,30883;-0,25258
150,74000;-1,30866;-0,25271
150,75000;-1,30849;-0,25254
150,76002;-1,30832;-0,25271
150,77000;-1,30815;-0,25260
150,78002;-1,30798;-0,25237
150,79002;-1,30781;-0,25267
150,80000;-1,30764;-0,25242
150,81002;-1,30747;-0,25272
150,82000;-1,30730;-0,25252
150,83000;-1,30713;-0,25265
150,84002;-1,30696;-0,25239
150,85000;-1,30679;-0,25274
150,86000;-1,30668;-0,25236
150,87002;-1,30651;-0,25263
150,88000;-1,30634;-0,25249
150,89002;-1,30617;-0,25260
150,90002;-1,30600;-0,25259
150,91000;-1,30583;-0,25256
150,92002;-1,30566;-0,25266
150,93002;-1,30549;-0,25234
150,94000;-1,30532;-0,25276
150,95002;-1,30515;-0,25239
150,96000;-1,30498;-0,25265
150,97000;-1,30481;-0,25244
150,98002;-1,30464;-0,25264
150,99000;-1,30447;-0,25232
151,00000;-1,30430;-0,25275
151,01002;-1,30418;-0,25244
151,02000;-1,30401;-0,25245
151,03002;-1,30384;-0,25256
151,04002;-1,30367;-0,25229
151,05000;-1,30345;-0,25251
151,06002;-1,30328;-0,25243
151,07000;-1,30311;-0,25258
151,08000;-1,30294;-0,25228
151,09002;-1,30277;-0,25259
151,10000;-1,30260;-0,25231
151,11000;-1,30243;-0,25256
151,12002;-1,30226;-0,25246
151,13000;-1,30209;-0,25243
151,14002;-1,30192;-0,25248
151,15002;-1,30175;-0,25245
151,16000;-1,30158;-0,25251
151,17002;-1,30141;-0,25228
151,18002;-1,30129;-0,25252
151,19000;-1,30112;-0,25228
151,20002;-1,30095;-0,25256
151,21000;-1,30078;-0,25232
151,22000;-1,30061;-0,25249
151,23002;-1,30044;-0,25225
151,24000;-1,30027;-0,25247
151,25000;-1,30010;-0,25233
151,26002;-1,29993;-0,25230
151,27000;-1,29976;-0,25238
151,28002;-1,29959;-0,25224
151,29002;-1,29942;-0,25233
151,30000;-1,29925;-0,25231
151,31002;-1,29908;-0,25244
151,32000;-1,29891;-0,25216
151,33000;-1,29874;-0,25256
151,34002;-1,29857;-0,25226
151,35000;-1,29840;-0,25235
151,36000;-1,29823;-0,25240
151,37002;-1,29806;-0,25233
151,38000;-1,29789;-0,25229
151,39002;-1,29778;-0,25237
151,40002;-1,29761;-0,25238
151,41000;-1,29744;-0,25219
151,42002;-1,29727;-0,25249
151,43002;-1,29710;-0,25224
151,44000;-1,29699;-0,25233
151,45002;-1,29682;-0,25226
151,46000;-1,29665;-0,25238
151,47000;-1,29648;-0,25218
151,48002;-1,29631;-0,25245
151,49000;-1,29614;-0,25228
151,50000;-1,29597;-0,25223
151,51002;-1,29585;-0,25247
151,52000;-1,29568;-0,25228
151,53002;-1,29551;-0,25226
151,54002;-1,29534;-0,25227
151,55000;-1,29517;-0,25238
151,56002;-1,29500;-0,25211
151,57000;-1,29483;-0,25245
151,58000;-1,29466;-0,25201
151,59002;-1,29449;-0,25233
151,60000;-1,29427;-0,25217
151,61000;-1,29415;-0,25236
151,62002;-1,29393;-0,25211
151,63000;-1,29381;-0,25220
151,64002;-1,29364;-0,25223
151,65002;-1,29347;-0,25216
151,66000;-1,29330;-0,25222
151,67002;-1,29313;-0,25204
151,68002;-1,29296;-0,25223
151,69000;-1,29279;-0,25209
151,70002;-1,29262;-0,25237
151,71000;-1,29245;-0,25208
151,72000;-1,29228;-0,25231
151,73002;-1,29211;-0,25211
151,74000;-1,29194;-0,25226
151,75000;-1,29177;-0,25223
151,76002;-1,29160;-0,25212
151,77000;-1,29143;-0,25218
151,78002;-1,29126;-0,25215
151,79002;-1,29109;-0,25228
151,80000;-1,29092;-0,25201
151,81002;-1,29075;-0,25234
151,82000;-1,29058;-0,25203
151,83000;-1,29041;-0,25228
151,84002;-1,29024;-0,25216
151,85000;-1,29013;-0,25217
151,86000;-1,28996;-0,25203
151,87002;-1,28979;-0,25212
151,88000;-1,28962;-0,25207
151,89002;-1,28945;-0,25193
151,90002;-1,28928;-0,25226
151,91000;-1,28911;-0,25197
151,92002;-1,28894;-0,25216
151,93002;-1,28877;-0,25202
151,94000;-1,28860;-0,25215
151,95002;-1,28849;-0,25200
151,96000;-1,28832;-0,25212
151,97000;-1,28815;-0,25201
151,98002;-1,28798;-0,25200
151,99000;-1,28781;-0,25222
152,00000;-1,28764;-0,25191
152,01002;-1,28747;-0,25217
152,02000;-1,28735;-0,25201
152,03002;-1,28713;-0,25211
152,04002;-1,28701;-0,25191
152,05000;-1,28684;-0,25219
152,06002;-1,28667;-0,25200
152,07000;-1,28650;-0,25199
152,08000;-1,28633;-0,25211
152,09002;-1,28616;-0,25203
152,10000;-1,28599;-0,25213
152,11000;-1,28582;-0,25200
152,12002;-1,28565;-0,25213
152,13000;-1,28548;-0,25189
152,14002;-1,28531;-0,25220
152,15002;-1,28514;-0,25196
152,16000;-1,28497;-0,25204
152,17002;-1,28480;-0,25201
152,18002;-1,28463;-0,25207
152,19000;-1,28452;-0,25189
152,20002;-1,28429;-0,25205
152,21000;-1,28412;-0,25197
152,22000;-1,28395;-0,25195
152,23002;-1,28378;-0,25213
152,24000;-1,28367;-0,25188
152,25000;-1,28350;-0,25198
152,26002;-1,28333;-0,25193
152,27000;-1,28316;-0,25202
152,28002;-1,28299;-0,25184
152,29002;-1,28282;-0,25205
152,30000;-1,28265;-0,25189
152,31002;-1,28248;-0,25198
152,32000;-1,28231;-0,25201
152,33000;-1,28214;-0,25194
152,34002;-1,28197;-0,25196
152,35000;-1,28180;-0,25196
152,36000;-1,28163;-0,25208
152,37002;-1,28146;-0,25180
152,38000;-1,28129;-0,25200
152,39002;-1,28112;-0,25178
152,40002;-1,28095;-0,25200
152,41000;-1,28078;-0,25183
152,42002;-1,28055;-0,25197
152,43002;-1,28044;-0,25185
152,44000;-1,28021;-0,25199
152,45002;-1,28004;-0,25193
152,46000;-1,27993;-0,25187
152,47000;-1,27970;-0,25195
152,48002;-1,27959;-0,25178
152,49000;-1,27942;-0,25205
152,50000;-1,27925;-0,25184
152,51002;-1,27908;-0,25203
152,52000;-1,27891;-0,25189
152,53002;-1,27874;-0,25212
152,54002;-1,27857;-0,25185
152,55000;-1,27840;-0,25199
152,56002;-1,27823;-0,25192
152,57000;-1,27806;-0,25183
152,58000;-1,27789;-0,25192
152,59002;-1,27772;-0,25184
152,60000;-1,27755;-0,25199
152,61000;-1,27738;-0,25189
152,62002;-1,27721;-0,25206
152,63000;-1,27704;-0,25184
152,64002;-1,27693;-0,25195
152,65002;-1,27676;-0,25188
152,66000;-1,27659;-0,25189
152,67002;-1,27642;-0,25180
152,68002;-1,27625;-0,25193
152,69000;-1,27608;-0,25188
152,70002;-1,27591;-0,25181
152,71000;-1,27574;-0,25201
152,72000;-1,27562;-0,25174
152,73002;-1,27545;-0,25199
152,74000;-1,27528;-0,25191
152,75000;-1,27511;-0,25181
152,76002;-1,27494;-0,25182
152,77000;-1,27477;-0,25190
152,78002;-1,27466;-0,25176
152,79002;-1,27449;-0,25186
152,80000;-1,27432;-0,25178
152,81002;-1,27415;-0,25176
152,82000;-1,27398;-0,25190
152,83000;-1,27381;-0,25173
152,84002;-1,27364;-0,25190
152,85000;-1,27347;-0,25174
152,86000;-1,27330;-0,25187
152,87002;-1,27313;-0,25180
152,88000;-1,27296;-0,25177
152,89002;-1,27279;-0,25182
152,90002;-1,27262;-0,25187
152,91000;-1,27245;-0,25181
152,92002;-1,27228;-0,25182
152,93002;-1,27211;-0,25181
152,94000;-1,27194;-0,25173
152,95002;-1,27177;-0,25201
152,96000;-1,27160;-0,25175
152,97000;-1,27143;-0,25184
152,98002;-1,27126;-0,25174
152,99000;-1,27109;-0,25178
153,00000;-1,27092;-0,25168
153,01002;-1,27075;-0,25184
153,02000;-1,27058;-0,25168
153,03002;-1,27041;-0,25177
153,04002;-1,27018;-0,25187
153,05000;-1,27001;-0,25174
153,06002;-1,26990;-0,25188
153,07000;-1,26973;-0,25165
153,08000;-1,26956;-0,25185
153,09002;-1,26939;-0,25168
153,10000;-1,26922;-0,25188
153,11000;-1,26905;-0,25168
153,12002;-1,26894;-0,25184
153,13000;-1,26877;-0,25172
153,14002;-1,26860;-0,25193
153,15002;-1,26843;-0,25171
153,16000;-1,26826;-0,25187
153,17002;-1,26814;-0,25184
153,18002;-1,26797;-0,25162
153,19000;-1,26780;-0,25191
153,20002;-1,26763;-0,25164
153,21000;-1,26746;-0,25186
153,22000;-1,26729;-0,25175
153,23002;-1,26712;-0,25185
153,24000;-1,26695;-0,25168
153,25000;-1,26678;-0,25199
153,26002;-1,26661;-0,25167
153,27000;-1,26650;-0,25186
153,28002;-1,26633;-0,25181
153,29002;-1,26616;-0,25165
153,30000;-1,26599;-0,25189
153,31002;-1,26582;-0,25173
153,32000;-1,26565;-0,25185
153,33000;-1,26548;-0,25161
153,34002;-1,26531;-0,25183
153,35000;-1,26514;-0,25169
153,36000;-1,26497;-0,25184
153,37002;-1,26480;-0,25168
153,38000;-1,26463;-0,25183
153,39002;-1,26446;-0,25172
153,40002;-1,26429;-0,25186
153,41000;-1,26412;-0,25190
153,42002;-1,26395;-0,25158
153,43002;-1,26378;-0,25190
153,44000;-1,26361;-0,25175
153,45002;-1,26344;-0,25181
153,46000;-1,26333;-0,25182
153,47000;-1,26316;-0,25174
153,48002;-1,26299;-0,25166
153,49000;-1,26282;-0,25193
153,50000;-1,26265;-0,25162
153,51002;-1,26248;-0,25172
153,52000;-1,26231;-0,25187
153,53002;-1,26214;-0,25156
153,54002;-1,26197;-0,25193
153,55000;-1,26180;-0,25171
153,56002;-1,26163;-0,25184
153,57000;-1,26146;-0,25172
153,58000;-1,26129;-0,25181
153,59002;-1,26112;-0,25170
153,60000;-1,26100;-0,25182
153,61000;-1,26083;-0,25177
153,62002;-1,26066;-0,25178
153,63000;-1,26049;-0,25174
153,64002;-1,26032;-0,25170
153,65002;-1,26010;-0,25180
153,66000;-1,25998;-0,25165
153,67002;-1,25976;-0,25190
153,68002;-1,25959;-0,25156
153,69000;-1,25942;-0,25188
153,70002;-1,25925;-0,25170
153,71000;-1,25908;-0,25185
153,72000;-1,25891;-0,25163
153,73002;-1,25874;-0,25190
153,74000;-1,25857;-0,25164
153,75000;-1,25840;-0,25189
153,76002;-1,25823;-0,25182
153,77000;-1,25806;-0,25171
153,78002;-1,25789;-0,25186
153,79002;-1,25772;-0,25176
153,80000;-1,25760;-0,25183
153,81002;-1,25738;-0,25167
153,82000;-1,25721;-0,25189
153,83000;-1,25704;-0,25155
153,84002;-1,25687;-0,25195
153,85000;-1,25670;-0,25161
153,86000;-1,25653;-0,25185
153,87002;-1,25636;-0,25167
153,88000;-1,25619;-0,25183
153,89002;-1,25602;-0,25173
153,90002;-1,25590;-0,25184
153,91000;-1,25573;-0,25180
153,92002;-1,25556;-0,25170
153,93002;-1,25545;-0,25190
153,94000;-1,25528;-0,25173
153,95002;-1,25511;-0,25191
153,96000;-1,25494;-0,25161
153,97000;-1,25477;-0,25194
153,98002;-1,25460;-0,25159
153,99000;-1,25443;-0,25193
154,00000;-1,25426;-0,25167
154,01002;-1,25415;-0,25183
154,02000;-1,25398;-0,25182
154,03002;-1,25381;-0,25182
154,04002;-1,25364;-0,25187
154,05000;-1,25347;-0,25170
154,06002;-1,25330;-0,25192
154,07000;-1,25318;-0,25171
154,08000;-1,25301;-0,25191
154,09002;-1,25284;-0,25166
154,10000;-1,25267;-0,25189
154,11000;-1,25250;-0,25164
154,12002;-1,25233;-0,25194
154,13000;-1,25216;-0,25171
154,14002;-1,25199;-0,25180
154,15002;-1,25182;-0,25180
154,16000;-1,25165;-0,25173
154,17002;-1,25148;-0,25186
154,18002;-1,25131;-0,25169
154,19000;-1,25114;-0,25190
154,20002;-1,25097;-0,25167
154,21000;-1,25080;-0,25196
154,22000;-1,25063;-0,25165
154,23002;-1,25046;-0,25197
154,24000;-1,25029;-0,25179
154,25000;-1,25012;-0,25195
154,26002;-1,24995;-0,25178
154,27000;-1,24978;-0,25188
154,28002;-1,24961;-0,25187
154,29002;-1,24944;-0,25187
154,30000;-1,24927;-0,25201
154,31002;-1,24910;-0,25171
154,32000;-1,24893;-0,25203
154,33000;-1,24876;-0,25181
154,34002;-1,24859;-0,25204
154,35000;-1,24842;-0,25170
154,36000;-1,24825;-0,25200
154,37002;-1,24808;-0,25174
154,38000;-1,24791;-0,25194
154,39002;-1,24774;-0,25187
154,40002;-1,24757;-0,25178
154,41000;-1,24740;-0,25193
154,42002;-1,24729;-0,25188
154,43002;-1,24712;-0,25197
154,44000;-1,24695;-0,25177
154,45002;-1,24678;-0,25201
154,46000;-1,24661;-0,25171
154,47000;-1,24644;-0,25195
154,48002;-1,24627;-0,25188
154,49000;-1,24610;-0,25184
154,50000;-1,24593;-0,25197
154,51002;-1,24576;-0,25187
154,52000;-1,24559;-0,25206
154,53002;-1,24542;-0,25175
154,54002;-1,24525;-0,25213
154,55000;-1,24514;-0,25169
154,56002;-1,24497;-0,25207
154,57000;-1,24480;-0,25186
154,58000;-1,24463;-0,25196
154,59002;-1,24446;-0,25195
154,60000;-1,24429;-0,25197
154,61000;-1,24412;-0,25201
154,62002;-1,24395;-0,25181
154,63000;-1,24378;-0,25212
154,64002;-1,24361;-0,25168
154,65002;-1,24349;-0,25221
154,66000;-1,24332;-0,25184
154,67002;-1,24315;-0,25211
154,68002;-1,24298;-0,25187
154,69000;-1,24281;-0,25220
154,70002;-1,24264;-0,25194
154,71000;-1,24247;-0,25205
154,72000;-1,24230;-0,25213
154,73002;-1,24213;-0,25191
154,74000;-1,24196;-0,25220
154,75000;-1,24185;-0,25193
154,76002;-1,24168;-0,25218
154,77000;-1,24151;-0,25182
154,78002;-1,24134;-0,25227
154,79002;-1,24117;-0,25183
154,80000;-1,24100;-0,25219
154,81002;-1,24083;-0,25198
154,82000;-1,24066;-0,25208
154,83000;-1,24049;-0,25201
154,84002;-1,24032;-0,25216
154,85000;-1,24015;-0,25214
154,86000;-1,23998;-0,25197
154,87002;-1,23981;-0,25230
154,88000;-1,23964;-0,25196
154,89002;-1,23947;-0,25223
154,90002;-1,23930;-0,25201
154,91000;-1,23913;-0,25230
154,92002;-1,23896;-0,25201
154,93002;-1,23879;-0,25238
154,94000;-1,23862;-0,25209
154,95002;-1,23845;-0,25223
154,96000;-1,23828;-0,25231
154,97000;-1,23811;-0,25211
154,98002;-1,23788;-0,25231
154,99000;-1,23777;-0,25212
155,00000;-1,23754;-0,25235
155,01002;-1,23737;-0,25196
155,02000;-1,23720;-0,25255
155,03002;-1,23703;-0,25198
155,04002;-1,23686;-0,25242
155,05000;-1,23669;-0,25217
155,06002;-1,23652;-0,25231
155,07000;-1,23641;-0,25227
155,08000;-1,23624;-0,25227
155,09002;-1,23607;-0,25231
155,10000;-1,23590;-0,25215
155,11000;-1,23573;-0,25252
155,12002;-1,23556;-0,25207
155,13000;-1,23539;-0,25252
155,14002;-1,23516;-0,25214
155,15002;-1,23499;-0,25252
155,16000;-1,23482;-0,25213
155,17002;-1,23471;-0,25250
155,18002;-1,23454;-0,25228
155,19000;-1,23437;-0,25243
155,20002;-1,23426;-0,25247
155,21000;-1,23409;-0,25232
155,22000;-1,23392;-0,25241
155,23002;-1,23375;-0,25238
155,24000;-1,23358;-0,25246
155,25000;-1,23341;-0,25224
155,26002;-1,23329;-0,25254
155,27000;-1,23312;-0,25226
155,28002;-1,23295;-0,25257
155,29002;-1,23278;-0,25242
155,30000;-1,23261;-0,25250
155,31002;-1,23244;-0,25238
155,32000;-1,23227;-0,25260
155,33000;-1,23216;-0,25244
155,34002;-1,23199;-0,25258
155,35000;-1,23182;-0,25250
155,36000;-1,23165;-0,25254
155,37002;-1,23148;-0,25250
155,38000;-1,23131;-0,25258
155,39002;-1,23114;-0,25250
155,40002;-1,23097;-0,25254
155,41000;-1,23086;-0,25271
155,42002;-1,23069;-0,25253
155,43002;-1,23052;-0,25268
155,44000;-1,23035;-0,25262
155,45002;-1,23018;-0,25263
155,46000;-1,23001;-0,25254
155,47000;-1,22984;-0,25284
155,48002;-1,22961;-0,25243
155,49000;-1,22944;-0,25274
155,50000;-1,22927;-0,25270
155,51002;-1,22910;-0,25269
155,52000;-1,22893;-0,25279
155,53002;-1,22876;-0,25287
155,54002;-1,22859;-0,25277
155,55000;-1,22842;-0,25276
155,56002;-1,22825;-0,25292
155,57000;-1,22814;-0,25270
155,58000;-1,22791;-0,25289
155,59002;-1,22774;-0,25279
155,60000;-1,22757;-0,25296
155,61000;-1,22740;-0,25279
155,62002;-1,22723;-0,25303
155,63000;-1,22706;-0,25281
155,64002;-1,22689;-0,25290
155,65002;-1,22672;-0,25294
155,66000;-1,22655;-0,25284
155,67002;-1,22638;-0,25304
155,68002;-1,22621;-0,25301
155,69000;-1,22604;-0,25302
155,70002;-1,22587;-0,25301
155,71000;-1,22570;-0,25322
155,72000;-1,22559;-0,25294
155,73002;-1,22542;-0,25332
155,74000;-1,22525;-0,25310
155,75000;-1,22508;-0,25306
155,76002;-1,22491;-0,25311
155,77000;-1,22474;-0,25318
155,78002;-1,22457;-0,25317
155,79002;-1,22440;-0,25322
155,80000;-1,22417;-0,25327
155,81002;-1,22400;-0,25316
155,82000;-1,22389;-0,25341
155,83000;-1,22372;-0,25337
155,84002;-1,22355;-0,25337
155,85000;-1,22338;-0,25324
155,86000;-1,22321;-0,25353
155,87002;-1,22304;-0,25328
155,88000;-1,22287;-0,25355
155,89002;-1,22270;-0,25344
155,90002;-1,22253;-0,25336
155,91000;-1,22236;-0,25349
155,92002;-1,22219;-0,25361
155,93002;-1,22202;-0,25346
155,94000;-1,22185;-0,25358
155,95002;-1,22168;-0,25365
155,96000;-1,22156;-0,25341
155,97000;-1,22139;-0,25382
155,98002;-1,22122;-0,25355
155,99000;-1,22105;-0,25374
156,00000;-1,22088;-0,25366
156,01002;-1,22071;-0,25386
156,02000;-1,22054;-0,25370
156,03002;-1,22037;-0,25389
156,04002;-1,22020;-0,25384
156,05000;-1,22009;-0,25378
156,06002;-1,21992;-0,25403
156,07000;-1,21975;-0,25386
156,08000;-1,21958;-0,25399
156,09002;-1,21941;-0,25384
156,10000;-1,21924;-0,25411
156,11000;-1,21907;-0,25380
156,12002;-1,21890;-0,25421
156,13000;-1,21873;-0,25397
156,14002;-1,21856;-0,25411
156,15002;-1,21839;-0,25412
156,16000;-1,21822;-0,25412
156,17002;-1,21805;-0,25413
156,18002;-1,21788;-0,25418
156,19000;-1,21771;-0,25431
156,20002;-1,21760;-0,25412
156,21000;-1,21743;-0,25439
156,22000;-1,21726;-0,25425
156,23002;-1,21703;-0,25438
156,24000;-1,21686;-0,25434
156,25000;-1,21669;-0,25442
156,26002;-1,21652;-0,25444
156,27000;-1,21635;-0,25446
156,28002;-1,21618;-0,25461
156,29002;-1,21601;-0,25448
156,30000;-1,21584;-0,25471
156,31002;-1,21567;-0,25463
156,32000;-1,21550;-0,25480
156,33000;-1,21533;-0,25485
156,34002;-1,21516;-0,25484
156,35000;-1,21499;-0,25478
156,36000;-1,21488;-0,25486
156,37002;-1,21471;-0,25499
156,38000;-1,21454;-0,25487
156,39002;-1,21437;-0,25496
156,40002;-1,21420;-0,25493
156,41000;-1,21403;-0,25508
156,42002;-1,21386;-0,25513
156,43002;-1,21369;-0,25511
156,44000;-1,21352;-0,25507
156,45002;-1,21335;-0,25526
156,46000;-1,21318;-0,25525
156,47000;-1,21301;-0,25530
156,48002;-1,21289;-0,25543
156,49000;-1,21272;-0,25542
156,50000;-1,21255;-0,25547
156,51002;-1,21238;-0,25565
156,52000;-1,21221;-0,25558
156,53002;-1,21204;-0,25566
156,54002;-1,21193;-0,25574
156,55000;-1,21176;-0,25572
156,56002;-1,21159;-0,25584
156,57000;-1,21142;-0,25579
156,58000;-1,21125;-0,25599
156,59002;-1,21108;-0,25592
156,60000;-1,21091;-0,25615
156,61000;-1,21074;-0,25600
156,62002;-1,21063;-0,25623
156,63000;-1,21046;-0,25618
156,64002;-1,21029;-0,25638
156,65002;-1,21012;-0,25619
156,66000;-1,20995;-0,25648
156,67002;-1,20983;-0,25642
156,68002;-1,20966;-0,25652
156,69000;-1,20949;-0,25666
156,70002;-1,20932;-0,25660
156,71000;-1,20915;-0,25673
156,72000;-1,20898;-0,25689
156,73002;-1,20881;-0,25701
156,74000;-1,20864;-0,25690
156,75000;-1,20847;-0,25716
156,76002;-1,20830;-0,25708
156,77000;-1,20813;-0,25731
156,78002;-1,20796;-0,25731
156,79002;-1,20779;-0,25755
156,80000;-1,20762;-0,25748
156,81002;-1,20745;-0,25774
156,82000;-1,20728;-0,25784
156,83000;-1,20711;-0,25790
156,84002;-1,20694;-0,25802
156,85000;-1,20677;-0,25827
156,86000;-1,20660;-0,25820
156,87002;-1,20643;-0,25846
156,88000;-1,20626;-0,25857
156,89002;-1,20609;-0,25851
156,90002;-1,20592;-0,25895
156,91000;-1,20575;-0,25892
156,92002;-1,20558;-0,25920
156,93002;-1,20541;-0,25940
156,94000;-1,20524;-0,25960
156,95002;-1,20507;-0,25957
156,96000;-1,20490;-0,26020
156,97000;-1,20473;-0,26008
156,98002;-1,20456;-0,26059
156,99000;-1,20439;-0,26089
157,00000;-1,20422;-0,26127
157,01002;-1,20405;-0,26181
157,02000;-1,20394;-0,26234
157,03002;-1,20377;-0,26328
157,04002;-1,20360;-0,26605
157,05000;-1,20343;-0,27966
157,06002;-1,20326;-0,28927
157,07000;-1,20309;-0,30013
157,08000;-1,20292;-0,30322
157,09002;-1,20275;-0,30752
157,10000;-1,20258;-0,30659
157,11000;-1,20241;-0,30736
157,12002;-1,20224;-0,30630
157,13000;-1,20213;-0,30545
157,14002;-1,20196;-0,30567
157,15002;-1,20179;-0,30427
157,16000;-1,20162;-0,30546
157,17002;-1,20145;-0,30376
157,18002;-1,20128;-0,30540
157,19000;-1,20111;-0,30355
157,20002;-1,20094;-0,30517
157,21000;-1,20077;-0,30379
157,22000;-1,20060;-0,30474
157,23002;-1,20043;-0,30402
157,24000;-1,20026;-0,30424
157,25000;-1,20009;-0,30432
157,26002;-1,19997;-0,30371
157,27000;-1,19980;-0,30460
157,28002;-1,19963;-0,30320
157,29002;-1,19946;-0,30454
157,30000;-1,19929;-0,30315
157,31002;-1,19912;-0,30444
157,32000;-1,19895;-0,30306
157,33000;-1,19884;-0,30418
157,34002;-1,19867;-0,30327
157,35000;-1,19850;-0,30375
157,36000;-1,19833;-0,30352
157,37002;-1,19816;-0,30323
157,38000;-1,19799;-0,30371
157,39002;-1,19782;-0,30283
157,40002;-1,19765;-0,30379
157,41000;-1,19748;-0,30264
157,42002;-1,19731;-0,30371
157,43002;-1,19714;-0,30261
157,44000;-1,19697;-0,30352
157,45002;-1,19680;-0,30254
157,46000;-1,19663;-0,30314
157,47000;-1,19652;-0,30273
157,48002;-1,19635;-0,30266
157,49000;-1,19618;-0,30305
157,50000;-1,19601;-0,30230
157,51002;-1,19584;-0,30316
157,52000;-1,19567;-0,30206
157,53002;-1,19550;-0,30313
157,54002;-1,19533;-0,30192
157,55000;-1,19516;-0,30299
157,56002;-1,19499;-0,30188
157,57000;-1,19482;-0,30259
157,58000;-1,19465;-0,30211
157,59002;-1,19448;-0,30226
157,60000;-1,19431;-0,30232
157,61000;-1,19414;-0,30188
157,62002;-1,19397;-0,30248
157,63000;-1,19380;-0,30150
157,64002;-1,19363;-0,30254
157,65002;-1,19346;-0,30132
157,66000;-1,19334;-0,30233
157,67002;-1,19317;-0,30141
157,68002;-1,19300;-0,30214
157,69000;-1,19283;-0,30153
157,70002;-1,19266;-0,30173
157,71000;-1,19249;-0,30165
157,72000;-1,19232;-0,30135
157,73002;-1,19215;-0,30179
157,74000;-1,19198;-0,30117
157,75000;-1,19181;-0,30191
157,76002;-1,19164;-0,30083
157,77000;-1,19153;-0,30193
157,78002;-1,19136;-0,30084
157,79002;-1,19119;-0,30154
157,80000;-1,19102;-0,30095
157,81002;-1,19085;-0,30119
157,82000;-1,19068;-0,30095
157,83000;-1,19051;-0,30090
157,84002;-1,19034;-0,30110
157,85000;-1,19017;-0,30071
157,86000;-1,19000;-0,30120
157,86202;-1,18994;-0,30130
157,86402;-1,18994;-0,30122
157,87402;-1,18977;-0,30054
157,88400;-1,18972;-0,30101
157,89402;-1,18972;-0,30091
157,90400;-1,18972;-0,30072
157,91400;-1,18972;-0,30098
157,92402;-1,18972;-0,30051
157,93400;-1,18972;-0,30110
157,94400;-1,18983;-0,30045
157,95402;-1,18989;-0,30102
157,96400;-1,18989;-0,30037
157,97402;-1,18994;-0,30095
157,98402;-1,19006;-0,30041
157,99400;-1,19011;-0,30094
158,00402;-1,19017;-0,30050
158,01400;-1,19028;-0,30080
158,02400;-1,19040;-0,30083
158,03402;-1,19051;-0,30050
158,04400;-1,19062;-0,30101
158,05400;-1,19079;-0,30045
158,06402;-1,19096;-0,30100
158,07400;-1,19113;-0,30064
158,08402;-1,19136;-0,30112
158,09402;-1,19164;-0,30079
158,10400;-1,19193;-0,30139
158,11402;-1,19227;-0,30093
158,12402;-1,19255;-0,30122
158,13400;-1,19289;-0,30130
158,14402;-1,19323;-0,30118
158,15400;-1,19363;-0,30163
158,16400;-1,19397;-0,30122
158,17402;-1,19425;-0,30173
158,18400;-1,19453;-0,30125
158,19400;-1,19476;-0,30195
158,20402;-1,19504;-0,30146
158,21400;-1,19533;-0,30208
158,22402;-1,19555;-0,30176
158,23402;-1,19578;-0,30205
158,24400;-1,19601;-0,30204
158,25402;-1,19618;-0,30217
158,26400;-1,19640;-0,30237
158,27400;-1,19657;-0,30210
158,28402;-1,19680;-0,30274
158,29400;-1,19697;-0,30226
158,30400;-1,19714;-0,30284
158,31402;-1,19731;-0,30245
158,32400;-1,19748;-0,30289
158,33402;-1,19765;-0,30255
158,34402;-1,19782;-0,30305
158,35400;-1,19799;-0,30271
158,36402;-1,19810;-0,30290
158,37402;-1,19827;-0,30304
158,38400;-1,19844;-0,30276
158,39402;-1,19867;-0,30326
158,40400;-1,19884;-0,30293
158,41400;-1,19901;-0,30329
158,42402;-1,19918;-0,30293
158,43400;-1,19935;-0,30356
158,44400;-1,19952;-0,30307
158,45402;-1,19963;-0,30351
158,46400;-1,19980;-0,30323
158,47402;-1,19997;-0,30338
158,48402;-1,20014;-0,30355
158,49400;-1,20037;-0,30346
158,50402;-1,20054;-0,30373
158,51400;-1,20071;-0,30347
158,52400;-1,20088;-0,30398
158,53402;-1,20105;-0,30361
158,54400;-1,20128;-0,30410
158,55400;-1,20145;-0,30374
158,56402;-1,20162;-0,30401
158,57400;-1,20179;-0,30390
158,58402;-1,20196;-0,30407
158,59402;-1,20213;-0,30400
158,60400;-1,20230;-0,30410
158,61402;-1,20241;-0,30429
158,62402;-1,20258;-0,30399
158,63400;-1,20275;-0,30448
158,64402;-1,20286;-0,30411
158,65400;-1,20303;-0,30442
158,66400;-1,20320;-0,30425
158,67402;-1,20337;-0,30458
158,68400;-1,20354;-0,30432
158,69400;-1,20371;-0,30469
158,70402;-1,20388;-0,30458
158,71400;-1,20411;-0,30468
158,72402;-1,20428;-0,30478
158,73402;-1,20445;-0,30458
158,74400;-1,20462;-0,30491
158,75402;-1,20479;-0,30467
158,76400;-1,20496;-0,30500
158,77400;-1,20513;-0,30478
158,78402;-1,20524;-0,30514
158,79400;-1,20547;-0,30496
158,80400;-1,20564;-0,30527
158,81402;-1,20581;-0,30503
158,82400;-1,20598;-0,30527
158,83402;-1,20615;-0,30512
158,84402;-1,20632;-0,30531
158,85400;-1,20649;-0,30543
158,86402;-1,20666;-0,30516
158,87402;-1,20683;-0,30562
158,88400;-1,20700;-0,30534
158,89402;-1,20717;-0,30570
158,90400;-1,20734;-0,30550
158,91400;-1,20745;-0,30574
158,92402;-1,20762;-0,30542
158,93400;-1,20779;-0,30585
158,94400;-1,20796;-0,30569
158,95402;-1,20813;-0,30577
158,96400;-1,20830;-0,30593
158,97402;-1,20847;-0,30585
158,98402;-1,20859;-0,30603
158,99400;-1,20876;-0,30577
159,00402;-1,20887;-0,30617
159,01400;-1,20904;-0,30586
159,02400;-1,20921;-0,30622
159,03402;-1,20938;-0,30600
159,04400;-1,20955;-0,30617
159,05400;-1,20972;-0,30613
159,06402;-1,20989;-0,30634
159,07400;-1,21006;-0,30627
159,08402;-1,21023;-0,30625
159,09402;-1,21034;-0,30647
159,10400;-1,21051;-0,30618
159,11402;-1,21063;-0,30668
159,12402;-1,21080;-0,30634
159,13400;-1,21097;-0,30652
159,14402;-1,21114;-0,30657
159,15400;-1,21131;-0,30676
159,16400;-1,21153;-0,30666
159,17402;-1,21170;-0,30666
159,18400;-1,21187;-0,30682
159,19400;-1,21204;-0,30669
159,20402;-1,21221;-0,30708
159,21400;-1,21238;-0,30679
159,22402;-1,21255;-0,30702
159,23402;-1,21272;-0,30683
159,24400;-1,21289;-0,30725
159,25402;-1,21306;-0,30689
159,26400;-1,21323;-0,30719
159,27400;-1,21340;-0,30707
159,28402;-1,21352;-0,30708
159,29400;-1,21369;-0,30735
159,30400;-1,21386;-0,30729
159,31402;-1,21403;-0,30728
159,32400;-1,21420;-0,30729
159,33402;-1,21437;-0,30753
159,34402;-1,21454;-0,30725
159,35400;-1,21476;-0,30769
159,36402;-1,21493;-0,30729
159,37402;-1,21516;-0,30769
159,38400;-1,21533;-0,30765
159,39402;-1,21550;-0,30777
159,40400;-1,21561;-0,30768
159,41400;-1,21578;-0,30778
159,42402;-1,21595;-0,30785
159,43400;-1,21612;-0,30780
159,44400;-1,21629;-0,30797
159,45402;-1,21646;-0,30774
159,46400;-1,21663;-0,30804
159,47402;-1,21680;-0,30783
159,48402;-1,21697;-0,30817
159,49400;-1,21714;-0,30783
159,50402;-1,21731;-0,30822
159,51400;-1,21748;-0,30806
159,52400;-1,21765;-0,30812
159,53402;-1,21782;-0,30830
159,54400;-1,21799;-0,30818
159,55400;-1,21811;-0,30831
159,56402;-1,21828;-0,30831
159,57400;-1,21845;-0,30849
159,58402;-1,21862;-0,30811
159,59402;-1,21879;-0,30863
159,60400;-1,21896;-0,30835
159,61402;-1,21913;-0,30850
159,62402;-1,21924;-0,30847
159,63400;-1,21941;-0,30856
159,64402;-1,21958;-0,30861
159,65400;-1,21975;-0,30865
159,66400;-1,21986;-0,30881
159,67402;-1,22009;-0,30849
159,68400;-1,22026;-0,30896
159,69400;-1,22043;-0,30862
159,70402;-1,22060;-0,30901
159,71400;-1,22077;-0,30869
159,72402;-1,22094;-0,30910
159,73402;-1,22111;-0,30885
159,74400;-1,22128;-0,30911
159,75402;-1,22145;-0,30898
159,76400;-1,22156;-0,30895
159,77400;-1,22173;-0,30916
159,78402;-1,22190;-0,30905
159,79400;-1,22207;-0,30919
159,80400;-1,22230;-0,30908
159,81402;-1,22247;-0,30949
159,82400;-1,22264;-0,30904
159,83402;-1,22281;-0,30954
159,84402;-1,22298;-0,30917
159,85400;-1,22315;-0,30938
159,86402;-1,22332;-0,30935
159,87402;-1,22349;-0,30940
159,88400;-1,22360;-0,30942
159,89402;-1,22377;-0,30945
159,90400;-1,22394;-0,30965
159,91400;-1,22411;-0,30957
159,92402;-1,22428;-0,30978
159,93400;-1,22445;-0,30944
159,94400;-1,22457;-0,30983
159,95402;-1,22474;-0,30949
159,96400;-1,22491;-0,30991
159,97402;-1,22508;-0,30969
159,98402;-1,22525;-0,30991
159,99400;-1,22542;-0,30981
160,00402;-1,22559;-0,30989
160,01400;-1,22581;-0,31002
160,02400;-1,22598;-0,30992
160,03402;-1,22610;-0,30996
160,04400;-1,22627;-0,30990
160,05400;-1,22644;-0,31008
160,06402;-1,22661;-0,30993
160,07400;-1,22678;-0,31021
160,08402;-1,22695;-0,30995
160,09402;-1,22712;-0,31023
160,10400;-1,22729;-0,31020
160,11402;-1,22746;-0,31026
160,12402;-1,22763;-0,31020
160,13400;-1,22780;-0,31023
160,14402;-1,22797;-0,31028
160,15400;-1,22814;-0,31033
160,16400;-1,22831;-0,31043
160,17402;-1,22848;-0,31028
160,18400;-1,22865;-0,31045
160,19400;-1,22882;-0,31044
160,20402;-1,22899;-0,31058
160,21400;-1,22916;-0,31050
160,22402;-1,22933;-0,31062
160,23402;-1,22950;-0,31055
160,24400;-1,22961;-0,31075
160,25402;-1,22978;-0,31065
160,26400;-1,22995;-0,31071
160,27400;-1,23006;-0,31068
160,28402;-1,23023;-0,31075
160,29400;-1,23040;-0,31071
160,30400;-1,23052;-0,31078
160,31402;-1,23069;-0,31078
160,32400;-1,23086;-0,31072
160,33402;-1,23103;-0,31091
160,34402;-1,23120;-0,31079
160,35400;-1,23137;-0,31094
160,36402;-1,23154;-0,31084
160,37402;-1,23171;-0,31100
160,38400;-1,23188;-0,31089
160,39402;-1,23205;-0,31108
160,40400;-1,23216;-0,31105
160,41400;-1,23233;-0,31107
160,42402;-1,23250;-0,31117
160,43400;-1,23267;-0,31118
160,44400;-1,23284;-0,31121
160,45402;-1,23301;-0,31114
160,46400;-1,23318;-0,31127
160,47402;-1,23335;-0,31105
160,48402;-1,23352;-0,31122
160,49400;-1,23369;-0,31119
160,50402;-1,23386;-0,31132
160,51400;-1,23403;-0,31126
160,52400;-1,23420;-0,31141
160,53402;-1,23437;-0,31138
160,54400;-1,23454;-0,31145
160,55400;-1,23471;-0,31150
160,56402;-1,23488;-0,31139
160,57400;-1,23505;-0,31147
160,58402;-1,23522;-0,31140
160,59402;-1,23539;-0,31157
160,60400;-1,23556;-0,31147
160,61402;-1,23573;-0,31165
160,62402;-1,23590;-0,31153
160,63400;-1,23607;-0,31159
160,64402;-1,23624;-0,31164
160,65400;-1,23647;-0,31170
160,66400;-1,23664;-0,31169
160,67402;-1,23681;-0,31172
160,68400;-1,23698;-0,31184
160,69400;-1,23715;-0,31163
160,70402;-1,23732;-0,31180
160,71400;-1,23743;-0,31167
160,72402;-1,23760;-0,31174
160,73402;-1,23777;-0,31185
160,74400;-1,23794;-0,31178
160,75402;-1,23811;-0,31182
160,76400;-1,23828;-0,31191
160,77400;-1,23845;-0,31197
160,78402;-1,23862;-0,31189
160,79400;-1,23879;-0,31208
160,80400;-1,23896;-0,31193
160,81402;-1,23913;-0,31203
160,82400;-1,23930;-0,31198
160,83402;-1,23947;-0,31206
160,84402;-1,23964;-0,31198
160,85400;-1,23981;-0,31211
160,86402;-1,23998;-0,31219
160,87402;-1,24009;-0,31197
160,88400;-1,24026;-0,31224
160,89402;-1,24043;-0,31202
160,90400;-1,24060;-0,31223
160,91400;-1,24077;-0,31214
160,92402;-1,24089;-0,31223
160,93400;-1,24106;-0,31210
160,94400;-1,24123;-0,31242
160,95402;-1,24140;-0,31224
160,96400;-1,24157;-0,31228
160,97402;-1,24174;-0,31239
160,98402;-1,24191;-0,31223
160,99400;-1,24208;-0,31250
161,00402;-1,24225;-0,31232
161,01400;-1,24242;-0,31248
161,02400;-1,24259;-0,31219
161,03402;-1,24276;-0,31254
161,04400;-1,24287;-0,31229
161,05400;-1,24304;-0,31247
161,06402;-1,24321;-0,31251
161,07400;-1,24338;-0,31245
161,08402;-1,24349;-0,31260
161,09402;-1,24372;-0,31256
161,10400;-1,24389;-0,31266
161,11402;-1,24406;-0,31245
161,12402;-1,24423;-0,31280
161,13400;-1,24440;-0,31249
161,14402;-1,24457;-0,31277
161,15400;-1,24474;-0,31265
161,16400;-1,24491;-0,31271
161,17402;-1,24502;-0,31275
161,18400;-1,24519;-0,31268
161,19400;-1,24536;-0,31284
161,20402;-1,24553;-0,31267
161,21400;-1,24570;-0,31289
161,22402;-1,24582;-0,31261
161,23402;-1,24599;-0,31300
161,24400;-1,24616;-0,31277
161,25402;-1,24633;-0,31302
161,26400;-1,24650;-0,31284
161,27400;-1,24667;-0,31308
161,28402;-1,24684;-0,31296
161,29400;-1,24701;-0,31298
161,30400;-1,24723;-0,31304
161,31402;-1,24740;-0,31292
161,32400;-1,24757;-0,31305
161,33402;-1,24774;-0,31301
161,34402;-1,24791;-0,31317
161,35400;-1,24803;-0,31295
161,36402;-1,24820;-0,31331
161,37402;-1,24837;-0,31289
161,38400;-1,24854;-0,31334
161,39402;-1,24871;-0,31309
161,40400;-1,24888;-0,31331
161,41400;-1,24910;-0,31318
161,42402;-1,24927;-0,31332
161,43400;-1,24944;-0,31331
161,44400;-1,24961;-0,31330
161,45402;-1,24978;-0,31348
161,46400;-1,24995;-0,31313
161,47402;-1,25012;-0,31354
161,48402;-1,25029;-0,31310
161,49400;-1,25046;-0,31360
161,50402;-1,25063;-0,31323
161,51400;-1,25080;-0,31364
161,52400;-1,25097;-0,31325
161,53402;-1,25109;-0,31357
161,54400;-1,25126;-0,31352
161,55400;-1,25143;-0,31336
161,56402;-1,25154;-0,31359
161,57400;-1,25171;-0,31343
161,58402;-1,25188;-0,31368
161,59402;-1,25205;-0,31345
161,60400;-1,25222;-0,31391
161,61402;-1,25239;-0,31335
161,62402;-1,25250;-0,31393
161,63400;-1,25267;-0,31352
161,64402;-1,25284;-0,31378
161,65400;-1,25301;-0,31368
161,66400;-1,25318;-0,31378
161,67402;-1,25335;-0,31363
161,68400;-1,25352;-0,31377
161,69400;-1,25364;-0,31394
161,70402;-1,25381;-0,31367
161,71400;-1,25398;-0,31409
161,72402;-1,25409;-0,31370
161,73402;-1,25426;-0,31406
161,74400;-1,25443;-0,31375
161,75402;-1,25466;-0,31420
161,76400;-1,25483;-0,31363
161,77400;-1,25500;-0,31413
161,78402;-1,25517;-0,31395
161,79400;-1,25539;-0,31401
161,80400;-1,25556;-0,31412
161,81402;-1,25573;-0,31410
161,82400;-1,25590;-0,31411
161,83402;-1,25607;-0,31405
161,84402;-1,25624;-0,31427
161,85400;-1,25641;-0,31385
161,86402;-1,25653;-0,31426
161,87402;-1,25670;-0,31403
161,88400;-1,25687;-0,31427
161,89402;-1,25704;-0,31415
161,90400;-1,25721;-0,31429
161,91400;-1,25738;-0,31422
161,92402;-1,25755;-0,31428
161,93400;-1,25772;-0,31430
161,94400;-1,25789;-0,31421
161,95402;-1,25811;-0,31448
161,96400;-1,25828;-0,31424
161,97402;-1,25845;-0,31446
161,98402;-1,25862;-0,31432
161,99400;-1,25879;-0,31452
162,00402;-1,25891;-0,31429
162,01400;-1,25908;-0,31455
162,02400;-1,25925;-0,31449
162,03402;-1,25942;-0,31447
162,04400;-1,25959;-0,31468
162,05400;-1,25976;-0,31453
162,06402;-1,25993;-0,31457
162,07400;-1,26010;-0,31450
162,08402;-1,26027;-0,31473
162,09402;-1,26049;-0,31443
162,10400;-1,26066;-0,31483
162,11402;-1,26078;-0,31451
162,12402;-1,26095;-0,31470
162,13400;-1,26112;-0,31474
162,14402;-1,26129;-0,31472
162,15400;-1,26146;-0,31468
162,16400;-1,26163;-0,31471
162,17402;-1,26180;-0,31487
162,18400;-1,26191;-0,31463
162,19400;-1,26208;-0,31504
162,20402;-1,26225;-0,31466
162,21400;-1,26242;-0,31507
162,22402;-1,26259;-0,31476
162,23402;-1,26270;-0,31509
162,24400;-1,26287;-0,31459
162,25402;-1,26304;-0,31508
162,26400;-1,26321;-0,31481
162,27400;-1,26338;-0,31492
162,28402;-1,26355;-0,31500
162,29400;-1,26372;-0,31491
162,30400;-1,26395;-0,31508
162,31402;-1,26406;-0,31494
162,32400;-1,26423;-0,31526
162,33402;-1,26440;-0,31476
162,34402;-1,26457;-0,31536
162,35400;-1,26469;-0,31490
162,36402;-1,26486;-0,31531
162,37402;-1,26503;-0,31499
162,38400;-1,26520;-0,31532
162,39402;-1,26537;-0,31509
162,40400;-1,26554;-0,31533
162,41400;-1,26571;-0,31530
162,42402;-1,26588;-0,31506
162,43400;-1,26605;-0,31548
162,44400;-1,26622;-0,31508
162,45402;-1,26639;-0,31546
162,46400;-1,26650;-0,31512
162,47402;-1,26667;-0,31556
162,48402;-1,26684;-0,31505
162,49400;-1,26701;-0,31564
162,50402;-1,26718;-0,31526
162,51400;-1,26735;-0,31543
162,52400;-1,26746;-0,31548
162,53402;-1,26763;-0,31538
162,54400;-1,26780;-0,31548
162,55400;-1,26797;-0,31543
162,56402;-1,26814;-0,31570
162,57400;-1,26831;-0,31528
162,58402;-1,26848;-0,31569
162,59402;-1,26871;-0,31543
162,60400;-1,26888;-0,31562
162,61402;-1,26905;-0,31557
162,62402;-1,26922;-0,31567
162,63400;-1,26939;-0,31550
162,64402;-1,26956;-0,31563
162,65400;-1,26967;-0,31568
162,66400;-1,26984;-0,31553
162,67402;-1,27001;-0,31588
162,68400;-1,27018;-0,31556
162,69400;-1,27035;-0,31582
162,70402;-1,27058;-0,31578
162,71400;-1,27075;-0,31597
162,72402;-1,27092;-0,31570
162,73402;-1,27109;-0,31598
162,74400;-1,27126;-0,31580
162,75402;-1,27143;-0,31590
162,76400;-1,27160;-0,31588
162,77400;-1,27177;-0,31590
162,78402;-1,27200;-0,31591
162,79400;-1,27217;-0,31599
162,80400;-1,27228;-0,31605
162,81402;-1,27245;-0,31592
162,82400;-1,27262;-0,31615
162,83402;-1,27273;-0,31593
162,84402;-1,27290;-0,31607
162,85400;-1,27307;-0,31604
162,86402;-1,27324;-0,31611
162,87402;-1,27336;-0,31599
162,88400;-1,27353;-0,31622
162,89402;-1,27370;-0,31615
162,90400;-1,27392;-0,31619
162,91400;-1,27404;-0,31624
162,92402;-1,27426;-0,31609
162,93400;-1,27443;-0,31629
162,94400;-1,27460;-0,31619
162,95402;-1,27472;-0,31630
162,96400;-1,27489;-0,31613
162,97402;-1,27506;-0,31628
162,98402;-1,27517;-0,31622
162,99400;-1,27534;-0,31630
163,00402;-1,27551;-0,31635
163,01400;-1,27568;-0,31634
163,02400;-1,27585;-0,31643
163,03402;-1,27602;-0,31643
163,04400;-1,27619;-0,31652
163,05400;-1,27636;-0,31640
163,06402;-1,27653;-0,31656
163,07400;-1,27670;-0,31639
163,08402;-1,27687;-0,31647
163,09402;-1,27704;-0,31647
163,10400;-1,27721;-0,31645
163,11402;-1,27738;-0,31657
163,12402;-1,27755;-0,31647
163,13400;-1,27772;-0,31657
163,14402;-1,27789;-0,31655
163,15400;-1,27806;-0,31672
163,16400;-1,27823;-0,31656
163,17402;-1,27840;-0,31661
163,18400;-1,27857;-0,31657
163,19400;-1,27874;-0,31667
163,20402;-1,27891;-0,31669
163,21400;-1,27902;-0,31673
163,22402;-1,27925;-0,31673
163,23402;-1,27942;-0,31672
163,24400;-1,27959;-0,31677
163,25402;-1,27976;-0,31674
163,26400;-1,27993;-0,31671
163,27400;-1,28010;-0,31671
163,28402;-1,28027;-0,31686
163,29400;-1,28044;-0,31671
163,30400;-1,28055;-0,31697
163,31402;-1,28072;-0,31671
163,32400;-1,28089;-0,31687
163,33402;-1,28106;-0,31692
163,34402;-1,28123;-0,31693
163,35400;-1,28140;-0,31692
163,36402;-1,28163;-0,31700
163,37402;-1,28180;-0,31695
163,38400;-1,28191;-0,31694
163,39402;-1,28214;-0,31708
163,40400;-1,28231;-0,31689
163,41400;-1,28248;-0,31715
163,42402;-1,28265;-0,31702
163,43400;-1,28282;-0,31719
163,44400;-1,28299;-0,31705
163,45402;-1,28310;-0,31711
163,46400;-1,28327;-0,31713
163,47402;-1,28344;-0,31713
163,48402;-1,28361;-0,31718
163,49400;-1,28373;-0,31717
163,50402;-1,28390;-0,31717
163,51400;-1,28407;-0,31714
163,52400;-1,28424;-0,31737
163,53402;-1,28441;-0,31700
163,54400;-1,28458;-0,31743
163,55400;-1,28475;-0,31719
163,56402;-1,28492;-0,31736
163,57400;-1,28509;-0,31729
163,58402;-1,28526;-0,31733
163,59402;-1,28543;-0,31718
163,60400;-1,28560;-0,31741
163,61402;-1,28577;-0,31733
163,62402;-1,28588;-0,31722
163,63400;-1,28605;-0,31750
163,64402;-1,28616;-0,31722
163,65400;-1,28633;-0,31762
163,66400;-1,28650;-0,31729
163,67402;-1,28667;-0,31752
163,68400;-1,28684;-0,31726
163,69400;-1,28701;-0,31765
163,70402;-1,28718;-0,31742
163,71400;-1,28735;-0,31758
163,72402;-1,28752;-0,31751
163,73402;-1,28769;-0,31757
163,74400;-1,28786;-0,31768
163,75402;-1,28803;-0,31753
163,76400;-1,28820;-0,31774
163,77400;-1,28837;-0,31735
163,78402;-1,28854;-0,31786
163,79400;-1,28871;-0,31751
163,80400;-1,28883;-0,31778
163,81402;-1,28900;-0,31761
163,82400;-1,28917;-0,31774
163,83402;-1,28934;-0,31763
163,84402;-1,28945;-0,31783
163,85400;-1,28962;-0,31765
163,86402;-1,28979;-0,31758
163,87402;-1,28996;-0,31790
163,88400;-1,29019;-0,31757
163,89402;-1,29036;-0,31793
163,90400;-1,29053;-0,31766
163,91400;-1,29075;-0,31792
163,92402;-1,29092;-0,31775
163,93400;-1,29109;-0,31798
163,94400;-1,29126;-0,31778
163,95402;-1,29138;-0,31784
163,96400;-1,29155;-0,31795
163,97402;-1,29172;-0,31787
163,98402;-1,29189;-0,31797
163,99400;-1,29206;-0,31788
164,00402;-1,29228;-0,31809
164,01400;-1,29245;-0,31782
164,02400;-1,29262;-0,31819
164,03402;-1,29279;-0,31790
164,04400;-1,29296;-0,31811
164,05400;-1,29313;-0,31809
164,06402;-1,29330;-0,31806
164,07400;-1,29347;-0,31802
164,08402;-1,29364;-0,31802
164,09402;-1,29381;-0,31811
164,10400;-1,29398;-0,31806
164,11402;-1,29410;-0,31827
164,12402;-1,29427;-0,31805
164,13400;-1,29444;-0,31828
164,14402;-1,29461;-0,31813
164,15400;-1,29472;-0,31824
164,16400;-1,29489;-0,31810
164,17402;-1,29506;-0,31827
164,18400;-1,29523;-0,31820
164,19400;-1,29534;-0,31821
164,20402;-1,29551;-0,31832
164,21400;-1,29568;-0,31819
164,22402;-1,29585;-0,31836
164,23402;-1,29602;-0,31824
164,24400;-1,29619;-0,31841
164,25402;-1,29636;-0,31824
164,26400;-1,29653;-0,31842
164,27400;-1,29665;-0,31819
164,28402;-1,29682;-0,31845
164,29400;-1,29699;-0,31833
164,30400;-1,29716;-0,31838
164,31402;-1,29733;-0,31845
164,32400;-1,29750;-0,31847
164,33402;-1,29767;-0,31855
164,34402;-1,29784;-0,31845
164,35400;-1,29806;-0,31855
164,36402;-1,29823;-0,31833
164,37402;-1,29840;-0,31859
164,38400;-1,29857;-0,31840
164,39402;-1,29874;-0,31853
164,40400;-1,29891;-0,31852
164,41400;-1,29908;-0,31863
164,42402;-1,29925;-0,31852
164,43400;-1,29942;-0,31861
164,44400;-1,29959;-0,31864
164,45402;-1,29976;-0,31849
164,46400;-1,29993;-0,31874
164,47402;-1,30010;-0,31861
164,48402;-1,30022;-0,31869
164,49400;-1,30039;-0,31861
164,50402;-1,30056;-0,31891
164,51400;-1,30073;-0,31865
164,52400;-1,30090;-0,31886
164,53402;-1,30107;-0,31872
164,54400;-1,30124;-0,31879
164,55400;-1,30141;-0,31884
164,56402;-1,30158;-0,31876
164,57400;-1,30175;-0,31879
164,58402;-1,30192;-0,31881
164,59402;-1,30209;-0,31886
164,60400;-1,30220;-0,31868
164,61402;-1,30237;-0,31893
164,62402;-1,30254;-0,31879
164,63400;-1,30271;-0,31895
164,64402;-1,30288;-0,31900
164,65400;-1,30311;-0,31899
164,66400;-1,30322;-0,31890
164,67402;-1,30339;-0,31892
164,68400;-1,30362;-0,31896
164,69400;-1,30373;-0,31891
164,70402;-1,30396;-0,31898
164,71400;-1,30413;-0,31898
164,72402;-1,30430;-0,31900
164,73402;-1,30447;-0,31903
164,74400;-1,30464;-0,31914
164,75402;-1,30481;-0,31896
164,76400;-1,30498;-0,31910
164,77400;-1,30515;-0,31902
164,78402;-1,30526;-0,31909
164,79400;-1,30543;-0,31911
164,80400;-1,30560;-0,31916
164,81402;-1,30571;-0,31915
164,82400;-1,30588;-0,31918
164,83402;-1,30605;-0,31917
164,84402;-1,30622;-0,31916
164,85400;-1,30639;-0,31923
164,86402;-1,30656;-0,31913
164,87402;-1,30673;-0,31923
164,88400;-1,30690;-0,31923
164,89402;-1,30707;-0,31927
164,90400;-1,30724;-0,31925
164,91400;-1,30741;-0,31934
164,92402;-1,30753;-0,31929
164,93400;-1,30770;-0,31931
164,94400;-1,30781;-0,31934
164,95402;-1,30798;-0,31938
164,96400;-1,30815;-0,31938
164,97402;-1,30832;-0,31928
164,98402;-1,30849;-0,31944
164,99400;-1,30866;-0,31937
165,00402;-1,30883;-0,31951
165,01400;-1,30900;-0,31936
165,02400;-1,30917;-0,31943
165,03402;-1,30940;-0,31939
165,04400;-1,30951;-0,31952
165,05400;-1,30968;-0,31943
165,06402;-1,30985;-0,31944
165,07400;-1,31002;-0,31952
165,08402;-1,31019;-0,31951
165,09402;-1,31036;-0,31962
165,10400;-1,31053;-0,31939
165,11402;-1,31064;-0,31955
165,12402;-1,31081;-0,31944
165,13400;-1,31098;-0,31966
165,14402;-1,31115;-0,31943
165,15400;-1,31132;-0,31968
165,16400;-1,31149;-0,31951
165,17402;-1,31166;-0,31962
165,18400;-1,31183;-0,31972
165,19400;-1,31206;-0,31954
165,20402;-1,31223;-0,31966
165,21400;-1,31240;-0,31950
165,22402;-1,31257;-0,31977
165,23402;-1,31274;-0,31949
165,24400;-1,31291;-0,31975
165,25402;-1,31308;-0,31959
165,26400;-1,31325;-0,31984
165,27400;-1,31342;-0,31968
165,28402;-1,31359;-0,31974
165,29400;-1,31376;-0,31971
165,30400;-1,31393;-0,31974
165,31402;-1,31410;-0,31989
165,32400;-1,31427;-0,31973
165,33402;-1,31450;-0,31994
165,34402;-1,31461;-0,31972
165,35400;-1,31484;-0,31988
165,36402;-1,31501;-0,31979
165,37402;-1,31512;-0,31992
165,38400;-1,31529;-0,31975
165,39402;-1,31546;-0,32001
165,40400;-1,31563;-0,31981
165,41400;-1,31580;-0,31989
165,42402;-1,31591;-0,31992
165,43400;-1,31608;-0,31993
165,44400;-1,31625;-0,31992
165,45402;-1,31637;-0,31998
165,46400;-1,31654;-0,32000
165,47402;-1,31671;-0,31991
165,48402;-1,31688;-0,32008
165,49400;-1,31705;-0,31996
165,50402;-1,31722;-0,32006
165,51400;-1,31739;-0,31999
165,52400;-1,31756;-0,32013
165,53402;-1,31773;-0,31998
165,54400;-1,31790;-0,32018
165,55400;-1,31807;-0,31997
165,56402;-1,31818;-0,32012
165,57400;-1,31835;-0,32006
165,58402;-1,31846;-0,32005
165,59402;-1,31863;-0,32011
165,60400;-1,31880;-0,32012
165,61402;-1,31897;-0,32022
165,62402;-1,31914;-0,32018
165,63400;-1,31931;-0,32032
165,64402;-1,31948;-0,32020
165,65400;-1,31971;-0,32027
165,66400;-1,31988;-0,32016
165,67402;-1,32005;-0,32024
165,68400;-1,32022;-0,32012
165,69400;-1,32039;-0,32030
165,70402;-1,32056;-0,32031
165,71400;-1,32073;-0,32023
165,72402;-1,32090;-0,32030
165,73402;-1,32107;-0,32031
165,74400;-1,32124;-0,32024
165,75402;-1,32141;-0,32036
165,76400;-1,32158;-0,32025
165,77400;-1,32175;-0,32030
165,78402;-1,32186;-0,32038
165,79400;-1,32203;-0,32032
165,80400;-1,32220;-0,32042
165,81402;-1,32237;-0,32040
165,82400;-1,32254;-0,32042
165,83402;-1,32271;-0,32045
165,84402;-1,32288;-0,32048
165,85400;-1,32305;-0,32039
165,86402;-1,32322;-0,32043
165,87402;-1,32339;-0,32041
165,88400;-1,32356;-0,32045
165,89402;-1,32373;-0,32042
165,90400;-1,32390;-0,32049
165,91400;-1,32402;-0,32051
165,92402;-1,32419;-0,32044
165,93400;-1,32436;-0,32058
165,94402;-1,32453;-0,32057
165,95402;-1,32470;-0,32060
165,96400;-1,32487;-0,32066
165,97402;-1,32504;-0,32060
165,98402;-1,32521;-0,32053
165,99400;-1,32538;-0,32061
166,00402;-1,32555;-0,32060
166,01400;-1,32572;-0,32058
166,02400;-1,32589;-0,32063
166,03402;-1,32606;-0,32061
166,04400;-1,32623;-0,32070
166,05400;-1,32640;-0,32069
166,06402;-1,32657;-0,32071
166,07400;-1,32668;-0,32060
166,08402;-1,32685;-0,32075
166,09402;-1,32702;-0,32061
166,10400;-1,32719;-0,32070
166,11402;-1,32730;-0,32066
166,12402;-1,32747;-0,32075
166,13400;-1,32764;-0,32066
166,14402;-1,32781;-0,32081
166,15400;-1,32798;-0,32065
166,16400;-1,32815;-0,32078
166,17402;-1,32838;-0,32077
166,18400;-1,32855;-0,32072
166,19402;-1,32866;-0,32082
166,20402;-1,32883;-0,32074
166,21400;-1,32900;-0,32088
166,22402;-1,32912;-0,32079
166,23402;-1,32929;-0,32098
166,24400;-1,32946;-0,32078
166,25402;-1,32968;-0,32094
166,26400;-1,32985;-0,32083
166,27400;-1,33002;-0,32091
166,28402;-1,33019;-0,32086
166,29400;-1,33036;-0,32097
166,30400;-1,33053;-0,32090
166,31402;-1,33070;-0,32095
166,32400;-1,33087;-0,32103
166,33402;-1,33104;-0,32084
166,34402;-1,33121;-0,32104
166,35400;-1,33138;-0,32096
166,36402;-1,33155;-0,32105
166,37402;-1,33172;-0,32094
166,38400;-1,33189;-0,32110
166,39402;-1,33206;-0,32105
166,40400;-1,33218;-0,32109
166,41400;-1,33235;-0,32104
166,42402;-1,33246;-0,32103
166,43400;-1,33263;-0,32101
166,44402;-1,33280;-0,32106
166,45402;-1,33297;-0,32111
166,46400;-1,33314;-0,32108
166,47402;-1,33337;-0,32122
166,48402;-1,33354;-0,32101
166,49400;-1,33371;-0,32120
166,50402;-1,33388;-0,32103
166,51400;-1,33410;-0,32115
166,52400;-1,33427;-0,32108
166,53402;-1,33444;-0,32122
166,54400;-1,33461;-0,32116
166,55400;-1,33478;-0,32115
166,56402;-1,33490;-0,32120
166,57400;-1,33507;-0,32113
166,58402;-1,33524;-0,32121
166,59402;-1,33541;-0,32119
166,60400;-1,33558;-0,32134
166,61402;-1,33575;-0,32116
166,62402;-1,33597;-0,32139
166,63400;-1,33614;-0,32121
166,64402;-1,33631;-0,32134
166,65400;-1,33648;-0,32127
166,66400;-1,33665;-0,32130
166,67402;-1,33682;-0,32134
166,68400;-1,33699;-0,32127
166,69402;-1,33716;-0,32133
166,70402;-1,33728;-0,32131
166,71400;-1,33745;-0,32132
166,72402;-1,33762;-0,32135
166,73402;-1,33779;-0,32141
166,74400;-1,33790;-0,32135
166,75402;-1,33807;-0,32143
166,76400;-1,33824;-0,32136
166,77400;-1,33835;-0,32137
166,78402;-1,33852;-0,32136
166,79400;-1,33869;-0,32148
166,80400;-1,33886;-0,32142
166,81402;-1,33903;-0,32145
166,82400;-1,33920;-0,32152
166,83402;-1,33937;-0,32148
166,84402;-1,33954;-0,32145
166,85400;-1,33966;-0,32144
166,86402;-1,33983;-0,32145
166,87402;-1,33994;-0,32147
166,88400;-1,34011;-0,32146
166,89402;-1,34028;-0,32155
166,90400;-1,34045;-0,32156
166,91400;-1,34068;-0,32160
166,92402;-1,34085;-0,32154
166,93400;-1,34102;-0,32163
166,94402;-1,34119;-0,32149
166,95402;-1,34141;-0,32162
166,96400;-1,34158;-0,32153
166,97402;-1,34175;-0,32159
166,98402;-1,34192;-0,32159
166,99400;-1,34209;-0,32156
167,00402;-1,34226;-0,32149
167,01400;-1,34243;-0,32168
167,02400;-1,34260;-0,32162
167,03402;-1,34277;-0,32158
167,04400;-1,34294;-0,32167
167,05400;-1,34306;-0,32157
167,06402;-1,34323;-0,32172
167,07400;-1,34340;-0,32157
167,08402;-1,34351;-0,32165
167,09402;-1,34368;-0,32156
167,10400;-1,34385;-0,32176
167,11402;-1,34402;-0,32168
167,12402;-1,34419;-0,32178
167,13400;-1,34436;-0,32171
167,14402;-1,34453;-0,32180
167,15400;-1,34470;-0,32174
167,16400;-1,34487;-0,32169
167,17402;-1,34504;-0,32180
167,18400;-1,34521;-0,32158
167,19402;-1,34538;-0,32183
167,20402;-1,34555;-0,32169
167,21400;-1,34572;-0,32182
167,22402;-1,34589;-0,32176
167,23402;-1,34600;-0,32180
167,24400;-1,34617;-0,32175
167,25402;-1,34634;-0,32190
167,26400;-1,34651;-0,32179
167,27400;-1,34668;-0,32181
167,28402;-1,34685;-0,32184
167,29400;-1,34702;-0,32181
167,30400;-1,34725;-0,32191
167,31402;-1,34736;-0,32183
167,32400;-1,34759;-0,32194
167,33402;-1,34776;-0,32175
167,34402;-1,34793;-0,32197
167,35400;-1,34810;-0,32181
167,36402;-1,34827;-0,32187
167,37402;-1,34844;-0,32180
167,38400;-1,34855;-0,32195
167,39402;-1,34872;-0,32190
167,40400;-1,34889;-0,32189
167,41400;-1,34906;-0,32199
167,42402;-1,34923;-0,32175
167,43400;-1,34940;-0,32211
167,44402;-1,34957;-0,32181
167,45402;-1,34974;-0,32205
167,46400;-1,34991;-0,32179
167,47402;-1,35008;-0,32212
167,48402;-1,35025;-0,32179
167,49400;-1,35042;-0,32197
167,50402;-1,35059;-0,32191
167,51400;-1,35071;-0,32186
167,52400;-1,35082;-0,32197
167,53402;-1,35099;-0,32188
167,54400;-1,35116;-0,32203
167,55400;-1,35127;-0,32192
167,56402;-1,35144;-0,32227
167,57400;-1,35167;-0,32181
167,58402;-1,35184;-0,32221
167,59402;-1,35201;-0,32196
167,60400;-1,35218;-0,32208
167,61402;-1,35235;-0,32208
167,62402;-1,35252;-0,32216
167,63400;-1,35269;-0,32193
167,64402;-1,35286;-0,32211
167,65400;-1,35309;-0,32219
167,66400;-1,35320;-0,32190
167,67402;-1,35337;-0,32228
167,68400;-1,35354;-0,32189
167,69402;-1,35371;-0,32221
167,70402;-1,35382;-0,32196
167,71400;-1,35399;-0,32222
167,72402;-1,35416;-0,32193
167,73402;-1,35428;-0,32227
167,74400;-1,35445;-0,32201
167,75402;-1,35462;-0,32213
167,76400;-1,35484;-0,32214
167,77400;-1,35501;-0,32217
167,78402;-1,35518;-0,32222
167,79400;-1,35541;-0,32214
167,80400;-1,35558;-0,32232
167,81402;-1,35575;-0,32199
167,82400;-1,35592;-0,32241
167,83402;-1,35609;-0,32208
167,84402;-1,35626;-0,32229
167,85400;-1,35643;-0,32213
167,86402;-1,35660;-0,32226
167,87402;-1,35677;-0,32208
167,88400;-1,35694;-0,32234
167,89402;-1,35711;-0,32224
167,90400;-1,35728;-0,32215
167,91400;-1,35745;-0,32236
167,92402;-1,35762;-0,32216
167,93400;-1,35779;-0,32239
167,94402;-1,35796;-0,32224
167,95402;-1,35813;-0,32240
167,96400;-1,35830;-0,32215
167,97402;-1,35847;-0,32243
167,98402;-1,35864;-0,32219
167,99400;-1,35875;-0,32236
168,00402;-1,35892;-0,32226
168,01400;-1,35909;-0,32236
168,02400;-1,35926;-0,32229
168,03402;-1,35938;-0,32230
168,04400;-1,35955;-0,32242
168,05400;-1,35972;-0,32222
168,06402;-1,35989;-0,32249
168,07400;-1,36000;-0,32230
168,08402;-1,36017;-0,32232
168,09402;-1,36034;-0,32232
168,10400;-1,36051;-0,32247
168,11402;-1,36068;-0,32225
168,12402;-1,36085;-0,32248
168,13400;-1,36102;-0,32233
168,14402;-1,36119;-0,32232
168,15400;-1,36136;-0,32248
168,16400;-1,36153;-0,32226
168,17402;-1,36164;-0,32233
168,18400;-1,36181;-0,32229
168,19402;-1,36198;-0,32251
168,20402;-1,36215;-0,32234
168,21400;-1,36232;-0,32253
168,22402;-1,36249;-0,32236
168,23402;-1,36266;-0,32252
168,24400;-1,36289;-0,32242
168,25402;-1,36306;-0,32249
168,26400;-1,36323;-0,32241
168,27400;-1,36340;-0,32240
168,28402;-1,36357;-0,32251
168,29400;-1,36374;-0,32238
168,30400;-1,36397;-0,32256
168,31402;-1,36414;-0,32244
168,32400;-1,36425;-0,32255
168,33402;-1,36442;-0,32253
168,34402;-1,36459;-0,32262
168,35400;-1,36476;-0,32231
168,36402;-1,36493;-0,32262
168,37402;-1,36504;-0,32241
168,38400;-1,36521;-0,32254
168,39402;-1,36533;-0,32258
168,40400;-1,36550;-0,32254
168,41400;-1,36567;-0,32252
168,42402;-1,36584;-0,32261
168,43400;-1,36601;-0,32263
168,44402;-1,36618;-0,32240
168,45402;-1,36640;-0,32276
168,46400;-1,36657;-0,32241
168,47402;-1,36674;-0,32259
168,48402;-1,36691;-0,32244
168,49400;-1,36708;-0,32259
168,50402;-1,36720;-0,32240
168,51400;-1,36737;-0,32268
168,52400;-1,36754;-0,32258
168,53402;-1,36765;-0,32245
168,54400;-1,36782;-0,32277
168,55400;-1,36799;-0,32243
168,56402;-1,36816;-0,32271
168,57400;-1,36839;-0,32251
168,58402;-1,36850;-0,32278
168,59402;-1,36873;-0,32244
168,60400;-1,36890;-0,32290
168,61402;-1,36907;-0,32251
168,62402;-1,36924;-0,32264
168,63400;-1,36935;-0,32268
168,64402;-1,36958;-0,32266
168,65400;-1,36969;-0,32267
168,66400;-1,36986;-0,32258
168,67402;-1,37003;-0,32276
168,68400;-1,37020;-0,32249
168,69402;-1,37037;-0,32292
168,70402;-1,37048;-0,32250
168,71400;-1,37065;-0,32278
168,72402;-1,37082;-0,32265
168,73402;-1,37099;-0,32284
168,74400;-1,37116;-0,32264
168,75402;-1,37133;-0,32278
168,76400;-1,37150;-0,32264
168,77400;-1,37173;-0,32273
168,78402;-1,37190;-0,32286
168,79400;-1,37201;-0,32261
168,80400;-1,37218;-0,32268
168,81402;-1,37235;-0,32259
168,82400;-1,37247;-0,32286
168,83402;-1,37264;-0,32254
168,84402;-1,37281;-0,32293
168,85400;-1,37298;-0,32258
168,86402;-1,37315;-0,32289
168,87402;-1,37332;-0,32275
168,88400;-1,37349;-0,32288
168,89402;-1,37371;-0,32259
168,90400;-1,37388;-0,32283
168,91400;-1,37405;-0,32275
168,92402;-1,37422;-0,32269
168,93400;-1,37439;-0,32284
168,94402;-1,37456;-0,32263
168,95402;-1,37473;-0,32284
168,96400;-1,37490;-0,32274
168,97402;-1,37507;-0,32292
168,98402;-1,37524;-0,32262
168,99400;-1,37541;-0,32292
169,00402;-1,37553;-0,32262
169,01400;-1,37570;-0,32286
169,02400;-1,37587;-0,32267
169,03402;-1,37598;-0,32276
169,04400;-1,37615;-0,32281
169,05400;-1,37632;-0,32280
169,06402;-1,37649;-0,32287
169,07400;-1,37672;-0,32260
169,08402;-1,37689;-0,32299
169,09402;-1,37706;-0,32270
169,10400;-1,37723;-0,32292
169,11402;-1,37745;-0,32267
169,12402;-1,37762;-0,32300
169,13400;-1,37779;-0,32266
169,14402;-1,37796;-0,32296
169,15400;-1,37808;-0,32275
169,16400;-1,37825;-0,32278
169,17402;-1,37842;-0,32287
169,18400;-1,37859;-0,32276
169,19402;-1,37876;-0,32296
169,20402;-1,37893;-0,32275
169,21400;-1,37910;-0,32298
169,22402;-1,37927;-0,32276
169,23402;-1,37944;-0,32303
169,24400;-1,37961;-0,32277
169,25402;-1,37978;-0,32294
169,26400;-1,37995;-0,32284
169,27400;-1,38012;-0,32293
169,28402;-1,38023;-0,32286
169,29400;-1,38040;-0,32284
169,30400;-1,38057;-0,32292
169,31402;-1,38074;-0,32276
169,32400;-1,38091;-0,32304
169,33402;-1,38108;-0,32279
169,34402;-1,38125;-0,32289
169,35400;-1,38136;-0,32286
169,36402;-1,38153;-0,32294
169,37402;-1,38165;-0,32280
169,38400;-1,38182;-0,32292
169,39402;-1,38199;-0,32279
169,40400;-1,38216;-0,32290
169,41400;-1,38233;-0,32293
169,42402;-1,38250;-0,32287
169,43400;-1,38267;-0,32293
169,44402;-1,38284;-0,32298
169,45402;-1,38301;-0,32288
169,46400;-1,38318;-0,32290
169,47402;-1,38329;-0,32285
169,48402;-1,38346;-0,32288
169,49400;-1,38363;-0,32303
169,50402;-1,38380;-0,32288
169,51400;-1,38397;-0,32295
169,52400;-1,38420;-0,32289
169,53402;-1,38437;-0,32305
169,54400;-1,38454;-0,32290
169,55400;-1,38471;-0,32299
169,56402;-1,38493;-0,32283
169,57400;-1,38510;-0,32293
169,58402;-1,38527;-0,32283
169,59402;-1,38544;-0,32291
169,60400;-1,38561;-0,32289
169,61402;-1,38578;-0,32279
169,62402;-1,38590;-0,32306
169,63400;-1,38607;-0,32284
169,64402;-1,38624;-0,32299
169,65400;-1,38635;-0,32284
169,66400;-1,38652;-0,32289
169,67402;-1,38669;-0,32294
169,68400;-1,38686;-0,32292
169,69402;-1,38703;-0,32293
169,70402;-1,38720;-0,32289
169,71400;-1,38743;-0,32303
169,72402;-1,38760;-0,32293
169,73402;-1,38777;-0,32301
169,74400;-1,38794;-0,32294
169,75402;-1,38811;-0,32298
169,76400;-1,38828;-0,32297
169,77400;-1,38845;-0,32284
169,78402;-1,38862;-0,32296
169,79400;-1,38873;-0,32282
169,80400;-1,38890;-0,32301
169,81402;-1,38907;-0,32291
169,82400;-1,38924;-0,32295
169,83402;-1,38941;-0,32291
169,84402;-1,38958;-0,32297
169,85400;-1,38975;-0,32279
169,86402;-1,38992;-0,32303
169,87402;-1,39009;-0,32280
169,88400;-1,39026;-0,32286
169,89402;-1,39043;-0,32290
169,90400;-1,39060;-0,32293
169,91400;-1,39077;-0,32287
169,92402;-1,39094;-0,32294
169,93400;-1,39111;-0,32286
169,94402;-1,39128;-0,32293
169,95402;-1,39145;-0,32298
169,96400;-1,39162;-0,32287
169,97402;-1,39179;-0,32288
169,98402;-1,39196;-0,32281
169,99400;-1,39213;-0,32290
170,00402;-1,39224;-0,32284
170,01400;-1,39241;-0,32295
170,02400;-1,39258;-0,32286
170,03402;-1,39275;-0,32292
170,04400;-1,39292;-0,32290
170,05400;-1,39304;-0,32298
170,06402;-1,39321;-0,32284
170,07400;-1,39343;-0,32300
170,08402;-1,39360;-0,32285
170,09402;-1,39372;-0,32284
170,10400;-1,39389;-0,32278
170,11402;-1,39400;-0,32280
170,12402;-1,39417;-0,32279
170,13400;-1,39434;-0,32286
170,14402;-1,39451;-0,32294
170,15400;-1,39462;-0,32276
170,16400;-1,39479;-0,32301
170,17402;-1,39502;-0,32281
170,18400;-1,39519;-0,32293
170,19402;-1,39536;-0,32278
170,20402;-1,39553;-0,32299
170,21400;-1,39570;-0,32280
170,22402;-1,39587;-0,32294
170,23402;-1,39610;-0,32277
170,24400;-1,39621;-0,32278
170,25402;-1,39644;-0,32289
170,26400;-1,39661;-0,32282
170,27400;-1,39678;-0,32281
170,28402;-1,39689;-0,32272
170,29400;-1,39706;-0,32285
170,30400;-1,39723;-0,32269
170,31402;-1,39734;-0,32297
170,32400;-1,39751;-0,32277
170,33402;-1,39768;-0,32281
170,34402;-1,39785;-0,32288
170,35400;-1,39802;-0,32299
170,36402;-1,39825;-0,32277
170,37402;-1,39842;-0,32282
170,38400;-1,39859;-0,32287
170,39402;-1,39876;-0,32274
170,40400;-1,39899;-0,32291
170,41400;-1,39910;-0,32284
170,42402;-1,39927;-0,32279
170,43400;-1,39944;-0,32274
170,44402;-1,39961;-0,32292
170,45402;-1,39978;-0,32268
170,46400;-1,39995;-0,32281
170,47402;-1,40012;-0,32280
170,48402;-1,40029;-0,32277
170,49400;-1,40046;-0,32278
170,50402;-1,40063;-0,32285
170,51400;-1,40074;-0,32265
170,52400;-1,40091;-0,32281
170,53402;-1,40108;-0,32285
170,54400;-1,40125;-0,32272
170,55400;-1,40142;-0,32279
170,56402;-1,40159;-0,32276
170,57400;-1,40176;-0,32281
170,58402;-1,40193;-0,32265
170,59402;-1,40210;-0,32285
170,60400;-1,40227;-0,32263
170,61402;-1,40244;-0,32279
170,62402;-1,40261;-0,32268
170,63400;-1,40278;-0,32272
170,64402;-1,40290;-0,32257
170,65400;-1,40307;-0,32274
170,66400;-1,40324;-0,32268
170,67402;-1,40335;-0,32258
170,68400;-1,40352;-0,32278
170,69402;-1,40369;-0,32251
170,70402;-1,40386;-0,32269
170,71400;-1,40403;-0,32267
170,72402;-1,40420;-0,32258
170,73402;-1,40437;-0,32262
170,74400;-1,40454;-0,32261
170,75402;-1,40465;-0,32258
170,76400;-1,40482;-0,32252
170,77400;-1,40494;-0,32260
170,78402;-1,40516;-0,32248
170,79400;-1,40533;-0,32269
170,80400;-1,40550;-0,32247
170,81402;-1,40567;-0,32267
170,82400;-1,40584;-0,32251
170,83402;-1,40607;-0,32261
170,84402;-1,40624;-0,32269
170,85400;-1,40641;-0,32243
170,86402;-1,40658;-0,32266
170,87402;-1,40675;-0,32239
170,88400;-1,40698;-0,32266
170,89402;-1,40715;-0,32239
170,90400;-1,40732;-0,32260
170,91400;-1,40749;-0,32237
170,92402;-1,40766;-0,32255
170,93400;-1,40777;-0,32239
170,94402;-1,40794;-0,32240
170,95402;-1,40811;-0,32242
170,96400;-1,40822;-0,32232
170,97402;-1,40839;-0,32258
170,98402;-1,40856;-0,32236
170,99400;-1,40873;-0,32248
171,00402;-1,40890;-0,32238
171,01400;-1,40907;-0,32240
171,02400;-1,40924;-0,32235
171,03402;-1,40941;-0,32236
171,04400;-1,40958;-0,32231
171,05400;-1,40981;-0,32229
171,06402;-1,40992;-0,32234
171,07400;-1,41009;-0,32216
171,08402;-1,41026;-0,32225
171,09402;-1,41038;-0,32227
171,10400;-1,41055;-0,32219
171,11402;-1,41072;-0,32227
171,12402;-1,41089;-0,32215
171,13400;-1,41106;-0,32228
171,14402;-1,41128;-0,32213
171,15400;-1,41140;-0,32230
171,16400;-1,41157;-0,32207
171,17402;-1,41179;-0,32220
171,18400;-1,41196;-0,32214
171,19402;-1,41213;-0,32212
171,20402;-1,41230;-0,32206
171,21400;-1,41247;-0,32198
171,22402;-1,41264;-0,32205
171,23402;-1,41281;-0,32189
171,24400;-1,41298;-0,32216
171,25402;-1,41315;-0,32183
171,26400;-1,41332;-0,32207
171,27400;-1,41349;-0,32184
171,28402;-1,41361;-0,32202
171,29400;-1,41378;-0,32184
171,30400;-1,41395;-0,32194
171,31402;-1,41406;-0,32173
171,32400;-1,41423;-0,32178
171,33402;-1,41440;-0,32194
171,34402;-1,41457;-0,32171
171,35400;-1,41474;-0,32191
171,36402;-1,41491;-0,32168
171,37402;-1,41508;-0,32184
171,38400;-1,41525;-0,32170
171,39402;-1,41536;-0,32170
171,40400;-1,41548;-0,32148
171,41400;-1,41565;-0,32160
171,42402;-1,41582;-0,32157
171,43400;-1,41599;-0,32166
171,44402;-1,41616;-0,32164
171,45402;-1,41633;-0,32154
171,46400;-1,41650;-0,32158
171,47402;-1,41667;-0,32154
171,48402;-1,41689;-0,32147
171,49400;-1,41706;-0,32151
171,50402;-1,41723;-0,32133
171,51400;-1,41740;-0,32144
171,52400;-1,41757;-0,32139
171,53402;-1,41774;-0,32132
171,54400;-1,41791;-0,32139
171,55400;-1,41808;-0,32127
171,56402;-1,41825;-0,32130
171,57400;-1,41842;-0,32116
171,58402;-1,41859;-0,32129
171,59402;-1,41871;-0,32099
171,60400;-1,41888;-0,32125
171,61402;-1,41905;-0,32100
171,62402;-1,41922;-0,32114
171,63400;-1,41939;-0,32106
171,64402;-1,41956;-0,32095
171,65400;-1,41973;-0,32094
171,66400;-1,41990;-0,32084
171,67402;-1,42007;-0,32097
171,68400;-1,42029;-0,32072
171,69402;-1,42046;-0,32087
171,70402;-1,42063;-0,32065
171,71400;-1,42075;-0,32077
171,72402;-1,42092;-0,32067
171,73402;-1,42109;-0,32069
171,74400;-1,42126;-0,32056
171,75402;-1,42143;-0,32050
171,76400;-1,42160;-0,32063
171,77400;-1,42177;-0,32040
171,78402;-1,42194;-0,32052
171,79400;-1,42211;-0,32028
171,80400;-1,42228;-0,32029
171,81402;-1,42245;-0,32033
171,82400;-1,42262;-0,32015
171,83402;-1,42279;-0,32018
171,84402;-1,42296;-0,31997
171,85400;-1,42313;-0,32006
171,86402;-1,42330;-0,31989
171,87402;-1,42347;-0,31994
171,88400;-1,42364;-0,31985
171,89402;-1,42375;-0,31973
171,90400;-1,42392;-0,31963
171,91400;-1,42409;-0,31960
171,92402;-1,42426;-0,31955
171,93400;-1,42437;-0,31925
171,94402;-1,42454;-0,31939
171,95402;-1,42471;-0,31902
171,96400;-1,42483;-0,31917
171,97402;-1,42500;-0,31902
171,98402;-1,42517;-0,31885
171,99400;-1,42534;-0,31885
172,00402;-1,42551;-0,31860
172,01400;-1,42568;-0,31859
172,02400;-1,42585;-0,31838
172,03402;-1,42602;-0,31815
172,04400;-1,42619;-0,31796
172,05400;-1,42630;-0,31779
172,06402;-1,42647;-0,31759
172,07400;-1,42664;-0,31731
172,08402;-1,42681;-0,31726
172,09402;-1,42698;-0,31668
172,10400;-1,42715;-0,31657
172,11402;-1,42732;-0,31573
172,12402;-1,42755;-0,31544
172,13400;-1,42772;-0,31313
172,14402;-1,42789;-0,29819
172,15400;-1,42806;-0,28432
172,16400;-1,42823;-0,26941
172,17402;-1,42845;-0,26425
172,18400;-1,42857;-0,25679
172,19402;-1,42879;-0,25841
172,20402;-1,42891;-0,25511
172,21400;-1,42908;-0,25836
172,22402;-1,42925;-0,25667
172,23402;-1,42936;-0,25873
172,24400;-1,42953;-0,25802
172,25402;-1,42970;-0,25851
172,26400;-1,42981;-0,25901
172,27400;-1,42998;-0,25772
172,27600;-1,43004;-0,25707
172,27802;-1,43010;-0,25708
172,28802;-1,43021;-0,25971
172,29800;-1,43027;-0,25732
172,30802;-1,43032;-0,25866
172,31802;-1,43032;-0,25781
172,32800;-1,43032;-0,25783
172,33802;-1,43032;-0,25849
172,34800;-1,43021;-0,25725
172,35800;-1,43015;-0,25899
172,36802;-1,43015;-0,25681
172,37800;-1,43010;-0,25924
172,38802;-1,43004;-0,25667
172,39802;-1,42998;-0,25903
172,40800;-1,42987;-0,25679
172,41802;-1,42981;-0,25860
172,42802;-1,42976;-0,25721
172,43800;-1,42964;-0,25795
172,44802;-1,42947;-0,25772
172,45800;-1,42936;-0,25720
172,46800;-1,42919;-0,25827
172,47802;-1,42902;-0,25675
172,48800;-1,42885;-0,25841
172,49800;-1,42857;-0,25643
172,50802;-1,42834;-0,25840
172,51800;-1,42800;-0,25643
172,52802;-1,42772;-0,25821
172,53802;-1,42738;-0,25669
172,54800;-1,42704;-0,25778
172,55802;-1,42670;-0,25706
172,56802;-1,42641;-0,25739
172,57800;-1,42607;-0,25753
172,58802;-1,42579;-0,25689
172,59800;-1,42551;-0,25790
172,60800;-1,42522;-0,25665
172,61802;-1,42500;-0,25796
172,62800;-1,42477;-0,25653
172,63802;-1,42454;-0,25800
172,64802;-1,42432;-0,25649
172,65800;-1,42409;-0,25780
172,66802;-1,42386;-0,25667
172,67802;-1,42364;-0,25748
172,68800;-1,42347;-0,25685
172,69802;-1,42324;-0,25709
172,70800;-1,42307;-0,25719
172,71800;-1,42290;-0,25672
172,72802;-1,42273;-0,25746
172,73800;-1,42250;-0,25649
172,74800;-1,42233;-0,25757
172,75802;-1,42216;-0,25627
172,76800;-1,42199;-0,25766
172,77802;-1,42182;-0,25631
172,78802;-1,42165;-0,25742
172,79800;-1,42148;-0,25652
172,80802;-1,42131;-0,25718
172,81802;-1,42114;-0,25675
172,82800;-1,42097;-0,25689
172,83802;-1,42080;-0,25705
172,84800;-1,42063;-0,25640
172,85800;-1,42046;-0,25735
172,86802;-1,42029;-0,25619
172,87800;-1,42012;-0,25739
172,88802;-1,41995;-0,25619
172,89802;-1,41978;-0,25739
172,90800;-1,41961;-0,25626
172,91802;-1,41950;-0,25721
172,92802;-1,41933;-0,25642
172,93800;-1,41910;-0,25677
172,94802;-1,41893;-0,25673
172,95800;-1,41876;-0,25648
172,96800;-1,41859;-0,25689
172,97802;-1,41842;-0,25626
172,98800;-1,41831;-0,25712
172,99800;-1,41814;-0,25604
173,00802;-1,41797;-0,25728
173,01800;-1,41780;-0,25611
173,02802;-1,41763;-0,25699
173,03802;-1,41746;-0,25621
173,04800;-1,41729;-0,25686
173,05802;-1,41712;-0,25636
173,06802;-1,41695;-0,25665
173,07800;-1,41678;-0,25665
173,08802;-1,41661;-0,25631
173,09800;-1,41644;-0,25688
173,10800;-1,41627;-0,25621
173,11802;-1,41616;-0,25688
173,12800;-1,41599;-0,25598
173,13802;-1,41582;-0,25697
173,14802;-1,41565;-0,25607
173,15800;-1,41548;-0,25686
173,16802;-1,41531;-0,25626
173,17802;-1,41514;-0,25667
173,18800;-1,41497;-0,25639
173,19802;-1,41485;-0,25641
173,20800;-1,41468;-0,25646
173,21800;-1,41451;-0,25617
173,22802;-1,41434;-0,25662
173,23800;-1,41417;-0,25601
173,24800;-1,41395;-0,25678
173,25802;-1,41378;-0,25598
173,26800;-1,41361;-0,25672
173,27802;-1,41344;-0,25601
173,28802;-1,41327;-0,25662
173,29800;-1,41310;-0,25609
173,30802;-1,41293;-0,25643
173,31802;-1,41276;-0,25631
173,32800;-1,41259;-0,25627
173,33802;-1,41242;-0,25649
173,34800;-1,41225;-0,25611
173,35800;-1,41208;-0,25655
173,36802;-1,41191;-0,25593
173,37800;-1,41174;-0,25664
173,38802;-1,41151;-0,25583
173,39802;-1,41134;-0,25649
173,40800;-1,41117;-0,25588
173,41802;-1,41106;-0,25643
173,42802;-1,41089;-0,25607
173,43800;-1,41072;-0,25624
173,44802;-1,41055;-0,25620
173,45800;-1,41038;-0,25597
173,46800;-1,41021;-0,25635
173,47802;-1,41004;-0,25577
173,48800;-1,40987;-0,25650
173,49800;-1,40970;-0,25573
173,50802;-1,40953;-0,25651
173,51800;-1,40941;-0,25580
173,52802;-1,40924;-0,25647
173,53802;-1,40907;-0,25584
173,54800;-1,40890;-0,25630
173,55802;-1,40873;-0,25602
173,56802;-1,40856;-0,25594
173,57800;-1,40839;-0,25627
173,58802;-1,40822;-0,25578
173,59800;-1,40805;-0,25641
173,60800;-1,40788;-0,25562
173,61802;-1,40771;-0,25642
173,62800;-1,40754;-0,25557
173,63802;-1,40737;-0,25647
173,64802;-1,40720;-0,25569
173,65800;-1,40709;-0,25631
173,66802;-1,40686;-0,25576
173,67802;-1,40675;-0,25610
173,68800;-1,40652;-0,25596
173,69802;-1,40635;-0,25575
173,70800;-1,40618;-0,25612
173,71800;-1,40601;-0,25554
173,72802;-1,40584;-0,25626
173,73800;-1,40567;-0,25554
173,74800;-1,40556;-0,25619
173,75802;-1,40539;-0,25562
173,76800;-1,40522;-0,25618
173,77802;-1,40505;-0,25566
173,78802;-1,40488;-0,25606
173,79800;-1,40471;-0,25565
173,80802;-1,40454;-0,25588
173,81802;-1,40437;-0,25591
173,82800;-1,40426;-0,25567
173,83802;-1,40409;-0,25606
173,84800;-1,40392;-0,25558
173,85800;-1,40375;-0,25613
173,86802;-1,40358;-0,25561
173,87800;-1,40346;-0,25600
173,88802;-1,40329;-0,25556
173,89802;-1,40312;-0,25591
173,90800;-1,40295;-0,25563
173,91802;-1,40278;-0,25597
173,92802;-1,40261;-0,25570
173,93800;-1,40244;-0,25582
173,94802;-1,40227;-0,25588
173,95800;-1,40210;-0,25557
173,96800;-1,40193;-0,25597
173,97802;-1,40176;-0,25546
173,98800;-1,40159;-0,25592
173,99800;-1,40142;-0,25545
174,00802;-1,40125;-0,25590
174,01800;-1,40108;-0,25548
174,02802;-1,40091;-0,25592
174,03802;-1,40074;-0,25553
174,04800;-1,40057;-0,25573
174,05802;-1,40040;-0,25570
174,06802;-1,40023;-0,25550
174,07800;-1,40006;-0,25590
174,08802;-1,39989;-0,25545
174,09800;-1,39972;-0,25593
174,10800;-1,39955;-0,25542
174,11802;-1,39938;-0,25587
174,12800;-1,39921;-0,25544
174,13802;-1,39904;-0,25581
174,14802;-1,39887;-0,25544
174,15800;-1,39870;-0,25568
174,16802;-1,39853;-0,25559
174,17802;-1,39836;-0,25557
174,18800;-1,39819;-0,25580
174,19802;-1,39802;-0,25539
174,20800;-1,39785;-0,25583
174,21800;-1,39768;-0,25537
174,22802;-1,39751;-0,25578
174,23800;-1,39740;-0,25542
174,24800;-1,39723;-0,25578
174,25802;-1,39706;-0,25539
174,26800;-1,39689;-0,25575
174,27802;-1,39672;-0,25554
174,28802;-1,39655;-0,25562
174,29800;-1,39638;-0,25563
174,30802;-1,39627;-0,25539
174,31802;-1,39604;-0,25568
174,32800;-1,39593;-0,25533
174,33802;-1,39570;-0,25573
174,34800;-1,39553;-0,25537
174,35800;-1,39536;-0,25571
174,36802;-1,39519;-0,25550
174,37800;-1,39508;-0,25562
174,38802;-1,39485;-0,25546
174,39802;-1,39474;-0,25550
174,40800;-1,39457;-0,25543
174,41802;-1,39440;-0,25542
174,42802;-1,39423;-0,25561
174,43800;-1,39406;-0,25534
174,44802;-1,39389;-0,25569
174,45800;-1,39372;-0,25537
174,46800;-1,39355;-0,25553
174,47802;-1,39338;-0,25547
174,48800;-1,39321;-0,25540
174,49800;-1,39309;-0,25537
174,50802;-1,39292;-0,25543
174,51800;-1,39275;-0,25538
174,52802;-1,39258;-0,25538
174,53802;-1,39241;-0,25552
174,54800;-1,39224;-0,25533
174,55802;-1,39207;-0,25549
174,56802;-1,39190;-0,25533
174,57800;-1,39173;-0,25543
174,58802;-1,39156;-0,25518
174,59800;-1,39134;-0,25546
174,60800;-1,39122;-0,25523
174,61802;-1,39100;-0,25547
174,62800;-1,39088;-0,25534
174,63802;-1,39071;-0,25542
174,64802;-1,39054;-0,25535
174,65800;-1,39037;-0,25542
174,66802;-1,39020;-0,25532
174,67802;-1,39003;-0,25526
174,68800;-1,38992;-0,25533
174,69802;-1,38969;-0,25508
174,70800;-1,38958;-0,25543
174,71800;-1,38935;-0,25510
174,72802;-1,38924;-0,25543
174,73800;-1,38907;-0,25511
174,74800;-1,38890;-0,25538
174,75802;-1,38873;-0,25515
174,76800;-1,38856;-0,25528
174,77802;-1,38839;-0,25521
174,78802;-1,38822;-0,25521
174,79800;-1,38805;-0,25523
174,80802;-1,38788;-0,25512
174,81802;-1,38771;-0,25542
174,82800;-1,38760;-0,25493
174,83802;-1,38743;-0,25549
174,84800;-1,38726;-0,25499
174,85800;-1,38709;-0,25544
174,86802;-1,38692;-0,25499
174,87800;-1,38675;-0,25535
174,88802;-1,38658;-0,25497
174,89802;-1,38641;-0,25523
174,90800;-1,38624;-0,25510
174,91802;-1,38607;-0,25509
174,92802;-1,38590;-0,25520
174,93800;-1,38573;-0,25508
174,94802;-1,38556;-0,25536
174,95800;-1,38539;-0,25487
174,96800;-1,38522;-0,25535
174,97802;-1,38505;-0,25482
174,98800;-1,38488;-0,25531
174,99800;-1,38471;-0,25488
175,00802;-1,38454;-0,25516
175,01800;-1,38437;-0,25498
175,02802;-1,38420;-0,25516
175,03802;-1,38403;-0,25504
175,04800;-1,38386;-0,25509
175,05802;-1,38369;-0,25515
175,06802;-1,38352;-0,25487
175,07800;-1,38340;-0,25517
175,08802;-1,38323;-0,25481
175,09800;-1,38306;-0,25522
175,10800;-1,38289;-0,25485
175,11802;-1,38278;-0,25513
175,12800;-1,38261;-0,25488
175,13802;-1,38244;-0,25506
175,14802;-1,38233;-0,25492
175,15800;-1,38216;-0,25506
175,16802;-1,38199;-0,25499
175,17802;-1,38182;-0,25503
175,18800;-1,38165;-0,25506
175,19802;-1,38148;-0,25488
175,20800;-1,38131;-0,25507
175,21800;-1,38114;-0,25475
175,22802;-1,38097;-0,25508
175,23800;-1,38080;-0,25472
175,24800;-1,38063;-0,25509
175,25802;-1,38046;-0,25486
175,26800;-1,38029;-0,25507
175,27802;-1,38012;-0,25481
175,28802;-1,37995;-0,25505
175,29800;-1,37978;-0,25483
175,30802;-1,37966;-0,25501
175,31802;-1,37949;-0,25499
175,32800;-1,37932;-0,25486
175,33802;-1,37915;-0,25498
175,34800;-1,37898;-0,25482
175,35800;-1,37876;-0,25493
175,36802;-1,37859;-0,25480
175,37800;-1,37842;-0,25496
175,38802;-1,37825;-0,25470
175,39802;-1,37808;-0,25502
175,40800;-1,37791;-0,25471
175,41802;-1,37774;-0,25489
175,42802;-1,37757;-0,25480
175,43800;-1,37740;-0,25490
175,44802;-1,37723;-0,25485
175,45800;-1,37706;-0,25477
175,46800;-1,37689;-0,25489
175,47802;-1,37672;-0,25477
175,48800;-1,37655;-0,25485
175,49800;-1,37638;-0,25469
175,50802;-1,37621;-0,25487
175,51800;-1,37604;-0,25462
175,52802;-1,37592;-0,25493
175,53802;-1,37575;-0,25467
175,54800;-1,37558;-0,25480
175,55802;-1,37541;-0,25474
175,56802;-1,37524;-0,25475
175,57800;-1,37507;-0,25477
175,58802;-1,37490;-0,25466
175,59800;-1,37479;-0,25472
175,60800;-1,37462;-0,25471
175,61802;-1,37445;-0,25469
175,62800;-1,37428;-0,25472
175,63802;-1,37411;-0,25475
175,64802;-1,37394;-0,25467
175,65800;-1,37377;-0,25491
175,66802;-1,37360;-0,25471
175,67802;-1,37343;-0,25473
175,68800;-1,37326;-0,25462
175,69802;-1,37309;-0,25472
175,70800;-1,37292;-0,25460
175,71800;-1,37275;-0,25479
175,72802;-1,37258;-0,25451
175,73800;-1,37247;-0,25473
175,74800;-1,37230;-0,25475
175,75802;-1,37213;-0,25470
175,76800;-1,37196;-0,25465
175,77802;-1,37179;-0,25461
175,78802;-1,37162;-0,25473
175,79800;-1,37150;-0,25456
175,80802;-1,37133;-0,25477
175,81802;-1,37116;-0,25445
175,82800;-1,37099;-0,25462
175,83802;-1,37082;-0,25452
175,84800;-1,37065;-0,25476
175,85800;-1,37048;-0,25453
175,86802;-1,37031;-0,25466
175,87800;-1,37009;-0,25454
175,88802;-1,36992;-0,25464
175,89802;-1,36975;-0,25465
175,90800;-1,36958;-0,25454
175,91802;-1,36941;-0,25456
175,92802;-1,36924;-0,25453
175,93800;-1,36907;-0,25472
175,94802;-1,36895;-0,25451
175,95800;-1,36878;-0,25471
175,96800;-1,36861;-0,25434
175,97802;-1,36844;-0,25463
175,98800;-1,36827;-0,25442
175,99800;-1,36810;-0,25456
176,00802;-1,36793;-0,25444
176,01800;-1,36776;-0,25459
176,02802;-1,36759;-0,25445
176,03802;-1,36742;-0,25454
176,04800;-1,36725;-0,25461
176,05802;-1,36708;-0,25447
176,06802;-1,36697;-0,25465
176,07800;-1,36680;-0,25440
176,08802;-1,36663;-0,25458
176,09800;-1,36646;-0,25437
176,10800;-1,36629;-0,25459
176,11802;-1,36612;-0,25426
176,12800;-1,36595;-0,25454
176,13802;-1,36578;-0,25436
176,14802;-1,36561;-0,25452
176,15800;-1,36544;-0,25444
176,16802;-1,36533;-0,25440
176,17802;-1,36516;-0,25441
176,18800;-1,36499;-0,25435
176,19802;-1,36482;-0,25455
176,20800;-1,36465;-0,25427
176,21800;-1,36448;-0,25447
176,22802;-1,36431;-0,25428
176,23800;-1,36414;-0,25451
176,24800;-1,36397;-0,25430
176,25802;-1,36380;-0,25444
176,26800;-1,36363;-0,25422
176,27802;-1,36346;-0,25438
176,28802;-1,36329;-0,25443
176,29800;-1,36312;-0,25429
176,30802;-1,36295;-0,25429
176,31802;-1,36278;-0,25426
176,32800;-1,36261;-0,25449
176,33802;-1,36244;-0,25430
176,34800;-1,36227;-0,25442
176,35800;-1,36210;-0,25425
176,36802;-1,36193;-0,25441
176,37800;-1,36176;-0,25426
176,38802;-1,36159;-0,25436
176,39802;-1,36147;-0,25421
176,40800;-1,36130;-0,25425
176,41802;-1,36113;-0,25439
176,42802;-1,36096;-0,25429
176,43800;-1,36085;-0,25440
176,44802;-1,36068;-0,25417
176,45800;-1,36051;-0,25444
176,46800;-1,36034;-0,25418
176,47802;-1,36017;-0,25429
176,48800;-1,36000;-0,25404
176,49800;-1,35983;-0,25432
176,50802;-1,35966;-0,25410
176,51800;-1,35949;-0,25430
176,52802;-1,35932;-0,25420
176,53802;-1,35915;-0,25422
176,54800;-1,35898;-0,25424
176,55802;-1,35881;-0,25423
176,56802;-1,35864;-0,25422
176,57800;-1,35847;-0,25408
176,58802;-1,35830;-0,25424
176,59800;-1,35813;-0,25415
176,60800;-1,35802;-0,25417
176,61802;-1,35785;-0,25405
176,62800;-1,35762;-0,25416
176,63802;-1,35745;-0,25408
176,64802;-1,35728;-0,25415
176,65800;-1,35711;-0,25408
176,66802;-1,35694;-0,25407
176,67802;-1,35677;-0,25411
176,68800;-1,35660;-0,25410
176,69802;-1,35643;-0,25417
176,70800;-1,35626;-0,25406
176,71800;-1,35609;-0,25412
176,72802;-1,35592;-0,25403
176,73800;-1,35575;-0,25408
176,74800;-1,35558;-0,25399
176,75802;-1,35541;-0,25401
176,76800;-1,35524;-0,25403
176,77802;-1,35507;-0,25404
176,78802;-1,35490;-0,25400
176,79800;-1,35473;-0,25405
176,80802;-1,35456;-0,25397
176,81802;-1,35445;-0,25393
176,82800;-1,35428;-0,25401
176,83802;-1,35411;-0,25388
176,84800;-1,35394;-0,25397
176,85800;-1,35377;-0,25394
176,86802;-1,35360;-0,25400
176,87800;-1,35343;-0,25389
176,88802;-1,35326;-0,25398
176,89802;-1,35314;-0,25381
176,90800;-1,35297;-0,25397
176,91802;-1,35280;-0,25380
176,92802;-1,35263;-0,25387
176,93800;-1,35246;-0,25384
176,94802;-1,35229;-0,25391
176,95800;-1,35212;-0,25392
176,96800;-1,35195;-0,25383
176,97802;-1,35184;-0,25403
176,98800;-1,35167;-0,25379
176,99800;-1,35150;-0,25403
177,00802;-1,35133;-0,25373
177,01800;-1,35116;-0,25390
177,02802;-1,35099;-0,25363
177,03802;-1,35082;-0,25397
177,04800;-1,35065;-0,25364
177,05802;-1,35048;-0,25386
177,06802;-1,35031;-0,25375
177,07800;-1,35014;-0,25378
177,08802;-1,34997;-0,25384
177,09800;-1,34986;-0,25372
177,10800;-1,34969;-0,25377
177,11802;-1,34952;-0,25358
177,12800;-1,34935;-0,25389
177,13802;-1,34912;-0,25358
177,14802;-1,34895;-0,25389
177,15800;-1,34878;-0,25356
177,16802;-1,34861;-0,25374
177,17802;-1,34844;-0,25370
177,18800;-1,34827;-0,25378
177,19802;-1,34810;-0,25360
177,20800;-1,34793;-0,25368
177,21800;-1,34776;-0,25361
177,22802;-1,34759;-0,25362
177,23800;-1,34742;-0,25372
177,24800;-1,34725;-0,25354
177,25802;-1,34708;-0,25373
177,26800;-1,34697;-0,25349
177,27802;-1,34680;-0,25372
177,28802;-1,34663;-0,25343
177,29800;-1,34640;-0,25362
177,30802;-1,34623;-0,25350
177,31802;-1,34606;-0,25368
177,32800;-1,34589;-0,25355
177,33802;-1,34572;-0,25365
177,34800;-1,34561;-0,25359
177,35800;-1,34538;-0,25347
177,36802;-1,34527;-0,25373
177,37800;-1,34510;-0,25338
177,38802;-1,34493;-0,25375
177,39802;-1,34476;-0,25341
177,40800;-1,34459;-0,25370
177,41802;-1,34442;-0,25334
177,42802;-1,34425;-0,25368
177,43800;-1,34408;-0,25332
177,44802;-1,34391;-0,25369
177,45800;-1,34374;-0,25344
177,46800;-1,34357;-0,25350
177,47802;-1,34340;-0,25356
177,48800;-1,34323;-0,25341
177,49800;-1,34306;-0,25365
177,50802;-1,34289;-0,25329
177,51800;-1,34272;-0,25366
177,52802;-1,34260;-0,25330
177,53802;-1,34243;-0,25366
177,54800;-1,34226;-0,25327
177,55802;-1,34209;-0,25361
177,56802;-1,34192;-0,25320
177,57800;-1,34175;-0,25351
177,58802;-1,34164;-0,25337
177,59800;-1,34147;-0,25336
177,60800;-1,34124;-0,25350
177,61802;-1,34113;-0,25326
177,62800;-1,34096;-0,25356
177,63802;-1,34079;-0,25322
177,64802;-1,34062;-0,25357
177,65800;-1,34045;-0,25324
177,66802;-1,34028;-0,25353
177,67802;-1,34011;-0,25322
177,68800;-1,33994;-0,25349
177,69802;-1,33977;-0,25324
177,70800;-1,33966;-0,25340
177,71800;-1,33949;-0,25333
177,72802;-1,33932;-0,25329
177,73800;-1,33915;-0,25349
177,74800;-1,33898;-0,25327
177,75802;-1,33886;-0,25345
177,76800;-1,33869;-0,25317
177,77802;-1,33852;-0,25338
177,78802;-1,33830;-0,25316
177,79800;-1,33813;-0,25340
177,80802;-1,33796;-0,25315
177,81802;-1,33779;-0,25346
177,82800;-1,33762;-0,25316
177,83802;-1,33745;-0,25333
177,84800;-1,33728;-0,25326
177,85800;-1,33711;-0,25329
177,86802;-1,33694;-0,25329
177,87800;-1,33677;-0,25323
177,88802;-1,33665;-0,25334
177,89802;-1,33648;-0,25310
177,90800;-1,33631;-0,25340
177,91802;-1,33614;-0,25304
177,92802;-1,33592;-0,25336
177,93800;-1,33575;-0,25304
177,94802;-1,33558;-0,25346
177,95800;-1,33541;-0,25301
177,96800;-1,33524;-0,25331
177,97802;-1,33507;-0,25308
177,98800;-1,33490;-0,25324
177,99800;-1,33473;-0,25324
178,00802;-1,33456;-0,25306
178,01800;-1,33439;-0,25324
178,02802;-1,33422;-0,25298
178,03802;-1,33405;-0,25335
178,04800;-1,33388;-0,25293
178,05802;-1,33371;-0,25344
178,06802;-1,33354;-0,25294
178,07800;-1,33337;-0,25341
178,08802;-1,33325;-0,25314
178,09800;-1,33308;-0,25325
178,10800;-1,33291;-0,25305
178,11802;-1,33274;-0,25317
178,12800;-1,33257;-0,25314
178,13802;-1,33240;-0,25309
178,14802;-1,33223;-0,25325
178,15800;-1,33212;-0,25290
178,16802;-1,33195;-0,25338
178,17802;-1,33178;-0,25293
178,18800;-1,33161;-0,25325
178,19802;-1,33144;-0,25292
178,20800;-1,33127;-0,25315
178,21800;-1,33116;-0,25295
178,22802;-1,33099;-0,25312
178,23800;-1,33082;-0,25304
178,24800;-1,33065;-0,25302
178,25802;-1,33048;-0,25317
178,26800;-1,33031;-0,25294
178,27802;-1,33014;-0,25320
178,28802;-1,32997;-0,25282
178,29800;-1,32985;-0,25324
178,30802;-1,32968;-0,25270
178,31802;-1,32946;-0,25316
178,32800;-1,32934;-0,25287
178,33802;-1,32917;-0,25305
178,34800;-1,32900;-0,25296
178,35800;-1,32883;-0,25299
178,36802;-1,32866;-0,25287
178,37800;-1,32849;-0,25293
178,38802;-1,32832;-0,25308
178,39802;-1,32815;-0,25270
178,40800;-1,32798;-0,25327
178,41802;-1,32781;-0,25271
178,42802;-1,32764;-0,25313
178,43800;-1,32747;-0,25284
178,44802;-1,32730;-0,25300
178,45800;-1,32713;-0,25275
178,46800;-1,32696;-0,25306
178,47802;-1,32679;-0,25286
178,48800;-1,32662;-0,25283
178,49800;-1,32645;-0,25298
178,50802;-1,32628;-0,25273
178,51800;-1,32617;-0,25304
178,52802;-1,32600;-0,25273
178,53802;-1,32583;-0,25309
178,54800;-1,32566;-0,25260
178,55802;-1,32549;-0,25310
178,56802;-1,32532;-0,25279
178,57800;-1,32515;-0,25291
178,58802;-1,32498;-0,25288
178,59800;-1,32481;-0,25296
178,60800;-1,32464;-0,25277
178,61802;-1,32447;-0,25290
178,62800;-1,32430;-0,25294
178,63802;-1,32413;-0,25264
178,64802;-1,32396;-0,25306
178,65800;-1,32379;-0,25263
178,66802;-1,32362;-0,25305
178,67802;-1,32345;-0,25261
178,68800;-1,32334;-0,25304
178,69802;-1,32311;-0,25260
178,70800;-1,32300;-0,25294
178,71800;-1,32283;-0,25274
178,72802;-1,32266;-0,25275
178,73800;-1,32249;-0,25276
178,74800;-1,32232;-0,25282
178,75802;-1,32215;-0,25290
178,76800;-1,32198;-0,25263
178,77802;-1,32181;-0,25301
178,78802;-1,32164;-0,25259
178,79800;-1,32147;-0,25300
178,80802;-1,32130;-0,25257
178,81802;-1,32113;-0,25287
178,82800;-1,32096;-0,25264
178,83802;-1,32079;-0,25294
178,84800;-1,32062;-0,25280
178,85800;-1,32045;-0,25281
178,86802;-1,32033;-0,25279
178,87800;-1,32016;-0,25259
178,88802;-1,31999;-0,25287
178,89802;-1,31982;-0,25252
178,90800;-1,31965;-0,25284
178,91802;-1,31948;-0,25261
178,92802;-1,31931;-0,25290
178,93800;-1,31914;-0,25260
178,94802;-1,31897;-0,25292
178,95800;-1,31880;-0,25263
178,96800;-1,31863;-0,25272
178,97802;-1,31846;-0,25272
178,98800;-1,31835;-0,25265
178,99800;-1,31818;-0,25272
179,00802;-1,31801;-0,25257
179,01800;-1,31784;-0,25273
179,02802;-1,31767;-0,25245
179,03802;-1,31750;-0,25284
179,04800;-1,31733;-0,25260
179,05802;-1,31716;-0,25280
179,06802;-1,31699;-0,25252
179,07800;-1,31682;-0,25268
179,08802;-1,31665;-0,25252
179,09800;-1,31648;-0,25265
179,10800;-1,31631;-0,25273
179,11802;-1,31614;-0,25250
179,12800;-1,31597;-0,25280
179,13802;-1,31580;-0,25255
179,14802;-1,31563;-0,25279
179,15800;-1,31546;-0,25246
179,16802;-1,31529;-0,25274
179,17802;-1,31512;-0,25241
179,18800;-1,31501;-0,25271
179,19802;-1,31484;-0,25249
179,20800;-1,31467;-0,25253
179,21800;-1,31450;-0,25248
179,22802;-1,31427;-0,25247
179,23800;-1,31410;-0,25250
179,24800;-1,31393;-0,25246
179,25802;-1,31376;-0,25263
179,26800;-1,31359;-0,25235
179,27802;-1,31342;-0,25260
179,28802;-1,31325;-0,25246
179,29800;-1,31308;-0,25254
179,30802;-1,31291;-0,25242
179,31802;-1,31274;-0,25254
179,32800;-1,31257;-0,25247
179,33802;-1,31240;-0,25253
179,34800;-1,31223;-0,25258
179,35800;-1,31206;-0,25244
179,36802;-1,31189;-0,25252
179,37800;-1,31178;-0,25244
179,38802;-1,31161;-0,25257
179,39802;-1,31144;-0,25236
179,40800;-1,31127;-0,25244
179,41802;-1,31110;-0,25228
179,42802;-1,31093;-0,25246
179,43800;-1,31076;-0,25244
179,44802;-1,31059;-0,25236
179,45800;-1,31042;-0,25238
179,46800;-1,31030;-0,25234
179,47802;-1,31013;-0,25246
179,48800;-1,30996;-0,25229
179,49800;-1,30979;-0,25243
179,50802;-1,30962;-0,25234
179,51800;-1,30951;-0,25248
179,52802;-1,30934;-0,25236
179,53802;-1,30917;-0,25251
179,54800;-1,30900;-0,25226
179,55802;-1,30883;-0,25243
179,56802;-1,30866;-0,25230
179,57800;-1,30849;-0,25238
179,58802;-1,30832;-0,25229
179,59800;-1,30815;-0,25235
179,60800;-1,30798;-0,25241
179,61802;-1,30781;-0,25223
179,62800;-1,30764;-0,25245
179,63802;-1,30747;-0,25218
179,64802;-1,30730;-0,25243
179,65800;-1,30713;-0,25222
179,66802;-1,30696;-0,25239
179,67802;-1,30685;-0,25222
179,68800;-1,30668;-0,25241
179,69802;-1,30651;-0,25222
179,70800;-1,30634;-0,25234
179,71800;-1,30617;-0,25231
179,72802;-1,30600;-0,25214
179,73800;-1,30583;-0,25249
179,74800;-1,30566;-0,25215
179,75802;-1,30549;-0,25243
179,76800;-1,30532;-0,25219
179,77802;-1,30515;-0,25235
179,78802;-1,30498;-0,25218
179,79800;-1,30481;-0,25229
179,80802;-1,30464;-0,25214
179,81802;-1,30447;-0,25223
179,82800;-1,30435;-0,25220
179,83802;-1,30418;-0,25214
179,84800;-1,30401;-0,25222
179,85800;-1,30384;-0,25214
179,86802;-1,30367;-0,25234
179,87800;-1,30350;-0,25212
179,88802;-1,30328;-0,25228
179,89802;-1,30311;-0,25210
179,90800;-1,30294;-0,25218
179,91802;-1,30277;-0,25216
179,92802;-1,30260;-0,25217
179,93800;-1,30243;-0,25213
179,94802;-1,30226;-0,25222
179,95800;-1,30209;-0,25223
179,96800;-1,30192;-0,25207
179,97802;-1,30175;-0,25220
179,98800;-1,30158;-0,25200
179,99800;-1,30141;-0,25209
180,00802;-1,30129;-0,25209
180,01800;-1,30112;-0,25210
180,02802;-1,30095;-0,25211
180,03802;-1,30078;-0,25216
180,04800;-1,30061;-0,25216
180,05802;-1,30044;-0,25208
180,06802;-1,30027;-0,25213
180,07800;-1,30010;-0,25208
180,08802;-1,29993;-0,25213
180,09800;-1,29976;-0,25205
180,10800;-1,29959;-0,25209
180,11802;-1,29942;-0,25212
180,12800;-1,29925;-0,25205
180,13802;-1,29908;-0,25205
180,14802;-1,29891;-0,25202
180,15800;-1,29874;-0,25208
180,16802;-1,29857;-0,25203
180,17802;-1,29840;-0,25198
180,18800;-1,29823;-0,25201
180,19802;-1,29806;-0,25199
180,20800;-1,29789;-0,25195
180,21800;-1,29778;-0,25207
180,22802;-1,29761;-0,25193
180,23800;-1,29744;-0,25188
180,24800;-1,29727;-0,25206
180,25802;-1,29716;-0,25197
180,26800;-1,29699;-0,25197
180,27802;-1,29682;-0,25207
180,28802;-1,29665;-0,25189
180,29800;-1,29648;-0,25208
180,30802;-1,29631;-0,25198
180,31802;-1,29614;-0,25200
180,32800;-1,29597;-0,25194
180,33802;-1,29585;-0,25198
180,34800;-1,29568;-0,25202
180,35800;-1,29551;-0,25194
180,36802;-1,29534;-0,25197
180,37800;-1,29517;-0,25190
180,38802;-1,29500;-0,25201
180,39802;-1,29483;-0,25186
180,40800;-1,29466;-0,25205
180,41802;-1,29449;-0,25185
180,42802;-1,29432;-0,25202
180,43800;-1,29415;-0,25197
180,44802;-1,29393;-0,25190
180,45800;-1,29381;-0,25209
180,46800;-1,29364;-0,25195
180,47802;-1,29347;-0,25193
180,48800;-1,29330;-0,25188
180,49800;-1,29313;-0,25190
180,50802;-1,29296;-0,25187
180,51800;-1,29279;-0,25200
180,52802;-1,29262;-0,25181
180,53802;-1,29245;-0,25182
180,54800;-1,29228;-0,25191
180,55802;-1,29211;-0,25181
180,56802;-1,29194;-0,25184
180,57800;-1,29177;-0,25186
180,58802;-1,29160;-0,25198
180,59800;-1,29143;-0,25187
180,60800;-1,29126;-0,25188
180,61802;-1,29109;-0,25186
180,62800;-1,29092;-0,25179
180,63802;-1,29075;-0,25188
180,64802;-1,29058;-0,25187
180,65800;-1,29041;-0,25174
180,66802;-1,29030;-0,25183
180,67802;-1,29013;-0,25181
180,68800;-1,28996;-0,25186
180,69802;-1,28979;-0,25178
180,70800;-1,28962;-0,25187
180,71800;-1,28945;-0,25166
180,72802;-1,28928;-0,25192
180,73800;-1,28911;-0,25167
180,74800;-1,28894;-0,25182
180,75802;-1,28877;-0,25172
180,76800;-1,28860;-0,25175
180,77802;-1,28843;-0,25190
180,78802;-1,28832;-0,25176
180,79800;-1,28815;-0,25186
180,80802;-1,28798;-0,25167
180,81802;-1,28781;-0,25185
180,82800;-1,28769;-0,25158
180,83802;-1,28752;-0,25187
180,84800;-1,28730;-0,25158
180,85800;-1,28718;-0,25184
180,86802;-1,28701;-0,25172
180,87800;-1,28684;-0,25174
180,88802;-1,28667;-0,25179
180,89802;-1,28650;-0,25163
180,90800;-1,28633;-0,25177
180,91802;-1,28616;-0,25157
180,92802;-1,28599;-0,25186
180,93800;-1,28582;-0,25162
180,94802;-1,28565;-0,25183
180,95800;-1,28548;-0,25168
180,96800;-1,28531;-0,25176
180,97802;-1,28514;-0,25164
180,98800;-1,28497;-0,25180
180,99800;-1,28480;-0,25159
181,00802;-1,28463;-0,25159
181,01800;-1,28452;-0,25171
181,02802;-1,28429;-0,25150
181,03802;-1,28412;-0,25168
181,04800;-1,28395;-0,25146
181,05802;-1,28378;-0,25173
181,06802;-1,28361;-0,25147
181,07800;-1,28350;-0,25182
181,08802;-1,28333;-0,25151
181,09800;-1,28316;-0,25187
181,10800;-1,28299;-0,25150
181,11802;-1,28282;-0,25185
181,12800;-1,28265;-0,25163
181,13802;-1,28248;-0,25179
181,14802;-1,28231;-0,25173
181,15800;-1,28214;-0,25165
181,16802;-1,28197;-0,25188
181,17802;-1,28180;-0,25160
181,18800;-1,28163;-0,25192
181,19802;-1,28146;-0,25144
181,20800;-1,28129;-0,25177
181,21800;-1,28112;-0,25135
181,22802;-1,28095;-0,25187
181,23800;-1,28072;-0,25141
181,24800;-1,28061;-0,25171
181,25802;-1,28038;-0,25147
181,26800;-1,28021;-0,25154
181,27802;-1,28004;-0,25173
181,28802;-1,27987;-0,25144
181,29800;-1,27970;-0,25175
181,30802;-1,27959;-0,25142
181,31802;-1,27942;-0,25189
181,32800;-1,27925;-0,25142
181,33802;-1,27908;-0,25183
181,34800;-1,27891;-0,25136
181,35800;-1,27874;-0,25182
181,36802;-1,27857;-0,25154
181,37800;-1,27840;-0,25162
181,38802;-1,27823;-0,25161
181,39802;-1,27806;-0,25142
181,40800;-1,27789;-0,25177
181,41802;-1,27772;-0,25133
181,42802;-1,27755;-0,25177
181,43800;-1,27738;-0,25141
181,44802;-1,27721;-0,25171
181,45800;-1,27710;-0,25141
181,46800;-1,27693;-0,25170
181,47802;-1,27676;-0,25142
181,48800;-1,27659;-0,25163
181,49800;-1,27642;-0,25164
181,50802;-1,27625;-0,25152
181,51800;-1,27608;-0,25179
181,52802;-1,27591;-0,25144
181,53802;-1,27574;-0,25173
181,54800;-1,27557;-0,25144
181,55802;-1,27545;-0,25165
181,56802;-1,27528;-0,25136
181,57800;-1,27511;-0,25163
181,58802;-1,27494;-0,25137
181,59800;-1,27477;-0,25163
181,60800;-1,27460;-0,25148
181,61802;-1,27449;-0,25147
181,62800;-1,27432;-0,25156
181,63802;-1,27415;-0,25138
181,64802;-1,27398;-0,25166
181,65800;-1,27381;-0,25140
181,66802;-1,27364;-0,25168
181,67802;-1,27347;-0,25139
181,68800;-1,27330;-0,25164
181,69802;-1,27313;-0,25137
181,70800;-1,27296;-0,25157
181,71800;-1,27279;-0,25136
181,72802;-1,27262;-0,25154
181,73800;-1,27245;-0,25145
181,74800;-1,27228;-0,25143
181,75802;-1,27211;-0,25162
181,76800;-1,27194;-0,25136
181,77802;-1,27177;-0,25156
181,78802;-1,27160;-0,25134
181,79800;-1,27143;-0,25144
181,80802;-1,27126;-0,25125
181,81802;-1,27109;-0,25156
181,82800;-1,27092;-0,25124
181,83802;-1,27075;-0,25145
181,84800;-1,27058;-0,25142
181,85800;-1,27041;-0,25142
181,86802;-1,27018;-0,25147
181,87800;-1,27001;-0,25137
181,88802;-1,26984;-0,25148
181,89802;-1,26973;-0,25133
181,90800;-1,26956;-0,25150
181,91802;-1,26939;-0,25128
181,92802;-1,26922;-0,25149
181,93800;-1,26905;-0,25128
181,94802;-1,26894;-0,25155
181,95800;-1,26877;-0,25148
181,96800;-1,26860;-0,25156
181,97802;-1,26843;-0,25149
181,98800;-1,26826;-0,25144
181,99800;-1,26814;-0,25134
182,00802;-1,26797;-0,25122
182,01800;-1,26780;-0,25135
182,02802;-1,26763;-0,25132
182,03802;-1,26746;-0,25134
182,04800;-1,26729;-0,25137
182,05802;-1,26712;-0,25138
182,06802;-1,26695;-0,25129
182,07800;-1,26678;-0,25146
182,08802;-1,26667;-0,25134
182,09800;-1,26650;-0,25139
182,10800;-1,26633;-0,25136
182,11802;-1,26616;-0,25147
182,12800;-1,26599;-0,25141
182,13802;-1,26582;-0,25146
182,14802;-1,26565;-0,25135
182,15800;-1,26548;-0,25138
182,16802;-1,26531;-0,25130
182,17802;-1,26514;-0,25128
182,18800;-1,26497;-0,25132
182,19802;-1,26480;-0,25125
182,20800;-1,26463;-0,25141
182,21800;-1,26446;-0,25125
182,22802;-1,26429;-0,25132
182,23800;-1,26412;-0,25119
182,24800;-1,26395;-0,25122
182,25802;-1,26378;-0,25119
182,26800;-1,26361;-0,25132
182,27802;-1,26344;-0,25118
182,28802;-1,26333;-0,25131
182,29800;-1,26316;-0,25138
182,30802;-1,26299;-0,25132
182,31802;-1,26282;-0,25127
182,32800;-1,26265;-0,25133
182,33802;-1,26248;-0,25118
182,34800;-1,26231;-0,25130
182,35800;-1,26214;-0,25127
182,36802;-1,26197;-0,25129
182,37800;-1,26180;-0,25118
182,38802;-1,26163;-0,25142
182,39802;-1,26146;-0,25128
182,40800;-1,26129;-0,25134
182,41802;-1,26112;-0,25131
182,42802;-1,26100;-0,25128
182,43800;-1,26083;-0,25130
182,44802;-1,26066;-0,25121
182,45800;-1,26049;-0,25128
182,46800;-1,26032;-0,25113
182,47802;-1,26015;-0,25148
182,48800;-1,25998;-0,25123
182,49800;-1,25976;-0,25149
182,50802;-1,25959;-0,25117
182,51800;-1,25942;-0,25134
182,52802;-1,25925;-0,25124
182,53802;-1,25908;-0,25139
182,54800;-1,25891;-0,25124
182,55802;-1,25874;-0,25126
182,56802;-1,25851;-0,25136
182,57800;-1,25840;-0,25120
182,58802;-1,25823;-0,25142
182,59800;-1,25806;-0,25117
182,60800;-1,25789;-0,25135
182,61802;-1,25772;-0,25108
182,62800;-1,25755;-0,25131
182,63802;-1,25738;-0,25113
182,64802;-1,25721;-0,25130
182,65800;-1,25704;-0,25117
182,66802;-1,25687;-0,25125
182,67802;-1,25670;-0,25126
182,68800;-1,25653;-0,25114
182,69802;-1,25636;-0,25138
182,70800;-1,25619;-0,25111
182,71800;-1,25602;-0,25136
182,72802;-1,25590;-0,25121
182,73800;-1,25573;-0,25143
182,74800;-1,25556;-0,25117
182,75802;-1,25539;-0,25137
182,76800;-1,25528;-0,25123
182,77802;-1,25511;-0,25125
182,78802;-1,25494;-0,25125
182,79800;-1,25477;-0,25118
182,80802;-1,25460;-0,25131
182,81802;-1,25443;-0,25117
182,82800;-1,25426;-0,25139
182,83802;-1,25409;-0,25114
182,84800;-1,25398;-0,25138
182,85800;-1,25381;-0,25113
182,86802;-1,25364;-0,25136
182,87800;-1,25347;-0,25114
182,88802;-1,25330;-0,25143
182,89802;-1,25318;-0,25119
182,90800;-1,25301;-0,25132
182,91802;-1,25284;-0,25131
182,92802;-1,25267;-0,25130
182,93800;-1,25250;-0,25134
182,94802;-1,25233;-0,25122
182,95800;-1,25216;-0,25123
182,96800;-1,25199;-0,25122
182,97802;-1,25182;-0,25144
182,98800;-1,25165;-0,25109
182,99800;-1,25148;-0,25135
183,00802;-1,25131;-0,25106
183,01800;-1,25114;-0,25140
183,02802;-1,25097;-0,25117
183,03802;-1,25080;-0,25141
183,04800;-1,25063;-0,25125
183,05802;-1,25046;-0,25132
183,06802;-1,25029;-0,25141
183,07800;-1,25012;-0,25132
183,08802;-1,24995;-0,25137
183,09800;-1,24978;-0,25110
183,10800;-1,24961;-0,25142
183,11802;-1,24944;-0,25112
183,12800;-1,24927;-0,25153
183,13802;-1,24910;-0,25127
183,14802;-1,24893;-0,25150
183,15800;-1,24876;-0,25139
183,16802;-1,24859;-0,25144
183,17802;-1,24842;-0,25144
183,18800;-1,24825;-0,25137
183,19802;-1,24808;-0,25149
183,20800;-1,24791;-0,25123
183,21800;-1,24774;-0,25153
183,22802;-1,24757;-0,25130
183,23800;-1,24740;-0,25152
183,24800;-1,24729;-0,25141
183,25802;-1,24712;-0,25141
183,26800;-1,24695;-0,25138
183,27802;-1,24678;-0,25141
183,28802;-1,24661;-0,25151
183,29800;-1,24644;-0,25142
183,30802;-1,24627;-0,25154
183,31802;-1,24610;-0,25132
183,32800;-1,24593;-0,25161
183,33802;-1,24576;-0,25134
183,34800;-1,24559;-0,25150
183,35800;-1,24542;-0,25143
183,36802;-1,24525;-0,25143
183,37800;-1,24514;-0,25144
183,38802;-1,24497;-0,25151
183,39802;-1,24480;-0,25146
183,40800;-1,24463;-0,25150
183,41802;-1,24451;-0,25161
183,42802;-1,24434;-0,25151
183,43800;-1,24412;-0,25153
183,44802;-1,24395;-0,25148
183,45800;-1,24378;-0,25150
183,46800;-1,24366;-0,25145
183,47802;-1,24344;-0,25155
183,48800;-1,24327;-0,25144
183,49800;-1,24315;-0,25158
183,50802;-1,24293;-0,25157
183,51800;-1,24281;-0,25162
183,52802;-1,24264;-0,25159
183,53802;-1,24247;-0,25165
183,54800;-1,24230;-0,25145
183,55802;-1,24213;-0,25154
183,56802;-1,24196;-0,25159
183,57800;-1,24179;-0,25154
183,58802;-1,24168;-0,25163
183,59800;-1,24151;-0,25168
183,60800;-1,24134;-0,25159
183,61802;-1,24117;-0,25155
183,62800;-1,24100;-0,25163
183,63802;-1,24083;-0,25142
183,64802;-1,24066;-0,25161
183,65800;-1,24049;-0,25153
183,66802;-1,24032;-0,25173
183,67802;-1,24015;-0,25165
183,68800;-1,23998;-0,25168
183,69802;-1,23981;-0,25168
183,70800;-1,23964;-0,25159
183,71800;-1,23947;-0,25161
183,72802;-1,23930;-0,25151
183,73800;-1,23913;-0,25165
183,74800;-1,23896;-0,25158
183,75802;-1,23879;-0,25171
183,76800;-1,23862;-0,25159
183,77802;-1,23845;-0,25176
183,78802;-1,23828;-0,25166
183,79800;-1,23811;-0,25169
183,80802;-1,23794;-0,25172
183,81802;-1,23777;-0,25155
183,82800;-1,23760;-0,25186
183,83802;-1,23743;-0,25179
183,84800;-1,23720;-0,25192
183,85800;-1,23709;-0,25172
183,86802;-1,23686;-0,25185
183,87800;-1,23675;-0,25165
183,88802;-1,23658;-0,25183
183,89802;-1,23641;-0,25176
183,90800;-1,23624;-0,25182
183,91802;-1,23607;-0,25191
183,92802;-1,23590;-0,25177
183,93800;-1,23573;-0,25201
183,94802;-1,23556;-0,25168
183,95800;-1,23539;-0,25194
183,96800;-1,23522;-0,25179
183,97802;-1,23499;-0,25198
183,98800;-1,23488;-0,25181
183,99802;-1,23471;-0,25197
184,00802;-1,23454;-0,25178
184,01800;-1,23437;-0,25191
184,02802;-1,23426;-0,25191
184,03802;-1,23409;-0,25184
184,04800;-1,23392;-0,25204
184,05802;-1,23380;-0,25180
184,06802;-1,23363;-0,25217
184,07800;-1,23346;-0,25182
184,08802;-1,23329;-0,25204
184,09800;-1,23312;-0,25193
184,10800;-1,23295;-0,25206
184,11802;-1,23278;-0,25187
184,12800;-1,23261;-0,25199
184,13802;-1,23244;-0,25188
184,14802;-1,23227;-0,25198
184,15800;-1,23216;-0,25212
184,16802;-1,23199;-0,25194
184,17802;-1,23182;-0,25213
184,18800;-1,23165;-0,25198
184,19802;-1,23148;-0,25218
184,20800;-1,23131;-0,25207
184,21800;-1,23114;-0,25210
184,22802;-1,23103;-0,25187
184,23800;-1,23086;-0,25214
184,24802;-1,23069;-0,25198
184,25802;-1,23052;-0,25218
184,26800;-1,23035;-0,25211
184,27802;-1,23018;-0,25217
184,28802;-1,23001;-0,25219
184,29800;-1,22984;-0,25217
184,30802;-1,22961;-0,25220
184,31802;-1,22944;-0,25200
184,32800;-1,22927;-0,25224
184,33802;-1,22910;-0,25206
184,34800;-1,22893;-0,25234
184,35800;-1,22882;-0,25222
184,36802;-1,22865;-0,25242
184,37800;-1,22848;-0,25223
184,38802;-1,22831;-0,25229
184,39802;-1,22814;-0,25221
184,40800;-1,22797;-0,25226
184,41802;-1,22780;-0,25236
184,42802;-1,22763;-0,25224
184,43800;-1,22740;-0,25239
184,44802;-1,22723;-0,25225
184,45800;-1,22706;-0,25257
184,46800;-1,22689;-0,25236
184,47802;-1,22672;-0,25247
184,48800;-1,22655;-0,25243
184,49802;-1,22638;-0,25247
184,50802;-1,22621;-0,25257
184,51800;-1,22604;-0,25249
184,52802;-1,22587;-0,25254
184,53802;-1,22570;-0,25258
184,54800;-1,22559;-0,25275
184,55802;-1,22542;-0,25244
184,56802;-1,22525;-0,25265
184,57800;-1,22508;-0,25246
184,58802;-1,22491;-0,25260
184,59800;-1,22474;-0,25264
184,60800;-1,22457;-0,25255
184,61802;-1,22440;-0,25254
184,62800;-1,22423;-0,25259
184,63802;-1,22406;-0,25263
184,64802;-1,22389;-0,25277
184,65800;-1,22372;-0,25284
184,66802;-1,22355;-0,25275
184,67802;-1,22338;-0,25300
184,68800;-1,22326;-0,25280
184,69802;-1,22304;-0,25286
184,70800;-1,22287;-0,25274
184,71800;-1,22270;-0,25281
184,72802;-1,22253;-0,25284
184,73800;-1,22236;-0,25285
184,74802;-1,22219;-0,25291
184,75802;-1,22202;-0,25284
184,76800;-1,22185;-0,25291
184,77802;-1,22168;-0,25293
184,78802;-1,22156;-0,25299
184,79800;-1,22139;-0,25294
184,80802;-1,22122;-0,25312
184,81802;-1,22105;-0,25300
184,82800;-1,22088;-0,25313
184,83802;-1,22071;-0,25312
184,84800;-1,22054;-0,25315
184,85800;-1,22037;-0,25320
184,86802;-1,22020;-0,25325
184,87800;-1,22009;-0,25317
184,88802;-1,21992;-0,25328
184,89802;-1,21975;-0,25323
184,90800;-1,21958;-0,25323
184,91802;-1,21941;-0,25341
184,92802;-1,21924;-0,25334
184,93800;-1,21907;-0,25346
184,94802;-1,21890;-0,25344
184,95800;-1,21873;-0,25346
184,96800;-1,21856;-0,25323
184,97802;-1,21839;-0,25349
184,98800;-1,21822;-0,25332
184,99802;-1,21805;-0,25354
185,00802;-1,21788;-0,25349
185,01800;-1,21771;-0,25372
185,02802;-1,21760;-0,25372
185,03802;-1,21737;-0,25375
185,04800;-1,21720;-0,25386
185,05802;-1,21703;-0,25376
185,06802;-1,21686;-0,25389
185,07800;-1,21669;-0,25374
185,08802;-1,21652;-0,25396
185,09800;-1,21635;-0,25364
185,10800;-1,21618;-0,25404
185,11802;-1,21601;-0,25380
185,12800;-1,21584;-0,25419
185,13802;-1,21567;-0,25394
185,14802;-1,21550;-0,25414
185,15800;-1,21533;-0,25416
185,16802;-1,21516;-0,25414
185,17802;-1,21505;-0,25427
185,18800;-1,21488;-0,25423
185,19802;-1,21471;-0,25449
185,20800;-1,21454;-0,25423
185,21800;-1,21442;-0,25470
185,22802;-1,21420;-0,25428
185,23800;-1,21403;-0,25480
185,24802;-1,21386;-0,25432
185,25802;-1,21369;-0,25475
185,26800;-1,21352;-0,25448
185,27802;-1,21335;-0,25478
185,28802;-1,21318;-0,25472
185,29800;-1,21306;-0,25487
185,30802;-1,21289;-0,25484
185,31802;-1,21272;-0,25479
185,32800;-1,21255;-0,25508
185,33802;-1,21238;-0,25478
185,34800;-1,21227;-0,25519
185,35800;-1,21204;-0,25482
185,36802;-1,21187;-0,25531
185,37800;-1,21176;-0,25511
185,38802;-1,21159;-0,25551
185,39802;-1,21142;-0,25528
185,40800;-1,21125;-0,25557
185,41802;-1,21108;-0,25543
185,42802;-1,21091;-0,25560
185,43800;-1,21074;-0,25561
185,44802;-1,21063;-0,25564
185,45800;-1,21046;-0,25581
185,46800;-1,21029;-0,25575
185,47802;-1,21012;-0,25603
185,48800;-1,20995;-0,25576
185,49802;-1,20983;-0,25616
185,50802;-1,20966;-0,25577
185,51800;-1,20949;-0,25614
185,52802;-1,20932;-0,25601
185,53802;-1,20915;-0,25632
185,54800;-1,20898;-0,25616
185,55802;-1,20881;-0,25649
185,56802;-1,20864;-0,25644
185,57800;-1,20847;-0,25656
185,58802;-1,20830;-0,25681
185,59800;-1,20813;-0,25660
185,60800;-1,20796;-0,25701
185,61802;-1,20779;-0,25676
185,62800;-1,20762;-0,25723
185,63802;-1,20745;-0,25705
185,64802;-1,20728;-0,25743
185,65800;-1,20711;-0,25730
185,66802;-1,20694;-0,25759
185,67802;-1,20677;-0,25760
185,68800;-1,20660;-0,25775
185,69802;-1,20643;-0,25787
185,70800;-1,20626;-0,25784
185,71800;-1,20609;-0,25827
185,72802;-1,20592;-0,25821
185,73800;-1,20575;-0,25868
185,74802;-1,20553;-0,25866
185,75802;-1,20536;-0,25900
185,76800;-1,20519;-0,25899
185,77802;-1,20502;-0,25937
185,78802;-1,20485;-0,25947
185,79800;-1,20468;-0,25980
185,80802;-1,20456;-0,26008
185,81802;-1,20439;-0,26045
185,82800;-1,20422;-0,26078
185,83802;-1,20405;-0,26133
185,84800;-1,20394;-0,26194
185,85800;-1,20377;-0,26273
185,86802;-1,20360;-0,26670
185,87800;-1,20343;-0,28061
185,88802;-1,20326;-0,29004
185,89802;-1,20309;-0,30009
185,90800;-1,20292;-0,30343
185,91802;-1,20275;-0,30654
185,92802;-1,20258;-0,30663
185,93800;-1,20241;-0,30619
185,94802;-1,20224;-0,30606
185,95800;-1,20213;-0,30442
185,96800;-1,20196;-0,30529
185,97802;-1,20179;-0,30325
185,98800;-1,20162;-0,30491
185,99802;-1,20145;-0,30307
186,00802;-1,20128;-0,30470
186,01800;-1,20111;-0,30313
186,02802;-1,20094;-0,30433
186,03802;-1,20077;-0,30339
186,04800;-1,20060;-0,30371
186,05802;-1,20043;-0,30366
186,06802;-1,20026;-0,30309
186,07800;-1,20009;-0,30391
186,08802;-1,19992;-0,30274
186,09800;-1,19975;-0,30414
186,10800;-1,19958;-0,30244
186,11802;-1,19941;-0,30396
186,12800;-1,19924;-0,30246
186,13802;-1,19912;-0,30362
186,14802;-1,19895;-0,30263
186,15800;-1,19878;-0,30317
186,16802;-1,19867;-0,30287
186,17802;-1,19850;-0,30262
186,18800;-1,19833;-0,30329
186,19802;-1,19816;-0,30232
186,20800;-1,19799;-0,30334
186,21800;-1,19788;-0,30199
186,22802;-1,19771;-0,30330
186,23800;-1,19754;-0,30168
186,24802;-1,19731;-0,30293
186,25802;-1,19720;-0,30191
186,26800;-1,19703;-0,30247
186,27802;-1,19686;-0,30221
186,28802;-1,19669;-0,30219
186,29800;-1,19652;-0,30243
186,30802;-1,19635;-0,30179
186,31802;-1,19618;-0,30263
186,32800;-1,19601;-0,30141
186,33802;-1,19584;-0,30256
186,34800;-1,19567;-0,30133
186,35800;-1,19550;-0,30244
186,36802;-1,19533;-0,30151
186,37800;-1,19516;-0,30228
186,38802;-1,19499;-0,30185
186,39802;-1,19482;-0,30167
186,40800;-1,19465;-0,30177
186,41802;-1,19448;-0,30123
186,42802;-1,19431;-0,30175
186,43800;-1,19414;-0,30105
186,44802;-1,19397;-0,30192
186,45800;-1,19380;-0,30085
186,46800;-1,19363;-0,30183
186,47802;-1,19346;-0,30099
186,48800;-1,19334;-0,30141
186,49802;-1,19317;-0,30097
186,50802;-1,19300;-0,30110
186,51800;-1,19283;-0,30097
186,52802;-1,19266;-0,30089
186,53802;-1,19249;-0,30127
186,54800;-1,19232;-0,30069
186,55802;-1,19215;-0,30121
186,56802;-1,19198;-0,30065
186,57800;-1,19181;-0,30103
186,58802;-1,19164;-0,30038
186,59800;-1,19153;-0,30086
186,60800;-1,19136;-0,30034
186,61802;-1,19119;-0,30065
186,62800;-1,19102;-0,30062
186,63802;-1,19085;-0,30050
186,64802;-1,19068;-0,30042
186,65800;-1,19051;-0,30024
186,66802;-1,19034;-0,30020
186,67802;-1,19017;-0,29980
186,68800;-1,19000;-0,30020
186,69000;-1,18994;-0,30021
186,69200;-1,18994;-0,30011
186,70202;-1,18977;-0,29989
186,71200;-1,18972;-0,30018
186,72202;-1,18972;-0,30046
186,73202;-1,18972;-0,30024
186,74200;-1,18972;-0,30036
186,75202;-1,18972;-0,29999
186,76202;-1,18972;-0,30015
186,77200;-1,18983;-0,29983
186,78202;-1,18983;-0,30015
186,79200;-1,18989;-0,29991
186,80200;-1,18994;-0,30024
186,81202;-1,19000;-0,29997
186,82200;-1,19006;-0,30016
186,83202;-1,19017;-0,30008
186,84202;-1,19023;-0,29982
186,85200;-1,19034;-0,30010
186,86202;-1,19045;-0,29969
186,87202;-1,19057;-0,30012
186,88200;-1,19074;-0,29984
186,89202;-1,19091;-0,30034
186,90202;-1,19108;-0,30002
186,91200;-1,19130;-0,30055
186,92202;-1,19159;-0,30014
186,93200;-1,19187;-0,30047
186,94200;-1,19215;-0,30019
186,95202;-1,19249;-0,30044
186,96200;-1,19283;-0,30068
186,97202;-1,19323;-0,30059
186,98202;-1,19357;-0,30097
186,99200;-1,19391;-0,30060
187,00202;-1,19425;-0,30105
187,01202;-1,19453;-0,30073
187,02200;-1,19476;-0,30111
187,03202;-1,19504;-0,30075
187,04200;-1,19533;-0,30105
187,05200;-1,19555;-0,30098
187,06202;-1,19578;-0,30114
187,07200;-1,19601;-0,30141
187,08202;-1,19618;-0,30133
187,09202;-1,19640;-0,30173
187,10200;-1,19657;-0,30159
187,11202;-1,19680;-0,30205
187,12202;-1,19697;-0,30166
187,13200;-1,19714;-0,30211
187,14202;-1,19731;-0,30188
187,15202;-1,19748;-0,30208
187,16200;-1,19765;-0,30208
187,17202;-1,19782;-0,30206
187,18200;-1,19799;-0,30220
187,19200;-1,19816;-0,30200
187,20202;-1,19827;-0,30252
187,21200;-1,19850;-0,30214
187,22202;-1,19867;-0,30253
187,23202;-1,19884;-0,30226
187,24200;-1,19901;-0,30252
187,25202;-1,19918;-0,30235
187,26202;-1,19935;-0,30254
187,27200;-1,19952;-0,30246
187,28202;-1,19963;-0,30250
187,29200;-1,19980;-0,30277
187,30200;-1,19997;-0,30268
187,31202;-1,20020;-0,30321
187,32200;-1,20037;-0,30292
187,33202;-1,20054;-0,30317
187,34202;-1,20071;-0,30298
187,35200;-1,20088;-0,30327
187,36202;-1,20105;-0,30296
187,37202;-1,20128;-0,30316
187,38200;-1,20145;-0,30308
187,39202;-1,20162;-0,30325
187,40202;-1,20179;-0,30335
187,41200;-1,20196;-0,30350
187,42202;-1,20213;-0,30353
187,43200;-1,20230;-0,30348
187,44200;-1,20247;-0,30358
187,45202;-1,20258;-0,30329
187,46200;-1,20275;-0,30343
187,47202;-1,20292;-0,30342
187,48202;-1,20303;-0,30368
187,49200;-1,20320;-0,30372
187,50202;-1,20337;-0,30412
187,51202;-1,20354;-0,30401
187,52200;-1,20371;-0,30422
187,53202;-1,20394;-0,30396
187,54200;-1,20411;-0,30393
187,55200;-1,20428;-0,30397
187,56202;-1,20445;-0,30387
187,57200;-1,20462;-0,30412
187,58202;-1,20479;-0,30403
187,59202;-1,20496;-0,30433
187,60200;-1,20513;-0,30425
187,61202;-1,20530;-0,30448
187,62202;-1,20547;-0,30437
187,63200;-1,20564;-0,30450
187,64202;-1,20581;-0,30429
187,65202;-1,20598;-0,30453
187,66200;-1,20615;-0,30457
187,67202;-1,20632;-0,30454
187,68200;-1,20649;-0,30484
187,69200;-1,20666;-0,30458
187,70202;-1,20683;-0,30483
187,71200;-1,20700;-0,30468
187,72202;-1,20717;-0,30482
187,73202;-1,20734;-0,30481
187,74200;-1,20751;-0,30501
187,75202;-1,20768;-0,30512
187,76202;-1,20779;-0,30519
187,77200;-1,20796;-0,30517
187,78202;-1,20813;-0,30507
187,79200;-1,20830;-0,30513
187,80200;-1,20847;-0,30481
187,81202;-1,20859;-0,30515
187,82200;-1,20876;-0,30495
187,83202;-1,20887;-0,30528
187,84202;-1,20904;-0,30542
187,85200;-1,20921;-0,30556
187,86202;-1,20938;-0,30562
187,87202;-1,20955;-0,30553
187,88200;-1,20972;-0,30548
187,89202;-1,20989;-0,30537
187,90202;-1,21006;-0,30553
187,91200;-1,21023;-0,30539
187,92202;-1,21040;-0,30575
187,93200;-1,21051;-0,30574
187,94200;-1,21068;-0,30591
187,95202;-1,21080;-0,30592
187,96200;-1,21097;-0,30587
187,97202;-1,21114;-0,30592
187,98202;-1,21136;-0,30575
187,99200;-1,21153;-0,30583
188,00202;-1,21170;-0,30582
188,01202;-1,21187;-0,30591
188,02200;-1,21204;-0,30608
188,03202;-1,21221;-0,30616
188,04200;-1,21238;-0,30623
188,05200;-1,21255;-0,30618
188,06202;-1,21272;-0,30623
188,07200;-1,21289;-0,30606
188,08202;-1,21306;-0,30622
188,09202;-1,21323;-0,30621
188,10200;-1,21340;-0,30639
188,11202;-1,21357;-0,30652
188,12202;-1,21369;-0,30663
188,13200;-1,21386;-0,30671
188,14202;-1,21403;-0,30666
188,15202;-1,21420;-0,30677
188,16200;-1,21442;-0,30649
188,17202;-1,21459;-0,30667
188,18200;-1,21476;-0,30655
188,19200;-1,21493;-0,30679
188,20202;-1,21516;-0,30692
188,21200;-1,21533;-0,30692
188,22202;-1,21550;-0,30703
188,23202;-1,21567;-0,30700
188,24200;-1,21578;-0,30702
188,25202;-1,21595;-0,30684
188,26202;-1,21612;-0,30712
188,27200;-1,21629;-0,30702
188,28202;-1,21646;-0,30729
188,29200;-1,21663;-0,30734
188,30200;-1,21680;-0,30738
188,31202;-1,21697;-0,30736
188,32200;-1,21714;-0,30728
188,33202;-1,21731;-0,30752
188,34202;-1,21748;-0,30712
188,35200;-1,21765;-0,30749
188,36202;-1,21782;-0,30740
188,37202;-1,21799;-0,30759
188,38200;-1,21811;-0,30759
188,39202;-1,21828;-0,30781
188,40202;-1,21845;-0,30753
188,41200;-1,21862;-0,30763
188,42202;-1,21879;-0,30769
188,43200;-1,21896;-0,30750
188,44200;-1,21907;-0,30770
188,45202;-1,21924;-0,30766
188,46200;-1,21941;-0,30788
188,47202;-1,21958;-0,30788
188,48202;-1,21969;-0,30813
188,49200;-1,21986;-0,30796
188,50202;-1,22003;-0,30800
188,51202;-1,22026;-0,30799
188,52200;-1,22043;-0,30792
188,53202;-1,22060;-0,30803
188,54200;-1,22077;-0,30810
188,55200;-1,22094;-0,30832
188,56202;-1,22111;-0,30827
188,57200;-1,22128;-0,30854
188,58202;-1,22145;-0,30817
188,59202;-1,22156;-0,30826
188,60200;-1,22173;-0,30814
188,61202;-1,22190;-0,30819
188,62202;-1,22207;-0,30822
188,63200;-1,22224;-0,30843
188,64202;-1,22247;-0,30847
188,65202;-1,22264;-0,30853
188,66200;-1,22281;-0,30880
188,67202;-1,22298;-0,30852
188,68200;-1,22315;-0,30880
188,69200;-1,22332;-0,30853
188,70202;-1,22343;-0,30874
188,71200;-1,22360;-0,30853
188,72202;-1,22377;-0,30885
188,73202;-1,22394;-0,30870
188,74200;-1,22411;-0,30894
188,75202;-1,22428;-0,30888
188,76202;-1,22445;-0,30893
188,77200;-1,22457;-0,30893
188,78202;-1,22474;-0,30894
188,79200;-1,22491;-0,30911
188,80200;-1,22508;-0,30871
188,81202;-1,22525;-0,30921
188,82200;-1,22542;-0,30888
188,83202;-1,22559;-0,30910
188,84202;-1,22576;-0,30897
188,85200;-1,22593;-0,30917
188,86202;-1,22610;-0,30904
188,87202;-1,22627;-0,30929
188,88200;-1,22644;-0,30927
188,89202;-1,22661;-0,30906
188,90202;-1,22678;-0,30933
188,91200;-1,22695;-0,30915
188,92202;-1,22712;-0,30939
188,93200;-1,22729;-0,30918
188,94202;-1,22746;-0,30962
188,95202;-1,22763;-0,30942
188,96200;-1,22780;-0,30986
188,97202;-1,22797;-0,30965
188,98202;-1,22814;-0,30969
188,99200;-1,22831;-0,30963
189,00202;-1,22848;-0,30944
189,01202;-1,22865;-0,30947
189,02200;-1,22882;-0,30930
189,03202;-1,22899;-0,30958
189,04200;-1,22916;-0,30948
189,05200;-1,22933;-0,30993
189,06202;-1,22944;-0,30975
189,07200;-1,22961;-0,31008
189,08202;-1,22978;-0,30981
189,09202;-1,22995;-0,30992
189,10200;-1,23006;-0,30975
189,11202;-1,23023;-0,30979
189,12202;-1,23040;-0,30989
189,13200;-1,23052;-0,30985
189,14202;-1,23069;-0,31019
189,15202;-1,23086;-0,31003
189,16200;-1,23103;-0,31035
189,17202;-1,23120;-0,30995
189,18200;-1,23137;-0,31028
189,19202;-1,23154;-0,30988
189,20202;-1,23171;-0,31013
189,21200;-1,23188;-0,31005
189,22202;-1,23199;-0,31027
189,23202;-1,23216;-0,31029
189,24200;-1,23233;-0,31021
189,25202;-1,23244;-0,31033
189,26202;-1,23267;-0,31017
189,27200;-1,23278;-0,31044
189,28202;-1,23301;-0,31016
189,29200;-1,23318;-0,31059
189,30200;-1,23335;-0,31020
189,31202;-1,23352;-0,31056
189,32200;-1,23369;-0,31044
189,33202;-1,23386;-0,31052
189,34202;-1,23403;-0,31046
189,35200;-1,23420;-0,31046
189,36202;-1,23437;-0,31066
189,37202;-1,23454;-0,31059
189,38200;-1,23471;-0,31076
189,39202;-1,23488;-0,31078
189,40202;-1,23505;-0,31090
189,41200;-1,23522;-0,31065
189,42202;-1,23539;-0,31087
189,43200;-1,23556;-0,31044
189,44202;-1,23573;-0,31063
189,45202;-1,23590;-0,31065
189,46200;-1,23607;-0,31074
189,47202;-1,23624;-0,31093
189,48202;-1,23641;-0,31090
189,49200;-1,23664;-0,31112
189,50202;-1,23681;-0,31109
189,51202;-1,23698;-0,31109
189,52200;-1,23715;-0,31100
189,53202;-1,23732;-0,31102
189,54200;-1,23743;-0,31077
189,55200;-1,23760;-0,31114
189,56202;-1,23777;-0,31102
189,57200;-1,23794;-0,31116
189,58202;-1,23811;-0,31129
189,59202;-1,23828;-0,31132
189,60200;-1,23845;-0,31132
189,61202;-1,23862;-0,31132
189,62202;-1,23879;-0,31124
189,63200;-1,23896;-0,31120
189,64202;-1,23913;-0,31126
189,65202;-1,23930;-0,31120
189,66200;-1,23947;-0,31134
189,67202;-1,23964;-0,31130
189,68200;-1,23981;-0,31145
189,69202;-1,23998;-0,31150
189,70202;-1,24009;-0,31151
189,71200;-1,24026;-0,31148
189,72202;-1,24043;-0,31141
189,73202;-1,24060;-0,31145
189,74200;-1,24077;-0,31148
189,75202;-1,24089;-0,31153
189,76202;-1,24106;-0,31151
189,77200;-1,24123;-0,31177
189,78202;-1,24140;-0,31166
189,79200;-1,24157;-0,31165
189,80200;-1,24174;-0,31173
189,81202;-1,24191;-0,31153
189,82200;-1,24208;-0,31159
189,83202;-1,24225;-0,31154
189,84202;-1,24242;-0,31168
189,85200;-1,24259;-0,31163
189,86202;-1,24276;-0,31201
189,87202;-1,24287;-0,31183
189,88200;-1,24304;-0,31188
189,89202;-1,24321;-0,31184
189,90202;-1,24332;-0,31180
189,91200;-1,24349;-0,31175
189,92202;-1,24366;-0,31177
189,93200;-1,24389;-0,31200
189,94202;-1,24406;-0,31182
189,95202;-1,24423;-0,31229
189,96200;-1,24440;-0,31201
189,97202;-1,24457;-0,31211
189,98202;-1,24468;-0,31192
189,99200;-1,24485;-0,31201
190,00202;-1,24502;-0,31186
190,01202;-1,24519;-0,31196
190,02200;-1,24536;-0,31213
190,03202;-1,24553;-0,31220
190,04200;-1,24570;-0,31246
190,05200;-1,24582;-0,31220
190,06202;-1,24599;-0,31233
190,07200;-1,24616;-0,31201
190,08202;-1,24633;-0,31224
190,09202;-1,24650;-0,31204
190,10200;-1,24667;-0,31230
190,11202;-1,24684;-0,31227
190,12202;-1,24701;-0,31252
190,13200;-1,24723;-0,31254
190,14202;-1,24740;-0,31250
190,15202;-1,24757;-0,31240
190,16200;-1,24774;-0,31230
190,17202;-1,24791;-0,31235
190,18200;-1,24808;-0,31225
190,19202;-1,24820;-0,31241
190,20202;-1,24837;-0,31233
190,21200;-1,24854;-0,31263
190,22202;-1,24871;-0,31255
190,23202;-1,24888;-0,31276
190,24200;-1,24910;-0,31258
190,25202;-1,24927;-0,31257
190,26202;-1,24944;-0,31266
190,27200;-1,24961;-0,31259
190,28202;-1,24978;-0,31285
190,29200;-1,24995;-0,31267
190,30200;-1,25012;-0,31293
190,31202;-1,25029;-0,31261
190,32200;-1,25046;-0,31291
190,33202;-1,25063;-0,31249
190,34202;-1,25080;-0,31283
190,35200;-1,25097;-0,31264
190,36202;-1,25109;-0,31280
190,37202;-1,25126;-0,31294
190,38200;-1,25143;-0,31300
190,39202;-1,25154;-0,31301
190,40202;-1,25171;-0,31291
190,41200;-1,25188;-0,31309
190,42202;-1,25205;-0,31269
190,43200;-1,25222;-0,31309
190,44202;-1,25239;-0,31282
190,45202;-1,25250;-0,31312
190,46200;-1,25267;-0,31297
190,47202;-1,25284;-0,31324
190,48202;-1,25301;-0,31310
190,49200;-1,25318;-0,31314
190,50202;-1,25335;-0,31316
190,51202;-1,25352;-0,31309
190,52200;-1,25364;-0,31317
190,53202;-1,25381;-0,31307
190,54200;-1,25392;-0,31335
190,55200;-1,25409;-0,31309
190,56202;-1,25426;-0,31345
190,57200;-1,25443;-0,31317
190,58202;-1,25466;-0,31328
190,59202;-1,25483;-0,31316
190,60200;-1,25500;-0,31341
190,61202;-1,25517;-0,31320
190,62202;-1,25539;-0,31348
190,63200;-1,25556;-0,31343
190,64202;-1,25573;-0,31342
190,65202;-1,25590;-0,31357
190,66200;-1,25607;-0,31345
190,67202;-1,25624;-0,31353
190,68200;-1,25641;-0,31341
190,69202;-1,25653;-0,31350
190,70202;-1,25670;-0,31341
190,71200;-1,25687;-0,31366
190,72202;-1,25704;-0,31349
190,73202;-1,25721;-0,31368
190,74200;-1,25738;-0,31363
190,75202;-1,25755;-0,31366
190,76202;-1,25772;-0,31368
190,77200;-1,25789;-0,31357
190,78202;-1,25811;-0,31374
190,79200;-1,25828;-0,31371
190,80200;-1,25845;-0,31385
190,81202;-1,25862;-0,31384
190,82200;-1,25874;-0,31394
190,83202;-1,25891;-0,31376
190,84202;-1,25908;-0,31400
190,85200;-1,25925;-0,31378
190,86202;-1,25942;-0,31388
190,87202;-1,25959;-0,31395
190,88200;-1,25976;-0,31390
190,89202;-1,25993;-0,31405
190,90202;-1,26010;-0,31401
190,91200;-1,26027;-0,31405
190,92202;-1,26044;-0,31398
190,93200;-1,26066;-0,31413
190,94202;-1,26078;-0,31394
190,95202;-1,26095;-0,31420
190,96200;-1,26112;-0,31391
190,97202;-1,26129;-0,31413
190,98202;-1,26146;-0,31409
190,99200;-1,26163;-0,31416
191,00202;-1,26180;-0,31415
191,01202;-1,26191;-0,31407
191,02200;-1,26208;-0,31417
191,03202;-1,26225;-0,31408
191,04200;-1,26242;-0,31431
191,05200;-1,26259;-0,31413
191,06202;-1,26270;-0,31442
191,07200;-1,26287;-0,31421
191,08202;-1,26304;-0,31460
191,09202;-1,26321;-0,31435
191,10200;-1,26338;-0,31452
191,11202;-1,26355;-0,31437
191,12202;-1,26372;-0,31438
191,13200;-1,26395;-0,31442
191,14202;-1,26406;-0,31433
191,15202;-1,26423;-0,31451
191,16200;-1,26440;-0,31432
191,17202;-1,26457;-0,31462
191,18200;-1,26469;-0,31439
191,19202;-1,26486;-0,31466
191,20202;-1,26503;-0,31432
191,21200;-1,26520;-0,31467
191,22202;-1,26537;-0,31436
191,23202;-1,26554;-0,31467
191,24200;-1,26571;-0,31455
191,25202;-1,26588;-0,31462
191,26202;-1,26605;-0,31480
191,27200;-1,26622;-0,31469
191,28202;-1,26639;-0,31482
191,29200;-1,26656;-0,31464
191,30200;-1,26667;-0,31489
191,31202;-1,26684;-0,31444
191,32200;-1,26701;-0,31501
191,33202;-1,26718;-0,31451
191,34202;-1,26735;-0,31496
191,35200;-1,26746;-0,31475
191,36202;-1,26763;-0,31486
191,37202;-1,26780;-0,31490
191,38200;-1,26797;-0,31489
191,39202;-1,26814;-0,31498
191,40202;-1,26831;-0,31482
191,41200;-1,26854;-0,31502
191,42202;-1,26871;-0,31467
191,43200;-1,26888;-0,31519
191,44202;-1,26905;-0,31469
191,45202;-1,26922;-0,31522
191,46200;-1,26939;-0,31487
191,47202;-1,26956;-0,31522
191,48202;-1,26967;-0,31493
191,49200;-1,26984;-0,31520
191,50202;-1,27001;-0,31504
191,51202;-1,27018;-0,31506
191,52200;-1,27041;-0,31515
191,53202;-1,27058;-0,31516
191,54200;-1,27075;-0,31525
191,55200;-1,27092;-0,31509
191,56202;-1,27109;-0,31538
191,57200;-1,27126;-0,31507
191,58202;-1,27143;-0,31545
191,59202;-1,27160;-0,31508
191,60200;-1,27183;-0,31528
191,61202;-1,27200;-0,31517
191,62202;-1,27217;-0,31528
191,63200;-1,27234;-0,31524
191,64202;-1,27245;-0,31534
191,65202;-1,27262;-0,31528
191,66200;-1,27273;-0,31543
191,67202;-1,27290;-0,31553
191,68200;-1,27307;-0,31542
191,69202;-1,27324;-0,31556
191,70202;-1,27336;-0,31537
191,71200;-1,27353;-0,31561
191,72202;-1,27370;-0,31535
191,73202;-1,27387;-0,31559
191,74200;-1,27404;-0,31546
191,75202;-1,27426;-0,31568
191,76202;-1,27438;-0,31552
191,77200;-1,27460;-0,31572
191,78202;-1,27472;-0,31558
191,79200;-1,27489;-0,31564
191,80200;-1,27506;-0,31566
191,81202;-1,27517;-0,31563
191,82200;-1,27534;-0,31572
191,83202;-1,27551;-0,31564
191,84202;-1,27568;-0,31584
191,85200;-1,27585;-0,31580
191,86202;-1,27602;-0,31585
191,87202;-1,27619;-0,31578
191,88200;-1,27636;-0,31590
191,89202;-1,27653;-0,31575
191,90202;-1,27670;-0,31585
191,91200;-1,27687;-0,31587
191,92202;-1,27704;-0,31589
191,93200;-1,27721;-0,31597
191,94202;-1,27738;-0,31605
191,95202;-1,27755;-0,31604
191,96200;-1,27772;-0,31588
191,97202;-1,27795;-0,31606
191,98202;-1,27812;-0,31596
191,99200;-1,27823;-0,31597
192,00202;-1,27840;-0,31606
192,01202;-1,27857;-0,31614
192,02200;-1,27874;-0,31599
192,03202;-1,27891;-0,31618
192,04200;-1,27908;-0,31602
192,05200;-1,27925;-0,31609
192,06202;-1,27942;-0,31617
192,07200;-1,27959;-0,31612
192,08202;-1,27976;-0,31624
192,09202;-1,27993;-0,31628
192,10200;-1,28010;-0,31628
192,11202;-1,28027;-0,31628
192,12202;-1,28044;-0,31633
192,13200;-1,28061;-0,31623
192,14202;-1,28072;-0,31628
192,15202;-1,28089;-0,31632
192,16200;-1,28106;-0,31634
192,17202;-1,28123;-0,31636
192,18200;-1,28140;-0,31639
192,19202;-1,28163;-0,31648
192,20202;-1,28180;-0,31640
192,21200;-1,28197;-0,31652
192,22202;-1,28214;-0,31638
192,23202;-1,28231;-0,31639
192,24200;-1,28248;-0,31653
192,25202;-1,28265;-0,31638
192,26202;-1,28282;-0,31661
192,27200;-1,28299;-0,31656
192,28202;-1,28310;-0,31663
192,29200;-1,28327;-0,31646
192,30200;-1,28344;-0,31660
192,31202;-1,28361;-0,31645
192,32200;-1,28373;-0,31663
192,33202;-1,28390;-0,31668
192,34202;-1,28407;-0,31667
192,35200;-1,28424;-0,31683
192,36202;-1,28441;-0,31674
192,37202;-1,28458;-0,31697
192,38200;-1,28475;-0,31665
192,39202;-1,28492;-0,31693
192,40202;-1,28509;-0,31666
192,41200;-1,28526;-0,31685
192,42202;-1,28543;-0,31667
192,43200;-1,28560;-0,31686
192,44202;-1,28577;-0,31673
192,45202;-1,28588;-0,31681
192,46200;-1,28605;-0,31698
192,47202;-1,28616;-0,31676
192,48202;-1,28633;-0,31703
192,49200;-1,28650;-0,31675
192,50202;-1,28667;-0,31704
192,51202;-1,28684;-0,31662
192,52200;-1,28701;-0,31725
192,53202;-1,28718;-0,31675
192,54200;-1,28735;-0,31723
192,55200;-1,28752;-0,31699
192,56202;-1,28769;-0,31711
192,57200;-1,28786;-0,31717
192,58202;-1,28803;-0,31695
192,59202;-1,28820;-0,31707
192,60200;-1,28837;-0,31685
192,61202;-1,28854;-0,31730
192,62202;-1,28871;-0,31694
192,63200;-1,28883;-0,31748
192,64202;-1,28900;-0,31693
192,65202;-1,28917;-0,31744
192,66200;-1,28934;-0,31712
192,67202;-1,28945;-0,31738
192,68200;-1,28962;-0,31705
192,69202;-1,28979;-0,31713
192,70202;-1,29002;-0,31726
192,71200;-1,29019;-0,31709
192,72202;-1,29036;-0,31742
192,73202;-1,29058;-0,31715
192,74200;-1,29075;-0,31760
192,75202;-1,29092;-0,31721
192,76202;-1,29109;-0,31756
192,77200;-1,29126;-0,31723
192,78202;-1,29143;-0,31753
192,79200;-1,29155;-0,31738
192,80200;-1,29172;-0,31753
192,81202;-1,29189;-0,31744
192,82200;-1,29211;-0,31741
192,83202;-1,29228;-0,31765
192,84202;-1,29245;-0,31749
192,85200;-1,29262;-0,31762
192,86202;-1,29279;-0,31734
192,87202;-1,29296;-0,31771
192,88200;-1,29313;-0,31741
192,89202;-1,29330;-0,31775
192,90202;-1,29347;-0,31752
192,91200;-1,29364;-0,31769
192,92202;-1,29381;-0,31755
192,93200;-1,29398;-0,31759
192,94202;-1,29415;-0,31758
192,95202;-1,29427;-0,31755
192,96200;-1,29444;-0,31767
192,97202;-1,29461;-0,31761
192,98202;-1,29472;-0,31790
192,99200;-1,29489;-0,31767
193,00202;-1,29506;-0,31794
193,01202;-1,29523;-0,31766
193,02200;-1,29534;-0,31786
193,03202;-1,29551;-0,31763
193,04200;-1,29568;-0,31786
193,05200;-1,29585;-0,31783
193,06202;-1,29602;-0,31779
193,07200;-1,29619;-0,31807
193,08202;-1,29636;-0,31773
193,09202;-1,29653;-0,31798
193,10200;-1,29665;-0,31761
193,11202;-1,29682;-0,31793
193,12202;-1,29699;-0,31761
193,13200;-1,29716;-0,31804
193,14202;-1,29733;-0,31776
193,15202;-1,29750;-0,31811
193,16200;-1,29767;-0,31805
193,17202;-1,29784;-0,31801
193,18200;-1,29806;-0,31813
193,19202;-1,29823;-0,31788
193,20202;-1,29840;-0,31813
193,21200;-1,29857;-0,31771
193,22202;-1,29874;-0,31824
193,23202;-1,29891;-0,31786
193,24200;-1,29908;-0,31834
193,25202;-1,29925;-0,31809
193,26202;-1,29942;-0,31835
193,27200;-1,29959;-0,31808
193,28202;-1,29976;-0,31825
193,29200;-1,29993;-0,31809
193,30200;-1,30010;-0,31810
193,31202;-1,30022;-0,31831
193,32200;-1,30039;-0,31801
193,33202;-1,30056;-0,31836
193,34202;-1,30073;-0,31818
193,35200;-1,30090;-0,31847
193,36202;-1,30107;-0,31813
193,37202;-1,30124;-0,31853
193,38200;-1,30141;-0,31815
193,39202;-1,30158;-0,31835
193,40202;-1,30175;-0,31833
193,41200;-1,30192;-0,31839
193,42202;-1,30209;-0,31840
193,43200;-1,30220;-0,31830
193,44202;-1,30237;-0,31844
193,45202;-1,30254;-0,31821
193,46200;-1,30271;-0,31852
193,47202;-1,30288;-0,31827
193,48202;-1,30305;-0,31856
193,49200;-1,30328;-0,31827
193,50202;-1,30339;-0,31874
193,51202;-1,30362;-0,31835
193,52200;-1,30379;-0,31857
193,53202;-1,30396;-0,31842
193,54200;-1,30413;-0,31841
193,55200;-1,30430;-0,31857
193,56202;-1,30447;-0,31846
193,57200;-1,30464;-0,31859
193,58202;-1,30481;-0,31844
193,59202;-1,30498;-0,31886
193,60200;-1,30515;-0,31836
193,61202;-1,30526;-0,31884
193,62202;-1,30543;-0,31831
193,63200;-1,30560;-0,31870
193,64202;-1,30577;-0,31855
193,65202;-1,30588;-0,31886
193,66200;-1,30611;-0,31874
193,67202;-1,30622;-0,31879
193,68200;-1,30639;-0,31888
193,69202;-1,30656;-0,31875
193,70202;-1,30673;-0,31896
193,71200;-1,30690;-0,31843
193,72202;-1,30707;-0,31896
193,73202;-1,30724;-0,31843
193,74200;-1,30741;-0,31913
193,75202;-1,30753;-0,31862
193,76202;-1,30770;-0,31907
193,77200;-1,30787;-0,31875
193,78202;-1,30798;-0,31890
193,79200;-1,30815;-0,31893
193,80200;-1,30832;-0,31875
193,81202;-1,30849;-0,31892
193,82200;-1,30866;-0,31876
193,83202;-1,30883;-0,31917
193,84202;-1,30900;-0,31880
193,85200;-1,30917;-0,31938
193,86202;-1,30934;-0,31872
193,87202;-1,30951;-0,31924
193,88200;-1,30968;-0,31883
193,89202;-1,30985;-0,31906
193,90202;-1,31002;-0,31900
193,91200;-1,31019;-0,31902
193,92202;-1,31036;-0,31924
193,93200;-1,31053;-0,31899
193,94202;-1,31064;-0,31928
193,95202;-1,31081;-0,31888
193,96200;-1,31098;-0,31919
193,97202;-1,31115;-0,31892
193,98202;-1,31127;-0,31929
193,99200;-1,31149;-0,31900
194,00202;-1,31166;-0,31943
194,01202;-1,31183;-0,31922
194,02200;-1,31206;-0,31922
194,03202;-1,31223;-0,31935
194,04200;-1,31240;-0,31899
194,05200;-1,31257;-0,31934
194,06202;-1,31274;-0,31904
194,07200;-1,31291;-0,31932
194,08202;-1,31308;-0,31920
194,09202;-1,31325;-0,31958
194,10200;-1,31342;-0,31929
194,11202;-1,31359;-0,31953
194,12202;-1,31376;-0,31929
194,13200;-1,31393;-0,31938
194,14202;-1,31410;-0,31938
194,15202;-1,31427;-0,31942
194,16200;-1,31444;-0,31957
194,17202;-1,31461;-0,31937
194,18200;-1,31484;-0,31965
194,19202;-1,31495;-0,31934
194,20202;-1,31512;-0,31960
194,21200;-1,31529;-0,31926
194,22202;-1,31546;-0,31951
194,23202;-1,31563;-0,31926
194,24200;-1,31580;-0,31955
194,25202;-1,31591;-0,31943
194,26202;-1,31608;-0,31962
194,27200;-1,31625;-0,31960
194,28202;-1,31637;-0,31956
194,29200;-1,31654;-0,31963
194,30200;-1,31671;-0,31950
194,31202;-1,31688;-0,31958
194,32200;-1,31705;-0,31940
194,33202;-1,31716;-0,31975
194,34202;-1,31739;-0,31954
194,35200;-1,31756;-0,31987
194,36202;-1,31773;-0,31976
194,37202;-1,31790;-0,31979
194,38200;-1,31801;-0,31960
194,39202;-1,31818;-0,31961
194,40202;-1,31835;-0,31961
194,41200;-1,31846;-0,31955
194,42202;-1,31863;-0,31970
194,43200;-1,31880;-0,31966
194,44202;-1,31897;-0,31987
194,45202;-1,31914;-0,31966
194,46200;-1,31931;-0,31995
194,47202;-1,31948;-0,31969
194,48202;-1,31971;-0,31989
194,49200;-1,31988;-0,31988
194,50202;-1,32005;-0,31988
194,51202;-1,32022;-0,31993
194,52200;-1,32039;-0,31982
194,53202;-1,32056;-0,31988
194,54200;-1,32073;-0,31981
194,55200;-1,32090;-0,32007
194,56202;-1,32107;-0,31982
194,57200;-1,32124;-0,31997
194,58202;-1,32141;-0,31989
194,59202;-1,32158;-0,31999
194,60200;-1,32175;-0,31995
194,61202;-1,32186;-0,32001
194,62202;-1,32203;-0,31992
194,63200;-1,32220;-0,32000
194,64202;-1,32237;-0,32009
194,65202;-1,32254;-0,31997
194,66200;-1,32271;-0,32005
194,67202;-1,32288;-0,32000
194,68200;-1,32305;-0,32021
194,69202;-1,32322;-0,32016
194,70202;-1,32339;-0,32028
194,71200;-1,32356;-0,32007
194,72202;-1,32373;-0,32018
194,73202;-1,32390;-0,32003
194,74200;-1,32402;-0,32014
194,75202;-1,32419;-0,32005
194,76202;-1,32436;-0,32015
194,77200;-1,32453;-0,32015
194,78202;-1,32470;-0,32027
194,79200;-1,32487;-0,32029
194,80200;-1,32504;-0,32023
194,81202;-1,32521;-0,32025
194,82200;-1,32538;-0,32013
194,83202;-1,32555;-0,32025
194,84202;-1,32572;-0,32016
194,85200;-1,32589;-0,32033
194,86202;-1,32606;-0,32017
194,87202;-1,32623;-0,32048
194,88200;-1,32640;-0,32029
194,89202;-1,32651;-0,32041
194,90202;-1,32668;-0,32035
194,91200;-1,32685;-0,32039
194,92202;-1,32702;-0,32027
194,93200;-1,32713;-0,32032
194,94202;-1,32730;-0,32039
194,95202;-1,32747;-0,32025
194,96200;-1,32764;-0,32051
194,97202;-1,32781;-0,32026
194,98202;-1,32804;-0,32053
194,99200;-1,32821;-0,32024
195,00202;-1,32838;-0,32051
195,01202;-1,32855;-0,32029
195,02200;-1,32866;-0,32044
195,03202;-1,32883;-0,32031
195,04200;-1,32900;-0,32040
195,05200;-1,32912;-0,32039
195,06202;-1,32929;-0,32047
195,07200;-1,32946;-0,32053
195,08202;-1,32968;-0,32046
195,09202;-1,32985;-0,32071
195,10200;-1,33002;-0,32045
195,11202;-1,33019;-0,32075
195,12202;-1,33036;-0,32051
195,13200;-1,33053;-0,32067
195,14202;-1,33070;-0,32047
195,15202;-1,33087;-0,32064
195,16200;-1,33104;-0,32050
195,17202;-1,33121;-0,32060
195,18200;-1,33138;-0,32066
195,19202;-1,33155;-0,32066
195,20202;-1,33172;-0,32068
195,21200;-1,33189;-0,32060
195,22202;-1,33206;-0,32071
195,23202;-1,33218;-0,32059
195,24200;-1,33235;-0,32068
195,25202;-1,33252;-0,32059
195,26202;-1,33263;-0,32075
195,27200;-1,33280;-0,32067
195,28202;-1,33297;-0,32082
195,29200;-1,33314;-0,32076
195,30200;-1,33337;-0,32086
195,31202;-1,33354;-0,32079
195,32200;-1,33371;-0,32083
195,33202;-1,33393;-0,32080
195,34202;-1,33410;-0,32072
195,35200;-1,33427;-0,32077
195,36202;-1,33444;-0,32084
195,37202;-1,33461;-0,32087
195,38200;-1,33478;-0,32085
195,39202;-1,33490;-0,32085
195,40202;-1,33507;-0,32084
195,41200;-1,33524;-0,32087
195,42202;-1,33541;-0,32081
195,43200;-1,33558;-0,32090
195,44202;-1,33575;-0,32090
195,45202;-1,33592;-0,32090
195,46200;-1,33614;-0,32101
195,47202;-1,33631;-0,32093
195,48202;-1,33648;-0,32101
195,49200;-1,33665;-0,32098
195,50202;-1,33682;-0,32103
195,51202;-1,33699;-0,32098
195,52200;-1,33711;-0,32099
195,53202;-1,33728;-0,32104
195,54200;-1,33745;-0,32101
195,55200;-1,33762;-0,32100
195,56202;-1,33773;-0,32101
195,57200;-1,33790;-0,32099
195,58202;-1,33807;-0,32095
195,59202;-1,33824;-0,32100
195,60200;-1,33835;-0,32091
195,61202;-1,33852;-0,32110
195,62202;-1,33869;-0,32106
195,63200;-1,33886;-0,32105
195,64202;-1,33903;-0,32105
195,65202;-1,33920;-0,32104
195,66200;-1,33937;-0,32106
195,67202;-1,33954;-0,32107
195,68200;-1,33966;-0,32107
195,69202;-1,33983;-0,32109
195,70202;-1,34000;-0,32111
195,71200;-1,34011;-0,32111
195,72202;-1,34028;-0,32114
195,73202;-1,34045;-0,32107
195,74200;-1,34068;-0,32119
195,75202;-1,34085;-0,32113
195,76202;-1,34102;-0,32118
195,77200;-1,34119;-0,32115
195,78202;-1,34141;-0,32119
195,79200;-1,34158;-0,32108
195,80200;-1,34175;-0,32129
195,81202;-1,34192;-0,32112
195,82200;-1,34209;-0,32126
195,83202;-1,34226;-0,32112
195,84202;-1,34243;-0,32127
195,85200;-1,34260;-0,32116
195,86202;-1,34277;-0,32122
195,87202;-1,34294;-0,32131
195,88200;-1,34306;-0,32126
195,89202;-1,34323;-0,32131
195,90202;-1,34334;-0,32135
195,91200;-1,34351;-0,32121
195,92202;-1,34368;-0,32127
195,93200;-1,34385;-0,32131
195,94202;-1,34402;-0,32125
195,95202;-1,34419;-0,32137
195,96200;-1,34436;-0,32138
195,97202;-1,34453;-0,32145
195,98202;-1,34470;-0,32145
195,99200;-1,34487;-0,32138
196,00202;-1,34504;-0,32125
196,01202;-1,34521;-0,32140
196,02200;-1,34538;-0,32132
196,03202;-1,34555;-0,32145
196,04200;-1,34572;-0,32133
196,05200;-1,34583;-0,32142
196,06202;-1,34600;-0,32139
196,07200;-1,34617;-0,32145
196,08202;-1,34634;-0,32145
196,09202;-1,34651;-0,32139
196,10200;-1,34668;-0,32141
196,11202;-1,34685;-0,32146
196,12202;-1,34702;-0,32143
196,13200;-1,34725;-0,32146
196,14202;-1,34736;-0,32146
196,15202;-1,34759;-0,32142
196,16200;-1,34776;-0,32152
196,17202;-1,34793;-0,32145
196,18200;-1,34810;-0,32153
196,19202;-1,34827;-0,32149
196,20202;-1,34844;-0,32149
196,21200;-1,34861;-0,32146
196,22202;-1,34872;-0,32157
196,23202;-1,34889;-0,32146
196,24200;-1,34906;-0,32149
196,25202;-1,34923;-0,32155
196,26202;-1,34940;-0,32149
196,27200;-1,34957;-0,32155
196,28202;-1,34974;-0,32162
196,29200;-1,34991;-0,32159
196,30200;-1,35008;-0,32157
196,31202;-1,35025;-0,32164
196,32200;-1,35042;-0,32158
196,33202;-1,35054;-0,32162
196,34202;-1,35071;-0,32151
196,35200;-1,35082;-0,32158
196,36202;-1,35099;-0,32163
196,37202;-1,35116;-0,32167
196,38200;-1,35127;-0,32171
196,39202;-1,35144;-0,32175
196,40202;-1,35167;-0,32177
196,41200;-1,35184;-0,32185
196,42202;-1,35201;-0,32175
196,43200;-1,35218;-0,32176
196,44202;-1,35235;-0,32169
196,45202;-1,35252;-0,32178
196,46200;-1,35269;-0,32169
196,47202;-1,35286;-0,32181
196,48202;-1,35309;-0,32173
196,49200;-1,35326;-0,32183
196,50202;-1,35337;-0,32180
196,51202;-1,35354;-0,32175
196,52200;-1,35371;-0,32180
196,53202;-1,35388;-0,32171
196,54200;-1,35399;-0,32183
196,55200;-1,35416;-0,32167
196,56202;-1,35428;-0,32188
196,57200;-1,35445;-0,32176
196,58202;-1,35462;-0,32188
196,59202;-1,35484;-0,32195
196,60200;-1,35501;-0,32187
196,61202;-1,35518;-0,32179
196,62202;-1,35541;-0,32183
196,63200;-1,35558;-0,32191
196,64202;-1,35575;-0,32168
196,65202;-1,35592;-0,32204
196,66200;-1,35609;-0,32172
196,67202;-1,35632;-0,32200
196,68200;-1,35643;-0,32183
196,69202;-1,35660;-0,32198
196,70202;-1,35677;-0,32182
196,71200;-1,35694;-0,32192
196,72202;-1,35711;-0,32192
196,73202;-1,35728;-0,32192
196,74200;-1,35745;-0,32199
196,75202;-1,35762;-0,32184
196,76202;-1,35779;-0,32203
196,77200;-1,35796;-0,32187
196,78202;-1,35813;-0,32214
196,79200;-1,35830;-0,32186
196,80200;-1,35847;-0,32217
196,81202;-1,35864;-0,32188
196,82200;-1,35881;-0,32207
196,83202;-1,35892;-0,32197
196,84202;-1,35909;-0,32208
196,85200;-1,35926;-0,32206
196,86202;-1,35938;-0,32206
196,87202;-1,35955;-0,32213
196,88200;-1,35972;-0,32195
196,89202;-1,35989;-0,32221
196,90202;-1,36006;-0,32195
196,91200;-1,36017;-0,32216
196,92202;-1,36034;-0,32192
196,93200;-1,36051;-0,32217
196,94202;-1,36068;-0,32192
196,95202;-1,36085;-0,32217
196,96200;-1,36102;-0,32204
196,97202;-1,36119;-0,32215
196,98202;-1,36136;-0,32219
196,99200;-1,36147;-0,32206
197,00202;-1,36164;-0,32221
197,01202;-1,36181;-0,32198
197,02200;-1,36193;-0,32225
197,03202;-1,36215;-0,32201
197,04200;-1,36232;-0,32229
197,05200;-1,36249;-0,32204
197,06202;-1,36272;-0,32230
197,07200;-1,36289;-0,32208
197,08202;-1,36306;-0,32221
197,09202;-1,36323;-0,32212
197,10200;-1,36340;-0,32201
197,11202;-1,36357;-0,32225
197,12202;-1,36374;-0,32196
197,13200;-1,36391;-0,32226
197,14202;-1,36414;-0,32204
197,15202;-1,36425;-0,32227
197,16200;-1,36442;-0,32212
197,17202;-1,36459;-0,32226
197,18200;-1,36476;-0,32199
197,19202;-1,36487;-0,32222
197,20202;-1,36504;-0,32214
197,21200;-1,36516;-0,32214
197,22202;-1,36533;-0,32222
197,23202;-1,36550;-0,32208
197,24200;-1,36567;-0,32232
197,25202;-1,36584;-0,32214
197,26202;-1,36601;-0,32231
197,27200;-1,36623;-0,32222
197,28202;-1,36640;-0,32237
197,29200;-1,36657;-0,32219
197,30200;-1,36674;-0,32241
197,31202;-1,36691;-0,32216
197,32200;-1,36708;-0,32223
197,33202;-1,36720;-0,32229
197,34202;-1,36737;-0,32211
197,35200;-1,36754;-0,32231
197,36202;-1,36765;-0,32222
197,37202;-1,36782;-0,32235
197,38200;-1,36799;-0,32230
197,39202;-1,36822;-0,32250
197,40202;-1,36839;-0,32220
197,41200;-1,36856;-0,32239
197,42202;-1,36873;-0,32215
197,43200;-1,36890;-0,32236
197,44202;-1,36907;-0,32225
197,45202;-1,36924;-0,32231
197,46200;-1,36941;-0,32233
197,47202;-1,36958;-0,32236
197,48202;-1,36975;-0,32247
197,49200;-1,36992;-0,32224
197,50202;-1,37009;-0,32241
197,51202;-1,37020;-0,32221
197,52200;-1,37037;-0,32240
197,53202;-1,37054;-0,32226
197,54200;-1,37065;-0,32251
197,55200;-1,37082;-0,32222
197,56202;-1,37099;-0,32253
197,57200;-1,37116;-0,32239
197,58202;-1,37133;-0,32245
197,59202;-1,37150;-0,32244
197,60200;-1,37167;-0,32235
197,61202;-1,37190;-0,32245
197,62202;-1,37201;-0,32231
197,63200;-1,37218;-0,32244
197,64202;-1,37230;-0,32224
197,65202;-1,37247;-0,32246
197,66200;-1,37264;-0,32228
197,67202;-1,37281;-0,32267
197,68200;-1,37298;-0,32223
197,69202;-1,37315;-0,32266
197,70202;-1,37332;-0,32231
197,71200;-1,37354;-0,32253
197,72202;-1,37371;-0,32247
197,73202;-1,37388;-0,32248
197,74200;-1,37405;-0,32253
197,75202;-1,37422;-0,32232
197,76202;-1,37439;-0,32250
197,77200;-1,37456;-0,32230
197,78202;-1,37473;-0,32263
197,79200;-1,37490;-0,32222
197,80200;-1,37507;-0,32270
197,81202;-1,37524;-0,32229
197,82200;-1,37541;-0,32271
197,83202;-1,37553;-0,32236
197,84202;-1,37570;-0,32250
197,85200;-1,37587;-0,32232
197,86202;-1,37598;-0,32246
197,87202;-1,37615;-0,32251
197,88200;-1,37632;-0,32248
197,89202;-1,37649;-0,32263
197,90202;-1,37672;-0,32248
197,91200;-1,37689;-0,32271
197,92202;-1,37706;-0,32245
197,93200;-1,37723;-0,32270
197,94202;-1,37745;-0,32227
197,95202;-1,37762;-0,32259
197,96200;-1,37779;-0,32231
197,97202;-1,37796;-0,32254
197,98202;-1,37808;-0,32246
197,99200;-1,37825;-0,32255
198,00202;-1,37842;-0,32252
198,01202;-1,37859;-0,32249
198,02200;-1,37876;-0,32260
198,03202;-1,37893;-0,32236
198,04200;-1,37910;-0,32263
198,05200;-1,37927;-0,32234
198,06202;-1,37944;-0,32260
198,07200;-1,37961;-0,32241
198,08202;-1,37978;-0,32263
198,09202;-1,37995;-0,32253
198,10200;-1,38012;-0,32265
198,11202;-1,38029;-0,32261
198,12202;-1,38040;-0,32259
198,13200;-1,38057;-0,32264
198,14202;-1,38074;-0,32250
198,15202;-1,38091;-0,32273
198,16200;-1,38108;-0,32247
198,17202;-1,38125;-0,32276
198,18200;-1,38136;-0,32250
198,19202;-1,38153;-0,32278
198,20202;-1,38165;-0,32252
198,21200;-1,38182;-0,32269
198,22202;-1,38199;-0,32259
198,23202;-1,38216;-0,32260
198,24200;-1,38233;-0,32263
198,25202;-1,38250;-0,32263
198,26202;-1,38267;-0,32262
198,27200;-1,38284;-0,32253
198,28202;-1,38301;-0,32272
198,29200;-1,38318;-0,32248
198,30200;-1,38329;-0,32271
198,31202;-1,38346;-0,32255
198,32200;-1,38363;-0,32268
198,33202;-1,38380;-0,32267
198,34202;-1,38397;-0,32264
198,35200;-1,38420;-0,32254
198,36202;-1,38437;-0,32255
198,37202;-1,38454;-0,32262
198,38200;-1,38471;-0,32254
198,39202;-1,38493;-0,32264
198,40202;-1,38510;-0,32253
198,41200;-1,38527;-0,32261
198,42202;-1,38544;-0,32253
198,43200;-1,38561;-0,32271
198,44202;-1,38578;-0,32252
198,45202;-1,38595;-0,32258
198,46200;-1,38607;-0,32261
198,47202;-1,38624;-0,32266
198,48202;-1,38635;-0,32264
198,49200;-1,38652;-0,32268
198,50202;-1,38669;-0,32268
198,51202;-1,38686;-0,32272
198,52200;-1,38703;-0,32266
198,53202;-1,38720;-0,32268
198,54200;-1,38743;-0,32263
198,55200;-1,38760;-0,32270
198,56202;-1,38777;-0,32272
198,57200;-1,38794;-0,32279
198,58202;-1,38811;-0,32269
198,59202;-1,38828;-0,32275
198,60200;-1,38845;-0,32264
198,61202;-1,38862;-0,32261
198,62202;-1,38879;-0,32249
198,63200;-1,38890;-0,32260
198,64202;-1,38907;-0,32256
198,65202;-1,38924;-0,32271
198,66200;-1,38941;-0,32263
198,67202;-1,38958;-0,32277
198,68200;-1,38975;-0,32265
198,69202;-1,38992;-0,32268
198,70202;-1,39009;-0,32269
198,71200;-1,39026;-0,32253
198,72202;-1,39043;-0,32264
198,73202;-1,39060;-0,32256
198,74200;-1,39077;-0,32276
198,75202;-1,39094;-0,32257
198,76202;-1,39111;-0,32278
198,77200;-1,39128;-0,32259
198,78202;-1,39145;-0,32266
198,79200;-1,39162;-0,32263
198,80200;-1,39179;-0,32260
198,81202;-1,39196;-0,32263
198,82200;-1,39213;-0,32258
198,83202;-1,39224;-0,32273
198,84202;-1,39241;-0,32248
198,85200;-1,39258;-0,32276
198,86202;-1,39275;-0,32256
198,87202;-1,39292;-0,32275
198,88200;-1,39304;-0,32259
198,89202;-1,39321;-0,32271
198,90202;-1,39338;-0,32266
198,91200;-1,39360;-0,32270
198,92202;-1,39372;-0,32269
198,93200;-1,39389;-0,32257
198,94202;-1,39406;-0,32264
198,95202;-1,39417;-0,32261
198,96200;-1,39434;-0,32266
198,97202;-1,39451;-0,32249
198,98202;-1,39468;-0,32268
198,99200;-1,39485;-0,32256
199,00202;-1,39502;-0,32276
199,01202;-1,39519;-0,32270
199,02200;-1,39536;-0,32271
199,03202;-1,39553;-0,32256
199,04200;-1,39570;-0,32269
199,05200;-1,39593;-0,32255
199,06202;-1,39610;-0,32258
199,07200;-1,39627;-0,32264
199,08202;-1,39644;-0,32258
199,09202;-1,39661;-0,32278
199,10200;-1,39678;-0,32257
199,11202;-1,39689;-0,32258
199,12202;-1,39706;-0,32240
199,13200;-1,39723;-0,32255
199,14202;-1,39740;-0,32239
199,15202;-1,39751;-0,32263
199,16200;-1,39768;-0,32242
199,17202;-1,39785;-0,32263
199,18200;-1,39808;-0,32261
199,19202;-1,39825;-0,32262
199,20202;-1,39842;-0,32264
199,21200;-1,39859;-0,32240
199,22202;-1,39882;-0,32261
199,23202;-1,39899;-0,32234
199,24200;-1,39916;-0,32262
199,25202;-1,39933;-0,32241
199,26202;-1,39944;-0,32260
199,27200;-1,39961;-0,32236
199,28202;-1,39978;-0,32268
199,29200;-1,39995;-0,32246
199,30200;-1,40012;-0,32254
199,31202;-1,40029;-0,32251
199,32200;-1,40046;-0,32241
199,33202;-1,40063;-0,32252
199,34202;-1,40074;-0,32236
199,35200;-1,40091;-0,32256
199,36202;-1,40108;-0,32225
199,37202;-1,40125;-0,32261
199,38200;-1,40142;-0,32239
199,39202;-1,40159;-0,32252
199,40202;-1,40176;-0,32250
199,41200;-1,40193;-0,32240
199,42202;-1,40210;-0,32251
199,43200;-1,40227;-0,32244
199,44202;-1,40244;-0,32241
199,45202;-1,40261;-0,32233
199,46200;-1,40273;-0,32236
199,47202;-1,40290;-0,32222
199,48202;-1,40307;-0,32236
199,49200;-1,40324;-0,32234
199,50202;-1,40341;-0,32229
199,51202;-1,40352;-0,32248
199,52200;-1,40369;-0,32225
199,53202;-1,40386;-0,32242
199,54200;-1,40403;-0,32224
199,55200;-1,40420;-0,32235
199,56202;-1,40437;-0,32223
199,57200;-1,40454;-0,32233
199,58202;-1,40471;-0,32232
199,59202;-1,40482;-0,32224
199,60200;-1,40499;-0,32239
199,61202;-1,40516;-0,32228
199,62202;-1,40533;-0,32242
199,63200;-1,40550;-0,32223
199,64202;-1,40567;-0,32240
199,65202;-1,40590;-0,32217
199,66200;-1,40607;-0,32242
199,67202;-1,40624;-0,32223
199,68200;-1,40641;-0,32225
199,69202;-1,40658;-0,32229
199,70202;-1,40681;-0,32223
199,71200;-1,40698;-0,32226
199,72202;-1,40715;-0,32217
199,73202;-1,40732;-0,32226
199,74200;-1,40749;-0,32213
199,75202;-1,40766;-0,32221
199,76202;-1,40777;-0,32214
199,77200;-1,40794;-0,32216
199,78202;-1,40811;-0,32206
199,79200;-1,40822;-0,32218
199,80200;-1,40839;-0,32206
199,81202;-1,40856;-0,32209
199,82200;-1,40873;-0,32210
199,83202;-1,40890;-0,32213
199,84202;-1,40907;-0,32206
199,85200;-1,40924;-0,32214
199,86202;-1,40941;-0,32210
199,87202;-1,40958;-0,32211
199,88200;-1,40975;-0,32207
199,89202;-1,40992;-0,32200
199,90202;-1,41009;-0,32212
199,91200;-1,41026;-0,32196
199,92202;-1,41038;-0,32208
199,93200;-1,41055;-0,32187
199,94202;-1,41072;-0,32198
199,95202;-1,41089;-0,32192
199,96200;-1,41106;-0,32204
199,97202;-1,41128;-0,32183
199,98202;-1,41145;-0,32191
199,99200;-1,41162;-0,32179
200,00202;-1,41179;-0,32177
200,01202;-1,41196;-0,32190
200,02200;-1,41213;-0,32163
200,03202;-1,41230;-0,32183
200,04200;-1,41247;-0,32169
200,05200;-1,41264;-0,32199
200,06202;-1,41281;-0,32162
200,07200;-1,41298;-0,32195
200,08202;-1,41315;-0,32155
200,09202;-1,41332;-0,32182
200,10200;-1,41349;-0,32162
200,11202;-1,41361;-0,32168
200,12202;-1,41378;-0,32152
200,13200;-1,41395;-0,32151
200,14202;-1,41406;-0,32172
200,15202;-1,41423;-0,32149
200,16200;-1,41440;-0,32169
200,17202;-1,41457;-0,32141
200,18200;-1,41474;-0,32173
200,19202;-1,41491;-0,32131
200,20202;-1,41508;-0,32172
200,21200;-1,41525;-0,32120
200,22202;-1,41536;-0,32151
200,23202;-1,41553;-0,32121
200,24200;-1,41565;-0,32141
200,25202;-1,41582;-0,32118
200,26202;-1,41599;-0,32130
200,27200;-1,41616;-0,32129
200,28202;-1,41633;-0,32123
200,29200;-1,41650;-0,32141
200,30200;-1,41667;-0,32108
200,31202;-1,41689;-0,32146
200,32200;-1,41706;-0,32097
200,33202;-1,41723;-0,32143
200,34202;-1,41740;-0,32087
200,35200;-1,41757;-0,32135
200,36202;-1,41774;-0,32084
200,37202;-1,41791;-0,32128
200,38200;-1,41808;-0,32090
200,39202;-1,41825;-0,32113
200,40202;-1,41842;-0,32101
200,41200;-1,41859;-0,32088
200,42202;-1,41876;-0,32106
200,43200;-1,41888;-0,32066
200,44202;-1,41905;-0,32100
200,45202;-1,41922;-0,32053
200,46200;-1,41939;-0,32103
200,47202;-1,41956;-0,32043
200,48202;-1,41973;-0,32102
200,49200;-1,41990;-0,32042
200,50202;-1,42007;-0,32092
200,51202;-1,42024;-0,32052
200,52200;-1,42046;-0,32054
200,53202;-1,42063;-0,32041
200,54200;-1,42075;-0,32034
200,55200;-1,42092;-0,32047
200,56202;-1,42109;-0,32015
200,57200;-1,42126;-0,32058
200,58202;-1,42143;-0,32007
200,59202;-1,42160;-0,32053
200,60200;-1,42177;-0,31994
200,61202;-1,42194;-0,32036
200,62202;-1,42211;-0,31980
200,63200;-1,42228;-0,32012
200,64202;-1,42245;-0,31976
200,65202;-1,42262;-0,31983
200,66200;-1,42279;-0,31982
200,67202;-1,42296;-0,31965
200,68200;-1,42313;-0,31981
200,69202;-1,42330;-0,31946
200,70202;-1,42347;-0,31975
200,71200;-1,42358;-0,31927
200,72202;-1,42375;-0,31966
200,73202;-1,42392;-0,31896
200,74200;-1,42409;-0,31943
200,75202;-1,42426;-0,31884
200,76202;-1,42443;-0,31908
200,77200;-1,42454;-0,31894
200,78202;-1,42471;-0,31869
200,79200;-1,42483;-0,31878
200,80200;-1,42500;-0,31844
200,81202;-1,42517;-0,31866
200,82200;-1,42534;-0,31820
200,83202;-1,42551;-0,31842
200,84202;-1,42568;-0,31782
200,85200;-1,42585;-0,31819
200,86202;-1,42602;-0,31753
200,87202;-1,42619;-0,31775
200,88200;-1,42630;-0,31721
200,89202;-1,42647;-0,31722
200,90202;-1,42658;-0,31685
200,91200;-1,42681;-0,31663
200,92202;-1,42698;-0,31628
200,93200;-1,42715;-0,31570
200,94202;-1,42732;-0,31518
200,95202;-1,42755;-0,31378
200,96200;-1,42772;-0,30275
200,97202;-1,42789;-0,28623
200,98202;-1,42806;-0,27289
200,99200;-1,42823;-0,26444
201,00202;-1,42840;-0,25808
201,01202;-1,42857;-0,25795
201,02200;-1,42874;-0,25506
201,03202;-1,42891;-0,25813
201,04200;-1,42908;-0,25605
201,05200;-1,42919;-0,25906
201,06202;-1,42936;-0,25704
201,07200;-1,42953;-0,25920
201,08202;-1,42964;-0,25781
201,09202;-1,42981;-0,25861
201,10200;-1,42998;-0,25823
201,10400;-1,43004;-0,25898
201,10600;-1,43004;-0,25939
201,11602;-1,43021;-0,25691
201,12600;-1,43027;-0,25912
201,13602;-1,43027;-0,25682
201,14602;-1,43027;-0,25861
201,15600;-1,43027;-0,25710
201,16602;-1,43027;-0,25815
201,17602;-1,43027;-0,25783
201,18600;-1,43015;-0,25748
201,19602;-1,43010;-0,25834
201,20602;-1,43010;-0,25696
201,21600;-1,43004;-0,25857
201,22602;-1,42998;-0,25664
201,23600;-1,42987;-0,25876
201,24600;-1,42981;-0,25633
201,25602;-1,42976;-0,25853
201,26600;-1,42964;-0,25668
201,27602;-1,42947;-0,25805
201,28602;-1,42936;-0,25711
201,29600;-1,42919;-0,25749
201,30602;-1,42902;-0,25753
201,31602;-1,42885;-0,25690
201,32600;-1,42862;-0,25786
201,33602;-1,42834;-0,25632
201,34602;-1,42806;-0,25801
201,35600;-1,42772;-0,25621
201,36602;-1,42743;-0,25801
201,37600;-1,42709;-0,25633
201,38602;-1,42675;-0,25784
201,39602;-1,42641;-0,25662
201,40600;-1,42613;-0,25744
201,41602;-1,42579;-0,25692
201,42602;-1,42551;-0,25699
201,43600;-1,42528;-0,25726
201,44602;-1,42500;-0,25664
201,45602;-1,42477;-0,25756
201,46600;-1,42454;-0,25639
201,47602;-1,42432;-0,25770
201,48600;-1,42409;-0,25627
201,49600;-1,42386;-0,25756
201,50602;-1,42369;-0,25630
201,51600;-1,42347;-0,25725
201,52602;-1,42324;-0,25647
201,53602;-1,42307;-0,25692
201,54600;-1,42290;-0,25670
201,55602;-1,42273;-0,25666
201,56602;-1,42256;-0,25693
201,57600;-1,42233;-0,25637
201,58602;-1,42216;-0,25718
201,59602;-1,42199;-0,25617
201,60600;-1,42182;-0,25723
201,61602;-1,42165;-0,25616
201,62600;-1,42148;-0,25708
201,63602;-1,42131;-0,25621
201,64602;-1,42114;-0,25697
201,65600;-1,42097;-0,25636
201,66602;-1,42080;-0,25681
201,67602;-1,42063;-0,25665
201,68600;-1,42046;-0,25668
201,69602;-1,42029;-0,25675
201,70602;-1,42012;-0,25650
201,71600;-1,41995;-0,25690
201,72602;-1,41978;-0,25616
201,73600;-1,41961;-0,25692
201,74600;-1,41950;-0,25610
201,75602;-1,41933;-0,25682
201,76600;-1,41910;-0,25614
201,77602;-1,41893;-0,25676
201,78602;-1,41876;-0,25614
201,79600;-1,41859;-0,25662
201,80602;-1,41842;-0,25639
201,81602;-1,41831;-0,25635
201,82600;-1,41814;-0,25652
201,83602;-1,41797;-0,25616
201,84602;-1,41786;-0,25667
201,85600;-1,41763;-0,25605
201,86602;-1,41752;-0,25675
201,87600;-1,41735;-0,25601
201,88602;-1,41718;-0,25669
201,89602;-1,41695;-0,25606
201,90600;-1,41678;-0,25655
201,91602;-1,41661;-0,25617
201,92602;-1,41644;-0,25636
201,93600;-1,41627;-0,25632
201,94602;-1,41610;-0,25616
201,95602;-1,41593;-0,25648
201,96600;-1,41582;-0,25596
201,97602;-1,41565;-0,25653
201,98600;-1,41548;-0,25599
201,99600;-1,41531;-0,25645
202,00602;-1,41514;-0,25590
202,01600;-1,41497;-0,25643
202,02602;-1,41485;-0,25593
202,03602;-1,41468;-0,25629
202,04600;-1,41451;-0,25609
202,05602;-1,41434;-0,25610
202,06602;-1,41417;-0,25627
202,07600;-1,41400;-0,25600
202,08602;-1,41378;-0,25639
202,09602;-1,41361;-0,25600
202,10600;-1,41344;-0,25634
202,11602;-1,41327;-0,25590
202,12600;-1,41310;-0,25633
202,13602;-1,41293;-0,25585
202,14602;-1,41276;-0,25618
202,15600;-1,41259;-0,25600
202,16602;-1,41242;-0,25615
202,17602;-1,41225;-0,25605
202,18600;-1,41208;-0,25604
202,19602;-1,41191;-0,25609
202,20602;-1,41174;-0,25586
202,21600;-1,41151;-0,25612
202,22602;-1,41140;-0,25580
202,23600;-1,41117;-0,25607
202,24600;-1,41106;-0,25580
202,25602;-1,41089;-0,25617
202,26600;-1,41072;-0,25573
202,27602;-1,41055;-0,25606
202,28602;-1,41038;-0,25575
202,29600;-1,41021;-0,25598
202,30602;-1,41004;-0,25589
202,31602;-1,40987;-0,25586
202,32600;-1,40970;-0,25593
202,33602;-1,40953;-0,25575
202,34602;-1,40941;-0,25600
202,35600;-1,40924;-0,25576
202,36602;-1,40907;-0,25601
202,37600;-1,40890;-0,25562
202,38602;-1,40873;-0,25613
202,39602;-1,40856;-0,25559
202,40600;-1,40839;-0,25602
202,41602;-1,40822;-0,25570
202,42602;-1,40805;-0,25577
202,43600;-1,40788;-0,25577
202,44602;-1,40771;-0,25569
202,45602;-1,40754;-0,25579
202,46600;-1,40737;-0,25567
202,47602;-1,40720;-0,25589
202,48600;-1,40709;-0,25549
202,49600;-1,40686;-0,25598
202,50602;-1,40675;-0,25543
202,51600;-1,40652;-0,25590
202,52602;-1,40635;-0,25550
202,53602;-1,40618;-0,25586
202,54600;-1,40601;-0,25555
202,55602;-1,40584;-0,25575
202,56602;-1,40567;-0,25581
202,57600;-1,40550;-0,25560
202,58602;-1,40539;-0,25583
202,59602;-1,40522;-0,25556
202,60600;-1,40505;-0,25575
202,61602;-1,40488;-0,25544
202,62600;-1,40471;-0,25587
202,63602;-1,40454;-0,25525
202,64602;-1,40437;-0,25583
202,65600;-1,40420;-0,25543
202,66602;-1,40409;-0,25567
202,67602;-1,40392;-0,25560
202,68600;-1,40375;-0,25555
202,69602;-1,40358;-0,25558
202,70602;-1,40341;-0,25549
202,71600;-1,40329;-0,25568
202,72602;-1,40312;-0,25539
202,73600;-1,40295;-0,25575
202,74600;-1,40278;-0,25544
202,75602;-1,40261;-0,25568
202,76600;-1,40239;-0,25532
202,77602;-1,40222;-0,25565
202,78602;-1,40210;-0,25533
202,79600;-1,40188;-0,25558
202,80602;-1,40176;-0,25548
202,81602;-1,40154;-0,25544
202,82600;-1,40142;-0,25554
202,83602;-1,40125;-0,25547
202,84602;-1,40108;-0,25564
202,85600;-1,40091;-0,25539
202,86602;-1,40074;-0,25560
202,87600;-1,40057;-0,25528
202,88602;-1,40040;-0,25563
202,89602;-1,40023;-0,25517
202,90600;-1,40006;-0,25559
202,91602;-1,39989;-0,25521
202,92602;-1,39972;-0,25542
202,93600;-1,39955;-0,25551
202,94602;-1,39938;-0,25530
202,95602;-1,39921;-0,25552
202,96600;-1,39904;-0,25529
202,97602;-1,39887;-0,25551
202,98600;-1,39870;-0,25525
202,99600;-1,39853;-0,25557
203,00602;-1,39836;-0,25520
203,01600;-1,39819;-0,25556
203,02602;-1,39802;-0,25515
203,03602;-1,39785;-0,25549
203,04600;-1,39768;-0,25529
203,05602;-1,39751;-0,25524
203,06602;-1,39734;-0,25549
203,07600;-1,39723;-0,25518
203,08602;-1,39706;-0,25552
203,09602;-1,39689;-0,25518
203,10600;-1,39672;-0,25549
203,11602;-1,39655;-0,25502
203,12600;-1,39638;-0,25547
203,13602;-1,39627;-0,25511
203,14602;-1,39604;-0,25542
203,15600;-1,39587;-0,25510
203,16602;-1,39576;-0,25533
203,17602;-1,39553;-0,25532
203,18600;-1,39536;-0,25522
203,19602;-1,39519;-0,25549
203,20602;-1,39502;-0,25507
203,21600;-1,39485;-0,25541
203,22602;-1,39474;-0,25501
203,23600;-1,39451;-0,25538
203,24600;-1,39440;-0,25505
203,25602;-1,39423;-0,25530
203,26600;-1,39406;-0,25510
203,27602;-1,39389;-0,25527
203,28602;-1,39372;-0,25520
203,29600;-1,39355;-0,25514
203,30602;-1,39338;-0,25530
203,31602;-1,39321;-0,25498
203,32600;-1,39304;-0,25536
203,33602;-1,39292;-0,25494
203,34602;-1,39275;-0,25533
203,35600;-1,39258;-0,25493
203,36602;-1,39241;-0,25533
203,37600;-1,39224;-0,25499
203,38602;-1,39207;-0,25526
203,39602;-1,39190;-0,25505
203,40600;-1,39173;-0,25515
203,41602;-1,39156;-0,25500
203,42602;-1,39134;-0,25503
203,43600;-1,39117;-0,25516
203,44602;-1,39100;-0,25494
203,45602;-1,39083;-0,25523
203,46600;-1,39071;-0,25487
203,47602;-1,39054;-0,25525
203,48600;-1,39037;-0,25494
203,49600;-1,39020;-0,25520
203,50602;-1,39003;-0,25489
203,51600;-1,38992;-0,25516
203,52602;-1,38975;-0,25492
203,53602;-1,38958;-0,25503
203,54600;-1,38941;-0,25503
203,55602;-1,38924;-0,25498
203,56602;-1,38907;-0,25507
203,57600;-1,38890;-0,25491
203,58602;-1,38873;-0,25511
203,59602;-1,38856;-0,25483
203,60600;-1,38839;-0,25514
203,61602;-1,38822;-0,25484
203,62600;-1,38805;-0,25510
203,63602;-1,38788;-0,25484
203,64602;-1,38771;-0,25506
203,65600;-1,38760;-0,25492
203,66602;-1,38743;-0,25492
203,67602;-1,38726;-0,25498
203,68600;-1,38709;-0,25487
203,69602;-1,38692;-0,25507
203,70602;-1,38675;-0,25487
203,71600;-1,38658;-0,25512
203,72602;-1,38641;-0,25476
203,73600;-1,38624;-0,25500
203,74600;-1,38601;-0,25474
203,75602;-1,38590;-0,25500
203,76600;-1,38573;-0,25484
203,77602;-1,38556;-0,25490
203,78602;-1,38539;-0,25496
203,79600;-1,38522;-0,25479
203,80602;-1,38505;-0,25491
203,81602;-1,38488;-0,25475
203,82600;-1,38471;-0,25494
203,83602;-1,38454;-0,25479
203,84602;-1,38437;-0,25490
203,85600;-1,38420;-0,25471
203,86602;-1,38403;-0,25489
203,87600;-1,38386;-0,25474
203,88602;-1,38369;-0,25487
203,89602;-1,38352;-0,25476
203,90600;-1,38340;-0,25477
203,91602;-1,38323;-0,25490
203,92602;-1,38306;-0,25483
203,93600;-1,38295;-0,25488
203,94602;-1,38278;-0,25479
203,95602;-1,38261;-0,25483
203,96600;-1,38244;-0,25483
203,97602;-1,38233;-0,25478
203,98600;-1,38216;-0,25473
203,99600;-1,38199;-0,25483
204,00602;-1,38182;-0,25461
204,01600;-1,38165;-0,25480
204,02602;-1,38148;-0,25465
204,03602;-1,38131;-0,25469
204,04600;-1,38114;-0,25468
204,05602;-1,38097;-0,25479
204,06602;-1,38080;-0,25470
204,07600;-1,38063;-0,25484
204,08602;-1,38046;-0,25463
204,09602;-1,38029;-0,25474
204,10600;-1,38012;-0,25469
204,11602;-1,37995;-0,25458
204,12600;-1,37978;-0,25476
204,13602;-1,37966;-0,25456
204,14602;-1,37944;-0,25473
204,15600;-1,37932;-0,25453
204,16602;-1,37915;-0,25467
204,17602;-1,37893;-0,25442
204,18600;-1,37876;-0,25467
204,19602;-1,37859;-0,25452
204,20602;-1,37842;-0,25466
204,21600;-1,37825;-0,25454
204,22602;-1,37808;-0,25458
204,23600;-1,37791;-0,25467
204,24600;-1,37774;-0,25447
204,25602;-1,37757;-0,25471
204,26600;-1,37740;-0,25449
204,27602;-1,37723;-0,25456
204,28602;-1,37706;-0,25451
204,29600;-1,37689;-0,25456
204,30602;-1,37672;-0,25448
204,31602;-1,37655;-0,25459
204,32600;-1,37638;-0,25450
204,33602;-1,37621;-0,25454
204,34602;-1,37604;-0,25459
204,35600;-1,37592;-0,25448
204,36602;-1,37575;-0,25459
204,37600;-1,37558;-0,25446
204,38602;-1,37541;-0,25457
204,39602;-1,37524;-0,25448
204,40600;-1,37507;-0,25460
204,41602;-1,37490;-0,25448
204,42602;-1,37479;-0,25450
204,43600;-1,37462;-0,25449
204,44602;-1,37445;-0,25444
204,45602;-1,37428;-0,25445
204,46600;-1,37411;-0,25446
204,47602;-1,37394;-0,25442
204,48600;-1,37377;-0,25432
204,49600;-1,37360;-0,25446
204,50602;-1,37343;-0,25434
204,51600;-1,37326;-0,25449
204,52602;-1,37309;-0,25440
204,53602;-1,37292;-0,25448
204,54600;-1,37275;-0,25437
204,55602;-1,37258;-0,25447
204,56602;-1,37247;-0,25442
204,57600;-1,37230;-0,25431
204,58602;-1,37213;-0,25448
204,59602;-1,37196;-0,25428
204,60600;-1,37179;-0,25450
204,61602;-1,37162;-0,25431
204,62600;-1,37150;-0,25442
204,63602;-1,37133;-0,25424
204,64602;-1,37116;-0,25446
204,65600;-1,37099;-0,25424
204,66602;-1,37082;-0,25441
204,67602;-1,37065;-0,25432
204,68600;-1,37048;-0,25428
204,69602;-1,37031;-0,25437
204,70602;-1,37014;-0,25413
204,71600;-1,36992;-0,25435
204,72602;-1,36975;-0,25408
204,73600;-1,36958;-0,25442
204,74600;-1,36941;-0,25417
204,75602;-1,36924;-0,25448
204,76600;-1,36912;-0,25415
204,77602;-1,36895;-0,25442
204,78602;-1,36878;-0,25424
204,79600;-1,36861;-0,25431
204,80602;-1,36844;-0,25431
204,81602;-1,36827;-0,25419
204,82600;-1,36810;-0,25435
204,83602;-1,36793;-0,25406
204,84602;-1,36776;-0,25446
204,85600;-1,36759;-0,25403
204,86602;-1,36742;-0,25438
204,87600;-1,36725;-0,25408
204,88602;-1,36708;-0,25435
204,89602;-1,36697;-0,25415
204,90600;-1,36680;-0,25432
204,91602;-1,36663;-0,25417
204,92602;-1,36646;-0,25408
204,93600;-1,36629;-0,25420
204,94602;-1,36612;-0,25406
204,95602;-1,36595;-0,25431
204,96600;-1,36578;-0,25399
204,97602;-1,36561;-0,25438
204,98600;-1,36544;-0,25399
204,99600;-1,36527;-0,25430
205,00602;-1,36516;-0,25401
205,01600;-1,36499;-0,25416
205,02602;-1,36482;-0,25400
205,03602;-1,36465;-0,25421
205,04600;-1,36448;-0,25405
205,05602;-1,36431;-0,25406
205,06602;-1,36414;-0,25417
205,07600;-1,36397;-0,25401
205,08602;-1,36380;-0,25417
205,09602;-1,36363;-0,25396
205,10600;-1,36346;-0,25409
205,11602;-1,36329;-0,25395
205,12600;-1,36312;-0,25413
205,13602;-1,36295;-0,25397
205,14602;-1,36278;-0,25408
205,15600;-1,36261;-0,25401
205,16602;-1,36244;-0,25403
205,17602;-1,36227;-0,25398
205,18600;-1,36210;-0,25399
205,19602;-1,36193;-0,25403
205,20602;-1,36176;-0,25387
205,21600;-1,36159;-0,25408
205,22602;-1,36142;-0,25401
205,23600;-1,36130;-0,25398
205,24600;-1,36113;-0,25397
205,25602;-1,36102;-0,25398
205,26600;-1,36085;-0,25389
205,27602;-1,36068;-0,25396
205,28602;-1,36051;-0,25395
205,29600;-1,36034;-0,25382
205,30602;-1,36017;-0,25394
205,31602;-1,36000;-0,25387
205,32600;-1,35983;-0,25394
205,33602;-1,35966;-0,25384
205,34602;-1,35949;-0,25386
205,35600;-1,35932;-0,25380
205,36602;-1,35915;-0,25390
205,37600;-1,35898;-0,25389
205,38602;-1,35881;-0,25386
205,39602;-1,35864;-0,25387
205,40600;-1,35847;-0,25384
205,41602;-1,35830;-0,25388
205,42602;-1,35813;-0,25385
205,43600;-1,35802;-0,25392
205,44602;-1,35785;-0,25372
205,45602;-1,35762;-0,25391
205,46600;-1,35745;-0,25377
205,47602;-1,35728;-0,25381
205,48600;-1,35711;-0,25381
205,49600;-1,35694;-0,25384
205,50602;-1,35677;-0,25369
205,51600;-1,35660;-0,25380
205,52602;-1,35643;-0,25381
205,53602;-1,35626;-0,25363
205,54600;-1,35609;-0,25391
205,55602;-1,35592;-0,25369
205,56602;-1,35575;-0,25383
205,57600;-1,35558;-0,25372
205,58602;-1,35541;-0,25382
205,59602;-1,35524;-0,25365
205,60600;-1,35507;-0,25379
205,61602;-1,35490;-0,25367
205,62600;-1,35473;-0,25364
205,63602;-1,35456;-0,25381
205,64602;-1,35439;-0,25364
205,65600;-1,35422;-0,25375
205,66602;-1,35411;-0,25356
205,67602;-1,35394;-0,25391
205,68600;-1,35377;-0,25355
205,69602;-1,35360;-0,25377
205,70602;-1,35343;-0,25363
205,71600;-1,35326;-0,25364
205,72602;-1,35314;-0,25363
205,73600;-1,35297;-0,25366
205,74600;-1,35280;-0,25353
205,75602;-1,35263;-0,25357
205,76600;-1,35246;-0,25369
205,77602;-1,35229;-0,25355
205,78602;-1,35212;-0,25379
205,79600;-1,35195;-0,25344
205,80602;-1,35178;-0,25368
205,81602;-1,35161;-0,25350
205,82600;-1,35150;-0,25363
205,83602;-1,35133;-0,25355
205,84602;-1,35116;-0,25359
205,85600;-1,35099;-0,25352
205,86602;-1,35082;-0,25359
205,87600;-1,35065;-0,25359
205,88602;-1,35048;-0,25347
205,89602;-1,35031;-0,25363
205,90600;-1,35014;-0,25340
205,91602;-1,35003;-0,25368
205,92602;-1,34986;-0,25335
205,93600;-1,34969;-0,25363
205,94602;-1,34952;-0,25337
205,95602;-1,34935;-0,25352
205,96600;-1,34912;-0,25335
205,97602;-1,34895;-0,25359
205,98600;-1,34878;-0,25341
205,99600;-1,34861;-0,25344
206,00602;-1,34844;-0,25355
206,01600;-1,34827;-0,25334
206,02602;-1,34810;-0,25356
206,03602;-1,34793;-0,25333
206,04600;-1,34776;-0,25352
206,05602;-1,34759;-0,25326
206,06602;-1,34742;-0,25361
206,07600;-1,34725;-0,25331
206,08602;-1,34714;-0,25353
206,09602;-1,34697;-0,25335
206,10600;-1,34680;-0,25342
206,11602;-1,34663;-0,25342
206,12600;-1,34646;-0,25332
206,13602;-1,34629;-0,25340
206,14602;-1,34612;-0,25325
206,15600;-1,34595;-0,25346
206,16602;-1,34578;-0,25326
206,17602;-1,34561;-0,25350
206,18600;-1,34544;-0,25320
206,19602;-1,34527;-0,25347
206,20602;-1,34510;-0,25323
206,21600;-1,34493;-0,25342
206,22602;-1,34476;-0,25335
206,23600;-1,34459;-0,25329
206,24600;-1,34442;-0,25342
206,25602;-1,34425;-0,25321
206,26600;-1,34413;-0,25347
206,27602;-1,34396;-0,25310
206,28602;-1,34379;-0,25343
206,29600;-1,34362;-0,25311
206,30602;-1,34345;-0,25344
206,31602;-1,34328;-0,25306
206,32600;-1,34311;-0,25347
206,33602;-1,34294;-0,25311
206,34602;-1,34277;-0,25339
206,35600;-1,34260;-0,25327
206,36602;-1,34243;-0,25323
206,37600;-1,34232;-0,25335
206,38602;-1,34215;-0,25321
206,39602;-1,34198;-0,25340
206,40600;-1,34181;-0,25308
206,41602;-1,34164;-0,25339
206,42602;-1,34147;-0,25298
206,43600;-1,34130;-0,25339
206,44602;-1,34113;-0,25301
206,45602;-1,34096;-0,25334
206,46600;-1,34079;-0,25302
206,47602;-1,34062;-0,25325
206,48600;-1,34045;-0,25312
206,49600;-1,34028;-0,25310
206,50602;-1,34011;-0,25325
206,51600;-1,34000;-0,25305
206,52602;-1,33983;-0,25324
206,53602;-1,33966;-0,25298
206,54600;-1,33949;-0,25332
206,55602;-1,33932;-0,25284
206,56602;-1,33915;-0,25335
206,57600;-1,33903;-0,25295
206,58602;-1,33886;-0,25323
206,59602;-1,33869;-0,25308
206,60600;-1,33847;-0,25317
206,61602;-1,33830;-0,25299
206,62600;-1,33813;-0,25305
206,63602;-1,33796;-0,25307
206,64602;-1,33779;-0,25288
206,65600;-1,33762;-0,25323
206,66602;-1,33745;-0,25284
206,67602;-1,33728;-0,25331
206,68600;-1,33711;-0,25286
206,69602;-1,33694;-0,25324
206,70602;-1,33677;-0,25285
206,71600;-1,33665;-0,25314
206,72602;-1,33648;-0,25290
206,73600;-1,33631;-0,25303
206,74600;-1,33614;-0,25288
206,75602;-1,33597;-0,25299
206,76600;-1,33575;-0,25296
206,77602;-1,33558;-0,25291
206,78602;-1,33541;-0,25303
206,79600;-1,33524;-0,25272
206,80602;-1,33507;-0,25303
206,81602;-1,33490;-0,25272
206,82600;-1,33473;-0,25306
206,83602;-1,33456;-0,25278
206,84602;-1,33439;-0,25297
206,85600;-1,33422;-0,25278
206,86602;-1,33405;-0,25308
206,87600;-1,33388;-0,25279
206,88602;-1,33371;-0,25291
206,89602;-1,33354;-0,25288
206,90600;-1,33342;-0,25278
206,91602;-1,33325;-0,25299
206,92602;-1,33308;-0,25270
206,93600;-1,33291;-0,25290
206,94602;-1,33274;-0,25264
206,95602;-1,33257;-0,25300
206,96600;-1,33240;-0,25266
206,97602;-1,33223;-0,25296
206,98600;-1,33212;-0,25263
206,99602;-1,33195;-0,25292
207,00602;-1,33178;-0,25275
207,01600;-1,33161;-0,25284
207,02602;-1,33144;-0,25287
207,03602;-1,33127;-0,25271
207,04600;-1,33116;-0,25296
207,05602;-1,33099;-0,25268
207,06602;-1,33082;-0,25292
207,07600;-1,33065;-0,25263
207,08602;-1,33048;-0,25301
207,09602;-1,33031;-0,25254
207,10600;-1,33014;-0,25302
207,11602;-1,32997;-0,25261
207,12600;-1,32980;-0,25291
207,13602;-1,32968;-0,25265
207,14602;-1,32951;-0,25271
207,15600;-1,32934;-0,25266
207,16602;-1,32917;-0,25266
207,17602;-1,32900;-0,25287
207,18600;-1,32883;-0,25252
207,19602;-1,32866;-0,25288
207,20602;-1,32849;-0,25250
207,21600;-1,32832;-0,25297
207,22602;-1,32815;-0,25235
207,23600;-1,32798;-0,25294
207,24602;-1,32781;-0,25238
207,25602;-1,32764;-0,25289
207,26600;-1,32747;-0,25260
207,27602;-1,32730;-0,25270
207,28602;-1,32713;-0,25264
207,29600;-1,32696;-0,25268
207,30602;-1,32679;-0,25272
207,31602;-1,32662;-0,25252
207,32600;-1,32645;-0,25275
207,33602;-1,32628;-0,25235
207,34602;-1,32611;-0,25287
207,35600;-1,32594;-0,25242
207,36602;-1,32583;-0,25300
207,37600;-1,32566;-0,25241
207,38602;-1,32549;-0,25286
207,39602;-1,32532;-0,25242
207,40600;-1,32515;-0,25275
207,41602;-1,32498;-0,25250
207,42602;-1,32481;-0,25253
207,43600;-1,32464;-0,25261
207,44602;-1,32447;-0,25256
207,45602;-1,32430;-0,25270
207,46600;-1,32413;-0,25245
207,47602;-1,32396;-0,25282
207,48600;-1,32379;-0,25228
207,49602;-1,32362;-0,25282
207,50602;-1,32345;-0,25238
207,51600;-1,32328;-0,25258
207,52602;-1,32311;-0,25246
207,53602;-1,32300;-0,25259
207,54600;-1,32283;-0,25245
207,55602;-1,32266;-0,25259
207,56602;-1,32249;-0,25265
207,57600;-1,32232;-0,25236
207,58602;-1,32215;-0,25279
207,59602;-1,32198;-0,25233
207,60600;-1,32181;-0,25263
207,61602;-1,32164;-0,25233
207,62600;-1,32147;-0,25260
207,63602;-1,32130;-0,25232
207,64602;-1,32113;-0,25262
207,65600;-1,32096;-0,25248
207,66602;-1,32079;-0,25250
207,67602;-1,32062;-0,25259
207,68600;-1,32050;-0,25242
207,69602;-1,32033;-0,25250
207,70602;-1,32016;-0,25237
207,71600;-1,31999;-0,25262
207,72602;-1,31982;-0,25224
207,73600;-1,31965;-0,25260
207,74602;-1,31948;-0,25239
207,75602;-1,31931;-0,25240
207,76600;-1,31914;-0,25250
207,77602;-1,31897;-0,25237
207,78602;-1,31880;-0,25236
207,79600;-1,31863;-0,25242
207,80602;-1,31846;-0,25244
207,81602;-1,31829;-0,25227
207,82600;-1,31818;-0,25250
207,83602;-1,31801;-0,25223
207,84602;-1,31784;-0,25242
207,85600;-1,31767;-0,25235
207,86602;-1,31750;-0,25237
207,87600;-1,31733;-0,25234
207,88602;-1,31716;-0,25230
207,89602;-1,31699;-0,25233
207,90600;-1,31682;-0,25223
207,91602;-1,31665;-0,25234
207,92602;-1,31648;-0,25225
207,93600;-1,31631;-0,25232
207,94602;-1,31614;-0,25220
207,95602;-1,31597;-0,25234
207,96600;-1,31580;-0,25214
207,97602;-1,31563;-0,25231
207,98600;-1,31546;-0,25218
207,99602;-1,31529;-0,25220
208,00602;-1,31518;-0,25229
208,01600;-1,31501;-0,25223
208,02602;-1,31484;-0,25223
208,03602;-1,31467;-0,25225
208,04600;-1,31450;-0,25223
208,05602;-1,31427;-0,25217
208,06602;-1,31410;-0,25236
208,07600;-1,31393;-0,25212
208,08602;-1,31376;-0,25223
208,09602;-1,31359;-0,25217
208,10600;-1,31342;-0,25224
208,11602;-1,31325;-0,25220
208,12600;-1,31308;-0,25224
208,13602;-1,31291;-0,25214
208,14602;-1,31274;-0,25212
208,15600;-1,31257;-0,25220
208,16602;-1,31240;-0,25214
208,17602;-1,31223;-0,25214
208,18600;-1,31206;-0,25211
208,19602;-1,31189;-0,25227
208,20602;-1,31178;-0,25205
208,21600;-1,31161;-0,25225
208,22602;-1,31144;-0,25202
208,23600;-1,31127;-0,25206
208,24602;-1,31110;-0,25217
208,25602;-1,31093;-0,25213
208,26600;-1,31076;-0,25210
208,27602;-1,31064;-0,25210
208,28602;-1,31047;-0,25216
208,29600;-1,31030;-0,25204
208,30602;-1,31013;-0,25223
208,31602;-1,30996;-0,25197
208,32600;-1,30979;-0,25214
208,33602;-1,30968;-0,25210
208,34602;-1,30951;-0,25216
208,35600;-1,30934;-0,25204
208,36602;-1,30917;-0,25211
208,37600;-1,30900;-0,25207
208,38602;-1,30883;-0,25204
208,39602;-1,30866;-0,25215
208,40600;-1,30849;-0,25212
208,41602;-1,30832;-0,25204
208,42602;-1,30815;-0,25206
208,43600;-1,30798;-0,25215
208,44602;-1,30781;-0,25204
208,45602;-1,30764;-0,25215
208,46600;-1,30747;-0,25201
208,47602;-1,30730;-0,25199
208,48600;-1,30713;-0,25206
208,49602;-1,30696;-0,25207
208,50602;-1,30685;-0,25200
208,51600;-1,30668;-0,25210
208,52602;-1,30651;-0,25201
208,53602;-1,30634;-0,25206
208,54600;-1,30617;-0,25208
208,55602;-1,30600;-0,25203
208,56602;-1,30583;-0,25209
208,57600;-1,30566;-0,25203
208,58602;-1,30549;-0,25215
208,59602;-1,30532;-0,25207
208,60600;-1,30515;-0,25213
208,61602;-1,30498;-0,25194
208,62600;-1,30481;-0,25214
208,63602;-1,30464;-0,25200
208,64602;-1,30447;-0,25208
208,65600;-1,30430;-0,25205
208,66602;-1,30418;-0,25202
208,67602;-1,30401;-0,25207
208,68600;-1,30384;-0,25198
208,69602;-1,30367;-0,25203
208,70602;-1,30345;-0,25198
208,71600;-1,30328;-0,25213
208,72602;-1,30311;-0,25181
208,73600;-1,30294;-0,25204
208,74602;-1,30277;-0,25189
208,75602;-1,30260;-0,25198
208,76600;-1,30243;-0,25199
208,77602;-1,30226;-0,25201
208,78602;-1,30209;-0,25195
208,79600;-1,30192;-0,25201
208,80602;-1,30175;-0,25195
208,81602;-1,30158;-0,25183
208,82600;-1,30141;-0,25188
208,83602;-1,30129;-0,25185
208,84602;-1,30112;-0,25202
208,85600;-1,30095;-0,25181
208,86602;-1,30078;-0,25202
208,87600;-1,30061;-0,25183
208,88602;-1,30044;-0,25195
208,89602;-1,30027;-0,25189
208,90600;-1,30010;-0,25194
208,91602;-1,29993;-0,25185
208,92602;-1,29976;-0,25193
208,93600;-1,29959;-0,25185
208,94602;-1,29942;-0,25188
208,95602;-1,29925;-0,25195
208,96600;-1,29908;-0,25186
208,97602;-1,29891;-0,25202
208,98600;-1,29874;-0,25177
208,99602;-1,29857;-0,25196
209,00602;-1,29840;-0,25170
209,01600;-1,29823;-0,25196
209,02602;-1,29806;-0,25171
209,03602;-1,29789;-0,25182
209,04600;-1,29778;-0,25179
209,05602;-1,29761;-0,25193
209,06602;-1,29744;-0,25183
209,07600;-1,29727;-0,25183
209,08602;-1,29710;-0,25192
209,09602;-1,29699;-0,25172
209,10600;-1,29682;-0,25201
209,11602;-1,29665;-0,25162
209,12600;-1,29648;-0,25186
209,13602;-1,29631;-0,25162
209,14602;-1,29614;-0,25200
209,15600;-1,29602;-0,25169
209,16602;-1,29585;-0,25189
209,17602;-1,29568;-0,25175
209,18600;-1,29551;-0,25178
209,19602;-1,29534;-0,25188
209,20602;-1,29517;-0,25167
209,21600;-1,29500;-0,25180
209,22602;-1,29483;-0,25158
209,23600;-1,29466;-0,25184
209,24602;-1,29444;-0,25160
209,25602;-1,29432;-0,25189
209,26600;-1,29415;-0,25155
209,27602;-1,29393;-0,25186
209,28602;-1,29381;-0,25163
209,29600;-1,29364;-0,25185
209,30602;-1,29347;-0,25166
209,31602;-1,29330;-0,25168
209,32600;-1,29313;-0,25171
209,33602;-1,29296;-0,25163
209,34602;-1,29279;-0,25182
209,35600;-1,29262;-0,25165
209,36602;-1,29245;-0,25186
209,37600;-1,29228;-0,25156
209,38602;-1,29211;-0,25196
209,39602;-1,29194;-0,25160
209,40600;-1,29177;-0,25187
209,41602;-1,29160;-0,25160
209,42602;-1,29143;-0,25179
209,43600;-1,29126;-0,25166
209,44602;-1,29109;-0,25173
209,45602;-1,29092;-0,25172
209,46600;-1,29075;-0,25169
209,47602;-1,29058;-0,25185
209,48600;-1,29041;-0,25167
209,49602;-1,29030;-0,25188
209,50602;-1,29013;-0,25162
209,51600;-1,28996;-0,25179
209,52602;-1,28979;-0,25160
209,53602;-1,28962;-0,25181
209,54600;-1,28945;-0,25163
209,55602;-1,28928;-0,25177
209,56602;-1,28911;-0,25166
209,57600;-1,28894;-0,25175
209,58602;-1,28877;-0,25170
209,59602;-1,28860;-0,25174
209,60600;-1,28843;-0,25173
209,61602;-1,28832;-0,25162
209,62600;-1,28815;-0,25173
209,63602;-1,28798;-0,25162
209,64602;-1,28781;-0,25171
209,65600;-1,28764;-0,25155
209,66602;-1,28747;-0,25168
209,67602;-1,28730;-0,25147
209,68600;-1,28713;-0,25169
209,69602;-1,28701;-0,25153
209,70602;-1,28684;-0,25159
209,71600;-1,28667;-0,25164
209,72602;-1,28650;-0,25159
209,73600;-1,28633;-0,25165
209,74602;-1,28616;-0,25157
209,75602;-1,28599;-0,25158
209,76600;-1,28582;-0,25150
209,77602;-1,28565;-0,25164
209,78602;-1,28548;-0,25141
209,79600;-1,28531;-0,25163
209,80602;-1,28514;-0,25144
209,81602;-1,28497;-0,25161
209,82600;-1,28480;-0,25144
209,83602;-1,28463;-0,25153
209,84602;-1,28446;-0,25145
209,85600;-1,28429;-0,25138
209,86602;-1,28412;-0,25146
209,87600;-1,28395;-0,25144
209,88602;-1,28378;-0,25144
209,89602;-1,28361;-0,25142
209,90600;-1,28350;-0,25152
209,91602;-1,28333;-0,25131
209,92602;-1,28316;-0,25148
209,93600;-1,28299;-0,25135
209,94602;-1,28282;-0,25143
209,95602;-1,28265;-0,25143
209,96600;-1,28248;-0,25139
209,97602;-1,28231;-0,25141
209,98600;-1,28214;-0,25137
209,99602;-1,28197;-0,25139
210,00602;-1,28180;-0,25136
210,01600;-1,28163;-0,25132
210,02602;-1,28146;-0,25139
210,03602;-1,28129;-0,25131
210,04600;-1,28112;-0,25134
210,05602;-1,28095;-0,25135
210,06602;-1,28072;-0,25133
210,07600;-1,28061;-0,25133
210,08602;-1,28038;-0,25140
210,09602;-1,28021;-0,25127
210,10600;-1,28004;-0,25135
210,11602;-1,27987;-0,25125
210,12600;-1,27976;-0,25131
210,13602;-1,27959;-0,25134
210,14602;-1,27942;-0,25126
210,15600;-1,27925;-0,25136
210,16602;-1,27908;-0,25122
210,17602;-1,27891;-0,25133
210,18600;-1,27874;-0,25135
210,19602;-1,27857;-0,25128
210,20602;-1,27840;-0,25132
210,21600;-1,27823;-0,25133
210,22602;-1,27806;-0,25123
210,23600;-1,27789;-0,25136
210,24602;-1,27772;-0,25131
210,25602;-1,27755;-0,25124
210,26600;-1,27738;-0,25136
210,27602;-1,27721;-0,25121
210,28602;-1,27704;-0,25136
210,29600;-1,27693;-0,25120
210,30602;-1,27676;-0,25131
210,31602;-1,27659;-0,25122
210,32600;-1,27642;-0,25128
210,33602;-1,27625;-0,25130
210,34602;-1,27608;-0,25127
210,35600;-1,27591;-0,25126
210,36602;-1,27574;-0,25125
210,37600;-1,27557;-0,25134
210,38602;-1,27545;-0,25116
210,39602;-1,27528;-0,25133
210,40600;-1,27511;-0,25112
210,41602;-1,27494;-0,25125
210,42602;-1,27477;-0,25127
210,43600;-1,27460;-0,25126
210,44602;-1,27449;-0,25124
210,45602;-1,27432;-0,25121
210,46600;-1,27415;-0,25132
210,47602;-1,27398;-0,25128
210,48600;-1,27381;-0,25129
210,49602;-1,27364;-0,25116
210,50602;-1,27347;-0,25135
210,51600;-1,27330;-0,25116
210,52602;-1,27313;-0,25130
210,53602;-1,27296;-0,25116
210,54600;-1,27279;-0,25116
210,55602;-1,27262;-0,25132
210,56602;-1,27245;-0,25117
210,57600;-1,27228;-0,25132
210,58602;-1,27211;-0,25119
210,59602;-1,27194;-0,25128
210,60600;-1,27177;-0,25113
210,61602;-1,27160;-0,25132
210,62600;-1,27143;-0,25109
210,63602;-1,27126;-0,25132
210,64602;-1,27109;-0,25115
210,65600;-1,27092;-0,25125
210,66602;-1,27075;-0,25118
210,67602;-1,27058;-0,25121
210,68600;-1,27041;-0,25132
210,69602;-1,27024;-0,25112
210,70602;-1,27001;-0,25128
210,71600;-1,26984;-0,25113
210,72602;-1,26973;-0,25125
210,73600;-1,26956;-0,25110
210,74602;-1,26939;-0,25130
210,75602;-1,26922;-0,25102
210,76600;-1,26905;-0,25132
210,77602;-1,26894;-0,25124
210,78602;-1,26877;-0,25124
210,79600;-1,26860;-0,25127
210,80602;-1,26843;-0,25111
210,81602;-1,26826;-0,25133
210,82600;-1,26814;-0,25111
210,83602;-1,26797;-0,25140
210,84602;-1,26780;-0,25108
210,85600;-1,26763;-0,25145
210,86602;-1,26746;-0,25106
210,87600;-1,26729;-0,25136
210,88602;-1,26712;-0,25106
210,89602;-1,26695;-0,25121
210,90600;-1,26678;-0,25121
210,91602;-1,26661;-0,25119
210,92602;-1,26650;-0,25134
210,93600;-1,26633;-0,25115
210,94602;-1,26616;-0,25138
210,95602;-1,26599;-0,25110
210,96600;-1,26582;-0,25134
210,97602;-1,26565;-0,25103
210,98600;-1,26548;-0,25135
210,99602;-1,26531;-0,25109
211,00602;-1,26514;-0,25135
211,01600;-1,26497;-0,25113
211,02602;-1,26480;-0,25120
211,03602;-1,26463;-0,25123
211,04600;-1,26446;-0,25113
211,05602;-1,26429;-0,25124
211,06602;-1,26412;-0,25102
211,07600;-1,26395;-0,25132
211,08602;-1,26378;-0,25105
211,09602;-1,26361;-0,25131
211,10600;-1,26344;-0,25109
211,11602;-1,26333;-0,25119
211,12600;-1,26316;-0,25108
211,13602;-1,26299;-0,25121
211,14602;-1,26282;-0,25109
211,15600;-1,26265;-0,25111
211,16602;-1,26248;-0,25119
211,17602;-1,26231;-0,25108
211,18600;-1,26214;-0,25126
211,19602;-1,26197;-0,25113
211,20602;-1,26180;-0,25121
211,21600;-1,26163;-0,25102
211,22602;-1,26146;-0,25129
211,23600;-1,26129;-0,25097
211,24602;-1,26112;-0,25128
211,25602;-1,26100;-0,25105
211,26600;-1,26083;-0,25119
211,27602;-1,26066;-0,25110
211,28602;-1,26049;-0,25117
211,29600;-1,26032;-0,25118
211,30602;-1,26015;-0,25101
211,31602;-1,25993;-0,25124
211,32600;-1,25976;-0,25096
211,33602;-1,25959;-0,25126
211,34602;-1,25942;-0,25098
211,35600;-1,25925;-0,25118
211,36602;-1,25908;-0,25093
211,37600;-1,25891;-0,25123
211,38602;-1,25874;-0,25101
211,39602;-1,25857;-0,25122
211,40600;-1,25840;-0,25110
211,41602;-1,25823;-0,25104
211,42602;-1,25806;-0,25117
211,43600;-1,25789;-0,25104
211,44602;-1,25772;-0,25106
211,45602;-1,25760;-0,25098
211,46600;-1,25738;-0,25116
211,47602;-1,25726;-0,25095
211,48600;-1,25704;-0,25127
211,49602;-1,25687;-0,25094
211,50602;-1,25670;-0,25113
211,51600;-1,25653;-0,25104
211,52602;-1,25636;-0,25105
211,53602;-1,25619;-0,25114
211,54600;-1,25602;-0,25097
211,55602;-1,25590;-0,25121
211,56602;-1,25573;-0,25096
211,57600;-1,25556;-0,25133
211,58602;-1,25539;-0,25094
211,59602;-1,25528;-0,25133
211,60600;-1,25511;-0,25096
211,61602;-1,25494;-0,25131
211,62600;-1,25477;-0,25091
211,63602;-1,25460;-0,25112
211,64602;-1,25443;-0,25105
211,65600;-1,25426;-0,25104
211,66602;-1,25409;-0,25121
211,67602;-1,25398;-0,25111
211,68600;-1,25381;-0,25131
211,69602;-1,25364;-0,25096
211,70602;-1,25347;-0,25131
211,71600;-1,25330;-0,25093
211,72602;-1,25318;-0,25131
211,73600;-1,25301;-0,25102
211,74602;-1,25284;-0,25129
211,75602;-1,25267;-0,25100
211,76600;-1,25250;-0,25124
211,77602;-1,25233;-0,25122
211,78602;-1,25216;-0,25109
211,79600;-1,25199;-0,25127
211,80602;-1,25182;-0,25111
211,81602;-1,25165;-0,25127
211,82600;-1,25148;-0,25103
211,83602;-1,25131;-0,25134
211,84602;-1,25114;-0,25095
211,85600;-1,25097;-0,25141
211,86602;-1,25080;-0,25106
211,87600;-1,25063;-0,25133
211,88602;-1,25046;-0,25115
211,89602;-1,25029;-0,25119
211,90600;-1,25012;-0,25124
211,91602;-1,24995;-0,25113
211,92602;-1,24978;-0,25118
211,93600;-1,24961;-0,25103
211,94602;-1,24944;-0,25131
211,95602;-1,24927;-0,25106
211,96600;-1,24910;-0,25136
211,97602;-1,24893;-0,25100
211,98600;-1,24876;-0,25134
211,99602;-1,24859;-0,25115
212,00602;-1,24842;-0,25129
212,01600;-1,24825;-0,25124
212,02602;-1,24808;-0,25121
212,03602;-1,24791;-0,25132
212,04600;-1,24774;-0,25122
212,05602;-1,24757;-0,25131
212,06602;-1,24740;-0,25111
212,07600;-1,24729;-0,25141
212,08602;-1,24712;-0,25114
212,09602;-1,24695;-0,25149
212,10600;-1,24678;-0,25110
212,11602;-1,24661;-0,25139
212,12600;-1,24644;-0,25120
212,13602;-1,24627;-0,25125
212,14602;-1,24610;-0,25128
212,15600;-1,24593;-0,25119
212,16602;-1,24576;-0,25124
212,17602;-1,24559;-0,25115
212,18600;-1,24542;-0,25147
212,19602;-1,24525;-0,25101
212,20602;-1,24514;-0,25150
212,21600;-1,24497;-0,25108
212,22602;-1,24480;-0,25141
212,23600;-1,24463;-0,25120
212,24602;-1,24451;-0,25131
212,25602;-1,24434;-0,25116
212,26600;-1,24412;-0,25127
212,27602;-1,24400;-0,25125
212,28602;-1,24378;-0,25116
212,29600;-1,24361;-0,25134
212,30602;-1,24344;-0,25110
212,31602;-1,24332;-0,25149
212,32600;-1,24310;-0,25115
212,33602;-1,24298;-0,25138
212,34602;-1,24281;-0,25114
212,35600;-1,24264;-0,25142
212,36602;-1,24247;-0,25113
212,37600;-1,24230;-0,25135
212,38602;-1,24213;-0,25129
212,39602;-1,24196;-0,25133
212,40600;-1,24185;-0,25134
212,41602;-1,24168;-0,25135
212,42602;-1,24151;-0,25140
212,43600;-1,24134;-0,25119
212,44602;-1,24117;-0,25154
212,45602;-1,24100;-0,25118
212,46600;-1,24083;-0,25142
212,47602;-1,24066;-0,25128
212,48600;-1,24049;-0,25140
212,49602;-1,24032;-0,25119
212,50602;-1,24015;-0,25142
212,51600;-1,23998;-0,25125
212,52602;-1,23981;-0,25139
212,53602;-1,23964;-0,25152
212,54600;-1,23947;-0,25128
212,55602;-1,23930;-0,25144
212,56602;-1,23913;-0,25135
212,57600;-1,23896;-0,25147
212,58602;-1,23879;-0,25137
212,59602;-1,23862;-0,25146
212,60600;-1,23845;-0,25127
212,61602;-1,23828;-0,25146
212,62600;-1,23811;-0,25140
212,63602;-1,23794;-0,25141
212,64602;-1,23777;-0,25137
212,65600;-1,23760;-0,25142
212,66602;-1,23737;-0,25154
212,67602;-1,23720;-0,25141
212,68600;-1,23703;-0,25159
212,69602;-1,23686;-0,25146
212,70602;-1,23669;-0,25156
212,71600;-1,23658;-0,25156
212,72602;-1,23641;-0,25155
212,73600;-1,23624;-0,25142
212,74602;-1,23607;-0,25159
212,75602;-1,23590;-0,25146
212,76600;-1,23573;-0,25152
212,77602;-1,23556;-0,25159
212,78602;-1,23539;-0,25151
212,79600;-1,23516;-0,25171
212,80602;-1,23499;-0,25164
212,81602;-1,23488;-0,25172
212,82600;-1,23471;-0,25149
212,83602;-1,23454;-0,25169
212,84602;-1,23437;-0,25155
212,85600;-1,23426;-0,25176
212,86602;-1,23409;-0,25159
212,87600;-1,23392;-0,25174
212,88602;-1,23380;-0,25161
212,89602;-1,23363;-0,25173
212,90600;-1,23346;-0,25170
212,91602;-1,23329;-0,25163
212,92602;-1,23312;-0,25172
212,93600;-1,23295;-0,25169
212,94602;-1,23278;-0,25178
212,95602;-1,23261;-0,25163
212,96600;-1,23244;-0,25189
212,97602;-1,23227;-0,25164
212,98600;-1,23216;-0,25193
212,99602;-1,23199;-0,25174
213,00602;-1,23182;-0,25192
213,01600;-1,23165;-0,25180
213,02602;-1,23148;-0,25192
213,03602;-1,23131;-0,25175
213,04600;-1,23114;-0,25182
213,05602;-1,23103;-0,25196
213,06602;-1,23086;-0,25184
213,07600;-1,23069;-0,25206
213,08602;-1,23052;-0,25186
213,09602;-1,23035;-0,25203
213,10600;-1,23018;-0,25184
213,11602;-1,23001;-0,25207
213,12600;-1,22978;-0,25182
213,13602;-1,22967;-0,25202
213,14602;-1,22944;-0,25198
213,15600;-1,22927;-0,25207
213,16602;-1,22910;-0,25203
213,17602;-1,22893;-0,25211
213,18600;-1,22882;-0,25211
213,19602;-1,22865;-0,25205
213,20602;-1,22848;-0,25221
213,21600;-1,22831;-0,25205
213,22602;-1,22814;-0,25208
213,23600;-1,22797;-0,25211
213,24602;-1,22780;-0,25219
213,25602;-1,22763;-0,25208
213,26600;-1,22746;-0,25231
213,27602;-1,22723;-0,25214
213,28602;-1,22706;-0,25230
213,29600;-1,22689;-0,25227
213,30602;-1,22672;-0,25228
213,31602;-1,22655;-0,25228
213,32600;-1,22638;-0,25226
213,33602;-1,22621;-0,25227
213,34602;-1,22604;-0,25234
213,35600;-1,22587;-0,25233
213,36602;-1,22576;-0,25239
213,37600;-1,22559;-0,25240
213,38602;-1,22542;-0,25239
213,39602;-1,22525;-0,25247
213,40600;-1,22508;-0,25236
213,41602;-1,22491;-0,25245
213,42602;-1,22474;-0,25250
213,43600;-1,22457;-0,25244
213,44602;-1,22440;-0,25261
213,45602;-1,22423;-0,25260
213,46600;-1,22406;-0,25249
213,47602;-1,22389;-0,25265
213,48600;-1,22372;-0,25266
213,49602;-1,22355;-0,25274
213,50602;-1,22343;-0,25270
213,51600;-1,22326;-0,25264
213,52602;-1,22309;-0,25269
213,53602;-1,22292;-0,25275
213,54600;-1,22270;-0,25273
213,55602;-1,22253;-0,25278
213,56602;-1,22236;-0,25275
213,57600;-1,22219;-0,25279
213,58602;-1,22202;-0,25296
213,59602;-1,22185;-0,25279
213,60600;-1,22173;-0,25305
213,61602;-1,22156;-0,25287
213,62600;-1,22139;-0,25300
213,63602;-1,22122;-0,25293
213,64602;-1,22105;-0,25306
213,65600;-1,22088;-0,25289
213,66602;-1,22071;-0,25313
213,67602;-1,22054;-0,25297
213,68600;-1,22037;-0,25311
213,69602;-1,22026;-0,25309
213,70602;-1,22009;-0,25317
213,71600;-1,21992;-0,25322
213,72602;-1,21975;-0,25309
213,73600;-1,21958;-0,25333
213,74602;-1,21941;-0,25311
213,75602;-1,21924;-0,25334
213,76600;-1,21907;-0,25319
213,77602;-1,21890;-0,25338
213,78602;-1,21873;-0,25317
213,79600;-1,21856;-0,25350
213,80602;-1,21839;-0,25331
213,81602;-1,21822;-0,25349
213,82600;-1,21805;-0,25344
213,83602;-1,21794;-0,25350
213,84602;-1,21777;-0,25358
213,85600;-1,21760;-0,25351
213,86602;-1,21743;-0,25368
213,87600;-1,21726;-0,25353
213,88602;-1,21709;-0,25374
213,89602;-1,21692;-0,25351
213,90600;-1,21675;-0,25377
213,91602;-1,21658;-0,25364
213,92602;-1,21641;-0,25389
213,93600;-1,21624;-0,25374
213,94602;-1,21601;-0,25386
213,95602;-1,21584;-0,25392
213,96600;-1,21567;-0,25384
213,97602;-1,21550;-0,25408
213,98600;-1,21533;-0,25391
213,99602;-1,21522;-0,25411
214,00602;-1,21505;-0,25399
214,01600;-1,21488;-0,25423
214,02602;-1,21471;-0,25412
214,03602;-1,21454;-0,25425
214,04600;-1,21437;-0,25409
214,05602;-1,21425;-0,25426
214,06602;-1,21403;-0,25425
214,07600;-1,21386;-0,25431
214,08602;-1,21369;-0,25439
214,09602;-1,21352;-0,25436
214,10600;-1,21335;-0,25445
214,11602;-1,21318;-0,25455
214,12600;-1,21306;-0,25460
214,13602;-1,21289;-0,25461
214,14602;-1,21272;-0,25458
214,15600;-1,21255;-0,25471
214,16602;-1,21238;-0,25467
214,17602;-1,21221;-0,25482
214,18600;-1,21204;-0,25480
214,19602;-1,21187;-0,25493
214,20602;-1,21170;-0,25501
214,21600;-1,21159;-0,25507
214,22602;-1,21142;-0,25502
214,23600;-1,21125;-0,25515
214,24602;-1,21108;-0,25512
214,25602;-1,21091;-0,25527
214,26600;-1,21074;-0,25534
214,27602;-1,21063;-0,25536
214,28602;-1,21046;-0,25541
214,29600;-1,21029;-0,25554
214,30602;-1,21012;-0,25555
214,31602;-1,20995;-0,25563
214,32600;-1,20978;-0,25570
214,33602;-1,20966;-0,25581
214,34602;-1,20949;-0,25589
214,35600;-1,20932;-0,25591
214,36602;-1,20915;-0,25598
214,37600;-1,20898;-0,25604
214,38602;-1,20881;-0,25615
214,39602;-1,20864;-0,25631
214,40600;-1,20847;-0,25634
214,41602;-1,20830;-0,25635
214,42602;-1,20813;-0,25655
214,43600;-1,20796;-0,25651
214,44602;-1,20779;-0,25670
214,45602;-1,20762;-0,25676
214,46600;-1,20745;-0,25692
214,47602;-1,20728;-0,25699
214,48600;-1,20711;-0,25723
214,49602;-1,20694;-0,25715
214,50602;-1,20677;-0,25742
214,51600;-1,20660;-0,25742
214,52602;-1,20643;-0,25767
214,53602;-1,20626;-0,25772
214,54600;-1,20609;-0,25791
214,55602;-1,20592;-0,25800
214,56602;-1,20570;-0,25824
214,57600;-1,20553;-0,25841
214,58602;-1,20536;-0,25854
214,59602;-1,20519;-0,25877
214,60600;-1,20502;-0,25895
214,61602;-1,20485;-0,25932
214,62600;-1,20468;-0,25945
214,63602;-1,20451;-0,25992
214,64602;-1,20439;-0,26005
214,65600;-1,20422;-0,26066
214,66602;-1,20405;-0,26106
214,67602;-1,20388;-0,26166
214,68600;-1,20377;-0,26248
214,69602;-1,20360;-0,26615
214,70602;-1,20343;-0,28010
214,71600;-1,20326;-0,28932
214,72602;-1,20309;-0,29985
214,73600;-1,20292;-0,30267
214,74602;-1,20275;-0,30652
214,75602;-1,20258;-0,30581
214,76600;-1,20241;-0,30613
214,77602;-1,20224;-0,30543
214,78602;-1,20207;-0,30432
214,79600;-1,20190;-0,30485
214,80602;-1,20173;-0,30312
214,81602;-1,20162;-0,30458
214,82600;-1,20139;-0,30258
214,83602;-1,20122;-0,30454
214,84602;-1,20105;-0,30246
214,85600;-1,20088;-0,30421
214,86602;-1,20071;-0,30275
214,87600;-1,20054;-0,30366
214,88602;-1,20037;-0,30313
214,89602;-1,20020;-0,30311
214,90600;-1,20009;-0,30341
214,91602;-1,19992;-0,30251
214,92602;-1,19975;-0,30376
214,93600;-1,19958;-0,30204
214,94602;-1,19941;-0,30371
214,95602;-1,19929;-0,30208
214,96600;-1,19912;-0,30351
214,97602;-1,19895;-0,30209
214,98600;-1,19878;-0,30315
214,99602;-1,19867;-0,30234
215,00602;-1,19850;-0,30254
215,01600;-1,19833;-0,30269
215,02602;-1,19816;-0,30202
215,03602;-1,19805;-0,30286
215,04600;-1,19788;-0,30172
215,05602;-1,19771;-0,30307
215,06602;-1,19754;-0,30151
215,07600;-1,19731;-0,30284
215,08602;-1,19714;-0,30161
215,09602;-1,19697;-0,30245
215,10600;-1,19680;-0,30178
215,11602;-1,19669;-0,30209
215,12600;-1,19652;-0,30192
215,13602;-1,19635;-0,30161
215,14602;-1,19618;-0,30229
215,15600;-1,19601;-0,30120
215,16602;-1,19584;-0,30228
215,17602;-1,19567;-0,30112
215,18600;-1,19550;-0,30211
215,19602;-1,19533;-0,30116
215,20602;-1,19516;-0,30190
215,21600;-1,19499;-0,30109
215,22602;-1,19482;-0,30147
215,23600;-1,19465;-0,30134
215,24602;-1,19448;-0,30117
215,25602;-1,19431;-0,30145
215,26600;-1,19414;-0,30091
215,27602;-1,19397;-0,30149
215,28602;-1,19380;-0,30068
215,29600;-1,19363;-0,30152
215,30602;-1,19346;-0,30061
215,31602;-1,19329;-0,30122
215,32600;-1,19312;-0,30077
215,33602;-1,19300;-0,30101
215,34602;-1,19283;-0,30078
215,35600;-1,19266;-0,30065
215,36602;-1,19249;-0,30080
215,37600;-1,19232;-0,30039
215,38602;-1,19215;-0,30094
215,39602;-1,19198;-0,30028
215,40600;-1,19181;-0,30080
215,41602;-1,19164;-0,30007
215,42602;-1,19147;-0,30076
215,43600;-1,19136;-0,30004
215,44602;-1,19119;-0,30038
215,45602;-1,19102;-0,30015
215,46600;-1,19085;-0,30014
215,47602;-1,19068;-0,30021
215,48600;-1,19051;-0,29989
215,49602;-1,19034;-0,30026
215,50602;-1,19017;-0,29963
215,51600;-1,19000;-0,30020
215,51800;-1,18994;-0,30019
215,52000;-1,18994;-0,30004
215,53002;-1,18977;-0,29975
215,54002;-1,18972;-0,29978
215,55000;-1,18972;-0,29999
215,56002;-1,18972;-0,29969
215,57000;-1,18972;-0,30005
215,58002;-1,18972;-0,29945
215,59002;-1,18972;-0,30009
215,60000;-1,18983;-0,29936
215,61002;-1,18983;-0,29994
215,62002;-1,18989;-0,29950
215,63000;-1,18994;-0,29979
215,64002;-1,19000;-0,29962
215,65002;-1,19006;-0,29979
215,66000;-1,19011;-0,29973
215,67002;-1,19023;-0,29958
215,68002;-1,19028;-0,29993
215,69002;-1,19040;-0,29945
215,70002;-1,19057;-0,30004
215,71000;-1,19068;-0,29948
215,72002;-1,19085;-0,29994
215,73002;-1,19102;-0,29960
215,74000;-1,19125;-0,29997
215,75002;-1,19153;-0,29983
215,76002;-1,19181;-0,29993
215,77000;-1,19215;-0,30012
215,78002;-1,19249;-0,29996
215,79002;-1,19283;-0,30034
215,80000;-1,19317;-0,30016
215,81002;-1,19357;-0,30054
215,82000;-1,19391;-0,30014
215,83002;-1,19425;-0,30074
215,84002;-1,19453;-0,30028
215,85000;-1,19482;-0,30064
215,86002;-1,19504;-0,30067
215,87002;-1,19533;-0,30081
215,88000;-1,19555;-0,30098
215,89002;-1,19578;-0,30089
215,90002;-1,19601;-0,30120
215,91000;-1,19623;-0,30104
215,92002;-1,19640;-0,30140
215,93002;-1,19657;-0,30108
215,94002;-1,19680;-0,30155
215,95002;-1,19697;-0,30123
215,96000;-1,19714;-0,30174
215,97002;-1,19731;-0,30151
215,98002;-1,19754;-0,30175
215,99000;-1,19765;-0,30171
216,00002;-1,19782;-0,30172
216,01002;-1,19799;-0,30184
216,02000;-1,19810;-0,30181
216,03002;-1,19827;-0,30195
216,04002;-1,19844;-0,30194
216,05000;-1,19867;-0,30208
216,06002;-1,19884;-0,30196
216,07000;-1,19901;-0,30231
216,08002;-1,19918;-0,30203
216,09002;-1,19935;-0,30242
216,10000;-1,19952;-0,30221
216,11002;-1,19969;-0,30235
216,12002;-1,19980;-0,30231
216,13000;-1,19997;-0,30244
216,14002;-1,20020;-0,30258
216,15002;-1,20037;-0,30262
216,16000;-1,20054;-0,30267
216,17002;-1,20071;-0,30259
216,18002;-1,20094;-0,30284
216,19002;-1,20111;-0,30257
216,20002;-1,20128;-0,30299
216,21000;-1,20145;-0,30275
216,22002;-1,20162;-0,30306
216,23002;-1,20179;-0,30295
216,24000;-1,20196;-0,30315
216,25002;-1,20213;-0,30314
216,26002;-1,20230;-0,30314
216,27000;-1,20247;-0,30327
216,28002;-1,20258;-0,30314
216,29002;-1,20275;-0,30344
216,30000;-1,20286;-0,30321
216,31002;-1,20303;-0,30353
216,32000;-1,20320;-0,30331
216,33002;-1,20337;-0,30368
216,34002;-1,20354;-0,30346
216,35000;-1,20371;-0,30376
216,36002;-1,20394;-0,30365
216,37002;-1,20411;-0,30366
216,38000;-1,20428;-0,30383
216,39002;-1,20445;-0,30367
216,40002;-1,20462;-0,30396
216,41000;-1,20479;-0,30379
216,42002;-1,20496;-0,30411
216,43002;-1,20513;-0,30391
216,44002;-1,20530;-0,30424
216,45002;-1,20547;-0,30402
216,46000;-1,20564;-0,30426
216,47002;-1,20581;-0,30422
216,48002;-1,20598;-0,30422
216,49000;-1,20615;-0,30440
216,50002;-1,20632;-0,30426
216,51002;-1,20649;-0,30444
216,52000;-1,20666;-0,30438
216,53002;-1,20683;-0,30453
216,54002;-1,20700;-0,30446
216,55000;-1,20717;-0,30460
216,56002;-1,20734;-0,30456
216,57000;-1,20751;-0,30467
216,58002;-1,20762;-0,30470
216,59002;-1,20779;-0,30474
216,60000;-1,20796;-0,30477
216,61002;-1,20813;-0,30470
216,62002;-1,20830;-0,30483
216,63000;-1,20842;-0,30486
216,64002;-1,20859;-0,30484
216,65002;-1,20876;-0,30495
216,66000;-1,20887;-0,30505
216,67002;-1,20904;-0,30503
216,68002;-1,20921;-0,30513
216,69002;-1,20938;-0,30510
216,70002;-1,20955;-0,30512
216,71000;-1,20972;-0,30508
216,72002;-1,20989;-0,30524
216,73002;-1,21006;-0,30520
216,74000;-1,21023;-0,30540
216,75002;-1,21034;-0,30522
216,76002;-1,21051;-0,30535
216,77000;-1,21068;-0,30543
216,78002;-1,21080;-0,30540
216,79002;-1,21097;-0,30556
216,80000;-1,21114;-0,30548
216,81002;-1,21136;-0,30566
216,82000;-1,21153;-0,30563
216,83002;-1,21170;-0,30583
216,84002;-1,21187;-0,30561
216,85000;-1,21204;-0,30587
216,86002;-1,21221;-0,30576
216,87002;-1,21238;-0,30596
216,88000;-1,21255;-0,30587
216,89002;-1,21272;-0,30599
216,90002;-1,21289;-0,30599
216,91000;-1,21306;-0,30591
216,92002;-1,21323;-0,30621
216,93002;-1,21340;-0,30602
216,94002;-1,21357;-0,30623
216,95002;-1,21369;-0,30612
216,96000;-1,21386;-0,30629
216,97002;-1,21403;-0,30624
216,98002;-1,21420;-0,30639
216,99000;-1,21442;-0,30629
217,00002;-1,21459;-0,30641
217,01002;-1,21476;-0,30645
217,02000;-1,21493;-0,30644
217,03002;-1,21516;-0,30656
217,04002;-1,21533;-0,30650
217,05000;-1,21544;-0,30665
217,06002;-1,21561;-0,30656
217,07000;-1,21578;-0,30674
217,08002;-1,21595;-0,30676
217,09002;-1,21612;-0,30679
217,10000;-1,21629;-0,30682
217,11002;-1,21646;-0,30684
217,12002;-1,21663;-0,30687
217,13000;-1,21680;-0,30681
217,14002;-1,21697;-0,30702
217,15002;-1,21714;-0,30684
217,16000;-1,21731;-0,30717
217,17002;-1,21748;-0,30703
217,18002;-1,21765;-0,30722
217,19002;-1,21782;-0,30716
217,20002;-1,21799;-0,30723
217,21000;-1,21816;-0,30724
217,22002;-1,21828;-0,30725
217,23002;-1,21845;-0,30735
217,24000;-1,21862;-0,30734
217,25002;-1,21879;-0,30739
217,26002;-1,21896;-0,30745
217,27000;-1,21907;-0,30761
217,28002;-1,21924;-0,30748
217,29002;-1,21941;-0,30761
217,30000;-1,21952;-0,30752
217,31002;-1,21969;-0,30761
217,32000;-1,21986;-0,30768
217,33002;-1,22003;-0,30769
217,34002;-1,22020;-0,30772
217,35000;-1,22043;-0,30781
217,36002;-1,22060;-0,30778
217,37002;-1,22077;-0,30786
217,38000;-1,22094;-0,30789
217,39002;-1,22111;-0,30779
217,40002;-1,22128;-0,30789
217,41000;-1,22139;-0,30788
217,42002;-1,22156;-0,30807
217,43002;-1,22173;-0,30793
217,44002;-1,22190;-0,30809
217,45002;-1,22207;-0,30799
217,46000;-1,22224;-0,30819
217,47002;-1,22241;-0,30816
217,48002;-1,22264;-0,30826
217,49000;-1,22275;-0,30814
217,50002;-1,22292;-0,30823
217,51002;-1,22309;-0,30835
217,52000;-1,22326;-0,30830
217,53002;-1,22343;-0,30835
217,54002;-1,22360;-0,30829
217,55000;-1,22377;-0,30856
217,56002;-1,22394;-0,30841
217,57000;-1,22411;-0,30860
217,58002;-1,22428;-0,30845
217,59002;-1,22445;-0,30843
217,60000;-1,22457;-0,30856
217,61002;-1,22474;-0,30860
217,62002;-1,22491;-0,30858
217,63000;-1,22508;-0,30867
217,64002;-1,22525;-0,30877
217,65002;-1,22542;-0,30873
217,66000;-1,22559;-0,30886
217,67002;-1,22576;-0,30884
217,68002;-1,22593;-0,30877
217,69002;-1,22610;-0,30883
217,70002;-1,22627;-0,30887
217,71000;-1,22644;-0,30895
217,72002;-1,22661;-0,30898
217,73002;-1,22678;-0,30901
217,74000;-1,22695;-0,30906
217,75002;-1,22712;-0,30906
217,76002;-1,22729;-0,30922
217,77000;-1,22746;-0,30916
217,78002;-1,22763;-0,30919
217,79002;-1,22780;-0,30917
217,80000;-1,22797;-0,30926
217,81002;-1,22814;-0,30928
217,82000;-1,22831;-0,30931
217,83002;-1,22848;-0,30938
217,84002;-1,22865;-0,30929
217,85000;-1,22882;-0,30948
217,86002;-1,22899;-0,30943
217,87002;-1,22916;-0,30949
217,88000;-1,22933;-0,30940
217,89002;-1,22944;-0,30963
217,90002;-1,22961;-0,30944
217,91000;-1,22978;-0,30959
217,92002;-1,22989;-0,30958
217,93002;-1,23006;-0,30950
217,94002;-1,23023;-0,30965
217,95002;-1,23040;-0,30964
217,96000;-1,23052;-0,30979
217,97002;-1,23069;-0,30962
217,98002;-1,23086;-0,30988
217,99000;-1,23103;-0,30965
218,00002;-1,23120;-0,30987
218,01002;-1,23137;-0,30980
218,02000;-1,23154;-0,30982
218,03002;-1,23171;-0,30985
218,04002;-1,23188;-0,30981
218,05000;-1,23199;-0,30998
218,06002;-1,23216;-0,30989
218,07000;-1,23233;-0,30999
218,08002;-1,23244;-0,30998
218,09002;-1,23261;-0,31012
218,10000;-1,23278;-0,31002
218,11002;-1,23301;-0,31015
218,12002;-1,23318;-0,31007
218,13000;-1,23335;-0,30996
218,14002;-1,23352;-0,31020
218,15002;-1,23369;-0,31006
218,16000;-1,23386;-0,31023
218,17002;-1,23403;-0,31016
218,18002;-1,23420;-0,31032
218,19002;-1,23437;-0,31024
218,20002;-1,23454;-0,31037
218,21000;-1,23471;-0,31025
218,22002;-1,23488;-0,31038
218,23002;-1,23505;-0,31032
218,24000;-1,23522;-0,31035
218,25002;-1,23539;-0,31036
218,26002;-1,23556;-0,31047
218,27000;-1,23573;-0,31046
218,28002;-1,23590;-0,31047
218,29002;-1,23607;-0,31059
218,30000;-1,23624;-0,31051
218,31002;-1,23641;-0,31063
218,32000;-1,23664;-0,31058
218,33002;-1,23681;-0,31064
218,34002;-1,23698;-0,31058
218,35000;-1,23715;-0,31079
218,36002;-1,23732;-0,31061
218,37002;-1,23743;-0,31069
218,38000;-1,23760;-0,31073
218,39002;-1,23777;-0,31077
218,40002;-1,23794;-0,31080
218,41000;-1,23811;-0,31077
218,42002;-1,23828;-0,31087
218,43002;-1,23845;-0,31085
218,44002;-1,23862;-0,31092
218,45002;-1,23879;-0,31085
218,46000;-1,23896;-0,31096
218,47002;-1,23913;-0,31089
218,48002;-1,23930;-0,31107
218,49000;-1,23947;-0,31091
218,50002;-1,23964;-0,31108
218,51002;-1,23981;-0,31098
218,52000;-1,23998;-0,31102
218,53002;-1,24009;-0,31107
218,54002;-1,24026;-0,31115
218,55000;-1,24043;-0,31102
218,56002;-1,24060;-0,31109
218,57000;-1,24077;-0,31120
218,58002;-1,24089;-0,31110
218,59002;-1,24106;-0,31127
218,60000;-1,24123;-0,31115
218,61002;-1,24140;-0,31127
218,62002;-1,24157;-0,31122
218,63000;-1,24174;-0,31131
218,64002;-1,24191;-0,31121
218,65002;-1,24208;-0,31135
218,66000;-1,24225;-0,31128
218,67002;-1,24242;-0,31133
218,68002;-1,24259;-0,31144
218,69002;-1,24276;-0,31132
218,70002;-1,24287;-0,31143
218,71000;-1,24304;-0,31135
218,72002;-1,24321;-0,31149
218,73002;-1,24338;-0,31140
218,74000;-1,24349;-0,31160
218,75002;-1,24372;-0,31147
218,76002;-1,24389;-0,31158
218,77000;-1,24406;-0,31156
218,78002;-1,24423;-0,31155
218,79002;-1,24440;-0,31167
218,80000;-1,24457;-0,31162
218,81002;-1,24468;-0,31170
218,82000;-1,24491;-0,31165
218,83002;-1,24502;-0,31172
218,84002;-1,24519;-0,31176
218,85000;-1,24536;-0,31180
218,86002;-1,24553;-0,31187
218,87002;-1,24570;-0,31176
218,88000;-1,24582;-0,31183
218,89002;-1,24599;-0,31176
218,90002;-1,24616;-0,31197
218,91000;-1,24633;-0,31177
218,92002;-1,24650;-0,31201
218,93002;-1,24667;-0,31193
218,94002;-1,24684;-0,31206
218,95002;-1,24701;-0,31202
218,96000;-1,24723;-0,31191
218,97002;-1,24740;-0,31211
218,98002;-1,24757;-0,31201
218,99000;-1,24774;-0,31211
219,00002;-1,24791;-0,31193
219,01002;-1,24803;-0,31213
219,02000;-1,24820;-0,31204
219,03002;-1,24837;-0,31230
219,04002;-1,24854;-0,31223
219,05000;-1,24871;-0,31224
219,06002;-1,24888;-0,31230
219,07000;-1,24905;-0,31228
219,08002;-1,24927;-0,31242
219,09002;-1,24944;-0,31221
219,10000;-1,24961;-0,31248
219,11002;-1,24978;-0,31222
219,12002;-1,24995;-0,31251
219,13000;-1,25012;-0,31240
219,14002;-1,25029;-0,31246
219,15002;-1,25046;-0,31231
219,16000;-1,25063;-0,31255
219,17002;-1,25080;-0,31242
219,18002;-1,25097;-0,31256
219,19002;-1,25109;-0,31258
219,20002;-1,25126;-0,31243
219,21000;-1,25143;-0,31269
219,22002;-1,25154;-0,31252
219,23002;-1,25171;-0,31270
219,24000;-1,25188;-0,31246
219,25002;-1,25205;-0,31281
219,26002;-1,25222;-0,31247
219,27000;-1,25233;-0,31279
219,28002;-1,25250;-0,31266
219,29002;-1,25267;-0,31275
219,30000;-1,25284;-0,31270
219,31002;-1,25301;-0,31277
219,32000;-1,25318;-0,31288
219,33002;-1,25335;-0,31273
219,34002;-1,25352;-0,31285
219,35000;-1,25364;-0,31264
219,36002;-1,25381;-0,31297
219,37002;-1,25398;-0,31267
219,38000;-1,25409;-0,31312
219,39002;-1,25426;-0,31272
219,40002;-1,25449;-0,31304
219,41000;-1,25466;-0,31294
219,42002;-1,25483;-0,31292
219,43002;-1,25500;-0,31315
219,44002;-1,25517;-0,31300
219,45002;-1,25539;-0,31301
219,46000;-1,25556;-0,31306
219,47002;-1,25573;-0,31318
219,48002;-1,25590;-0,31294
219,49000;-1,25607;-0,31334
219,50002;-1,25624;-0,31289
219,51002;-1,25641;-0,31330
219,52000;-1,25653;-0,31312
219,53002;-1,25670;-0,31317
219,54002;-1,25687;-0,31316
219,55000;-1,25704;-0,31326
219,56002;-1,25721;-0,31325
219,57000;-1,25738;-0,31339
219,58002;-1,25755;-0,31341
219,59002;-1,25772;-0,31323
219,60000;-1,25789;-0,31351
219,61002;-1,25806;-0,31323
219,62002;-1,25828;-0,31353
219,63000;-1,25845;-0,31320
219,64002;-1,25862;-0,31347
219,65002;-1,25874;-0,31330
219,66000;-1,25891;-0,31348
219,67002;-1,25908;-0,31352
219,68002;-1,25925;-0,31348
219,69002;-1,25942;-0,31344
219,70002;-1,25959;-0,31358
219,71000;-1,25976;-0,31366
219,72002;-1,25993;-0,31352
219,73002;-1,26010;-0,31382
219,74000;-1,26027;-0,31359
219,75002;-1,26044;-0,31373
219,76002;-1,26061;-0,31382
219,77000;-1,26078;-0,31370
219,78002;-1,26095;-0,31376
219,79002;-1,26112;-0,31372
219,80000;-1,26129;-0,31380
219,81002;-1,26146;-0,31382
219,82000;-1,26163;-0,31382
219,83002;-1,26180;-0,31375
219,84002;-1,26191;-0,31384
219,85000;-1,26208;-0,31377
219,86002;-1,26225;-0,31398
219,87002;-1,26242;-0,31384
219,88000;-1,26253;-0,31397
219,89002;-1,26270;-0,31401
219,90002;-1,26287;-0,31389
219,91000;-1,26304;-0,31406
219,92002;-1,26321;-0,31391
219,93002;-1,26338;-0,31401
219,94002;-1,26355;-0,31409
219,95002;-1,26372;-0,31414
219,96000;-1,26389;-0,31402
219,97002;-1,26406;-0,31422
219,98002;-1,26423;-0,31399
219,99000;-1,26440;-0,31419
220,00002;-1,26457;-0,31405
220,01002;-1,26469;-0,31411
220,02000;-1,26486;-0,31422
220,03002;-1,26503;-0,31415
220,04002;-1,26520;-0,31433
220,05000;-1,26537;-0,31415
220,06002;-1,26554;-0,31437
220,07000;-1,26571;-0,31419
220,08002;-1,26588;-0,31439
220,09002;-1,26605;-0,31414
220,10000;-1,26622;-0,31451
220,11002;-1,26639;-0,31424
220,12002;-1,26650;-0,31454
220,13000;-1,26667;-0,31437
220,14002;-1,26684;-0,31434
220,15002;-1,26701;-0,31454
220,16000;-1,26718;-0,31433
220,17002;-1,26735;-0,31455
220,18002;-1,26746;-0,31438
220,19002;-1,26763;-0,31459
220,20002;-1,26780;-0,31441
220,21000;-1,26797;-0,31468
220,22002;-1,26814;-0,31439
220,23002;-1,26831;-0,31471
220,24000;-1,26848;-0,31461
220,25002;-1,26871;-0,31463
220,26002;-1,26888;-0,31472
220,27000;-1,26905;-0,31458
220,28002;-1,26922;-0,31484
220,29002;-1,26939;-0,31458
220,30000;-1,26956;-0,31483
220,31002;-1,26967;-0,31458
220,32000;-1,26984;-0,31487
220,33002;-1,27001;-0,31483
220,34002;-1,27018;-0,31490
220,35000;-1,27035;-0,31478
220,36002;-1,27058;-0,31498
220,37002;-1,27075;-0,31490
220,38000;-1,27092;-0,31489
220,39002;-1,27109;-0,31502
220,40002;-1,27126;-0,31480
220,41000;-1,27143;-0,31506
220,42002;-1,27166;-0,31498
220,43002;-1,27177;-0,31503
220,44002;-1,27200;-0,31491
220,45002;-1,27217;-0,31514
220,46000;-1,27234;-0,31496
220,47002;-1,27245;-0,31517
220,48002;-1,27262;-0,31512
220,49000;-1,27273;-0,31508
220,50002;-1,27290;-0,31523
220,51002;-1,27307;-0,31519
220,52000;-1,27324;-0,31527
220,53002;-1,27336;-0,31513
220,54002;-1,27353;-0,31532
220,55000;-1,27370;-0,31507
220,56002;-1,27387;-0,31541
220,57000;-1,27404;-0,31517
220,58002;-1,27426;-0,31538
220,59002;-1,27438;-0,31527
220,60000;-1,27460;-0,31542
220,61002;-1,27472;-0,31537
220,62002;-1,27489;-0,31534
220,63000;-1,27506;-0,31543
220,64002;-1,27517;-0,31529
220,65002;-1,27534;-0,31550
220,66000;-1,27551;-0,31549
220,67002;-1,27568;-0,31551
220,68002;-1,27585;-0,31539
220,69002;-1,27602;-0,31567
220,70002;-1,27619;-0,31542
220,71000;-1,27636;-0,31558
220,72002;-1,27653;-0,31554
220,73002;-1,27670;-0,31553
220,74000;-1,27687;-0,31565
220,75002;-1,27704;-0,31570
220,76002;-1,27721;-0,31562
220,77000;-1,27738;-0,31560
220,78002;-1,27755;-0,31577
220,79002;-1,27772;-0,31559
220,80000;-1,27789;-0,31572
220,81002;-1,27812;-0,31573
220,82000;-1,27823;-0,31569
220,83002;-1,27840;-0,31573
220,84002;-1,27857;-0,31578
220,85000;-1,27868;-0,31573
220,86002;-1,27891;-0,31589
220,87002;-1,27908;-0,31592
220,88000;-1,27925;-0,31577
220,89002;-1,27942;-0,31590
220,90002;-1,27959;-0,31583
220,91000;-1,27976;-0,31590
220,92002;-1,27993;-0,31597
220,93002;-1,28010;-0,31592
220,94002;-1,28027;-0,31595
220,95002;-1,28044;-0,31589
220,96000;-1,28055;-0,31618
220,97002;-1,28072;-0,31594
220,98002;-1,28089;-0,31612
220,99000;-1,28106;-0,31610
221,00002;-1,28123;-0,31621
221,01002;-1,28140;-0,31614
221,02000;-1,28157;-0,31628
221,03002;-1,28180;-0,31608
221,04002;-1,28197;-0,31612
221,05000;-1,28214;-0,31631
221,06002;-1,28231;-0,31610
221,07000;-1,28248;-0,31634
221,08002;-1,28265;-0,31626
221,09002;-1,28282;-0,31640
221,10000;-1,28299;-0,31621
221,11002;-1,28310;-0,31641
221,12002;-1,28327;-0,31627
221,13000;-1,28344;-0,31634
221,14002;-1,28356;-0,31632
221,15002;-1,28373;-0,31636
221,16000;-1,28390;-0,31637
221,17002;-1,28407;-0,31636
221,18002;-1,28424;-0,31650
221,19002;-1,28441;-0,31636
221,20002;-1,28458;-0,31650
221,21000;-1,28475;-0,31637
221,22002;-1,28492;-0,31652
221,23002;-1,28509;-0,31644
221,24000;-1,28526;-0,31657
221,25002;-1,28543;-0,31651
221,26002;-1,28560;-0,31662
221,27000;-1,28571;-0,31657
221,28002;-1,28588;-0,31658
221,29002;-1,28605;-0,31659
221,30000;-1,28622;-0,31652
221,31002;-1,28633;-0,31675
221,32000;-1,28650;-0,31663
221,33002;-1,28667;-0,31676
221,34002;-1,28684;-0,31669
221,35000;-1,28701;-0,31681
221,36002;-1,28718;-0,31672
221,37002;-1,28735;-0,31684
221,38000;-1,28752;-0,31678
221,39002;-1,28769;-0,31675
221,40002;-1,28786;-0,31688
221,41000;-1,28803;-0,31682
221,42002;-1,28820;-0,31687
221,43002;-1,28837;-0,31674
221,44002;-1,28854;-0,31697
221,45002;-1,28871;-0,31681
221,46000;-1,28883;-0,31700
221,47002;-1,28900;-0,31683
221,48002;-1,28917;-0,31691
221,49000;-1,28934;-0,31686
221,50002;-1,28945;-0,31707
221,51002;-1,28962;-0,31703
221,52000;-1,28979;-0,31694
221,53002;-1,29002;-0,31719
221,54002;-1,29019;-0,31699
221,55000;-1,29036;-0,31720
221,56002;-1,29053;-0,31699
221,57000;-1,29075;-0,31722
221,58002;-1,29092;-0,31697
221,59002;-1,29109;-0,31726
221,60000;-1,29126;-0,31706
221,61002;-1,29143;-0,31715
221,62002;-1,29160;-0,31716
221,63000;-1,29172;-0,31717
221,64002;-1,29189;-0,31728
221,65002;-1,29211;-0,31719
221,66000;-1,29228;-0,31735
221,67002;-1,29245;-0,31705
221,68002;-1,29262;-0,31740
221,69002;-1,29279;-0,31714
221,70002;-1,29296;-0,31737
221,71000;-1,29313;-0,31733
221,72002;-1,29330;-0,31737
221,73002;-1,29347;-0,31726
221,74000;-1,29364;-0,31734
221,75002;-1,29381;-0,31739
221,76002;-1,29398;-0,31729
221,77000;-1,29415;-0,31748
221,78002;-1,29427;-0,31736
221,79002;-1,29444;-0,31751
221,80000;-1,29455;-0,31742
221,81002;-1,29472;-0,31745
221,82000;-1,29489;-0,31746
221,83002;-1,29506;-0,31750
221,84002;-1,29523;-0,31748
221,85000;-1,29540;-0,31758
221,86002;-1,29551;-0,31753
221,87002;-1,29568;-0,31751
221,88000;-1,29585;-0,31768
221,89002;-1,29608;-0,31760
221,90002;-1,29619;-0,31759
221,91000;-1,29636;-0,31756
221,92002;-1,29653;-0,31759
221,93002;-1,29665;-0,31757
221,94002;-1,29682;-0,31764
221,95002;-1,29699;-0,31773
221,96000;-1,29716;-0,31762
221,97002;-1,29733;-0,31781
221,98002;-1,29750;-0,31775
221,99000;-1,29767;-0,31784
222,00002;-1,29784;-0,31764
222,01002;-1,29806;-0,31787
222,02000;-1,29823;-0,31765
222,03002;-1,29840;-0,31787
222,04002;-1,29857;-0,31775
222,05000;-1,29874;-0,31780
222,06002;-1,29891;-0,31784
222,07000;-1,29908;-0,31789
222,08002;-1,29925;-0,31801
222,09002;-1,29942;-0,31788
222,10000;-1,29959;-0,31798
222,11002;-1,29976;-0,31778
222,12002;-1,29993;-0,31811
222,13000;-1,30010;-0,31787
222,14002;-1,30022;-0,31803
222,15002;-1,30039;-0,31793
222,16000;-1,30056;-0,31809
222,17002;-1,30073;-0,31805
222,18002;-1,30090;-0,31802
222,19002;-1,30107;-0,31805
222,20002;-1,30124;-0,31790
222,21000;-1,30141;-0,31822
222,22002;-1,30158;-0,31803
222,23002;-1,30175;-0,31817
222,24000;-1,30192;-0,31797
222,25002;-1,30209;-0,31825
222,26002;-1,30226;-0,31802
222,27000;-1,30237;-0,31825
222,28002;-1,30254;-0,31811
222,29002;-1,30271;-0,31820
222,30000;-1,30288;-0,31827
222,31002;-1,30305;-0,31819
222,32000;-1,30328;-0,31823
222,33002;-1,30339;-0,31811
222,34002;-1,30362;-0,31834
222,35000;-1,30379;-0,31820
222,36002;-1,30396;-0,31849
222,37002;-1,30413;-0,31812
222,38000;-1,30430;-0,31841
222,39002;-1,30447;-0,31831
222,40002;-1,30464;-0,31832
222,41000;-1,30481;-0,31828
222,42002;-1,30498;-0,31836
222,43002;-1,30515;-0,31832
222,44002;-1,30526;-0,31834
222,45002;-1,30543;-0,31847
222,46000;-1,30560;-0,31824
222,47002;-1,30571;-0,31858
222,48002;-1,30588;-0,31835
222,49000;-1,30605;-0,31849
222,50002;-1,30622;-0,31831
222,51002;-1,30639;-0,31853
222,52000;-1,30656;-0,31836
222,53002;-1,30673;-0,31854
222,54002;-1,30690;-0,31848
222,55000;-1,30707;-0,31851
222,56002;-1,30724;-0,31858
222,57000;-1,30736;-0,31854
222,58002;-1,30753;-0,31872
222,59002;-1,30770;-0,31852
222,60000;-1,30781;-0,31866
222,61002;-1,30798;-0,31847
222,62002;-1,30815;-0,31873
222,63000;-1,30832;-0,31863
222,64002;-1,30849;-0,31864
222,65002;-1,30866;-0,31864
222,66000;-1,30883;-0,31882
222,67002;-1,30900;-0,31877
222,68002;-1,30917;-0,31864
222,69002;-1,30940;-0,31884
222,70002;-1,30951;-0,31855
222,71000;-1,30968;-0,31881
222,72002;-1,30985;-0,31862
222,73002;-1,31002;-0,31883
222,74000;-1,31019;-0,31869
222,75002;-1,31036;-0,31893
222,76002;-1,31053;-0,31869
222,77000;-1,31064;-0,31884
222,78002;-1,31081;-0,31870
222,79002;-1,31098;-0,31877
222,80000;-1,31115;-0,31877
222,81002;-1,31127;-0,31877
222,82000;-1,31149;-0,31893
222,83002;-1,31166;-0,31883
222,84002;-1,31183;-0,31906
222,85000;-1,31200;-0,31880
222,86002;-1,31223;-0,31898
222,87002;-1,31240;-0,31886
222,88000;-1,31257;-0,31915
222,89002;-1,31274;-0,31878
222,90002;-1,31291;-0,31908
222,91000;-1,31308;-0,31892
222,92002;-1,31325;-0,31906
222,93002;-1,31342;-0,31909
222,94002;-1,31359;-0,31906
222,95002;-1,31376;-0,31907
222,96000;-1,31393;-0,31907
222,97002;-1,31410;-0,31930
222,98002;-1,31427;-0,31894
222,99000;-1,31444;-0,31929
223,00002;-1,31461;-0,31895
223,01002;-1,31478;-0,31928
223,02000;-1,31495;-0,31908
223,03002;-1,31512;-0,31927
223,04002;-1,31529;-0,31895
223,05000;-1,31546;-0,31921
223,06002;-1,31563;-0,31916
223,07000;-1,31580;-0,31923
223,08002;-1,31591;-0,31925
223,09002;-1,31608;-0,31922
223,10000;-1,31625;-0,31927
223,11002;-1,31637;-0,31916
223,12002;-1,31654;-0,31946
223,13000;-1,31671;-0,31903
223,14002;-1,31688;-0,31937
223,15002;-1,31705;-0,31925
223,16000;-1,31722;-0,31934
223,17002;-1,31733;-0,31932
223,18002;-1,31756;-0,31934
223,19002;-1,31773;-0,31925
223,20002;-1,31790;-0,31944
223,21000;-1,31807;-0,31937
223,22002;-1,31818;-0,31924
223,23002;-1,31835;-0,31943
223,24000;-1,31846;-0,31923
223,25002;-1,31863;-0,31954
223,26002;-1,31880;-0,31943
223,27000;-1,31897;-0,31947
223,28002;-1,31914;-0,31947
223,29002;-1,31931;-0,31952
223,30000;-1,31948;-0,31941
223,31002;-1,31971;-0,31948
223,32000;-1,31988;-0,31940
223,33002;-1,32005;-0,31946
223,34002;-1,32022;-0,31959
223,35000;-1,32039;-0,31955
223,36002;-1,32056;-0,31959
223,37002;-1,32073;-0,31950
223,38000;-1,32090;-0,31962
223,39002;-1,32107;-0,31953
223,40002;-1,32124;-0,31959
223,41000;-1,32141;-0,31968
223,42002;-1,32158;-0,31959
223,43002;-1,32175;-0,31963
223,44002;-1,32186;-0,31966
223,45002;-1,32203;-0,31961
223,46000;-1,32220;-0,31963
223,47002;-1,32237;-0,31984
223,48002;-1,32254;-0,31960
223,49000;-1,32271;-0,31980
223,50002;-1,32288;-0,31970
223,51002;-1,32305;-0,31982
223,52000;-1,32322;-0,31975
223,53002;-1,32339;-0,31979
223,54002;-1,32356;-0,31975
223,55000;-1,32373;-0,31981
223,56002;-1,32390;-0,31987
223,57000;-1,32402;-0,31979
223,58002;-1,32419;-0,31986
223,59002;-1,32436;-0,31986
223,60000;-1,32453;-0,31996
223,61002;-1,32470;-0,31982
223,62002;-1,32487;-0,31994
223,63000;-1,32504;-0,31972
223,64002;-1,32521;-0,31984
223,65002;-1,32538;-0,31988
223,66000;-1,32555;-0,31986
223,67002;-1,32572;-0,31997
223,68002;-1,32589;-0,31995
223,69002;-1,32606;-0,32005
223,70002;-1,32623;-0,31991
223,71000;-1,32640;-0,32005
223,72002;-1,32657;-0,31991
223,73002;-1,32668;-0,32002
223,74000;-1,32685;-0,32000
223,75002;-1,32702;-0,32002
223,76002;-1,32719;-0,32004
223,77000;-1,32730;-0,32009
223,78002;-1,32747;-0,32016
223,79002;-1,32764;-0,32000
223,80000;-1,32781;-0,32018
223,81002;-1,32798;-0,31995
223,82000;-1,32821;-0,32028
223,83002;-1,32838;-0,32004
223,84002;-1,32855;-0,32018
223,85000;-1,32866;-0,32002
223,86002;-1,32883;-0,32012
223,87002;-1,32900;-0,32011
223,88000;-1,32912;-0,32013
223,89002;-1,32929;-0,32020
223,90002;-1,32946;-0,32015
223,91000;-1,32968;-0,32030
223,92002;-1,32985;-0,32011
223,93002;-1,33002;-0,32034
223,94002;-1,33019;-0,32012
223,95002;-1,33036;-0,32032
223,96000;-1,33053;-0,32022
223,97002;-1,33070;-0,32040
223,98002;-1,33087;-0,32031
223,99000;-1,33104;-0,32033
224,00002;-1,33121;-0,32046
224,01002;-1,33138;-0,32024
224,02000;-1,33155;-0,32039
224,03002;-1,33172;-0,32030
224,04002;-1,33189;-0,32028
224,05000;-1,33206;-0,32039
224,06002;-1,33218;-0,32045
224,07000;-1,33235;-0,32033
224,08002;-1,33252;-0,32047
224,09002;-1,33263;-0,32034
224,10000;-1,33280;-0,32035
224,11002;-1,33297;-0,32037
224,12002;-1,33314;-0,32033
224,13000;-1,33337;-0,32036
224,14002;-1,33354;-0,32034
224,15002;-1,33371;-0,32044
224,16000;-1,33388;-0,32041
224,17002;-1,33405;-0,32054
224,18002;-1,33427;-0,32053
224,19002;-1,33444;-0,32050
224,20002;-1,33461;-0,32055
224,21000;-1,33478;-0,32048
224,22002;-1,33490;-0,32042
224,23002;-1,33507;-0,32055
224,24000;-1,33524;-0,32059
224,25002;-1,33541;-0,32049
224,26002;-1,33558;-0,32074
224,27000;-1,33575;-0,32064
224,28002;-1,33592;-0,32057
224,29002;-1,33609;-0,32057
224,30000;-1,33626;-0,32055
224,31002;-1,33648;-0,32055
224,32000;-1,33665;-0,32060
224,33002;-1,33682;-0,32062
224,34002;-1,33694;-0,32054
224,35000;-1,33711;-0,32073
224,36002;-1,33728;-0,32061
224,37002;-1,33745;-0,32063
224,38000;-1,33762;-0,32066
224,39002;-1,33779;-0,32071
224,40002;-1,33790;-0,32065
224,41000;-1,33807;-0,32077
224,42002;-1,33824;-0,32070
224,43002;-1,33841;-0,32070
224,44002;-1,33852;-0,32079
224,45002;-1,33869;-0,32068
224,46000;-1,33886;-0,32068
224,47002;-1,33903;-0,32072
224,48002;-1,33920;-0,32075
224,49000;-1,33937;-0,32075
224,50002;-1,33954;-0,32088
224,51002;-1,33966;-0,32071
224,52000;-1,33983;-0,32074
224,53002;-1,34000;-0,32082
224,54002;-1,34011;-0,32079
224,55000;-1,34028;-0,32079
224,56002;-1,34045;-0,32086
224,57000;-1,34068;-0,32072
224,58002;-1,34085;-0,32091
224,59002;-1,34102;-0,32092
224,60000;-1,34119;-0,32094
224,61002;-1,34136;-0,32092
224,62002;-1,34158;-0,32075
224,63000;-1,34175;-0,32089
224,64002;-1,34192;-0,32096
224,65002;-1,34209;-0,32090
224,66000;-1,34226;-0,32081
224,67002;-1,34243;-0,32098
224,68002;-1,34260;-0,32089
224,69002;-1,34277;-0,32102
224,70002;-1,34294;-0,32097
224,71000;-1,34306;-0,32086
224,72002;-1,34323;-0,32091
224,73002;-1,34340;-0,32101
224,74000;-1,34351;-0,32101
224,75002;-1,34368;-0,32088
224,76002;-1,34385;-0,32101
224,77000;-1,34402;-0,32096
224,78002;-1,34419;-0,32107
224,79002;-1,34436;-0,32100
224,80000;-1,34453;-0,32109
224,81002;-1,34470;-0,32088
224,82000;-1,34487;-0,32112
224,83002;-1,34504;-0,32105
224,84002;-1,34521;-0,32096
224,85000;-1,34538;-0,32101
224,86002;-1,34555;-0,32101
224,87002;-1,34572;-0,32110
224,88000;-1,34589;-0,32114
224,89002;-1,34600;-0,32112
224,90002;-1,34617;-0,32103
224,91000;-1,34634;-0,32118
224,92002;-1,34651;-0,32113
224,93002;-1,34668;-0,32113
224,94002;-1,34685;-0,32117
224,95002;-1,34708;-0,32113
224,96000;-1,34725;-0,32110
224,97002;-1,34742;-0,32116
224,98002;-1,34759;-0,32119
224,99000;-1,34776;-0,32118
225,00002;-1,34793;-0,32122
225,01002;-1,34810;-0,32115
225,02000;-1,34827;-0,32116
225,03002;-1,34844;-0,32126
225,04002;-1,34861;-0,32113
225,05002;-1,34872;-0,32124
225,06002;-1,34889;-0,32117
225,07000;-1,34906;-0,32122
225,08002;-1,34923;-0,32126
225,09002;-1,34940;-0,32137
225,10000;-1,34957;-0,32118
225,11002;-1,34974;-0,32126
225,12002;-1,34991;-0,32134
225,13000;-1,35008;-0,32122
225,14002;-1,35025;-0,32131
225,15002;-1,35042;-0,32130
225,16000;-1,35059;-0,32123
225,17002;-1,35071;-0,32121
225,18002;-1,35088;-0,32137
225,19002;-1,35099;-0,32121
225,20002;-1,35116;-0,32134
225,21000;-1,35133;-0,32140
225,22002;-1,35144;-0,32135
225,23002;-1,35167;-0,32133
225,24000;-1,35184;-0,32142
225,25002;-1,35201;-0,32128
225,26002;-1,35218;-0,32140
225,27000;-1,35235;-0,32137
225,28002;-1,35252;-0,32131
225,29002;-1,35269;-0,32144
225,30002;-1,35286;-0,32135
225,31002;-1,35309;-0,32143
225,32000;-1,35326;-0,32130
225,33002;-1,35337;-0,32145
225,34002;-1,35354;-0,32130
225,35000;-1,35371;-0,32145
225,36002;-1,35388;-0,32135
225,37002;-1,35399;-0,32147
225,38000;-1,35411;-0,32143
225,39002;-1,35428;-0,32158
225,40002;-1,35445;-0,32156
225,41000;-1,35462;-0,32138
225,42002;-1,35479;-0,32159
225,43002;-1,35501;-0,32144
225,44002;-1,35518;-0,32154
225,45002;-1,35541;-0,32144
225,46000;-1,35558;-0,32153
225,47002;-1,35575;-0,32149
225,48002;-1,35592;-0,32160
225,49000;-1,35609;-0,32162
225,50002;-1,35626;-0,32147
225,51002;-1,35643;-0,32156
225,52000;-1,35660;-0,32147
225,53002;-1,35677;-0,32157
225,54002;-1,35694;-0,32153
225,55002;-1,35711;-0,32165
225,56002;-1,35728;-0,32157
225,57000;-1,35745;-0,32167
225,58002;-1,35762;-0,32172
225,59002;-1,35779;-0,32154
225,60000;-1,35796;-0,32167
225,61002;-1,35813;-0,32150
225,62002;-1,35830;-0,32173
225,63000;-1,35847;-0,32151
225,64002;-1,35864;-0,32175
225,65002;-1,35881;-0,32152
225,66000;-1,35892;-0,32169
225,67002;-1,35909;-0,32161
225,68002;-1,35926;-0,32166
225,69002;-1,35938;-0,32160
225,70002;-1,35955;-0,32167
225,71000;-1,35972;-0,32181
225,72002;-1,35989;-0,32167
225,73002;-1,36000;-0,32192
225,74000;-1,36017;-0,32159
225,75002;-1,36034;-0,32181
225,76002;-1,36051;-0,32166
225,77000;-1,36068;-0,32176
225,78002;-1,36085;-0,32175
225,79002;-1,36102;-0,32173
225,80002;-1,36119;-0,32178
225,81002;-1,36136;-0,32184
225,82000;-1,36153;-0,32177
225,83002;-1,36164;-0,32169
225,84002;-1,36176;-0,32189
225,85000;-1,36198;-0,32171
225,86002;-1,36215;-0,32192
225,87002;-1,36232;-0,32184
225,88000;-1,36249;-0,32196
225,89002;-1,36266;-0,32187
225,90002;-1,36289;-0,32200
225,91000;-1,36306;-0,32180
225,92002;-1,36323;-0,32187
225,93002;-1,36340;-0,32174
225,94002;-1,36357;-0,32192
225,95002;-1,36374;-0,32183
225,96000;-1,36391;-0,32192
225,97002;-1,36414;-0,32205
225,98002;-1,36431;-0,32190
225,99000;-1,36442;-0,32197
226,00002;-1,36459;-0,32183
226,01002;-1,36476;-0,32193
226,02000;-1,36487;-0,32177
226,03002;-1,36504;-0,32203
226,04002;-1,36516;-0,32173
226,05002;-1,36533;-0,32209
226,06002;-1,36550;-0,32184
226,07000;-1,36567;-0,32213
226,08002;-1,36584;-0,32193
226,09002;-1,36601;-0,32196
226,10000;-1,36623;-0,32193
226,11002;-1,36640;-0,32192
226,12002;-1,36657;-0,32201
226,13000;-1,36674;-0,32187
226,14002;-1,36691;-0,32197
226,15002;-1,36708;-0,32189
226,16000;-1,36720;-0,32207
226,17002;-1,36737;-0,32185
226,18002;-1,36754;-0,32207
226,19002;-1,36765;-0,32194
226,20002;-1,36782;-0,32198
226,21000;-1,36805;-0,32214
226,22002;-1,36822;-0,32199
226,23002;-1,36839;-0,32206
226,24000;-1,36850;-0,32196
226,25002;-1,36873;-0,32213
226,26002;-1,36890;-0,32197
226,27000;-1,36907;-0,32208
226,28002;-1,36924;-0,32193
226,29002;-1,36941;-0,32200
226,30002;-1,36958;-0,32198
226,31002;-1,36975;-0,32205
226,32000;-1,36992;-0,32198
226,33002;-1,37009;-0,32207
226,34002;-1,37020;-0,32196
226,35000;-1,37037;-0,32193
226,36002;-1,37054;-0,32203
226,37002;-1,37065;-0,32202
226,38000;-1,37082;-0,32204
226,39002;-1,37099;-0,32206
226,40002;-1,37116;-0,32206
226,41000;-1,37133;-0,32209
226,42002;-1,37150;-0,32206
226,43002;-1,37173;-0,32203
226,44002;-1,37190;-0,32207
226,45002;-1,37201;-0,32203
226,46000;-1,37218;-0,32211
226,47002;-1,37235;-0,32202
226,48002;-1,37247;-0,32206
226,49000;-1,37264;-0,32201
226,50002;-1,37281;-0,32212
226,51002;-1,37298;-0,32204
226,52000;-1,37315;-0,32216
226,53002;-1,37332;-0,32203
226,54002;-1,37354;-0,32207
226,55002;-1,37371;-0,32203
226,56002;-1,37388;-0,32212
226,57000;-1,37405;-0,32212
226,58002;-1,37422;-0,32202
226,59002;-1,37439;-0,32214
226,60000;-1,37456;-0,32204
226,61002;-1,37473;-0,32210
226,62002;-1,37490;-0,32208
226,63000;-1,37507;-0,32211
226,64002;-1,37524;-0,32209
226,65002;-1,37541;-0,32219
226,66000;-1,37553;-0,32206
226,67002;-1,37570;-0,32213
226,68002;-1,37587;-0,32202
226,69002;-1,37598;-0,32211
226,70002;-1,37615;-0,32212
226,71000;-1,37632;-0,32215
226,72002;-1,37649;-0,32206
226,73002;-1,37672;-0,32211
226,74000;-1,37689;-0,32209
226,75002;-1,37706;-0,32209
226,76002;-1,37723;-0,32217
226,77000;-1,37745;-0,32204
226,78002;-1,37762;-0,32221
226,79002;-1,37779;-0,32205
226,80002;-1,37796;-0,32220
226,81002;-1,37808;-0,32205
226,82000;-1,37825;-0,32210
226,83002;-1,37842;-0,32209
226,84002;-1,37859;-0,32218
226,85000;-1,37876;-0,32213
226,86002;-1,37893;-0,32218
226,87002;-1,37910;-0,32214
226,88000;-1,37927;-0,32200
226,89002;-1,37944;-0,32215
226,90002;-1,37961;-0,32209
226,91000;-1,37978;-0,32210
226,92002;-1,37995;-0,32215
226,93002;-1,38012;-0,32216
226,94002;-1,38029;-0,32216
226,95002;-1,38046;-0,32215
226,96000;-1,38057;-0,32215
226,97002;-1,38074;-0,32213
226,98002;-1,38091;-0,32212
226,99000;-1,38108;-0,32211
227,00002;-1,38125;-0,32209
227,01002;-1,38136;-0,32212
227,02000;-1,38153;-0,32209
227,03002;-1,38170;-0,32220
227,04002;-1,38182;-0,32205
227,05002;-1,38199;-0,32220
227,06002;-1,38216;-0,32209
227,07000;-1,38233;-0,32227
227,08002;-1,38250;-0,32205
227,09002;-1,38267;-0,32217
227,10000;-1,38284;-0,32208
227,11002;-1,38301;-0,32222
227,12002;-1,38312;-0,32215
227,13000;-1,38329;-0,32211
227,14002;-1,38346;-0,32222
227,15002;-1,38363;-0,32203
227,16000;-1,38380;-0,32228
227,17002;-1,38397;-0,32208
227,18002;-1,38420;-0,32225
227,19002;-1,38437;-0,32211
227,20002;-1,38454;-0,32227
227,21000;-1,38471;-0,32210
227,22002;-1,38493;-0,32217
227,23002;-1,38510;-0,32212
227,24000;-1,38527;-0,32205
227,25002;-1,38544;-0,32226
227,26002;-1,38561;-0,32209
227,27000;-1,38578;-0,32223
227,28002;-1,38595;-0,32210
227,29002;-1,38607;-0,32224
227,30002;-1,38624;-0,32203
227,31002;-1,38635;-0,32225
227,32000;-1,38652;-0,32204
227,33002;-1,38669;-0,32215
227,34002;-1,38686;-0,32217
227,35000;-1,38703;-0,32222
227,36002;-1,38720;-0,32216
227,37002;-1,38737;-0,32221
227,38000;-1,38760;-0,32229
227,39002;-1,38777;-0,32208
227,40002;-1,38794;-0,32235
227,41000;-1,38811;-0,32210
227,42002;-1,38828;-0,32224
227,43002;-1,38845;-0,32210
227,44002;-1,38862;-0,32225
227,45002;-1,38879;-0,32202
227,46000;-1,38890;-0,32232
227,47002;-1,38907;-0,32213
227,48002;-1,38924;-0,32216
227,49000;-1,38941;-0,32221
227,50002;-1,38958;-0,32212
227,51002;-1,38975;-0,32222
227,52000;-1,38992;-0,32220
227,53002;-1,39009;-0,32231
227,54002;-1,39026;-0,32199
227,55002;-1,39043;-0,32242
227,56002;-1,39060;-0,32214
227,57000;-1,39077;-0,32239
227,58002;-1,39094;-0,32201
227,59002;-1,39111;-0,32226
227,60000;-1,39128;-0,32213
227,61002;-1,39145;-0,32219
227,62002;-1,39162;-0,32227
227,63000;-1,39179;-0,32214
227,64002;-1,39196;-0,32223
227,65002;-1,39213;-0,32219
227,66000;-1,39224;-0,32235
227,67002;-1,39241;-0,32201
227,68002;-1,39258;-0,32234
227,69002;-1,39275;-0,32204
227,70002;-1,39292;-0,32228
227,71000;-1,39309;-0,32219
227,72002;-1,39326;-0,32213
227,73002;-1,39343;-0,32223
227,74000;-1,39360;-0,32210
227,75002;-1,39377;-0,32227
227,76002;-1,39389;-0,32204
227,77000;-1,39406;-0,32218
227,78002;-1,39417;-0,32207
227,79002;-1,39434;-0,32224
227,80002;-1,39451;-0,32212
227,81002;-1,39468;-0,32223
227,82000;-1,39485;-0,32218
227,83002;-1,39502;-0,32222
227,84002;-1,39519;-0,32223
227,85000;-1,39536;-0,32214
227,86002;-1,39553;-0,32218
227,87002;-1,39570;-0,32209
227,88000;-1,39593;-0,32219
227,89002;-1,39610;-0,32205
227,90002;-1,39627;-0,32222
227,91000;-1,39644;-0,32218
227,92002;-1,39661;-0,32221
227,93002;-1,39678;-0,32210
227,94002;-1,39689;-0,32225
227,95002;-1,39706;-0,32205
227,96000;-1,39723;-0,32228
227,97002;-1,39740;-0,32213
227,98002;-1,39751;-0,32212
227,99000;-1,39768;-0,32212
228,00002;-1,39785;-0,32213
228,01002;-1,39808;-0,32221
228,02000;-1,39825;-0,32200
228,03002;-1,39842;-0,32224
228,04002;-1,39859;-0,32201
228,05002;-1,39882;-0,32228
228,06002;-1,39899;-0,32199
228,07000;-1,39916;-0,32218
228,08002;-1,39927;-0,32195
228,09002;-1,39944;-0,32214
228,10000;-1,39961;-0,32209
228,11002;-1,39978;-0,32209
228,12002;-1,39995;-0,32203
228,13000;-1,40012;-0,32196
228,14002;-1,40029;-0,32214
228,15002;-1,40046;-0,32195
228,16000;-1,40063;-0,32213
228,17002;-1,40074;-0,32189
228,18002;-1,40097;-0,32211
228,19002;-1,40108;-0,32196
228,20002;-1,40125;-0,32212
228,21000;-1,40142;-0,32194
228,22002;-1,40159;-0,32208
228,23002;-1,40176;-0,32199
228,24000;-1,40193;-0,32209
228,25002;-1,40210;-0,32201
228,26002;-1,40227;-0,32199
228,27000;-1,40244;-0,32194
228,28002;-1,40261;-0,32194
228,29002;-1,40278;-0,32197
228,30002;-1,40290;-0,32201
228,31002;-1,40307;-0,32196
228,32000;-1,40324;-0,32200
228,33002;-1,40341;-0,32199
228,34002;-1,40352;-0,32187
228,35000;-1,40369;-0,32197
228,36002;-1,40386;-0,32186
228,37002;-1,40403;-0,32197
228,38000;-1,40420;-0,32185
228,39002;-1,40437;-0,32208
228,40002;-1,40454;-0,32186
228,41000;-1,40471;-0,32202
228,42002;-1,40482;-0,32180
228,43002;-1,40499;-0,32191
228,44002;-1,40516;-0,32189
228,45002;-1,40533;-0,32184
228,46000;-1,40550;-0,32198
228,47002;-1,40567;-0,32185
228,48002;-1,40584;-0,32200
228,49000;-1,40607;-0,32183
228,50002;-1,40624;-0,32197
228,51002;-1,40641;-0,32186
228,52000;-1,40658;-0,32180
228,53002;-1,40675;-0,32181
228,54002;-1,40698;-0,32183
228,55002;-1,40715;-0,32181
228,56002;-1,40732;-0,32171
228,57000;-1,40749;-0,32196
228,58002;-1,40766;-0,32157
228,59002;-1,40777;-0,32189
228,60000;-1,40794;-0,32160
228,61002;-1,40811;-0,32180
228,62002;-1,40828;-0,32166
228,63000;-1,40839;-0,32170
228,64002;-1,40856;-0,32176
228,65002;-1,40873;-0,32171
228,66000;-1,40890;-0,32177
228,67002;-1,40907;-0,32161
228,68002;-1,40924;-0,32173
228,69002;-1,40947;-0,32152
228,70002;-1,40964;-0,32183
228,71000;-1,40981;-0,32141
228,72002;-1,40998;-0,32169
228,73002;-1,41009;-0,32147
228,74000;-1,41026;-0,32153
228,75002;-1,41043;-0,32160
228,76002;-1,41060;-0,32152
228,77000;-1,41072;-0,32155
228,78002;-1,41094;-0,32161
228,79002;-1,41111;-0,32158
228,80002;-1,41128;-0,32143
228,81002;-1,41145;-0,32160
228,82000;-1,41162;-0,32142
228,83002;-1,41179;-0,32149
228,84002;-1,41196;-0,32147
228,85000;-1,41213;-0,32146
228,86002;-1,41230;-0,32142
228,87002;-1,41247;-0,32131
228,88000;-1,41264;-0,32142
228,89002;-1,41281;-0,32130
228,90002;-1,41298;-0,32136
228,91000;-1,41315;-0,32145
228,92002;-1,41332;-0,32126
228,93002;-1,41349;-0,32131
228,94002;-1,41361;-0,32127
228,95002;-1,41378;-0,32130
228,96000;-1,41395;-0,32124
228,97002;-1,41406;-0,32122
228,98002;-1,41423;-0,32117
228,99000;-1,41440;-0,32122
229,00002;-1,41457;-0,32122
229,01002;-1,41474;-0,32113
229,02000;-1,41491;-0,32112
229,03002;-1,41508;-0,32104
229,04002;-1,41525;-0,32113
229,05002;-1,41536;-0,32099
229,06002;-1,41553;-0,32098
229,07000;-1,41565;-0,32092
229,08002;-1,41582;-0,32093
229,09002;-1,41599;-0,32107
229,10000;-1,41616;-0,32090
229,11002;-1,41633;-0,32096
229,12002;-1,41650;-0,32084
229,13000;-1,41667;-0,32085
229,14002;-1,41689;-0,32080
229,15002;-1,41706;-0,32089
229,16000;-1,41723;-0,32069
229,17002;-1,41740;-0,32076
229,18002;-1,41757;-0,32073
229,19002;-1,41774;-0,32071
229,20002;-1,41791;-0,32073
229,21000;-1,41808;-0,32054
229,22002;-1,41825;-0,32070
229,23002;-1,41842;-0,32051
229,24000;-1,41859;-0,32058
229,25002;-1,41871;-0,32050
229,26002;-1,41888;-0,32047
229,27000;-1,41905;-0,32050
229,28002;-1,41922;-0,32043
229,29002;-1,41939;-0,32043
229,30002;-1,41956;-0,32035
229,31002;-1,41973;-0,32028
229,32000;-1,41990;-0,32027
229,33002;-1,42007;-0,32027
229,34002;-1,42024;-0,32014
229,35000;-1,42046;-0,32018
229,36002;-1,42063;-0,32015
229,37002;-1,42075;-0,31994
229,38000;-1,42092;-0,32004
229,39002;-1,42109;-0,31985
229,40002;-1,42126;-0,31989
229,41000;-1,42143;-0,31979
229,42002;-1,42160;-0,31967
229,43002;-1,42177;-0,31965
229,44002;-1,42194;-0,31963
229,45002;-1,42211;-0,31960
229,46000;-1,42228;-0,31953
229,47002;-1,42245;-0,31947
229,48002;-1,42262;-0,31928
229,49000;-1,42279;-0,31947
229,50002;-1,42296;-0,31917
229,51002;-1,42313;-0,31927
229,52000;-1,42330;-0,31897
229,53002;-1,42347;-0,31912
229,54002;-1,42358;-0,31889
229,55002;-1,42375;-0,31887
229,56002;-1,42392;-0,31879
229,57000;-1,42409;-0,31866
229,58002;-1,42426;-0,31867
229,59002;-1,42437;-0,31848
229,60000;-1,42454;-0,31842
229,61002;-1,42466;-0,31813
229,62002;-1,42483;-0,31829
229,63000;-1,42500;-0,31791
229,64002;-1,42517;-0,31806
229,65002;-1,42534;-0,31774
229,66000;-1,42551;-0,31773
229,67002;-1,42568;-0,31754
229,68002;-1,42585;-0,31738
229,69002;-1,42602;-0,31704
229,70002;-1,42613;-0,31692
229,71000;-1,42630;-0,31664
229,72002;-1,42647;-0,31627
229,73002;-1,42664;-0,31614
229,74000;-1,42681;-0,31556
229,75002;-1,42698;-0,31521
229,76002;-1,42715;-0,31421
229,77000;-1,42738;-0,31042
229,78002;-1,42755;-0,29230
229,79002;-1,42772;-0,28030
229,80002;-1,42789;-0,26621
229,81002;-1,42806;-0,26180
229,82000;-1,42823;-0,25630
229,83002;-1,42840;-0,25685
229,84002;-1,42857;-0,25586
229,85000;-1,42874;-0,25668
229,86002;-1,42891;-0,25774
229,87002;-1,42908;-0,25684
229,88000;-1,42925;-0,25896
229,89002;-1,42936;-0,25688
229,90002;-1,42953;-0,25919
229,91000;-1,42970;-0,25666
229,92002;-1,42981;-0,25914
229,93002;-1,42998;-0,25653
229,93200;-1,43004;-0,25716
229,93400;-1,43004;-0,25804
229,94402;-1,43021;-0,25718
229,95402;-1,43027;-0,25849
229,96400;-1,43027;-0,25629
229,97402;-1,43027;-0,25863
229,98402;-1,43027;-0,25629
229,99400;-1,43027;-0,25852
230,00402;-1,43027;-0,25649
230,01400;-1,43015;-0,25819
230,02402;-1,43010;-0,25666
230,03402;-1,43010;-0,25774
230,04400;-1,43004;-0,25721
230,05402;-1,42998;-0,25695
230,06402;-1,42987;-0,25772
230,07400;-1,42981;-0,25655
230,08402;-1,42976;-0,25805
230,09402;-1,42964;-0,25626
230,10400;-1,42953;-0,25800
230,11402;-1,42936;-0,25610
230,12402;-1,42925;-0,25792
230,13402;-1,42908;-0,25630
230,14402;-1,42891;-0,25748
230,15400;-1,42862;-0,25658
230,16402;-1,42840;-0,25693
230,17402;-1,42806;-0,25693
230,18400;-1,42777;-0,25654
230,19402;-1,42743;-0,25712
230,20402;-1,42715;-0,25612
230,21400;-1,42681;-0,25734
230,22402;-1,42647;-0,25605
230,23402;-1,42613;-0,25737
230,24402;-1,42585;-0,25618
230,25402;-1,42556;-0,25728
230,26400;-1,42528;-0,25639
230,27402;-1,42505;-0,25701
230,28402;-1,42477;-0,25659
230,29400;-1,42454;-0,25659
230,30402;-1,42432;-0,25692
230,31402;-1,42409;-0,25630
230,32400;-1,42386;-0,25696
230,33402;-1,42369;-0,25618
230,34402;-1,42347;-0,25700
230,35400;-1,42330;-0,25600
230,36402;-1,42313;-0,25704
230,37402;-1,42290;-0,25603
230,38402;-1,42273;-0,25683
230,39402;-1,42256;-0,25625
230,40400;-1,42239;-0,25660
230,41402;-1,42216;-0,25636
230,42402;-1,42199;-0,25648
230,43400;-1,42182;-0,25653
230,44402;-1,42165;-0,25613
230,45402;-1,42148;-0,25662
230,46400;-1,42126;-0,25596
230,47402;-1,42114;-0,25674
230,48402;-1,42097;-0,25585
230,49402;-1,42080;-0,25680
230,50402;-1,42063;-0,25585
230,51400;-1,42046;-0,25666
230,52402;-1,42029;-0,25605
230,53402;-1,42012;-0,25642
230,54400;-1,41995;-0,25610
230,55402;-1,41978;-0,25631
230,56402;-1,41961;-0,25631
230,57400;-1,41944;-0,25592
230,58402;-1,41927;-0,25652
230,59402;-1,41910;-0,25569
230,60400;-1,41893;-0,25663
230,61402;-1,41876;-0,25571
230,62402;-1,41859;-0,25653
230,63402;-1,41842;-0,25560
230,64402;-1,41825;-0,25644
230,65400;-1,41814;-0,25593
230,66402;-1,41797;-0,25622
230,67402;-1,41780;-0,25600
230,68400;-1,41763;-0,25604
230,69402;-1,41746;-0,25613
230,70402;-1,41729;-0,25581
230,71400;-1,41712;-0,25636
230,72402;-1,41695;-0,25552
230,73402;-1,41678;-0,25636
230,74402;-1,41661;-0,25564
230,75402;-1,41644;-0,25627
230,76400;-1,41627;-0,25570
230,77402;-1,41610;-0,25628
230,78402;-1,41593;-0,25578
230,79400;-1,41576;-0,25610
230,80402;-1,41559;-0,25602
230,81402;-1,41548;-0,25579
230,82400;-1,41531;-0,25606
230,83402;-1,41514;-0,25573
230,84402;-1,41497;-0,25613
230,85400;-1,41480;-0,25549
230,86402;-1,41463;-0,25621
230,87402;-1,41446;-0,25547
230,88402;-1,41434;-0,25615
230,89402;-1,41412;-0,25564
230,90400;-1,41395;-0,25603
230,91402;-1,41378;-0,25566
230,92402;-1,41361;-0,25595
230,93400;-1,41344;-0,25579
230,94402;-1,41327;-0,25578
230,95402;-1,41310;-0,25596
230,96400;-1,41293;-0,25564
230,97402;-1,41276;-0,25603
230,98402;-1,41259;-0,25560
230,99402;-1,41242;-0,25605
231,00402;-1,41225;-0,25549
231,01400;-1,41208;-0,25602
231,02402;-1,41191;-0,25543
231,03402;-1,41168;-0,25592
231,04400;-1,41151;-0,25557
231,05402;-1,41134;-0,25572
231,06402;-1,41117;-0,25563
231,07400;-1,41106;-0,25563
231,08402;-1,41089;-0,25580
231,09402;-1,41072;-0,25553
231,10400;-1,41055;-0,25604
231,11402;-1,41038;-0,25543
231,12402;-1,41021;-0,25598
231,13402;-1,41004;-0,25540
231,14402;-1,40987;-0,25585
231,15400;-1,40970;-0,25536
231,16402;-1,40953;-0,25566
231,17402;-1,40941;-0,25544
231,18400;-1,40924;-0,25556
231,19402;-1,40907;-0,25572
231,20402;-1,40890;-0,25548
231,21400;-1,40873;-0,25590
231,22402;-1,40856;-0,25537
231,23402;-1,40839;-0,25591
231,24402;-1,40822;-0,25526
231,25402;-1,40805;-0,25581
231,26400;-1,40788;-0,25531
231,27402;-1,40771;-0,25567
231,28402;-1,40754;-0,25548
231,29400;-1,40737;-0,25560
231,30402;-1,40720;-0,25563
231,31402;-1,40703;-0,25540
231,32400;-1,40686;-0,25574
231,33402;-1,40669;-0,25530
231,34402;-1,40652;-0,25570
231,35400;-1,40635;-0,25513
231,36402;-1,40618;-0,25575
231,37402;-1,40601;-0,25520
231,38402;-1,40584;-0,25575
231,39402;-1,40567;-0,25538
231,40400;-1,40550;-0,25546
231,41402;-1,40533;-0,25552
231,42402;-1,40522;-0,25544
231,43400;-1,40505;-0,25549
231,44402;-1,40488;-0,25530
231,45402;-1,40471;-0,25559
231,46400;-1,40454;-0,25522
231,47402;-1,40437;-0,25576
231,48402;-1,40426;-0,25513
231,49402;-1,40409;-0,25560
231,50402;-1,40392;-0,25516
231,51400;-1,40375;-0,25551
231,52402;-1,40358;-0,25526
231,53402;-1,40341;-0,25539
231,54400;-1,40324;-0,25532
231,55402;-1,40312;-0,25535
231,56402;-1,40290;-0,25542
231,57400;-1,40278;-0,25522
231,58402;-1,40261;-0,25545
231,59402;-1,40239;-0,25509
231,60400;-1,40222;-0,25557
231,61402;-1,40210;-0,25511
231,62402;-1,40188;-0,25550
231,63402;-1,40171;-0,25514
231,64402;-1,40154;-0,25544
231,65400;-1,40142;-0,25520
231,66402;-1,40125;-0,25539
231,67402;-1,40108;-0,25518
231,68400;-1,40091;-0,25526
231,69402;-1,40074;-0,25544
231,70402;-1,40057;-0,25508
231,71400;-1,40040;-0,25544
231,72402;-1,40023;-0,25501
231,73402;-1,40006;-0,25538
231,74402;-1,39989;-0,25493
231,75402;-1,39972;-0,25542
231,76400;-1,39950;-0,25493
231,77402;-1,39938;-0,25538
231,78402;-1,39921;-0,25520
231,79400;-1,39904;-0,25533
231,80402;-1,39887;-0,25516
231,81402;-1,39870;-0,25511
231,82400;-1,39853;-0,25524
231,83402;-1,39836;-0,25488
231,84402;-1,39819;-0,25536
231,85400;-1,39802;-0,25482
231,86402;-1,39785;-0,25539
231,87402;-1,39768;-0,25498
231,88402;-1,39751;-0,25543
231,89402;-1,39740;-0,25494
231,90400;-1,39723;-0,25528
231,91402;-1,39706;-0,25500
231,92402;-1,39689;-0,25507
231,93400;-1,39672;-0,25513
231,94402;-1,39655;-0,25489
231,95402;-1,39638;-0,25525
231,96400;-1,39627;-0,25484
231,97402;-1,39610;-0,25540
231,98402;-1,39587;-0,25473
231,99402;-1,39570;-0,25530
232,00402;-1,39553;-0,25480
232,01400;-1,39536;-0,25517
232,02402;-1,39519;-0,25489
232,03402;-1,39502;-0,25519
232,04400;-1,39485;-0,25484
232,05402;-1,39474;-0,25505
232,06402;-1,39457;-0,25506
232,07400;-1,39440;-0,25487
232,08402;-1,39423;-0,25519
232,09402;-1,39406;-0,25476
232,10400;-1,39389;-0,25513
232,11402;-1,39372;-0,25472
232,12402;-1,39355;-0,25518
232,13402;-1,39338;-0,25477
232,14402;-1,39321;-0,25512
232,15400;-1,39304;-0,25477
232,16402;-1,39292;-0,25503
232,17402;-1,39275;-0,25493
232,18400;-1,39258;-0,25497
232,19402;-1,39241;-0,25502
232,20402;-1,39224;-0,25473
232,21400;-1,39207;-0,25517
232,22402;-1,39190;-0,25468
232,23402;-1,39173;-0,25508
232,24402;-1,39151;-0,25467
232,25402;-1,39134;-0,25499
232,26400;-1,39117;-0,25466
232,27402;-1,39100;-0,25515
232,28402;-1,39088;-0,25470
232,29400;-1,39071;-0,25501
232,30402;-1,39054;-0,25497
232,31402;-1,39037;-0,25481
232,32400;-1,39020;-0,25509
232,33402;-1,39009;-0,25470
232,34402;-1,38992;-0,25499
232,35400;-1,38975;-0,25458
232,36402;-1,38952;-0,25501
232,37402;-1,38941;-0,25459
232,38402;-1,38924;-0,25505
232,39402;-1,38907;-0,25467
232,40400;-1,38890;-0,25496
232,41402;-1,38873;-0,25482
232,42402;-1,38856;-0,25483
232,43400;-1,38839;-0,25488
232,44402;-1,38822;-0,25463
232,45402;-1,38805;-0,25501
232,46400;-1,38788;-0,25455
232,47402;-1,38771;-0,25505
232,48402;-1,38760;-0,25454
232,49402;-1,38743;-0,25487
232,50402;-1,38726;-0,25462
232,51400;-1,38703;-0,25486
232,52402;-1,38692;-0,25465
232,53402;-1,38675;-0,25472
232,54400;-1,38658;-0,25474
232,55402;-1,38641;-0,25457
232,56402;-1,38624;-0,25486
232,57400;-1,38607;-0,25447
232,58402;-1,38590;-0,25489
232,59402;-1,38573;-0,25443
232,60400;-1,38556;-0,25505
232,61402;-1,38539;-0,25448
232,62402;-1,38522;-0,25485
232,63402;-1,38505;-0,25458
232,64402;-1,38488;-0,25473
232,65400;-1,38471;-0,25462
232,66402;-1,38454;-0,25466
232,67402;-1,38437;-0,25462
232,68400;-1,38420;-0,25452
232,69402;-1,38403;-0,25491
232,70402;-1,38386;-0,25445
232,71400;-1,38369;-0,25489
232,72402;-1,38352;-0,25444
232,73402;-1,38340;-0,25480
232,74402;-1,38323;-0,25443
232,75402;-1,38306;-0,25476
232,76400;-1,38289;-0,25446
232,77402;-1,38278;-0,25469
232,78402;-1,38261;-0,25457
232,79400;-1,38244;-0,25452
232,80402;-1,38233;-0,25467
232,81402;-1,38216;-0,25452
232,82400;-1,38199;-0,25481
232,83402;-1,38182;-0,25442
232,84402;-1,38165;-0,25478
232,85400;-1,38148;-0,25433
232,86402;-1,38131;-0,25473
232,87402;-1,38114;-0,25430
232,88402;-1,38097;-0,25464
232,89402;-1,38080;-0,25441
232,90400;-1,38063;-0,25463
232,91402;-1,38046;-0,25452
232,92402;-1,38029;-0,25445
232,93400;-1,38012;-0,25467
232,94402;-1,37995;-0,25423
232,95402;-1,37978;-0,25473
232,96400;-1,37966;-0,25425
232,97402;-1,37949;-0,25467
232,98402;-1,37932;-0,25422
232,99402;-1,37915;-0,25470
233,00402;-1,37898;-0,25423
233,01400;-1,37876;-0,25464
233,02402;-1,37859;-0,25430
233,03402;-1,37842;-0,25447
233,04400;-1,37825;-0,25446
233,05402;-1,37808;-0,25434
233,06402;-1,37791;-0,25458
233,07400;-1,37774;-0,25423
233,08402;-1,37757;-0,25451
233,09402;-1,37740;-0,25426
233,10400;-1,37723;-0,25462
233,11402;-1,37706;-0,25415
233,12402;-1,37689;-0,25460
233,13402;-1,37672;-0,25422
233,14402;-1,37655;-0,25451
233,15400;-1,37638;-0,25425
233,16402;-1,37621;-0,25439
233,17402;-1,37604;-0,25439
233,18400;-1,37592;-0,25424
233,19402;-1,37575;-0,25449
233,20402;-1,37558;-0,25415
233,21400;-1,37541;-0,25447
233,22402;-1,37524;-0,25418
233,23402;-1,37507;-0,25442
233,24402;-1,37490;-0,25410
233,25402;-1,37479;-0,25445
233,26400;-1,37462;-0,25413
233,27402;-1,37445;-0,25440
233,28402;-1,37428;-0,25416
233,29400;-1,37411;-0,25417
233,30402;-1,37394;-0,25436
233,31402;-1,37377;-0,25419
233,32400;-1,37360;-0,25432
233,33402;-1,37343;-0,25404
233,34402;-1,37326;-0,25444
233,35400;-1,37309;-0,25403
233,36402;-1,37292;-0,25442
233,37402;-1,37275;-0,25406
233,38402;-1,37258;-0,25420
233,39402;-1,37241;-0,25413
233,40400;-1,37230;-0,25430
233,41402;-1,37213;-0,25415
233,42402;-1,37196;-0,25405
233,43400;-1,37179;-0,25429
233,44402;-1,37162;-0,25406
233,45402;-1,37150;-0,25437
233,46400;-1,37133;-0,25399
233,47402;-1,37116;-0,25428
233,48402;-1,37099;-0,25398
233,49402;-1,37082;-0,25427
233,50402;-1,37065;-0,25403
233,51400;-1,37048;-0,25410
233,52402;-1,37031;-0,25405
233,53402;-1,37009;-0,25409
233,54400;-1,36992;-0,25411
233,55402;-1,36975;-0,25406
233,56402;-1,36958;-0,25409
233,57400;-1,36941;-0,25389
233,58402;-1,36924;-0,25424
233,59402;-1,36907;-0,25390
233,60400;-1,36895;-0,25425
233,61402;-1,36878;-0,25395
233,62402;-1,36861;-0,25406
233,63402;-1,36844;-0,25396
233,64402;-1,36827;-0,25398
233,65400;-1,36810;-0,25397
233,66402;-1,36793;-0,25396
233,67402;-1,36776;-0,25401
233,68400;-1,36759;-0,25394
233,69402;-1,36742;-0,25410
233,70402;-1,36725;-0,25384
233,71400;-1,36708;-0,25427
233,72402;-1,36697;-0,25380
233,73402;-1,36680;-0,25416
233,74402;-1,36663;-0,25393
233,75402;-1,36646;-0,25400
233,76400;-1,36629;-0,25393
233,77402;-1,36612;-0,25393
233,78402;-1,36595;-0,25396
233,79400;-1,36578;-0,25394
233,80402;-1,36561;-0,25403
233,81402;-1,36544;-0,25378
233,82400;-1,36527;-0,25413
233,83402;-1,36516;-0,25371
233,84402;-1,36499;-0,25411
233,85400;-1,36482;-0,25372
233,86402;-1,36465;-0,25401
233,87402;-1,36448;-0,25383
233,88402;-1,36431;-0,25391
233,89402;-1,36414;-0,25378
233,90400;-1,36397;-0,25385
233,91402;-1,36380;-0,25381
233,92402;-1,36363;-0,25380
233,93400;-1,36346;-0,25394
233,94402;-1,36329;-0,25364
233,95402;-1,36312;-0,25389
233,96400;-1,36295;-0,25369
233,97402;-1,36278;-0,25379
233,98402;-1,36261;-0,25379
233,99402;-1,36244;-0,25380
234,00402;-1,36227;-0,25367
234,01400;-1,36210;-0,25383
234,02402;-1,36193;-0,25372
234,03402;-1,36176;-0,25377
234,04400;-1,36159;-0,25376
234,05402;-1,36142;-0,25363
234,06402;-1,36130;-0,25383
234,07400;-1,36113;-0,25367
234,08402;-1,36096;-0,25373
234,09402;-1,36079;-0,25365
234,10400;-1,36068;-0,25375
234,11402;-1,36051;-0,25363
234,12402;-1,36034;-0,25375
234,13402;-1,36017;-0,25359
234,14402;-1,36000;-0,25375
234,15400;-1,35983;-0,25362
234,16402;-1,35966;-0,25368
234,17402;-1,35949;-0,25358
234,18400;-1,35932;-0,25363
234,19402;-1,35915;-0,25366
234,20402;-1,35898;-0,25356
234,21400;-1,35881;-0,25369
234,22402;-1,35864;-0,25357
234,23402;-1,35847;-0,25366
234,24402;-1,35830;-0,25356
234,25402;-1,35813;-0,25357
234,26400;-1,35796;-0,25344
234,27402;-1,35785;-0,25354
234,28402;-1,35762;-0,25351
234,29400;-1,35745;-0,25343
234,30402;-1,35728;-0,25358
234,31402;-1,35711;-0,25348
234,32400;-1,35694;-0,25358
234,33402;-1,35677;-0,25346
234,34402;-1,35660;-0,25352
234,35400;-1,35643;-0,25348
234,36402;-1,35626;-0,25353
234,37402;-1,35609;-0,25344
234,38402;-1,35592;-0,25355
234,39402;-1,35575;-0,25351
234,40400;-1,35558;-0,25344
234,41402;-1,35541;-0,25361
234,42402;-1,35524;-0,25341
234,43400;-1,35507;-0,25351
234,44402;-1,35490;-0,25354
234,45402;-1,35473;-0,25338
234,46400;-1,35456;-0,25341
234,47402;-1,35439;-0,25342
234,48402;-1,35422;-0,25349
234,49402;-1,35411;-0,25347
234,50402;-1,35394;-0,25346
234,51400;-1,35377;-0,25339
234,52402;-1,35360;-0,25340
234,53402;-1,35343;-0,25335
234,54400;-1,35326;-0,25342
234,55402;-1,35314;-0,25329
234,56402;-1,35297;-0,25333
234,57400;-1,35280;-0,25353
234,58402;-1,35263;-0,25327
234,59402;-1,35246;-0,25350
234,60400;-1,35229;-0,25329
234,61402;-1,35212;-0,25331
234,62402;-1,35195;-0,25335
234,63402;-1,35178;-0,25332
234,64402;-1,35167;-0,25321
234,65400;-1,35150;-0,25337
234,66402;-1,35133;-0,25339
234,67402;-1,35116;-0,25328
234,68400;-1,35099;-0,25349
234,69402;-1,35082;-0,25318
234,70402;-1,35065;-0,25337
234,71400;-1,35048;-0,25321
234,72402;-1,35031;-0,25347
234,73402;-1,35014;-0,25318
234,74402;-1,34997;-0,25331
234,75402;-1,34986;-0,25331
234,76400;-1,34969;-0,25327
234,77402;-1,34952;-0,25326
234,78402;-1,34935;-0,25320
234,79400;-1,34912;-0,25324
234,80402;-1,34895;-0,25317
234,81402;-1,34878;-0,25332
234,82400;-1,34861;-0,25320
234,83402;-1,34844;-0,25331
234,84402;-1,34827;-0,25317
234,85400;-1,34810;-0,25325
234,86402;-1,34793;-0,25306
234,87402;-1,34776;-0,25318
234,88402;-1,34759;-0,25315
234,89402;-1,34742;-0,25320
234,90400;-1,34725;-0,25324
234,91402;-1,34708;-0,25316
234,92402;-1,34697;-0,25316
234,93400;-1,34680;-0,25318
234,94402;-1,34663;-0,25311
234,95402;-1,34646;-0,25312
234,96400;-1,34629;-0,25314
234,97402;-1,34612;-0,25302
234,98402;-1,34595;-0,25326
234,99402;-1,34578;-0,25305
235,00402;-1,34561;-0,25324
235,01400;-1,34544;-0,25313
235,02402;-1,34527;-0,25311
235,03402;-1,34510;-0,25307
235,04400;-1,34493;-0,25315
235,05402;-1,34476;-0,25299
235,06402;-1,34459;-0,25319
235,07400;-1,34442;-0,25304
235,08402;-1,34425;-0,25306
235,09402;-1,34408;-0,25310
235,10400;-1,34396;-0,25302
235,11402;-1,34379;-0,25318
235,12402;-1,34362;-0,25296
235,13402;-1,34345;-0,25309
235,14402;-1,34328;-0,25310
235,15400;-1,34311;-0,25298
235,16402;-1,34294;-0,25304
235,17402;-1,34277;-0,25306
235,18400;-1,34260;-0,25293
235,19402;-1,34243;-0,25304
235,20402;-1,34226;-0,25313
235,21400;-1,34215;-0,25289
235,22402;-1,34198;-0,25311
235,23402;-1,34181;-0,25295
235,24402;-1,34164;-0,25310
235,25402;-1,34147;-0,25302
235,26400;-1,34130;-0,25303
235,27402;-1,34113;-0,25294
235,28402;-1,34096;-0,25289
235,29400;-1,34079;-0,25307
235,30402;-1,34062;-0,25286
235,31402;-1,34045;-0,25300
235,32400;-1,34028;-0,25289
235,33402;-1,34011;-0,25305
235,34402;-1,33994;-0,25283
235,35400;-1,33983;-0,25305
235,36402;-1,33966;-0,25280
235,37402;-1,33949;-0,25297
235,38402;-1,33932;-0,25294
235,39402;-1,33915;-0,25291
235,40400;-1,33903;-0,25299
235,41402;-1,33886;-0,25288
235,42402;-1,33869;-0,25295
235,43400;-1,33847;-0,25282
235,44402;-1,33830;-0,25300
235,45402;-1,33813;-0,25277
235,46400;-1,33796;-0,25301
235,47402;-1,33779;-0,25281
235,48402;-1,33762;-0,25305
235,49402;-1,33745;-0,25283
235,50402;-1,33728;-0,25305
235,51400;-1,33711;-0,25286
235,52402;-1,33694;-0,25298
235,53402;-1,33682;-0,25293
235,54400;-1,33665;-0,25278
235,55402;-1,33648;-0,25302
235,56402;-1,33631;-0,25271
235,57400;-1,33614;-0,25300
235,58402;-1,33597;-0,25271
235,59402;-1,33580;-0,25304
235,60400;-1,33558;-0,25274
235,61402;-1,33546;-0,25310
235,62402;-1,33524;-0,25266
235,63402;-1,33507;-0,25298
235,64402;-1,33490;-0,25269
235,65400;-1,33473;-0,25281
235,66402;-1,33456;-0,25284
235,67402;-1,33439;-0,25268
235,68400;-1,33422;-0,25297
235,69402;-1,33405;-0,25267
235,70402;-1,33388;-0,25294
235,71400;-1,33371;-0,25262
235,72402;-1,33354;-0,25304
235,73402;-1,33342;-0,25263
235,74402;-1,33325;-0,25304
235,75402;-1,33308;-0,25270
235,76400;-1,33291;-0,25288
235,77402;-1,33274;-0,25278
235,78402;-1,33257;-0,25282
235,79400;-1,33240;-0,25288
235,80402;-1,33223;-0,25251
235,81402;-1,33212;-0,25299
235,82400;-1,33195;-0,25244
235,83402;-1,33178;-0,25301
235,84402;-1,33161;-0,25255
235,85400;-1,33144;-0,25290
235,86402;-1,33127;-0,25267
235,87402;-1,33116;-0,25294
235,88402;-1,33099;-0,25257
235,89402;-1,33082;-0,25277
235,90400;-1,33065;-0,25272
235,91402;-1,33048;-0,25261
235,92402;-1,33031;-0,25294
235,93400;-1,33014;-0,25246
235,94402;-1,32997;-0,25292
235,95402;-1,32980;-0,25246
235,96400;-1,32963;-0,25280
235,97402;-1,32951;-0,25238
235,98402;-1,32934;-0,25282
235,99402;-1,32917;-0,25246
236,00402;-1,32900;-0,25271
236,01400;-1,32883;-0,25264
236,02402;-1,32866;-0,25262
236,03402;-1,32849;-0,25267
236,04400;-1,32832;-0,25250
236,05402;-1,32815;-0,25280
236,06402;-1,32798;-0,25235
236,07400;-1,32781;-0,25273
236,08402;-1,32764;-0,25233
236,09402;-1,32747;-0,25276
236,10400;-1,32730;-0,25247
236,11402;-1,32713;-0,25270
236,12402;-1,32696;-0,25251
236,13402;-1,32679;-0,25260
236,14402;-1,32662;-0,25258
236,15400;-1,32645;-0,25241
236,16402;-1,32628;-0,25265
236,17402;-1,32611;-0,25233
236,18400;-1,32600;-0,25280
236,19402;-1,32583;-0,25243
236,20402;-1,32566;-0,25272
236,21400;-1,32549;-0,25232
236,22402;-1,32532;-0,25272
236,23402;-1,32515;-0,25218
236,24402;-1,32498;-0,25262
236,25402;-1,32481;-0,25235
236,26400;-1,32464;-0,25240
236,27402;-1,32447;-0,25253
236,28402;-1,32430;-0,25244
236,29400;-1,32413;-0,25266
236,30402;-1,32396;-0,25238
236,31402;-1,32379;-0,25263
236,32400;-1,32362;-0,25218
236,33402;-1,32345;-0,25272
236,34402;-1,32328;-0,25209
236,35400;-1,32311;-0,25267
236,36402;-1,32300;-0,25218
236,37402;-1,32283;-0,25260
236,38402;-1,32266;-0,25228
236,39402;-1,32249;-0,25240
236,40400;-1,32232;-0,25244
236,41402;-1,32215;-0,25227
236,42402;-1,32198;-0,25250
236,43400;-1,32181;-0,25225
236,44402;-1,32164;-0,25262
236,45402;-1,32147;-0,25215
236,46400;-1,32130;-0,25269
236,47402;-1,32113;-0,25205
236,48402;-1,32096;-0,25260
236,49402;-1,32079;-0,25225
236,50402;-1,32062;-0,25251
236,51400;-1,32050;-0,25231
236,52402;-1,32033;-0,25238
236,53402;-1,32016;-0,25239
236,54400;-1,31999;-0,25231
236,55402;-1,31982;-0,25242
236,56402;-1,31965;-0,25208
236,57400;-1,31948;-0,25251
236,58402;-1,31931;-0,25210
236,59402;-1,31914;-0,25252
236,60400;-1,31897;-0,25214
236,61402;-1,31880;-0,25241
236,62402;-1,31863;-0,25212
236,63402;-1,31846;-0,25244
236,64402;-1,31835;-0,25218
236,65400;-1,31818;-0,25226
236,66402;-1,31801;-0,25223
236,67402;-1,31784;-0,25221
236,68400;-1,31767;-0,25229
236,69402;-1,31750;-0,25218
236,70402;-1,31733;-0,25224
236,71400;-1,31716;-0,25203
236,72402;-1,31699;-0,25232
236,73402;-1,31682;-0,25209
236,74402;-1,31665;-0,25221
236,75402;-1,31648;-0,25205
236,76400;-1,31631;-0,25227
236,77402;-1,31614;-0,25212
236,78402;-1,31597;-0,25221
236,79400;-1,31580;-0,25224
236,80402;-1,31563;-0,25202
236,81402;-1,31546;-0,25221
236,82400;-1,31529;-0,25207
236,83402;-1,31518;-0,25215
236,84402;-1,31501;-0,25213
236,85400;-1,31484;-0,25226
236,86402;-1,31467;-0,25198
236,87402;-1,31450;-0,25219
236,88402;-1,31427;-0,25198
236,89402;-1,31410;-0,25207
236,90400;-1,31393;-0,25209
236,91402;-1,31376;-0,25206
236,92402;-1,31359;-0,25203
236,93400;-1,31342;-0,25198
236,94402;-1,31325;-0,25202
236,95402;-1,31308;-0,25196
236,96400;-1,31291;-0,25207
236,97402;-1,31274;-0,25190
236,98402;-1,31257;-0,25207
236,99402;-1,31240;-0,25194
237,00402;-1,31223;-0,25208
237,01400;-1,31206;-0,25191
237,02402;-1,31195;-0,25194
237,03402;-1,31178;-0,25203
237,04400;-1,31161;-0,25199
237,05402;-1,31144;-0,25197
237,06402;-1,31127;-0,25195
237,07400;-1,31110;-0,25191
237,08402;-1,31093;-0,25194
237,09402;-1,31081;-0,25204
237,10400;-1,31064;-0,25201
237,11402;-1,31047;-0,25203
237,12402;-1,31030;-0,25194
237,13402;-1,31013;-0,25200
237,14402;-1,30996;-0,25192
237,15400;-1,30979;-0,25191
237,16402;-1,30968;-0,25191
237,17402;-1,30951;-0,25201
237,18400;-1,30934;-0,25184
237,19402;-1,30917;-0,25205
237,20402;-1,30900;-0,25188
237,21400;-1,30883;-0,25201
237,22402;-1,30866;-0,25187
237,23402;-1,30849;-0,25198
237,24402;-1,30832;-0,25192
237,25402;-1,30815;-0,25181
237,26400;-1,30798;-0,25200
237,27402;-1,30781;-0,25183
237,28402;-1,30764;-0,25199
237,29400;-1,30747;-0,25188
237,30402;-1,30730;-0,25203
237,31402;-1,30713;-0,25180
237,32400;-1,30696;-0,25196
237,33402;-1,30685;-0,25174
237,34402;-1,30668;-0,25190
237,35400;-1,30651;-0,25181
237,36402;-1,30634;-0,25187
237,37402;-1,30617;-0,25196
237,38402;-1,30600;-0,25189
237,39402;-1,30583;-0,25193
237,40400;-1,30566;-0,25183
237,41402;-1,30549;-0,25187
237,42402;-1,30532;-0,25184
237,43400;-1,30515;-0,25186
237,44402;-1,30498;-0,25180
237,45402;-1,30481;-0,25187
237,46400;-1,30464;-0,25183
237,47402;-1,30447;-0,25192
237,48402;-1,30430;-0,25188
237,49402;-1,30418;-0,25188
237,50402;-1,30401;-0,25183
237,51400;-1,30384;-0,25176
237,52402;-1,30367;-0,25178
237,53402;-1,30350;-0,25172
237,54400;-1,30328;-0,25183
237,55402;-1,30311;-0,25176
237,56402;-1,30294;-0,25181
237,57400;-1,30277;-0,25186
237,58402;-1,30260;-0,25179
237,59402;-1,30243;-0,25178
237,60400;-1,30226;-0,25168
237,61402;-1,30209;-0,25181
237,62402;-1,30192;-0,25168
237,63402;-1,30175;-0,25176
237,64402;-1,30158;-0,25170
237,65400;-1,30141;-0,25167
237,66402;-1,30129;-0,25172
237,67402;-1,30112;-0,25170
237,68400;-1,30095;-0,25172
237,69402;-1,30078;-0,25164
237,70402;-1,30061;-0,25175
237,71400;-1,30044;-0,25159
237,72402;-1,30027;-0,25178
237,73402;-1,30010;-0,25163
237,74402;-1,29993;-0,25182
237,75402;-1,29976;-0,25172
237,76400;-1,29959;-0,25173
237,77402;-1,29942;-0,25170
237,78402;-1,29925;-0,25164
237,79400;-1,29908;-0,25177
237,80402;-1,29891;-0,25164
237,81402;-1,29874;-0,25178
237,82400;-1,29857;-0,25162
237,83402;-1,29840;-0,25182
237,84402;-1,29823;-0,25166
237,85400;-1,29812;-0,25177
237,86402;-1,29795;-0,25168
237,87402;-1,29778;-0,25173
237,88402;-1,29761;-0,25176
237,89402;-1,29744;-0,25174
237,90400;-1,29727;-0,25169
237,91402;-1,29716;-0,25171
237,92402;-1,29699;-0,25174
237,93400;-1,29682;-0,25163
237,94402;-1,29665;-0,25174
237,95402;-1,29648;-0,25156
237,96400;-1,29631;-0,25164
237,97402;-1,29614;-0,25157
237,98402;-1,29602;-0,25166
237,99402;-1,29585;-0,25162
238,00402;-1,29568;-0,25175
238,01400;-1,29551;-0,25160
238,02402;-1,29534;-0,25175
238,03402;-1,29517;-0,25148
238,04400;-1,29500;-0,25164
238,05402;-1,29483;-0,25147
238,06402;-1,29466;-0,25151
238,07400;-1,29444;-0,25157
238,08402;-1,29432;-0,25161
238,09402;-1,29415;-0,25156
238,10400;-1,29398;-0,25151
238,11402;-1,29381;-0,25153
238,12402;-1,29364;-0,25148
238,13402;-1,29347;-0,25159
238,14402;-1,29330;-0,25141
238,15400;-1,29313;-0,25160
238,16402;-1,29296;-0,25146
238,17402;-1,29279;-0,25153
238,18400;-1,29262;-0,25148
238,19402;-1,29245;-0,25148
238,20402;-1,29228;-0,25146
238,21400;-1,29211;-0,25148
238,22402;-1,29194;-0,25143
238,23402;-1,29177;-0,25136
238,24402;-1,29160;-0,25146
238,25402;-1,29143;-0,25134
238,26400;-1,29126;-0,25154
238,27402;-1,29109;-0,25136
238,28402;-1,29092;-0,25148
238,29400;-1,29075;-0,25143
238,30402;-1,29058;-0,25150
238,31402;-1,29041;-0,25141
238,32400;-1,29024;-0,25150
238,33402;-1,29013;-0,25137
238,34402;-1,28996;-0,25141
238,35400;-1,28979;-0,25149
238,36402;-1,28962;-0,25140
238,37402;-1,28945;-0,25148
238,38402;-1,28928;-0,25142
238,39402;-1,28911;-0,25146
238,40400;-1,28894;-0,25138
238,41402;-1,28877;-0,25144
238,42402;-1,28860;-0,25129
238,43400;-1,28843;-0,25140
238,44402;-1,28826;-0,25134
238,45402;-1,28815;-0,25149
238,46400;-1,28798;-0,25135
238,47402;-1,28781;-0,25142
238,48402;-1,28764;-0,25144
238,49402;-1,28747;-0,25134
238,50402;-1,28730;-0,25140
238,51400;-1,28713;-0,25125
238,52402;-1,28696;-0,25142
238,53402;-1,28684;-0,25135
238,54400;-1,28667;-0,25152
238,55402;-1,28650;-0,25115
238,56402;-1,28633;-0,25153
238,57400;-1,28616;-0,25119
238,58402;-1,28599;-0,25146
238,59402;-1,28582;-0,25126
238,60400;-1,28565;-0,25140
238,61402;-1,28548;-0,25140
238,62402;-1,28531;-0,25139
238,63402;-1,28514;-0,25146
238,64402;-1,28497;-0,25123
238,65400;-1,28480;-0,25141
238,66402;-1,28463;-0,25130
238,67402;-1,28452;-0,25143
238,68400;-1,28429;-0,25125
238,69402;-1,28412;-0,25148
238,70402;-1,28395;-0,25119
238,71400;-1,28378;-0,25144
238,72402;-1,28367;-0,25129
238,73402;-1,28350;-0,25124
238,74402;-1,28333;-0,25136
238,75402;-1,28316;-0,25127
238,76400;-1,28299;-0,25144
238,77402;-1,28282;-0,25121
238,78402;-1,28265;-0,25145
238,79400;-1,28248;-0,25123
238,80402;-1,28231;-0,25151
238,81402;-1,28214;-0,25120
238,82400;-1,28197;-0,25150
238,83402;-1,28180;-0,25118
238,84402;-1,28163;-0,25128
238,85400;-1,28146;-0,25135
238,86402;-1,28129;-0,25110
238,87402;-1,28112;-0,25139
238,88402;-1,28095;-0,25116
238,89402;-1,28078;-0,25131
238,90400;-1,28061;-0,25117
238,91402;-1,28038;-0,25134
238,92402;-1,28021;-0,25113
238,93400;-1,28004;-0,25142
238,94402;-1,27987;-0,25120
238,95402;-1,27976;-0,25129
238,96400;-1,27959;-0,25134
238,97402;-1,27942;-0,25123
238,98402;-1,27925;-0,25130
238,99402;-1,27908;-0,25116
239,00402;-1,27891;-0,25133
239,01400;-1,27874;-0,25110
239,02402;-1,27857;-0,25133
239,03402;-1,27840;-0,25111
239,04400;-1,27823;-0,25122
239,05402;-1,27806;-0,25112
239,06402;-1,27789;-0,25123
239,07400;-1,27772;-0,25110
239,08402;-1,27755;-0,25124
239,09402;-1,27738;-0,25123
239,10400;-1,27721;-0,25118
239,11402;-1,27710;-0,25131
239,12402;-1,27693;-0,25102
239,13402;-1,27676;-0,25122
239,14402;-1,27659;-0,25113
239,15400;-1,27642;-0,25116
239,16402;-1,27625;-0,25104
239,17402;-1,27608;-0,25123
239,18400;-1,27591;-0,25106
239,19402;-1,27574;-0,25123
239,20402;-1,27562;-0,25119
239,21400;-1,27545;-0,25110
239,22402;-1,27528;-0,25124
239,23402;-1,27511;-0,25109
239,24402;-1,27494;-0,25118
239,25402;-1,27477;-0,25103
239,26400;-1,27460;-0,25122
239,27402;-1,27449;-0,25102
239,28402;-1,27432;-0,25124
239,29400;-1,27415;-0,25106
239,30402;-1,27398;-0,25117
239,31402;-1,27381;-0,25104
239,32400;-1,27364;-0,25108
239,33402;-1,27347;-0,25109
239,34402;-1,27330;-0,25093
239,35400;-1,27313;-0,25117
239,36402;-1,27296;-0,25098
239,37402;-1,27279;-0,25113
239,38402;-1,27262;-0,25091
239,39402;-1,27245;-0,25119
239,40400;-1,27228;-0,25096
239,41402;-1,27211;-0,25111
239,42402;-1,27194;-0,25104
239,43400;-1,27177;-0,25096
239,44402;-1,27160;-0,25096
239,45402;-1,27143;-0,25106
239,46400;-1,27126;-0,25101
239,47402;-1,27109;-0,25093
239,48402;-1,27092;-0,25106
239,49402;-1,27075;-0,25090
239,50402;-1,27052;-0,25108
239,51400;-1,27035;-0,25092
239,52402;-1,27018;-0,25098
239,53402;-1,27001;-0,25088
239,54400;-1,26984;-0,25104
239,55402;-1,26967;-0,25097
239,56402;-1,26956;-0,25100
239,57400;-1,26939;-0,25097
239,58402;-1,26922;-0,25102
239,59402;-1,26905;-0,25105
239,60400;-1,26894;-0,25101
239,61402;-1,26877;-0,25102
239,62402;-1,26860;-0,25097
239,63402;-1,26843;-0,25098
239,64402;-1,26826;-0,25101
239,65400;-1,26809;-0,25096
239,66402;-1,26797;-0,25094
239,67402;-1,26780;-0,25095
239,68400;-1,26763;-0,25090
239,69402;-1,26746;-0,25095
239,70402;-1,26729;-0,25099
239,71400;-1,26712;-0,25092
239,72402;-1,26695;-0,25092
239,73402;-1,26678;-0,25102
239,74402;-1,26667;-0,25096
239,75402;-1,26650;-0,25094
239,76400;-1,26633;-0,25096
239,77402;-1,26616;-0,25083
239,78402;-1,26599;-0,25090
239,79400;-1,26582;-0,25087
239,80402;-1,26565;-0,25100
239,81402;-1,26548;-0,25079
239,82400;-1,26531;-0,25100
239,83402;-1,26514;-0,25089
239,84402;-1,26497;-0,25091
239,85400;-1,26480;-0,25094
239,86402;-1,26463;-0,25086
239,87402;-1,26446;-0,25086
239,88402;-1,26429;-0,25093
239,89402;-1,26412;-0,25098
239,90400;-1,26395;-0,25087
239,91402;-1,26378;-0,25095
239,92402;-1,26361;-0,25080
239,93400;-1,26350;-0,25100
239,94402;-1,26333;-0,25083
239,95402;-1,26316;-0,25092
239,96400;-1,26299;-0,25088
239,97402;-1,26282;-0,25090
239,98402;-1,26265;-0,25102
239,99402;-1,26248;-0,25089
240,00402;-1,26231;-0,25095
240,01400;-1,26214;-0,25087
240,02402;-1,26197;-0,25088
240,03402;-1,26180;-0,25078
240,04400;-1,26163;-0,25095
240,05402;-1,26146;-0,25079
240,06402;-1,26129;-0,25092
240,07400;-1,26112;-0,25088
240,08402;-1,26095;-0,25091
240,09402;-1,26083;-0,25097
240,10400;-1,26066;-0,25091
240,11402;-1,26049;-0,25084
240,12402;-1,26032;-0,25073
240,13402;-1,26015;-0,25090
240,14402;-1,25998;-0,25085
240,15400;-1,25976;-0,25098
240,16402;-1,25959;-0,25089
240,17402;-1,25942;-0,25098
240,18400;-1,25925;-0,25085
240,19402;-1,25908;-0,25095
240,20402;-1,25891;-0,25089
240,21400;-1,25874;-0,25077
240,22402;-1,25857;-0,25100
240,23402;-1,25840;-0,25086
240,24402;-1,25823;-0,25095
240,25402;-1,25806;-0,25084
240,26400;-1,25789;-0,25099
240,27402;-1,25772;-0,25081
240,28402;-1,25755;-0,25102
240,29400;-1,25738;-0,25087
240,30402;-1,25721;-0,25086
240,31402;-1,25704;-0,25094
240,32400;-1,25687;-0,25085
240,33402;-1,25670;-0,25110
240,34402;-1,25653;-0,25076
240,35400;-1,25636;-0,25113
240,36402;-1,25619;-0,25081
240,37402;-1,25602;-0,25110
240,38402;-1,25590;-0,25084
240,39402;-1,25573;-0,25098
240,40400;-1,25556;-0,25087
240,41402;-1,25539;-0,25097
240,42402;-1,25528;-0,25097
240,43400;-1,25511;-0,25079
240,44402;-1,25494;-0,25103
240,45402;-1,25477;-0,25065
240,46400;-1,25460;-0,25107
240,47402;-1,25443;-0,25077
240,48402;-1,25426;-0,25104
240,49402;-1,25415;-0,25084
240,50402;-1,25398;-0,25112
240,51400;-1,25381;-0,25087
240,52402;-1,25364;-0,25109
240,53402;-1,25347;-0,25093
240,54400;-1,25330;-0,25087
240,55402;-1,25318;-0,25116
240,56402;-1,25301;-0,25082
240,57400;-1,25284;-0,25109
240,58402;-1,25267;-0,25081
240,59402;-1,25250;-0,25109
240,60400;-1,25233;-0,25088
240,61402;-1,25216;-0,25112
240,62402;-1,25199;-0,25077
240,63402;-1,25182;-0,25114
240,64402;-1,25165;-0,25088
240,65400;-1,25148;-0,25111
240,66402;-1,25131;-0,25093
240,67402;-1,25114;-0,25088
240,68400;-1,25097;-0,25103
240,69402;-1,25080;-0,25088
240,70402;-1,25063;-0,25111
240,71400;-1,25046;-0,25085
240,72402;-1,25029;-0,25106
240,73402;-1,25012;-0,25085
240,74402;-1,24995;-0,25119
240,75402;-1,24978;-0,25080
240,76400;-1,24961;-0,25119
240,77402;-1,24944;-0,25086
240,78402;-1,24927;-0,25111
240,79400;-1,24910;-0,25093
240,80402;-1,24893;-0,25100
240,81402;-1,24876;-0,25102
240,82400;-1,24859;-0,25094
240,83402;-1,24842;-0,25109
240,84402;-1,24825;-0,25091
240,85400;-1,24808;-0,25113
240,86402;-1,24791;-0,25088
240,87402;-1,24774;-0,25118
240,88402;-1,24757;-0,25082
240,89402;-1,24740;-0,25125
240,90400;-1,24729;-0,25094
240,91402;-1,24712;-0,25117
240,92402;-1,24695;-0,25105
240,93400;-1,24678;-0,25104
240,94402;-1,24661;-0,25114
240,95402;-1,24644;-0,25102
240,96400;-1,24627;-0,25112
240,97402;-1,24610;-0,25093
240,98402;-1,24593;-0,25127
240,99402;-1,24576;-0,25093
241,00402;-1,24559;-0,25135
241,01400;-1,24542;-0,25089
241,02402;-1,24525;-0,25126
241,03402;-1,24514;-0,25102
241,04400;-1,24497;-0,25116
241,05402;-1,24480;-0,25105
241,06402;-1,24463;-0,25102
241,07400;-1,24446;-0,25115
241,08402;-1,24434;-0,25105
241,09402;-1,24417;-0,25129
241,10400;-1,24395;-0,25089
241,11402;-1,24378;-0,25126
241,12402;-1,24361;-0,25092
241,13402;-1,24349;-0,25134
241,14402;-1,24332;-0,25095
241,15400;-1,24315;-0,25117
241,16402;-1,24298;-0,25108
241,17402;-1,24281;-0,25119
241,18400;-1,24264;-0,25128
241,19402;-1,24247;-0,25107
241,20402;-1,24230;-0,25128
241,21400;-1,24213;-0,25101
241,22402;-1,24196;-0,25137
241,23402;-1,24179;-0,25103
241,24402;-1,24168;-0,25139
241,25402;-1,24151;-0,25097
241,26400;-1,24134;-0,25129
241,27402;-1,24117;-0,25104
241,28402;-1,24100;-0,25122
241,29400;-1,24083;-0,25117
241,30402;-1,24066;-0,25119
241,31402;-1,24049;-0,25125
241,32400;-1,24032;-0,25122
241,33402;-1,24015;-0,25129
241,34402;-1,23998;-0,25116
241,35400;-1,23981;-0,25133
241,36402;-1,23964;-0,25114
241,37402;-1,23947;-0,25140
241,38402;-1,23930;-0,25106
241,39402;-1,23913;-0,25137
241,40400;-1,23896;-0,25113
241,41402;-1,23879;-0,25128
241,42402;-1,23862;-0,25117
241,43400;-1,23845;-0,25133
241,44402;-1,23828;-0,25125
241,45402;-1,23811;-0,25132
241,46400;-1,23794;-0,25132
241,47402;-1,23777;-0,25118
241,48402;-1,23754;-0,25137
241,49402;-1,23743;-0,25118
241,50402;-1,23720;-0,25143
241,51400;-1,23703;-0,25122
241,52402;-1,23686;-0,25140
241,53402;-1,23669;-0,25137
241,54400;-1,23658;-0,25134
241,55402;-1,23641;-0,25143
241,56402;-1,23624;-0,25127
241,57400;-1,23607;-0,25143
241,58402;-1,23590;-0,25134
241,59402;-1,23573;-0,25150
241,60400;-1,23556;-0,25129
241,61402;-1,23539;-0,25153
241,62402;-1,23522;-0,25134
241,63402;-1,23505;-0,25149
241,64402;-1,23488;-0,25145
241,65400;-1,23471;-0,25139
241,66402;-1,23454;-0,25150
241,67402;-1,23437;-0,25148
241,68400;-1,23426;-0,25150
241,69402;-1,23409;-0,25143
241,70402;-1,23392;-0,25158
241,71400;-1,23375;-0,25137
241,72402;-1,23358;-0,25150
241,73402;-1,23346;-0,25141
241,74402;-1,23329;-0,25147
241,75402;-1,23312;-0,25147
241,76400;-1,23295;-0,25153
241,77402;-1,23278;-0,25157
241,78402;-1,23261;-0,25153
241,79400;-1,23244;-0,25166
241,80402;-1,23227;-0,25158
241,81402;-1,23210;-0,25168
241,82400;-1,23199;-0,25154
241,83402;-1,23182;-0,25161
241,84402;-1,23165;-0,25154
241,85400;-1,23148;-0,25175
241,86402;-1,23131;-0,25160
241,87402;-1,23114;-0,25170
241,88402;-1,23097;-0,25179
241,89402;-1,23086;-0,25165
241,90400;-1,23069;-0,25181
241,91402;-1,23052;-0,25171
241,92402;-1,23035;-0,25167
241,93400;-1,23018;-0,25165
241,94402;-1,23001;-0,25188
241,95402;-1,22984;-0,25164
241,96400;-1,22961;-0,25183
241,97402;-1,22944;-0,25173
241,98402;-1,22927;-0,25181
241,99402;-1,22910;-0,25186
242,00402;-1,22899;-0,25177
242,01400;-1,22882;-0,25185
242,02402;-1,22865;-0,25176
242,03402;-1,22848;-0,25192
242,04400;-1,22831;-0,25179
242,05402;-1,22814;-0,25191
242,06402;-1,22797;-0,25181
242,07400;-1,22780;-0,25195
242,08402;-1,22763;-0,25189
242,09402;-1,22746;-0,25204
242,10400;-1,22723;-0,25191
242,11402;-1,22706;-0,25204
242,12402;-1,22689;-0,25204
242,13402;-1,22672;-0,25206
242,14402;-1,22655;-0,25200
242,15400;-1,22638;-0,25208
242,16402;-1,22621;-0,25210
242,17402;-1,22604;-0,25199
242,18400;-1,22587;-0,25210
242,19402;-1,22576;-0,25212
242,20402;-1,22559;-0,25216
242,21400;-1,22542;-0,25218
242,22402;-1,22525;-0,25219
242,23402;-1,22508;-0,25210
242,24402;-1,22491;-0,25225
242,25402;-1,22474;-0,25216
242,26400;-1,22457;-0,25214
242,27402;-1,22440;-0,25215
242,28402;-1,22423;-0,25225
242,29400;-1,22406;-0,25232
242,30402;-1,22389;-0,25235
242,31402;-1,22372;-0,25241
242,32400;-1,22360;-0,25231
242,33402;-1,22343;-0,25235
242,34402;-1,22326;-0,25234
242,35400;-1,22309;-0,25242
242,36402;-1,22292;-0,25231
242,37402;-1,22275;-0,25246
242,38402;-1,22258;-0,25234
242,39402;-1,22241;-0,25262
242,40400;-1,22224;-0,25253
242,41402;-1,22207;-0,25253
242,42402;-1,22190;-0,25251
242,43400;-1,22173;-0,25251
242,44402;-1,22156;-0,25251
242,45402;-1,22139;-0,25260
242,46400;-1,22122;-0,25258
242,47402;-1,22105;-0,25262
242,48402;-1,22088;-0,25274
242,49402;-1,22071;-0,25271
242,50402;-1,22054;-0,25289
242,51400;-1,22043;-0,25266
242,52402;-1,22026;-0,25290
242,53402;-1,22009;-0,25270
242,54400;-1,21992;-0,25287
242,55402;-1,21975;-0,25289
242,56402;-1,21958;-0,25286
242,57400;-1,21947;-0,25285
242,58402;-1,21930;-0,25294
242,59402;-1,21913;-0,25294
242,60400;-1,21896;-0,25291
242,61402;-1,21879;-0,25313
242,62402;-1,21862;-0,25285
242,63402;-1,21845;-0,25318
242,64402;-1,21828;-0,25303
242,65400;-1,21811;-0,25325
242,66402;-1,21794;-0,25302
242,67402;-1,21777;-0,25327
242,68400;-1,21760;-0,25312
242,69402;-1,21743;-0,25326
242,70402;-1,21731;-0,25327
242,71400;-1,21709;-0,25323
242,72402;-1,21692;-0,25329
242,73402;-1,21675;-0,25332
242,74402;-1,21658;-0,25345
242,75402;-1,21641;-0,25331
242,76400;-1,21624;-0,25355
242,77402;-1,21607;-0,25335
242,78402;-1,21590;-0,25359
242,79400;-1,21573;-0,25354
242,80402;-1,21556;-0,25369
242,81402;-1,21539;-0,25354
242,82400;-1,21522;-0,25379
242,83402;-1,21505;-0,25365
242,84402;-1,21488;-0,25376
242,85400;-1,21471;-0,25386
242,86402;-1,21454;-0,25378
242,87402;-1,21442;-0,25386
242,88402;-1,21420;-0,25398
242,89402;-1,21403;-0,25403
242,90400;-1,21386;-0,25393
242,91402;-1,21369;-0,25411
242,92402;-1,21352;-0,25397
242,93400;-1,21335;-0,25424
242,94402;-1,21318;-0,25416
242,95402;-1,21306;-0,25429
242,96400;-1,21289;-0,25422
242,97402;-1,21272;-0,25438
242,98402;-1,21255;-0,25444
242,99402;-1,21238;-0,25437
243,00402;-1,21221;-0,25450
243,01400;-1,21204;-0,25448
243,02402;-1,21187;-0,25461
243,03402;-1,21176;-0,25456
243,04400;-1,21159;-0,25471
243,05402;-1,21142;-0,25453
243,06402;-1,21125;-0,25485
243,07400;-1,21108;-0,25480
243,08402;-1,21091;-0,25496
243,09402;-1,21074;-0,25498
243,10402;-1,21063;-0,25503
243,11402;-1,21046;-0,25502
243,12402;-1,21029;-0,25511
243,13402;-1,21012;-0,25512
243,14402;-1,20995;-0,25510
243,15400;-1,20983;-0,25540
243,16402;-1,20966;-0,25537
243,17402;-1,20949;-0,25543
243,18400;-1,20932;-0,25554
243,19402;-1,20915;-0,25568
243,20402;-1,20898;-0,25559
243,21400;-1,20881;-0,25577
243,22402;-1,20864;-0,25575
243,23402;-1,20847;-0,25582
243,24402;-1,20830;-0,25607
243,25402;-1,20813;-0,25607
243,26400;-1,20796;-0,25615
243,27402;-1,20779;-0,25626
243,28402;-1,20757;-0,25645
243,29400;-1,20745;-0,25641
243,30402;-1,20723;-0,25659
243,31402;-1,20711;-0,25669
243,32400;-1,20694;-0,25675
243,33402;-1,20677;-0,25698
243,34402;-1,20660;-0,25703
243,35402;-1,20643;-0,25708
243,36402;-1,20626;-0,25729
243,37402;-1,20609;-0,25747
243,38402;-1,20587;-0,25746
243,39402;-1,20570;-0,25778
243,40400;-1,20553;-0,25779
243,41402;-1,20536;-0,25806
243,42402;-1,20519;-0,25823
243,43400;-1,20502;-0,25849
243,44402;-1,20485;-0,25866
243,45402;-1,20468;-0,25894
243,46400;-1,20451;-0,25925
243,47402;-1,20439;-0,25954
243,48402;-1,20422;-0,25987
243,49402;-1,20405;-0,26021
243,50402;-1,20394;-0,26074
243,51400;-1,20377;-0,26125
243,52402;-1,20360;-0,26230
243,53402;-1,20343;-0,26610
243,54400;-1,20326;-0,28024
243,55402;-1,20309;-0,28946
243,56402;-1,20292;-0,29953
243,57400;-1,20275;-0,30271
243,58402;-1,20258;-0,30585
243,59402;-1,20241;-0,30571
243,60402;-1,20224;-0,30531
243,61402;-1,20207;-0,30525
243,62402;-1,20190;-0,30348
243,63402;-1,20179;-0,30455
243,64402;-1,20162;-0,30244
243,65400;-1,20145;-0,30418
243,66402;-1,20128;-0,30223
243,67402;-1,20111;-0,30398
243,68400;-1,20094;-0,30231
243,69402;-1,20077;-0,30355
243,70402;-1,20060;-0,30261
243,71400;-1,20043;-0,30287
243,72402;-1,20026;-0,30307
243,73402;-1,20009;-0,30228
243,74402;-1,19992;-0,30332
243,75402;-1,19975;-0,30186
243,76400;-1,19958;-0,30341
243,77402;-1,19941;-0,30165
243,78402;-1,19929;-0,30318
243,79400;-1,19912;-0,30167
243,80402;-1,19895;-0,30288
243,81402;-1,19878;-0,30193
243,82400;-1,19867;-0,30239
243,83402;-1,19850;-0,30223
243,84402;-1,19833;-0,30177
243,85402;-1,19816;-0,30248
243,86402;-1,19799;-0,30133
243,87402;-1,19788;-0,30259
243,88402;-1,19771;-0,30108
243,89402;-1,19748;-0,30248
243,90400;-1,19737;-0,30113
243,91402;-1,19714;-0,30218
243,92402;-1,19697;-0,30133
243,93400;-1,19680;-0,30181
243,94402;-1,19669;-0,30157
243,95402;-1,19652;-0,30137
243,96400;-1,19635;-0,30177
243,97402;-1,19618;-0,30089
243,98402;-1,19601;-0,30189
243,99402;-1,19584;-0,30066
244,00402;-1,19567;-0,30186
244,01400;-1,19550;-0,30065
244,02402;-1,19533;-0,30153
244,03402;-1,19516;-0,30074
244,04400;-1,19499;-0,30125
244,05402;-1,19482;-0,30078
244,06402;-1,19465;-0,30081
244,07400;-1,19448;-0,30104
244,08402;-1,19431;-0,30057
244,09402;-1,19414;-0,30127
244,10402;-1,19397;-0,30026
244,11402;-1,19380;-0,30119
244,12402;-1,19363;-0,30012
244,13402;-1,19346;-0,30092
244,14402;-1,19329;-0,30016
244,15400;-1,19312;-0,30066
244,16402;-1,19295;-0,30020
244,17402;-1,19283;-0,30042
244,18400;-1,19266;-0,30038
244,19402;-1,19249;-0,30007
244,20402;-1,19232;-0,30058
244,21400;-1,19215;-0,29978
244,22402;-1,19198;-0,30052
244,23402;-1,19181;-0,29968
244,24402;-1,19164;-0,30042
244,25402;-1,19147;-0,29959
244,26400;-1,19130;-0,30009
244,27402;-1,19119;-0,29967
244,28402;-1,19102;-0,29984
244,29400;-1,19085;-0,29975
244,30402;-1,19068;-0,29965
244,31402;-1,19051;-0,29977
244,32400;-1,19034;-0,29938
244,33402;-1,19017;-0,29986
244,34402;-1,19000;-0,29913
244,34602;-1,18994;-0,29913
244,34800;-1,18994;-0,29927
244,35000;-1,18989;-0,29950
244,36002;-1,18972;-0,29931
244,37002;-1,18960;-0,29969
244,38000;-1,18943;-0,29915
244,39002;-1,18926;-0,29964
244,40002;-1,18909;-0,29892
244,41002;-1,18898;-0,29946
244,42002;-1,18881;-0,29894
244,43002;-1,18864;-0,29931
244,44002;-1,18847;-0,29889
244,45002;-1,18830;-0,29908
244,46000;-1,18813;-0,29895
244,47002;-1,18796;-0,29891
244,48002;-1,18779;-0,29903
244,49000;-1,18768;-0,29872
244,50002;-1,18745;-0,29894
244,51002;-1,18728;-0,29853
244,52000;-1,18711;-0,29890
244,53002;-1,18694;-0,29838
244,54002;-1,18677;-0,29877
244,55002;-1,18660;-0,29838
244,56002;-1,18643;-0,29856
244,57000;-1,18626;-0,29840
244,58002;-1,18609;-0,29843
244,59002;-1,18592;-0,29832
244,60000;-1,18575;-0,29827
244,61002;-1,18558;-0,29825
244,62002;-1,18541;-0,29809
244,63000;-1,18524;-0,29821
244,64002;-1,18507;-0,29799
244,65002;-1,18490;-0,29810
244,66002;-1,18473;-0,29787
244,67002;-1,18456;-0,29804
244,68002;-1,18439;-0,29786
244,69002;-1,18422;-0,29789
244,70002;-1,18405;-0,29771
244,71000;-1,18388;-0,29768
244,72002;-1,18371;-0,29771
244,73002;-1,18354;-0,29759
244,74000;-1,18337;-0,29764
244,75002;-1,18320;-0,29748
244,76002;-1,18303;-0,29754
244,77000;-1,18286;-0,29742
244,78002;-1,18269;-0,29747
244,79002;-1,18252;-0,29726
244,80002;-1,18241;-0,29726
244,81002;-1,18224;-0,29721
244,82000;-1,18207;-0,29721
244,83002;-1,18190;-0,29714
244,84002;-1,18173;-0,29710
244,85000;-1,18156;-0,29708
244,86002;-1,18139;-0,29706
244,87002;-1,18122;-0,29705
244,88000;-1,18105;-0,29695
244,89002;-1,18093;-0,29685
244,90002;-1,18076;-0,29690
244,91002;-1,18059;-0,29685
244,92002;-1,18042;-0,29672
244,93002;-1,18025;-0,29666
244,94002;-1,18014;-0,29652
244,95002;-1,17997;-0,29657
244,96000;-1,17980;-0,29656
244,97002;-1,17957;-0,29643
244,98002;-1,17940;-0,29635
244,99000;-1,17923;-0,29639
245,00002;-1,17906;-0,29635
245,01002;-1,17889;-0,29621
245,02000;-1,17872;-0,29631
245,03002;-1,17855;-0,29613
245,04002;-1,17844;-0,29612
245,05002;-1,17827;-0,29612
245,06002;-1,17810;-0,29604
245,07000;-1,17793;-0,29583
245,08002;-1,17776;-0,29592
245,09002;-1,17759;-0,29598
245,10000;-1,17742;-0,29578
245,11002;-1,17725;-0,29594
245,12002;-1,17714;-0,29566
245,13000;-1,17697;-0,29579
245,14002;-1,17680;-0,29563
245,15002;-1,17663;-0,29576
245,16002;-1,17646;-0,29543
245,17002;-1,17629;-0,29559
245,18002;-1,17612;-0,29550
245,19002;-1,17595;-0,29542
245,20002;-1,17578;-0,29534
245,21000;-1,17561;-0,29528
245,22002;-1,17544;-0,29536
245,23002;-1,17527;-0,29518
245,24000;-1,17510;-0,29532
245,25002;-1,17498;-0,29494
245,26002;-1,17481;-0,29518
245,27000;-1,17464;-0,29499
245,28002;-1,17447;-0,29503
245,29002;-1,17430;-0,29493
245,30002;-1,17413;-0,29485
245,31002;-1,17396;-0,29486
245,32000;-1,17379;-0,29471
245,33002;-1,17362;-0,29472
245,34002;-1,17345;-0,29454
245,35000;-1,17328;-0,29464
245,36002;-1,17311;-0,29446
245,37002;-1,17294;-0,29463
245,38000;-1,17277;-0,29441
245,39002;-1,17255;-0,29435
245,40002;-1,17243;-0,29433
245,41002;-1,17226;-0,29436
245,42002;-1,17209;-0,29422
245,43002;-1,17192;-0,29414
245,44002;-1,17175;-0,29422
245,45002;-1,17158;-0,29393
245,46000;-1,17141;-0,29410
245,47002;-1,17124;-0,29399
245,48002;-1,17107;-0,29392
245,49000;-1,17090;-0,29389
245,50002;-1,17073;-0,29393
245,51002;-1,17056;-0,29372
245,52000;-1,17039;-0,29381
245,53002;-1,17022;-0,29377
245,54002;-1,17005;-0,29368
245,55002;-1,16994;-0,29359
245,56002;-1,16977;-0,29352
245,57000;-1,16960;-0,29365
245,58002;-1,16943;-0,29340
245,59002;-1,16926;-0,29357
245,60000;-1,16909;-0,29329
245,61002;-1,16892;-0,29334
245,62002;-1,16875;-0,29329
245,63000;-1,16858;-0,29326
245,64002;-1,16841;-0,29304
245,65002;-1,16830;-0,29315
245,66002;-1,16807;-0,29303
245,67002;-1,16796;-0,29304
245,68002;-1,16779;-0,29305
245,69002;-1,16762;-0,29283
245,70002;-1,16745;-0,29293
245,71000;-1,16728;-0,29272
245,72002;-1,16711;-0,29289
245,73002;-1,16694;-0,29263
245,74000;-1,16677;-0,29267
245,75002;-1,16660;-0,29265
245,76002;-1,16648;-0,29264
245,77000;-1,16631;-0,29256
245,78002;-1,16614;-0,29253
245,79002;-1,16597;-0,29236
245,80002;-1,16580;-0,29238
245,81002;-1,16563;-0,29234
245,82000;-1,16546;-0,29227
245,83002;-1,16529;-0,29223
245,84002;-1,16512;-0,29210
245,85000;-1,16495;-0,29219
245,86002;-1,16478;-0,29202
245,87002;-1,16456;-0,29209
245,88000;-1,16439;-0,29197
245,89002;-1,16422;-0,29205
245,90002;-1,16405;-0,29179
245,91002;-1,16388;-0,29194
245,92002;-1,16376;-0,29166
245,93002;-1,16359;-0,29184
245,94002;-1,16342;-0,29160
245,95002;-1,16325;-0,29169
245,96000;-1,16308;-0,29170
245,97002;-1,16291;-0,29147
245,98002;-1,16274;-0,29156
245,99000;-1,16257;-0,29124
246,00002;-1,16240;-0,29148
246,01002;-1,16223;-0,29112
246,02000;-1,16206;-0,29144
246,03002;-1,16189;-0,29106
246,04002;-1,16172;-0,29140
246,05002;-1,16155;-0,29098
246,06002;-1,16138;-0,29125
246,07000;-1,16127;-0,29103
246,08002;-1,16110;-0,29097
246,09002;-1,16093;-0,29103
246,10000;-1,16076;-0,29067
246,11002;-1,16059;-0,29097
246,12002;-1,16042;-0,29057
246,13000;-1,16025;-0,29095
246,14002;-1,16008;-0,29040
246,15002;-1,15997;-0,29082
246,16002;-1,15980;-0,29035
246,17002;-1,15963;-0,29063
246,18002;-1,15946;-0,29032
246,19002;-1,15929;-0,29043
246,20002;-1,15912;-0,29044
246,21000;-1,15895;-0,29028
246,22002;-1,15878;-0,29043
246,23002;-1,15861;-0,29010
246,24000;-1,15844;-0,29024
246,25002;-1,15827;-0,28992
246,26002;-1,15810;-0,29020
246,27000;-1,15793;-0,28989
246,28002;-1,15776;-0,29000
246,29002;-1,15759;-0,28982
246,30002;-1,15742;-0,28991
246,31002;-1,15719;-0,28982
246,32000;-1,15708;-0,28974
246,33002;-1,15691;-0,28978
246,34002;-1,15674;-0,28951
246,35000;-1,15657;-0,28963
246,36002;-1,15640;-0,28945
246,37002;-1,15623;-0,28950
246,38000;-1,15606;-0,28939
246,39002;-1,15589;-0,28945
246,40002;-1,15577;-0,28931
246,41002;-1,15560;-0,28924
246,42002;-1,15543;-0,28927
246,43002;-1,15526;-0,28913
246,44002;-1,15515;-0,28918
246,45002;-1,15498;-0,28897
246,46000;-1,15481;-0,28907
246,47002;-1,15464;-0,28887
246,48002;-1,15447;-0,28901
246,49000;-1,15430;-0,28876
246,50002;-1,15413;-0,28882
246,51002;-1,15396;-0,28872
246,52000;-1,15379;-0,28872
246,53002;-1,15362;-0,28866
246,54002;-1,15345;-0,28859
246,55002;-1,15328;-0,28864
246,56002;-1,15311;-0,28847
246,57000;-1,15300;-0,28862
246,58002;-1,15283;-0,28837
246,59002;-1,15266;-0,28837
246,60000;-1,15243;-0,28818
246,61002;-1,15226;-0,28822
246,62002;-1,15209;-0,28819
246,63000;-1,15192;-0,28810
246,64002;-1,15175;-0,28807
246,65002;-1,15158;-0,28795
246,66002;-1,15141;-0,28811
246,67002;-1,15124;-0,28784
246,68002;-1,15107;-0,28800
246,69002;-1,15090;-0,28767
246,70002;-1,15073;-0,28779
246,71000;-1,15056;-0,28768
246,72002;-1,15039;-0,28774
246,73002;-1,15022;-0,28751
246,74000;-1,15005;-0,28757
246,75002;-1,14988;-0,28754
246,76002;-1,14971;-0,28741
246,77000;-1,14954;-0,28751
246,78002;-1,14937;-0,28723
246,79002;-1,14920;-0,28742
246,80002;-1,14903;-0,28719
246,81002;-1,14886;-0,28731
246,82000;-1,14869;-0,28706
246,83002;-1,14852;-0,28716
246,84002;-1,14835;-0,28713
246,85000;-1,14824;-0,28700
246,86002;-1,14807;-0,28701
246,87002;-1,14790;-0,28688
246,88000;-1,14773;-0,28699
246,89002;-1,14756;-0,28683
246,90002;-1,14739;-0,28689
246,91002;-1,14722;-0,28667
246,92002;-1,14705;-0,28678
246,93002;-1,14688;-0,28676
246,94002;-1,14676;-0,28656
246,95002;-1,14654;-0,28666
246,96000;-1,14642;-0,28642
246,97002;-1,14625;-0,28655
246,98002;-1,14608;-0,28636
246,99000;-1,14591;-0,28651
247,00002;-1,14574;-0,28625
247,01002;-1,14557;-0,28635
247,02000;-1,14540;-0,28629
247,03002;-1,14523;-0,28619
247,04002;-1,14512;-0,28619
247,05002;-1,14495;-0,28604
247,06002;-1,14478;-0,28614
247,07000;-1,14461;-0,28594
247,08002;-1,14450;-0,28605
247,09002;-1,14427;-0,28590
247,10000;-1,14410;-0,28600
247,11002;-1,14393;-0,28582
247,12002;-1,14376;-0,28592
247,13000;-1,14359;-0,28564
247,14002;-1,14342;-0,28572
247,15002;-1,14325;-0,28563
247,16002;-1,14308;-0,28550
247,17002;-1,14291;-0,28567
247,18002;-1,14274;-0,28542
247,19002;-1,14257;-0,28557
247,20002;-1,14240;-0,28538
247,21000;-1,14229;-0,28549
247,22002;-1,14212;-0,28520
247,23002;-1,14195;-0,28548
247,24000;-1,14178;-0,28504
247,25002;-1,14161;-0,28535
247,26002;-1,14144;-0,28509
247,27000;-1,14127;-0,28515
247,28002;-1,14110;-0,28508
247,29002;-1,14093;-0,28494
247,30002;-1,14076;-0,28510
247,31002;-1,14059;-0,28485
247,32000;-1,14042;-0,28492
247,33002;-1,14025;-0,28468
247,34002;-1,14008;-0,28490
247,35000;-1,13996;-0,28457
247,36002;-1,13979;-0,28485
247,37002;-1,13962;-0,28462
247,38000;-1,13945;-0,28463
247,39002;-1,13928;-0,28467
247,40002;-1,13911;-0,28443
247,41002;-1,13894;-0,28453
247,42002;-1,13877;-0,28420
247,43002;-1,13860;-0,28454
247,44002;-1,13843;-0,28415
247,45002;-1,13826;-0,28444
247,46000;-1,13809;-0,28417
247,47002;-1,13792;-0,28442
247,48002;-1,13781;-0,28411
247,49000;-1,13764;-0,28416
247,50002;-1,13747;-0,28404
247,51002;-1,13730;-0,28389
247,52000;-1,13713;-0,28405
247,53002;-1,13696;-0,28379
247,54002;-1,13679;-0,28393
247,55002;-1,13662;-0,28365
247,56002;-1,13645;-0,28391
247,57000;-1,13628;-0,28359
247,58002;-1,13611;-0,28376
247,59002;-1,13594;-0,28355
247,60000;-1,13577;-0,28363
247,61002;-1,13560;-0,28359
247,62002;-1,13537;-0,28345
247,63000;-1,13520;-0,28339
247,64002;-1,13503;-0,28327
247,65002;-1,13486;-0,28342
247,66002;-1,13469;-0,28316
247,67002;-1,13452;-0,28340
247,68002;-1,13435;-0,28308
247,69002;-1,13424;-0,28319
247,70002;-1,13407;-0,28305
247,71000;-1,13390;-0,28307
247,72002;-1,13373;-0,28294
247,73002;-1,13356;-0,28295
247,74000;-1,13339;-0,28289
247,75002;-1,13322;-0,28278
247,76002;-1,13305;-0,28289
247,77000;-1,13288;-0,28263
247,78002;-1,13271;-0,28282
247,79002;-1,13254;-0,28262
247,80002;-1,13237;-0,28273
247,81002;-1,13220;-0,28256
247,82000;-1,13203;-0,28254
247,83002;-1,13186;-0,28244
247,84002;-1,13169;-0,28248
247,85000;-1,13158;-0,28242
247,86002;-1,13141;-0,28243
247,87002;-1,13124;-0,28236
247,88000;-1,13107;-0,28224
247,89002;-1,13090;-0,28227
247,90002;-1,13073;-0,28217
247,91002;-1,13056;-0,28211
247,92002;-1,13039;-0,28202
247,93002;-1,13022;-0,28215
247,94002;-1,12999;-0,28191
247,95002;-1,12982;-0,28208
247,96000;-1,12965;-0,28187
247,97002;-1,12948;-0,28190
247,98002;-1,12931;-0,28181
247,99000;-1,12914;-0,28173
248,00002;-1,12897;-0,28171
248,01002;-1,12886;-0,28164
248,02000;-1,12869;-0,28159
248,03002;-1,12852;-0,28156
248,04002;-1,12835;-0,28162
248,05002;-1,12818;-0,28147
248,06002;-1,12801;-0,28153
248,07000;-1,12784;-0,28132
248,08002;-1,12767;-0,28140
248,09002;-1,12750;-0,28139
248,10000;-1,12733;-0,28126
248,11002;-1,12716;-0,28135
248,12002;-1,12699;-0,28123
248,13000;-1,12682;-0,28128
248,14002;-1,12670;-0,28123
248,15002;-1,12653;-0,28122
248,16002;-1,12636;-0,28104
248,17002;-1,12625;-0,28108
248,18002;-1,12608;-0,28098
248,19002;-1,12591;-0,28101
248,20002;-1,12574;-0,28089
248,21000;-1,12557;-0,28087
248,22002;-1,12540;-0,28084
248,23002;-1,12523;-0,28076
248,24000;-1,12506;-0,28082
248,25002;-1,12489;-0,28074
248,26002;-1,12472;-0,28073
248,27000;-1,12455;-0,28071
248,28002;-1,12438;-0,28061
248,29002;-1,12421;-0,28057
248,30002;-1,12404;-0,28063
248,31002;-1,12387;-0,28050
248,32000;-1,12370;-0,28050
248,33002;-1,12353;-0,28049
248,34002;-1,12336;-0,28034
248,35000;-1,12325;-0,28045
248,36002;-1,12308;-0,28035
248,37002;-1,12291;-0,28027
248,38000;-1,12274;-0,28024
248,39002;-1,12257;-0,28026
248,40002;-1,12240;-0,28021
248,41002;-1,12223;-0,28017
248,42002;-1,12206;-0,28014
248,43002;-1,12189;-0,28013
248,44002;-1,12172;-0,28006
248,45002;-1,12155;-0,28007
248,46000;-1,12138;-0,27998
248,47002;-1,12121;-0,27998
248,48002;-1,12104;-0,27998
248,49000;-1,12087;-0,27995
248,50002;-1,12070;-0,27993
248,51002;-1,12053;-0,27996
248,52000;-1,12036;-0,27974
248,53002;-1,12019;-0,27977
248,54002;-1,12002;-0,27974
248,55002;-1,11985;-0,27967
248,56002;-1,11968;-0,27971
248,57000;-1,11951;-0,27962
248,58002;-1,11934;-0,27965
248,59002;-1,11917;-0,27958
248,60000;-1,11900;-0,27964
248,61002;-1,11883;-0,27946
248,62002;-1,11871;-0,27949
248,63000;-1,11854;-0,27936
248,64002;-1,11837;-0,27943
248,65002;-1,11820;-0,27934
248,66002;-1,11803;-0,27944
248,67002;-1,11786;-0,27924
248,68002;-1,11769;-0,27935
248,69002;-1,11752;-0,27929
248,70002;-1,11741;-0,27928
248,71000;-1,11724;-0,27920
248,72002;-1,11707;-0,27915
248,73002;-1,11690;-0,27916
248,74000;-1,11673;-0,27917
248,75002;-1,11656;-0,27925
248,76002;-1,11639;-0,27906
248,77000;-1,11622;-0,27918
248,78002;-1,11605;-0,27900
248,79002;-1,11588;-0,27915
248,80002;-1,11571;-0,27889
248,81002;-1,11554;-0,27902
248,82000;-1,11537;-0,27892
248,83002;-1,11526;-0,27891
248,84002;-1,11509;-0,27894
248,85000;-1,11492;-0,27882
248,86002;-1,11475;-0,27888
248,87002;-1,11458;-0,27885
248,88000;-1,11441;-0,27898
248,89002;-1,11424;-0,27881
248,90002;-1,11407;-0,27895
248,91002;-1,11390;-0,27873
248,92002;-1,11367;-0,27891
248,93002;-1,11356;-0,27878
248,94002;-1,11339;-0,27889
248,95002;-1,11322;-0,27874
248,96000;-1,11305;-0,27873
248,97002;-1,11288;-0,27883
248,98002;-1,11271;-0,27865
248,99000;-1,11254;-0,27883
249,00002;-1,11237;-0,27863
249,01002;-1,11225;-0,27876
249,02000;-1,11208;-0,27867
249,03002;-1,11191;-0,27880
249,04002;-1,11174;-0,27862
249,05002;-1,11157;-0,27878
249,06002;-1,11140;-0,27863
249,07000;-1,11123;-0,27871
249,08002;-1,11112;-0,27873
249,09002;-1,11095;-0,27874
249,10000;-1,11078;-0,27876
249,11002;-1,11061;-0,27863
249,12002;-1,11038;-0,27881
249,13000;-1,11027;-0,27867
249,14002;-1,11010;-0,27887
249,15002;-1,10993;-0,27873
249,16002;-1,10976;-0,27891
249,17002;-1,10959;-0,27874
249,18002;-1,10942;-0,27901
249,19002;-1,10925;-0,27886
249,20002;-1,10908;-0,27896
249,21000;-1,10891;-0,27899
249,22002;-1,10874;-0,27899
249,23002;-1,10857;-0,27909
249,24000;-1,10840;-0,27906
249,25002;-1,10823;-0,27924
249,26002;-1,10806;-0,27915
249,27000;-1,10789;-0,27952
249,28002;-1,10772;-0,27944
249,29002;-1,10755;-0,27968
249,30002;-1,10738;-0,27954
249,31002;-1,10721;-0,27992
249,32000;-1,10704;-0,27993
249,33002;-1,10687;-0,28025
249,34002;-1,10670;-0,28047
249,35000;-1,10653;-0,28098
249,36002;-1,10636;-0,28196
249,37002;-1,10619;-0,28915
249,38000;-1,10602;-0,30029
249,39002;-1,10585;-0,30929
249,40002;-1,10568;-0,31517
249,41002;-1,10551;-0,31906
249,42002;-1,10534;-0,31921
249,43002;-1,10523;-0,32065
249,44002;-1,10506;-0,31870
249,45002;-1,10489;-0,31960
249,46000;-1,10472;-0,31765
249,47002;-1,10460;-0,31862
249,48002;-1,10443;-0,31706
249,49000;-1,10426;-0,31772
249,50002;-1,10409;-0,31747
249,51002;-1,10398;-0,31698
249,52000;-1,10381;-0,31756
249,53002;-1,10364;-0,31669
249,54002;-1,10347;-0,31756
249,55002;-1,10330;-0,31623
249,56002;-1,10313;-0,31764
249,57000;-1,10296;-0,31604
249,58002;-1,10279;-0,31725
249,59002;-1,10262;-0,31616
249,60000;-1,10245;-0,31677
249,61002;-1,10228;-0,31617
249,62002;-1,10211;-0,31619
249,63000;-1,10194;-0,31645
249,64002;-1,10177;-0,31554
249,65002;-1,10160;-0,31649
249,66002;-1,10143;-0,31537
249,67002;-1,10126;-0,31626
249,68002;-1,10109;-0,31504
249,69002;-1,10092;-0,31616
249,70002;-1,10075;-0,31484
249,71000;-1,10058;-0,31566
249,72002;-1,10041;-0,31521
249,73002;-1,10024;-0,31504
249,74000;-1,10007;-0,31522
249,75002;-1,09990;-0,31479
249,76002;-1,09973;-0,31516
249,77000;-1,09956;-0,31430
249,78002;-1,09945;-0,31529
249,79002;-1,09928;-0,31406
249,80002;-1,09911;-0,31499
249,81002;-1,09894;-0,31405
249,82000;-1,09877;-0,31459
249,83002;-1,09860;-0,31390
249,84002;-1,09843;-0,31421
249,85000;-1,09826;-0,31400
249,86002;-1,09809;-0,31370
249,87002;-1,09792;-0,31418
249,88000;-1,09775;-0,31341
249,89002;-1,09758;-0,31401
249,90002;-1,09741;-0,31322
249,91002;-1,09724;-0,31382
249,92002;-1,09707;-0,31293
249,93002;-1,09690;-0,31354
249,94002;-1,09673;-0,31302
249,95002;-1,09656;-0,31314
249,96000;-1,09639;-0,31306
249,97002;-1,09622;-0,31271
249,98002;-1,09605;-0,31309
249,99000;-1,09593;-0,31236
250,00002;-1,09576;-0,31300
250,01002;-1,09559;-0,31207
250,02000;-1,09542;-0,31264
250,03002;-1,09525;-0,31204
250,04002;-1,09508;-0,31246
250,05002;-1,09491;-0,31190
250,06002;-1,09474;-0,31212
250,07000;-1,09457;-0,31199
250,08002;-1,09440;-0,31170
250,09002;-1,09423;-0,31201
250,10000;-1,09406;-0,31143
250,11002;-1,09389;-0,31180
250,12002;-1,09378;-0,31126
250,13000;-1,09361;-0,31169
250,14002;-1,09344;-0,31098
250,15002;-1,09327;-0,31139
250,16002;-1,09310;-0,31101
250,17002;-1,09293;-0,31099
250,18002;-1,09276;-0,31087
250,19002;-1,09259;-0,31074
250,20002;-1,09242;-0,31074
250,21000;-1,09225;-0,31051
250,22002;-1,09208;-0,31070
250,23002;-1,09191;-0,31028
250,24000;-1,09174;-0,31053
250,25002;-1,09157;-0,31006
250,26002;-1,09140;-0,31038
250,27000;-1,09129;-0,30987
250,28002;-1,09112;-0,31011
250,29002;-1,09095;-0,30973
250,30002;-1,09078;-0,30980
250,31002;-1,09066;-0,30975
250,32000;-1,09049;-0,30958
250,33002;-1,09032;-0,30949
250,34002;-1,09015;-0,30942
250,35000;-1,08993;-0,30937
250,36002;-1,08976;-0,30904
250,37002;-1,08964;-0,30933
250,38000;-1,08942;-0,30882
250,39002;-1,08925;-0,30907
250,40002;-1,08908;-0,30874
250,41002;-1,08891;-0,30884
250,42002;-1,08874;-0,30853
250,43002;-1,08862;-0,30856
250,44002;-1,08845;-0,30846
250,45002;-1,08828;-0,30831
250,46000;-1,08811;-0,30829
250,47002;-1,08794;-0,30809
250,48002;-1,08777;-0,30822
250,49000;-1,08760;-0,30790
250,50002;-1,08738;-0,30811
250,51002;-1,08721;-0,30766
250,52000;-1,08704;-0,30782
250,53002;-1,08687;-0,30744
250,54002;-1,08670;-0,30760
250,55002;-1,08653;-0,30727
250,56002;-1,08636;-0,30726
250,57000;-1,08619;-0,30728
250,58002;-1,08602;-0,30706
250,59002;-1,08585;-0,30709
250,60000;-1,08568;-0,30684
250,61002;-1,08551;-0,30687
250,62002;-1,08534;-0,30657
250,63000;-1,08517;-0,30679
250,64002;-1,08500;-0,30640
250,65002;-1,08488;-0,30646
250,66002;-1,08471;-0,30642
250,67002;-1,08454;-0,30621
250,68002;-1,08437;-0,30621
250,69002;-1,08420;-0,30608
250,70002;-1,08403;-0,30595
250,71000;-1,08386;-0,30576
250,72002;-1,08369;-0,30590
250,73002;-1,08358;-0,30564
250,74000;-1,08341;-0,30570
250,75002;-1,08324;-0,30561
250,76002;-1,08307;-0,30546
250,77002;-1,08296;-0,30544
250,78002;-1,08279;-0,30529
250,79002;-1,08262;-0,30523
250,80002;-1,08245;-0,30491
250,81002;-1,08228;-0,30504
250,82000;-1,08211;-0,30477
250,83002;-1,08194;-0,30482
250,84002;-1,08177;-0,30473
250,85000;-1,08160;-0,30465
250,86002;-1,08143;-0,30453
250,87002;-1,08126;-0,30443
250,88000;-1,08109;-0,30437
250,89002;-1,08092;-0,30427
250,90002;-1,08075;-0,30421
250,91002;-1,08058;-0,30405
250,92002;-1,08041;-0,30400
250,93002;-1,08024;-0,30387
250,94002;-1,08012;-0,30383
250,95002;-1,07995;-0,30372
250,96000;-1,07978;-0,30359
250,97002;-1,07961;-0,30360
250,98002;-1,07944;-0,30349
250,99000;-1,07927;-0,30334
251,00002;-1,07910;-0,30332
251,01002;-1,07893;-0,30313
251,02002;-1,07876;-0,30303
251,03002;-1,07854;-0,30297
251,04002;-1,07842;-0,30290
251,05002;-1,07820;-0,30278
251,06002;-1,07808;-0,30266
251,07000;-1,07791;-0,30273
251,08002;-1,07774;-0,30249
251,09002;-1,07757;-0,30246
251,10000;-1,07740;-0,30239
251,11002;-1,07723;-0,30224
251,12002;-1,07706;-0,30221
251,13000;-1,07689;-0,30208
251,14002;-1,07672;-0,30206
251,15002;-1,07655;-0,30186
251,16002;-1,07638;-0,30198
251,17002;-1,07621;-0,30160
251,18002;-1,07604;-0,30167
251,19002;-1,07587;-0,30148
251,20002;-1,07570;-0,30151
251,21000;-1,07553;-0,30129
251,22002;-1,07536;-0,30125
251,23002;-1,07519;-0,30115
251,24000;-1,07502;-0,30098
251,25002;-1,07485;-0,30111
251,26002;-1,07468;-0,30079
251,27002;-1,07451;-0,30087
251,28002;-1,07434;-0,30061
251,29002;-1,07417;-0,30064
251,30002;-1,07406;-0,30048
251,31002;-1,07383;-0,30036
251,32000;-1,07366;-0,30017
251,33002;-1,07355;-0,30015
251,34002;-1,07332;-0,30013
251,35000;-1,07315;-0,29991
251,36002;-1,07298;-0,30006
251,37002;-1,07281;-0,29972
251,38000;-1,07264;-0,29984
251,39002;-1,07253;-0,29954
251,40002;-1,07236;-0,29966
251,41002;-1,07219;-0,29937
251,42002;-1,07202;-0,29937
251,43002;-1,07185;-0,29918
251,44002;-1,07168;-0,29918
251,45002;-1,07151;-0,29914
251,46000;-1,07134;-0,29896
251,47002;-1,07117;-0,29893
251,48002;-1,07100;-0,29864
251,49000;-1,07083;-0,29874
251,50002;-1,07066;-0,29843
251,51002;-1,07049;-0,29861
251,52002;-1,07038;-0,29831
251,53002;-1,07021;-0,29842
251,54002;-1,07004;-0,29825
251,55002;-1,06987;-0,29819
251,56002;-1,06970;-0,29801
251,57000;-1,06953;-0,29796
251,58002;-1,06941;-0,29783
251,59002;-1,06924;-0,29769
251,60000;-1,06907;-0,29780
251,61002;-1,06890;-0,29753
251,62002;-1,06873;-0,29754
251,63000;-1,06856;-0,29730
251,64002;-1,06839;-0,29740
251,65002;-1,06822;-0,29715
251,66002;-1,06805;-0,29718
251,67002;-1,06788;-0,29701
251,68002;-1,06771;-0,29694
251,69002;-1,06754;-0,29683
251,70002;-1,06737;-0,29681
251,71000;-1,06720;-0,29668
251,72002;-1,06703;-0,29652
251,73002;-1,06692;-0,29658
251,74000;-1,06669;-0,29628
251,75002;-1,06658;-0,29628
251,76002;-1,06641;-0,29620
251,77002;-1,06618;-0,29603
251,78002;-1,06601;-0,29592
251,79002;-1,06584;-0,29605
251,80002;-1,06567;-0,29572
251,81002;-1,06550;-0,29574
251,82000;-1,06533;-0,29554
251,83002;-1,06516;-0,29550
251,84002;-1,06499;-0,29531
251,85000;-1,06482;-0,29532
251,86002;-1,06465;-0,29524
251,87002;-1,06448;-0,29504
251,88000;-1,06431;-0,29508
251,89002;-1,06414;-0,29495
251,90002;-1,06397;-0,29484
251,91002;-1,06386;-0,29464
251,92002;-1,06369;-0,29468
251,93002;-1,06352;-0,29445
251,94002;-1,06335;-0,29447
251,95002;-1,06318;-0,29437
251,96000;-1,06307;-0,29428
251,97002;-1,06290;-0,29421
251,98002;-1,06273;-0,29409
251,99000;-1,06256;-0,29412
252,00002;-1,06239;-0,29384
252,01002;-1,06222;-0,29383
252,02002;-1,06205;-0,29367
252,03002;-1,06188;-0,29355
252,04002;-1,06171;-0,29354
252,05002;-1,06154;-0,29341
252,06002;-1,06137;-0,29340
252,07000;-1,06125;-0,29320
252,08002;-1,06108;-0,29319
252,09002;-1,06091;-0,29293
252,10000;-1,06074;-0,29304
252,11002;-1,06057;-0,29281
252,12002;-1,06040;-0,29280
252,13000;-1,06023;-0,29270
252,14002;-1,06006;-0,29258
252,15002;-1,05989;-0,29267
252,16002;-1,05972;-0,29237
252,17002;-1,05955;-0,29241
252,18002;-1,05938;-0,29209
252,19002;-1,05927;-0,29225
252,20002;-1,05910;-0,29196
252,21000;-1,05893;-0,29209
252,22002;-1,05876;-0,29171
252,23002;-1,05859;-0,29181
252,24000;-1,05842;-0,29167
252,25002;-1,05825;-0,29167
252,26002;-1,05808;-0,29157
252,27002;-1,05797;-0,29132
252,28002;-1,05780;-0,29135
252,29002;-1,05757;-0,29111
252,30002;-1,05740;-0,29127
252,31002;-1,05723;-0,29079
252,32000;-1,05706;-0,29106
252,33002;-1,05689;-0,29070
252,34002;-1,05672;-0,29084
252,35000;-1,05655;-0,29060
252,36002;-1,05638;-0,29063
252,37002;-1,05621;-0,29037
252,38000;-1,05604;-0,29041
252,39002;-1,05593;-0,29037
252,40002;-1,05576;-0,29012
252,41002;-1,05559;-0,29024
252,42002;-1,05542;-0,28986
252,43002;-1,05525;-0,29002
252,44002;-1,05508;-0,28957
252,45002;-1,05491;-0,28988
252,46000;-1,05474;-0,28937
252,47002;-1,05457;-0,28957
252,48002;-1,05440;-0,28928
252,49000;-1,05423;-0,28938
252,50002;-1,05406;-0,28922
252,51002;-1,05389;-0,28912
252,52002;-1,05372;-0,28904
252,53002;-1,05355;-0,28877
252,54002;-1,05338;-0,28897
252,55002;-1,05321;-0,28857
252,56002;-1,05304;-0,28884
252,57000;-1,05287;-0,28831
252,58002;-1,05270;-0,28873
252,59002;-1,05253;-0,28824
252,60000;-1,05236;-0,28831
252,61002;-1,05219;-0,28807
252,62002;-1,05202;-0,28795
252,63000;-1,05185;-0,28790
252,64002;-1,05168;-0,28790
252,65002;-1,05151;-0,28783
252,66002;-1,05134;-0,28745
252,67002;-1,05117;-0,28777
252,68002;-1,05100;-0,28728
252,69002;-1,05083;-0,28765
252,70002;-1,05066;-0,28719
252,71000;-1,05054;-0,28733
252,72002;-1,05037;-0,28691
252,73002;-1,05020;-0,28717
252,74000;-1,05003;-0,28685
252,75002;-1,04986;-0,28679
252,76002;-1,04969;-0,28672
252,77002;-1,04952;-0,28649
252,78002;-1,04935;-0,28669
252,79002;-1,04924;-0,28634
252,80002;-1,04907;-0,28643
252,81002;-1,04890;-0,28603
252,82000;-1,04873;-0,28634
252,83002;-1,04856;-0,28598
252,84002;-1,04839;-0,28617
252,85000;-1,04828;-0,28585
252,86002;-1,04811;-0,28583
252,87002;-1,04794;-0,28574
252,88000;-1,04777;-0,28561
252,89002;-1,04765;-0,28565
252,90002;-1,04748;-0,28521
252,91002;-1,04731;-0,28552
252,92002;-1,04714;-0,28508
252,93002;-1,04697;-0,28534
252,94002;-1,04680;-0,28494
252,95002;-1,04663;-0,28506
252,96000;-1,04646;-0,28474
252,97002;-1,04624;-0,28484
252,98002;-1,04607;-0,28476
252,99000;-1,04590;-0,28451
253,00002;-1,04573;-0,28465
253,01002;-1,04556;-0,28425
253,02002;-1,04539;-0,28454
253,03002;-1,04527;-0,28410
253,04002;-1,04510;-0,28433
253,05002;-1,04493;-0,28388
253,06002;-1,04476;-0,28399
253,07000;-1,04459;-0,28370
253,08002;-1,04442;-0,28371
253,09002;-1,04425;-0,28359
253,10000;-1,04403;-0,28344
253,11002;-1,04386;-0,28348
253,12002;-1,04369;-0,28328
253,13000;-1,04352;-0,28342
253,14002;-1,04335;-0,28301
253,15002;-1,04318;-0,28322
253,16002;-1,04301;-0,28272
253,17002;-1,04284;-0,28304
253,18002;-1,04267;-0,28264
253,19002;-1,04250;-0,28272
253,20002;-1,04238;-0,28244
253,21000;-1,04221;-0,28249
253,22002;-1,04204;-0,28234
253,23002;-1,04187;-0,28229
253,24000;-1,04170;-0,28232
253,25002;-1,04159;-0,28191
253,26002;-1,04142;-0,28215
253,27002;-1,04125;-0,28181
253,28002;-1,04108;-0,28197
253,29002;-1,04091;-0,28160
253,30002;-1,04074;-0,28182
253,31002;-1,04057;-0,28133
253,32000;-1,04040;-0,28155
253,33002;-1,04023;-0,28137
253,34002;-1,04006;-0,28114
253,35000;-1,03995;-0,28116
253,36002;-1,03978;-0,28104
253,37002;-1,03961;-0,28107
253,38000;-1,03944;-0,28081
253,39002;-1,03932;-0,28094
253,40002;-1,03910;-0,28049
253,41002;-1,03893;-0,28071
253,42002;-1,03876;-0,28037
253,43002;-1,03859;-0,28050
253,44002;-1,03842;-0,28018
253,45002;-1,03825;-0,28021
253,46000;-1,03808;-0,28014
253,47002;-1,03796;-0,27998
253,48002;-1,03779;-0,28003
253,49000;-1,03762;-0,27974
253,50002;-1,03745;-0,27988
253,51002;-1,03728;-0,27957
253,52002;-1,03711;-0,27970
253,53002;-1,03694;-0,27930
253,54002;-1,03677;-0,27950
253,55002;-1,03660;-0,27915
253,56002;-1,03643;-0,27917
253,57000;-1,03626;-0,27906
253,58002;-1,03609;-0,27894
253,59002;-1,03592;-0,27891
253,60000;-1,03575;-0,27867
253,61002;-1,03558;-0,27866
253,62002;-1,03541;-0,27851
253,63000;-1,03524;-0,27865
253,64002;-1,03507;-0,27826
253,65002;-1,03490;-0,27839
253,66002;-1,03479;-0,27809
253,67002;-1,03462;-0,27817
253,68002;-1,03445;-0,27802
253,69002;-1,03428;-0,27788
253,70002;-1,03417;-0,27781
253,71000;-1,03400;-0,27764
253,72002;-1,03383;-0,27770
253,73002;-1,03366;-0,27748
253,74000;-1,03343;-0,27747
253,75002;-1,03326;-0,27719
253,76002;-1,03309;-0,27739
253,77002;-1,03292;-0,27707
253,78002;-1,03275;-0,27713
253,79002;-1,03252;-0,27688
253,80002;-1,03235;-0,27676
253,81002;-1,03218;-0,27673
253,82000;-1,03201;-0,27662
253,83002;-1,03184;-0,27648
253,84002;-1,03167;-0,27629
253,85000;-1,03150;-0,27636
253,86002;-1,03133;-0,27612
253,87002;-1,03122;-0,27623
253,88000;-1,03105;-0,27591
253,89002;-1,03088;-0,27592
253,90002;-1,03071;-0,27574
253,91002;-1,03054;-0,27572
253,92002;-1,03037;-0,27553
253,93002;-1,03020;-0,27538
253,94002;-1,03003;-0,27533
253,95002;-1,02986;-0,27525
253,96000;-1,02969;-0,27527
253,97002;-1,02952;-0,27508
253,98002;-1,02935;-0,27513
253,99000;-1,02918;-0,27484
254,00002;-1,02901;-0,27490
254,01002;-1,02890;-0,27467
254,02002;-1,02873;-0,27468
254,03002;-1,02856;-0,27437
254,04002;-1,02839;-0,27455
254,05002;-1,02822;-0,27432
254,06002;-1,02805;-0,27429
254,07000;-1,02788;-0,27427
254,08002;-1,02776;-0,27398
254,09002;-1,02759;-0,27411
254,10000;-1,02742;-0,27381
254,11002;-1,02725;-0,27383
254,12002;-1,02708;-0,27358
254,13000;-1,02697;-0,27368
254,14002;-1,02680;-0,27345
254,15002;-1,02663;-0,27344
254,16002;-1,02646;-0,27330
254,17002;-1,02629;-0,27321
254,18002;-1,02618;-0,27317
254,19002;-1,02601;-0,27296
254,20002;-1,02584;-0,27301
254,21000;-1,02567;-0,27267
254,22002;-1,02550;-0,27283
254,23002;-1,02533;-0,27259
254,24000;-1,02510;-0,27259
254,25002;-1,02493;-0,27246
254,26002;-1,02476;-0,27249
254,27002;-1,02459;-0,27226
254,28002;-1,02442;-0,27208
254,29002;-1,02425;-0,27208
254,30002;-1,02408;-0,27186
254,31002;-1,02391;-0,27187
254,32000;-1,02374;-0,27169
254,33002;-1,02357;-0,27167
254,34002;-1,02346;-0,27153
254,35000;-1,02329;-0,27155
254,36002;-1,02312;-0,27128
254,37002;-1,02295;-0,27118
254,38000;-1,02278;-0,27110
254,39002;-1,02255;-0,27104
254,40002;-1,02238;-0,27107
254,41002;-1,02221;-0,27076
254,42002;-1,02204;-0,27073
254,43002;-1,02187;-0,27064
254,44002;-1,02170;-0,27055
254,45002;-1,02153;-0,27046
254,46000;-1,02136;-0,27036
254,47002;-1,02119;-0,27016
254,48002;-1,02102;-0,27022
254,49000;-1,02085;-0,27007
254,50002;-1,02074;-0,26981
254,51002;-1,02057;-0,26988
254,52002;-1,02040;-0,26971
254,53002;-1,02028;-0,26977
254,54002;-1,02011;-0,26955
254,55002;-1,01994;-0,26953
254,56002;-1,01977;-0,26933
254,57000;-1,01960;-0,26940
254,58002;-1,01943;-0,26928
254,59002;-1,01926;-0,26915
254,60000;-1,01909;-0,26901
254,61002;-1,01892;-0,26896
254,62002;-1,01875;-0,26886
254,63000;-1,01858;-0,26866
254,64002;-1,01847;-0,26873
254,65002;-1,01830;-0,26846
254,66002;-1,01813;-0,26858
254,67002;-1,01796;-0,26830
254,68002;-1,01779;-0,26831
254,69002;-1,01762;-0,26799
254,70002;-1,01745;-0,26806
254,71000;-1,01728;-0,26783
254,72002;-1,01711;-0,26782
254,73002;-1,01694;-0,26766
254,74000;-1,01677;-0,26752
254,75002;-1,01660;-0,26759
254,76002;-1,01643;-0,26734
254,77002;-1,01626;-0,26744
254,78002;-1,01609;-0,26720
254,79002;-1,01592;-0,26718
254,80002;-1,01575;-0,26699
254,81002;-1,01558;-0,26691
254,82000;-1,01541;-0,26670
254,83002;-1,01530;-0,26678
254,84002;-1,01513;-0,26665
254,85000;-1,01496;-0,26649
254,86002;-1,01479;-0,26657
254,87002;-1,01462;-0,26628
254,88000;-1,01445;-0,26628
254,89002;-1,01428;-0,26614
254,90002;-1,01411;-0,26601
254,91002;-1,01399;-0,26586
254,92002;-1,01377;-0,26584
254,93002;-1,01360;-0,26573
254,94002;-1,01343;-0,26567
254,95002;-1,01326;-0,26551
254,96000;-1,01314;-0,26546
254,97002;-1,01297;-0,26531
254,98002;-1,01280;-0,26522
254,99000;-1,01263;-0,26519
255,00002;-1,01246;-0,26493
255,01002;-1,01229;-0,26493
255,02002;-1,01212;-0,26485
255,03002;-1,01195;-0,26467
255,04002;-1,01178;-0,26461
255,05002;-1,01156;-0,26453
255,06002;-1,01139;-0,26439
255,07000;-1,01122;-0,26430
255,08002;-1,01105;-0,26417
255,09002;-1,01088;-0,26412
255,10000;-1,01071;-0,26402
255,11002;-1,01048;-0,26391
255,12002;-1,01031;-0,26380
255,13000;-1,01014;-0,26359
255,14002;-1,00997;-0,26363
255,15002;-1,00986;-0,26343
255,16002;-1,00969;-0,26342
255,17002;-1,00952;-0,26321
255,18002;-1,00940;-0,26320
255,19002;-1,00923;-0,26306
255,20002;-1,00906;-0,26303
255,21000;-1,00889;-0,26284
255,22002;-1,00872;-0,26274
255,23002;-1,00850;-0,26273
255,24000;-1,00833;-0,26253
255,25002;-1,00816;-0,26256
255,26002;-1,00799;-0,26241
255,27002;-1,00787;-0,26236
255,28002;-1,00770;-0,26221
255,29002;-1,00753;-0,26217
255,30002;-1,00742;-0,26201
255,31002;-1,00725;-0,26193
255,32000;-1,00708;-0,26178
255,33002;-1,00691;-0,26170
255,34002;-1,00674;-0,26160
255,35000;-1,00657;-0,26152
255,36002;-1,00640;-0,26145
255,37002;-1,00623;-0,26133
255,38000;-1,00612;-0,26133
255,39002;-1,00595;-0,26114
255,40002;-1,00578;-0,26105
255,41002;-1,00561;-0,26092
255,42002;-1,00544;-0,26093
255,43002;-1,00527;-0,26069
255,44002;-1,00510;-0,26082
255,45002;-1,00493;-0,26054
255,46000;-1,00481;-0,26057
255,47002;-1,00464;-0,26043
255,48002;-1,00447;-0,26027
255,49000;-1,00430;-0,26021
255,50002;-1,00413;-0,25998
255,51002;-1,00396;-0,26005
255,52002;-1,00379;-0,25981
255,53002;-1,00362;-0,25983
255,54002;-1,00345;-0,25968
255,55002;-1,00328;-0,25965
255,56002;-1,00311;-0,25952
255,57000;-1,00294;-0,25945
255,58002;-1,00277;-0,25918
255,59002;-1,00260;-0,25921
255,60000;-1,00243;-0,25902
255,61002;-1,00226;-0,25897
255,62002;-1,00209;-0,25888
255,63000;-1,00192;-0,25865
255,64002;-1,00175;-0,25866
255,65002;-1,00158;-0,25854
255,66002;-1,00141;-0,25853
255,67002;-1,00124;-0,25828
255,68002;-1,00107;-0,25829
255,69002;-1,00090;-0,25812
255,70002;-1,00073;-0,25814
255,71000;-1,00056;-0,25788
255,72002;-1,00039;-0,25790
255,73002;-1,00022;-0,25764
255,74000;-1,00005;-0,25766
255,75002;-0,99988;-0,25765
255,76002;-0,99971;-0,25734
255,77002;-0,99954;-0,25735
255,78002;-0,99937;-0,25712
255,79002;-0,99920;-0,25725
255,80002;-0,99903;-0,25698
255,81002;-0,99892;-0,25701
255,82000;-0,99875;-0,25671
255,83002;-0,99858;-0,25675
255,84002;-0,99841;-0,25664
255,85000;-0,99824;-0,25660
255,86002;-0,99807;-0,25635
255,87002;-0,99790;-0,25627
255,88000;-0,99773;-0,25632
255,89002;-0,99756;-0,25605
255,90002;-0,99739;-0,25617
255,91002;-0,99722;-0,25572
255,92002;-0,99705;-0,25585
255,93002;-0,99688;-0,25572
255,94002;-0,99671;-0,25564
255,95002;-0,99654;-0,25544
255,96000;-0,99637;-0,25541
255,97002;-0,99620;-0,25526
255,98002;-0,99603;-0,25523
255,99000;-0,99586;-0,25519
256,00000;-0,99569;-0,25495
256,01002;-0,99552;-0,25485
256,02002;-0,99535;-0,25468
256,03000;-0,99518;-0,25471
256,04002;-0,99501;-0,25444
256,05002;-0,99484;-0,25456
256,06000;-0,99467;-0,25428
256,07000;-0,99450;-0,25429
256,08002;-0,99433;-0,25415
256,09003;-0,99422;-0,25413
256,10000;-0,99405;-0,25395
256,11002;-0,99388;-0,25384
256,12003;-0,99371;-0,25371
256,13000;-0,99354;-0,25354
256,14002;-0,99342;-0,25365
256,15003;-0,99325;-0,25347
256,16000;-0,99308;-0,25345
256,17002;-0,99291;-0,25316
256,18002;-0,99274;-0,25329
256,19000;-0,99263;-0,25309
256,20002;-0,99246;-0,25301
256,21002;-0,99229;-0,25283
256,22000;-0,99212;-0,25271
256,23002;-0,99195;-0,25288
256,24002;-0,99178;-0,25249
256,25000;-0,99161;-0,25266
256,26002;-0,99144;-0,25222
256,27002;-0,99127;-0,25240
256,28000;-0,99110;-0,25217
256,29002;-0,99099;-0,25233
256,30002;-0,99082;-0,25180
256,31000;-0,99065;-0,25189
256,32000;-0,99042;-0,25184
256,33002;-0,99031;-0,25160
256,34003;-0,99008;-0,25175
256,35000;-0,98991;-0,25135
256,36002;-0,98974;-0,25145
256,37003;-0,98957;-0,25121
256,38000;-0,98940;-0,25136
256,39002;-0,98923;-0,25090
256,40003;-0,98906;-0,25099
256,41000;-0,98889;-0,25074
256,42002;-0,98872;-0,25082
256,43002;-0,98855;-0,25069
256,44000;-0,98838;-0,25048
256,45002;-0,98821;-0,25045
256,46002;-0,98804;-0,25022
256,47000;-0,98787;-0,25024
256,48002;-0,98770;-0,25001
256,49002;-0,98753;-0,25009
256,50000;-0,98736;-0,24980
256,51002;-0,98719;-0,24984
256,52002;-0,98702;-0,24963
256,53000;-0,98685;-0,24957
256,54002;-0,98668;-0,24941
256,55002;-0,98651;-0,24929
256,56000;-0,98640;-0,24924
256,57000;-0,98623;-0,24901
256,58002;-0,98606;-0,24924
256,59003;-0,98589;-0,24882
256,60000;-0,98572;-0,24894
256,61002;-0,98560;-0,24859
256,62003;-0,98543;-0,24872
256,63000;-0,98526;-0,24845
256,64002;-0,98509;-0,24847
256,65003;-0,98492;-0,24816
256,66000;-0,98475;-0,24825
256,67002;-0,98458;-0,24815
256,68002;-0,98447;-0,24802
256,69000;-0,98430;-0,24800
256,70002;-0,98413;-0,24768
256,71002;-0,98396;-0,24772
256,72000;-0,98379;-0,24751
256,73002;-0,98362;-0,24755
256,74002;-0,98345;-0,24724
256,75000;-0,98328;-0,24734
256,76002;-0,98311;-0,24721
256,77002;-0,98294;-0,24712
256,78000;-0,98283;-0,24703
256,79002;-0,98266;-0,24686
256,80002;-0,98249;-0,24669
256,81000;-0,98232;-0,24659
256,82000;-0,98215;-0,24666
256,83002;-0,98198;-0,24631
256,84003;-0,98175;-0,24637
256,85000;-0,98158;-0,24621
256,86002;-0,98141;-0,24614
256,87003;-0,98124;-0,24598
256,88000;-0,98107;-0,24588
256,89002;-0,98090;-0,24574
256,90003;-0,98073;-0,24557
256,91000;-0,98056;-0,24559
256,92002;-0,98039;-0,24534
256,93002;-0,98022;-0,24532
256,94000;-0,98005;-0,24525
256,95002;-0,97988;-0,24510
256,96002;-0,97971;-0,24506
256,97000;-0,97954;-0,24495
256,98002;-0,97937;-0,24472
256,99002;-0,97920;-0,24469
257,00000;-0,97903;-0,24456
257,01002;-0,97886;-0,24429
257,02002;-0,97869;-0,24433
257,03000;-0,97852;-0,24420
257,04002;-0,97835;-0,24411
257,05002;-0,97818;-0,24390
257,06000;-0,97801;-0,24393
257,07000;-0,97784;-0,24380
257,08002;-0,97767;-0,24364
257,09003;-0,97756;-0,24353
257,10000;-0,97739;-0,24336
257,11002;-0,97722;-0,24332
257,12003;-0,97705;-0,24326
257,13000;-0,97688;-0,24313
257,14002;-0,97671;-0,24298
257,15003;-0,97654;-0,24294
257,16000;-0,97637;-0,24280
257,17002;-0,97620;-0,24279
257,18002;-0,97603;-0,24257
257,19000;-0,97586;-0,24247
257,20002;-0,97569;-0,24238
257,21002;-0,97552;-0,24221
257,22000;-0,97540;-0,24219
257,23002;-0,97523;-0,24201
257,24002;-0,97506;-0,24192
257,25000;-0,97489;-0,24180
257,26002;-0,97472;-0,24181
257,27002;-0,97450;-0,24163
257,28000;-0,97433;-0,24155
257,29002;-0,97416;-0,24136
257,30002;-0,97404;-0,24131
257,31000;-0,97387;-0,24119
257,32000;-0,97370;-0,24102
257,33002;-0,97353;-0,24096
257,34003;-0,97336;-0,24071
257,35000;-0,97319;-0,24078
257,36002;-0,97302;-0,24059
257,37003;-0,97285;-0,24063
257,38000;-0,97268;-0,24043
257,39002;-0,97251;-0,24034
257,40003;-0,97240;-0,24026
257,41000;-0,97223;-0,24013
257,42002;-0,97206;-0,23997
257,43002;-0,97189;-0,23979
257,44000;-0,97178;-0,23991
257,45002;-0,97161;-0,23963
257,46002;-0,97144;-0,23983
257,47000;-0,97127;-0,23946
257,48002;-0,97115;-0,23964
257,49002;-0,97098;-0,23924
257,50000;-0,97081;-0,23942
257,51002;-0,97064;-0,23908
257,52002;-0,97047;-0,23894
257,53000;-0,97030;-0,23892
257,54002;-0,97013;-0,23868
257,55002;-0,96996;-0,23882
257,56000;-0,96979;-0,23853
257,57000;-0,96962;-0,23866
257,58002;-0,96945;-0,23821
257,59003;-0,96928;-0,23841
257,60000;-0,96911;-0,23795
257,61002;-0,96894;-0,23803
257,62003;-0,96877;-0,23785
257,63000;-0,96860;-0,23774
257,64002;-0,96843;-0,23786
257,65003;-0,96826;-0,23760
257,66000;-0,96809;-0,23763
257,67002;-0,96787;-0,23725
257,68002;-0,96770;-0,23731
257,69000;-0,96753;-0,23702
257,70002;-0,96736;-0,23704
257,71002;-0,96719;-0,23672
257,72000;-0,96702;-0,23677
257,73002;-0,96685;-0,23665
257,74002;-0,96668;-0,23649
257,75000;-0,96651;-0,23661
257,76002;-0,96639;-0,23623
257,77002;-0,96622;-0,23627
257,78000;-0,96605;-0,23595
257,79002;-0,96588;-0,23601
257,80002;-0,96571;-0,23575
257,81000;-0,96554;-0,23589
257,82000;-0,96537;-0,23567
257,83002;-0,96520;-0,23562
257,84003;-0,96503;-0,23559
257,85000;-0,96486;-0,23535
257,86002;-0,96469;-0,23542
257,87003;-0,96458;-0,23505
257,88000;-0,96441;-0,23515
257,89002;-0,96424;-0,23486
257,90003;-0,96407;-0,23496
257,91000;-0,96390;-0,23463
257,92002;-0,96373;-0,23461
257,93002;-0,96356;-0,23438
257,94000;-0,96339;-0,23434
257,95002;-0,96322;-0,23434
257,96002;-0,96305;-0,23410
257,97000;-0,96288;-0,23414
257,98002;-0,96271;-0,23397
257,99002;-0,96254;-0,23404
258,00000;-0,96237;-0,23372
258,01002;-0,96226;-0,23376
258,02002;-0,96209;-0,23337
258,03000;-0,96192;-0,23354
258,04002;-0,96175;-0,23328
258,05002;-0,96158;-0,23322
258,06000;-0,96141;-0,23307
258,07000;-0,96124;-0,23301
258,08002;-0,96107;-0,23296
258,09003;-0,96090;-0,23277
258,10000;-0,96073;-0,23260
258,11002;-0,96056;-0,23233
258,12003;-0,96039;-0,23239
258,13000;-0,96022;-0,23219
258,14002;-0,96005;-0,23229
258,15003;-0,95988;-0,23201
258,16000;-0,95971;-0,23212
258,17002;-0,95954;-0,23190
258,18002;-0,95937;-0,23183
258,19000;-0,95920;-0,23173
258,20002;-0,95903;-0,23154
258,21002;-0,95886;-0,23144
258,22000;-0,95869;-0,23130
258,23002;-0,95852;-0,23124
258,24002;-0,95835;-0,23105
258,25000;-0,95818;-0,23101
258,26002;-0,95801;-0,23084
258,27002;-0,95784;-0,23081
258,28000;-0,95767;-0,23060
258,29002;-0,95750;-0,23056
258,30002;-0,95733;-0,23031
258,31000;-0,95716;-0,23029
258,32000;-0,95699;-0,23019
258,33002;-0,95682;-0,23005
258,34003;-0,95670;-0,23003
258,35000;-0,95653;-0,22995
258,36002;-0,95636;-0,22985
258,37003;-0,95619;-0,22974
258,38000;-0,95602;-0,22963
258,39002;-0,95585;-0,22939
258,40003;-0,95568;-0,22935
258,41000;-0,95557;-0,22908
258,42002;-0,95540;-0,22910
258,43002;-0,95517;-0,22890
258,44000;-0,95500;-0,22893
258,45002;-0,95489;-0,22882
258,46002;-0,95466;-0,22872
258,47000;-0,95449;-0,22853
258,48002;-0,95432;-0,22852
258,49002;-0,95415;-0,22834
258,50000;-0,95398;-0,22825
258,51002;-0,95387;-0,22820
258,52002;-0,95370;-0,22800
258,53000;-0,95353;-0,22801
258,54002;-0,95336;-0,22781
258,55002;-0,95319;-0,22772
258,56000;-0,95302;-0,22751
258,57000;-0,95285;-0,22758
258,58002;-0,95268;-0,22734
258,59003;-0,95251;-0,22722
258,60000;-0,95234;-0,22711
258,61002;-0,95217;-0,22711
258,62003;-0,95200;-0,22685
258,63000;-0,95183;-0,22686
258,64002;-0,95166;-0,22669
258,65003;-0,95155;-0,22654
258,66000;-0,95138;-0,22661
258,67002;-0,95121;-0,22630
258,68002;-0,95104;-0,22623
258,69000;-0,95087;-0,22605
258,70002;-0,95070;-0,22618
258,71002;-0,95058;-0,22584
258,72000;-0,95041;-0,22604
258,73002;-0,95024;-0,22566
258,74002;-0,95007;-0,22569
258,75000;-0,94990;-0,22559
258,76002;-0,94973;-0,22548
258,77002;-0,94962;-0,22521
258,78000;-0,94945;-0,22512
258,79002;-0,94928;-0,22515
258,80002;-0,94911;-0,22485
258,81000;-0,94894;-0,22501
258,82000;-0,94877;-0,22463
258,83002;-0,94860;-0,22477
258,84003;-0,94843;-0,22446
258,85000;-0,94826;-0,22463
258,86002;-0,94809;-0,22430
258,87003;-0,94792;-0,22433
258,88000;-0,94781;-0,22420
258,89002;-0,94764;-0,22403
258,90003;-0,94747;-0,22405
258,91000;-0,94730;-0,22371
258,92002;-0,94713;-0,22377
258,93002;-0,94696;-0,22340
258,94000;-0,94679;-0,22360
258,95002;-0,94656;-0,22320
258,96002;-0,94639;-0,22332
258,97000;-0,94622;-0,22303
258,98002;-0,94605;-0,22304
258,99002;-0,94588;-0,22302
259,00000;-0,94571;-0,22276
259,01002;-0,94554;-0,22273
259,02002;-0,94537;-0,22247
259,03000;-0,94520;-0,22252
259,04002;-0,94503;-0,22222
259,05002;-0,94486;-0,22243
259,06000;-0,94469;-0,22203
259,07000;-0,94452;-0,22207
259,08002;-0,94435;-0,22189
259,09003;-0,94418;-0,22177
259,10000;-0,94401;-0,22164
259,11002;-0,94384;-0,22143
259,12003;-0,94367;-0,22133
259,13000;-0,94356;-0,22122
259,14002;-0,94339;-0,22120
259,15003;-0,94322;-0,22103
259,16000;-0,94305;-0,22109
259,17002;-0,94288;-0,22080
259,18002;-0,94271;-0,22086
259,19000;-0,94254;-0,22060
259,20002;-0,94237;-0,22059
259,21002;-0,94220;-0,22035
259,22000;-0,94203;-0,22030
259,23002;-0,94186;-0,22026
259,24002;-0,94169;-0,22009
259,25000;-0,94152;-0,22014
259,26002;-0,94135;-0,21996
259,27002;-0,94118;-0,21981
259,28000;-0,94101;-0,21967
259,29002;-0,94084;-0,21969
259,30002;-0,94067;-0,21936
259,31000;-0,94050;-0,21940
259,32000;-0,94033;-0,21918
259,33002;-0,94016;-0,21911
259,34003;-0,93999;-0,21908
259,35000;-0,93987;-0,21888
259,36002;-0,93970;-0,21892
259,37003;-0,93953;-0,21862
259,38000;-0,93936;-0,21866
259,39002;-0,93919;-0,21840
259,40003;-0,93902;-0,21836
259,41000;-0,93885;-0,21819
259,42002;-0,93868;-0,21817
259,43002;-0,93851;-0,21805
259,44000;-0,93834;-0,21790
259,45002;-0,93817;-0,21785
259,46002;-0,93800;-0,21759
259,47000;-0,93783;-0,21764
259,48002;-0,93766;-0,21723
259,49002;-0,93749;-0,21743
259,50000;-0,93732;-0,21714
259,51002;-0,93721;-0,21722
259,52002;-0,93704;-0,21700
259,53000;-0,93687;-0,21697
259,54002;-0,93670;-0,21683
259,55002;-0,93653;-0,21666
259,56000;-0,93636;-0,21670
259,57000;-0,93619;-0,21636
259,58002;-0,93602;-0,21652
259,59003;-0,93585;-0,21615
259,60000;-0,93568;-0,21626
259,61002;-0,93551;-0,21592
259,62003;-0,93534;-0,21595
259,63000;-0,93517;-0,21575
259,64002;-0,93506;-0,21571
259,65003;-0,93489;-0,21568
259,66000;-0,93472;-0,21543
259,67002;-0,93455;-0,21551
259,68002;-0,93438;-0,21519
259,69000;-0,93421;-0,21533
259,70002;-0,93404;-0,21502
259,71002;-0,93387;-0,21507
259,72000;-0,93370;-0,21472
259,73002;-0,93353;-0,21474
259,74002;-0,93336;-0,21467
259,75000;-0,93319;-0,21459
259,76002;-0,93302;-0,21450
259,77002;-0,93285;-0,21432
259,78000;-0,93268;-0,21427
259,79002;-0,93251;-0,21404
259,80002;-0,93234;-0,21406
259,81000;-0,93222;-0,21363
259,82000;-0,93205;-0,21376
259,83002;-0,93188;-0,21356
259,84003;-0,93171;-0,21359
259,85000;-0,93154;-0,21339
259,86002;-0,93137;-0,21328
259,87003;-0,93115;-0,21314
259,88000;-0,93103;-0,21300
259,89002;-0,93081;-0,21305
259,90003;-0,93069;-0,21267
259,91000;-0,93052;-0,21278
259,92002;-0,93035;-0,21256
259,93002;-0,93018;-0,21258
259,94000;-0,93001;-0,21240
259,95002;-0,92984;-0,21233
259,96002;-0,92967;-0,21220
259,97000;-0,92956;-0,21205
259,98002;-0,92939;-0,21207
259,99002;-0,92922;-0,21178
260,00000;-0,92911;-0,21178
260,01002;-0,92894;-0,21143
260,02002;-0,92877;-0,21161
260,03000;-0,92860;-0,21130
260,04002;-0,92848;-0,21148
260,05002;-0,92831;-0,21124
260,06000;-0,92814;-0,21111
260,07000;-0,92797;-0,21104
260,08002;-0,92780;-0,21087
260,09003;-0,92763;-0,21091
260,10000;-0,92741;-0,21056
260,11002;-0,92729;-0,21067
260,12003;-0,92707;-0,21032
260,13000;-0,92690;-0,21054
260,14002;-0,92678;-0,21013
260,15003;-0,92661;-0,21023
260,16000;-0,92644;-0,20987
260,17002;-0,92627;-0,20993
260,18002;-0,92610;-0,20974
260,19000;-0,92593;-0,20960
260,20002;-0,92576;-0,20959
260,21002;-0,92559;-0,20927
260,22000;-0,92542;-0,20946
260,23002;-0,92525;-0,20911
260,24002;-0,92508;-0,20931
260,25000;-0,92491;-0,20882
260,26002;-0,92474;-0,20905
260,27002;-0,92457;-0,20865
260,28000;-0,92435;-0,20871
260,29002;-0,92418;-0,20850
260,30002;-0,92406;-0,20847
260,31000;-0,92384;-0,20834
260,32000;-0,92372;-0,20814
260,33002;-0,92355;-0,20821
260,34003;-0,92338;-0,20787
260,35000;-0,92321;-0,20793
260,36002;-0,92304;-0,20762
260,37003;-0,92287;-0,20774
260,38000;-0,92270;-0,20736
260,39002;-0,92253;-0,20746
260,40003;-0,92236;-0,20720
260,41000;-0,92225;-0,20706
260,42002;-0,92208;-0,20708
260,43002;-0,92191;-0,20684
260,44000;-0,92174;-0,20694
260,45002;-0,92157;-0,20680
260,46002;-0,92140;-0,20675
260,47000;-0,92123;-0,20646
260,48002;-0,92112;-0,20644
260,49002;-0,92095;-0,20617
260,50000;-0,92078;-0,20616
260,51002;-0,92061;-0,20607
260,52002;-0,92044;-0,20594
260,53000;-0,92027;-0,20589
260,54002;-0,92010;-0,20576
260,55002;-0,91993;-0,20562
260,56000;-0,91976;-0,20548
260,57000;-0,91959;-0,20535
260,58002;-0,91942;-0,20517
260,59003;-0,91925;-0,20525
260,60000;-0,91908;-0,20496
260,61002;-0,91891;-0,20490
260,62003;-0,91874;-0,20476
260,63000;-0,91857;-0,20467
260,64002;-0,91845;-0,20461
260,65003;-0,91828;-0,20447
260,66000;-0,91811;-0,20431
260,67002;-0,91794;-0,20422
260,68002;-0,91777;-0,20421
260,69000;-0,91760;-0,20392
260,70002;-0,91743;-0,20398
260,71002;-0,91726;-0,20370
260,72000;-0,91709;-0,20378
260,73002;-0,91692;-0,20349
260,74002;-0,91675;-0,20347
260,75000;-0,91658;-0,20330
260,76002;-0,91641;-0,20310
260,77002;-0,91624;-0,20317
260,78000;-0,91607;-0,20293
260,79002;-0,91590;-0,20290
260,80002;-0,91573;-0,20266
260,81000;-0,91556;-0,20273
260,82000;-0,91545;-0,20242
260,83002;-0,91528;-0,20253
260,84003;-0,91511;-0,20232
260,85000;-0,91494;-0,20221
260,86002;-0,91477;-0,20216
260,87003;-0,91460;-0,20199
260,88000;-0,91443;-0,20199
260,89002;-0,91426;-0,20165
260,90003;-0,91409;-0,20172
260,91000;-0,91392;-0,20136
260,92002;-0,91375;-0,20142
260,93002;-0,91358;-0,20121
260,94000;-0,91341;-0,20120
260,95002;-0,91324;-0,20108
260,96002;-0,91307;-0,20107
260,97000;-0,91290;-0,20093
260,98002;-0,91279;-0,20070
260,99002;-0,91262;-0,20071
261,00000;-0,91245;-0,20034
261,01002;-0,91228;-0,20045
261,02002;-0,91211;-0,20008
261,03000;-0,91194;-0,20029
261,04002;-0,91177;-0,20004
261,05002;-0,91160;-0,20015
261,06000;-0,91143;-0,19993
261,07000;-0,91126;-0,19979
261,08002;-0,91109;-0,19962
261,09003;-0,91092;-0,19951
261,10000;-0,91075;-0,19936
261,11002;-0,91063;-0,19918
261,12003;-0,91046;-0,19931
261,13000;-0,91029;-0,19898
261,14002;-0,91012;-0,19911
261,15003;-0,90995;-0,19882
261,16000;-0,90978;-0,19876
261,17002;-0,90961;-0,19853
261,18002;-0,90944;-0,19855
261,19000;-0,90927;-0,19840
261,20002;-0,90910;-0,19819
261,21002;-0,90893;-0,19830
261,22000;-0,90876;-0,19811
261,23002;-0,90859;-0,19806
261,24002;-0,90842;-0,19788
261,25000;-0,90825;-0,19779
261,26002;-0,90808;-0,19744
261,27002;-0,90791;-0,19754
261,28000;-0,90774;-0,19726
261,29002;-0,90763;-0,19725
261,30002;-0,90746;-0,19724
261,31000;-0,90729;-0,19711
261,32000;-0,90712;-0,19706
261,33002;-0,90701;-0,19692
261,34003;-0,90684;-0,19687
261,35000;-0,90661;-0,19665
261,36002;-0,90644;-0,19664
261,37003;-0,90627;-0,19641
261,38000;-0,90610;-0,19638
261,39002;-0,90593;-0,19616
261,40003;-0,90576;-0,19630
261,41000;-0,90559;-0,19593
261,42002;-0,90542;-0,19588
261,43002;-0,90525;-0,19579
261,44000;-0,90508;-0,19555
261,45002;-0,90497;-0,19564
261,46002;-0,90480;-0,19543
261,47000;-0,90463;-0,19539
261,48002;-0,90446;-0,19520
261,49002;-0,90429;-0,19528
261,50000;-0,90412;-0,19490
261,51002;-0,90395;-0,19495
261,52002;-0,90378;-0,19454
261,53000;-0,90355;-0,19467
261,54002;-0,90344;-0,19440
261,55002;-0,90321;-0,19437
261,56000;-0,90304;-0,19434
261,57000;-0,90287;-0,19411
261,58002;-0,90270;-0,19415
261,59003;-0,90253;-0,19396
261,60000;-0,90236;-0,19394
261,61002;-0,90219;-0,19355
261,62003;-0,90202;-0,19372
261,63000;-0,90185;-0,19337
261,64002;-0,90174;-0,19347
261,65003;-0,90157;-0,19325
261,66000;-0,90140;-0,19318
261,67002;-0,90123;-0,19298
261,68002;-0,90106;-0,19297
261,69000;-0,90089;-0,19288
261,70002;-0,90072;-0,19267
261,71002;-0,90055;-0,19264
261,72000;-0,90038;-0,19242
261,73002;-0,90021;-0,19243
261,74002;-0,90004;-0,19233
261,75000;-0,89992;-0,19227
261,76002;-0,89975;-0,19207
261,77002;-0,89958;-0,19198
261,78000;-0,89941;-0,19184
261,79002;-0,89924;-0,19171
261,80002;-0,89907;-0,19156
261,81000;-0,89890;-0,19148
261,82000;-0,89873;-0,19130
261,83002;-0,89856;-0,19133
261,84003;-0,89839;-0,19121
261,85000;-0,89822;-0,19114
261,86002;-0,89805;-0,19091
261,87003;-0,89788;-0,19083
261,88000;-0,89771;-0,19068
261,89002;-0,89754;-0,19066
261,90003;-0,89737;-0,19049
261,91000;-0,89720;-0,19038
261,92002;-0,89703;-0,19024
261,93002;-0,89686;-0,19013
261,94000;-0,89669;-0,19013
261,95002;-0,89658;-0,18983
261,96002;-0,89641;-0,18983
261,97000;-0,89624;-0,18974
261,98002;-0,89607;-0,18966
261,99002;-0,89590;-0,18946
262,00000;-0,89573;-0,18945
262,01002;-0,89556;-0,18913
262,02002;-0,89539;-0,18914
262,03000;-0,89522;-0,18903
262,04002;-0,89505;-0,18888
262,05002;-0,89488;-0,18882
262,06000;-0,89471;-0,18870
262,07000;-0,89454;-0,18865
262,08002;-0,89437;-0,18847
262,09003;-0,89420;-0,18849
262,10000;-0,89403;-0,18823
262,11002;-0,89392;-0,18823
262,12003;-0,89375;-0,18798
262,13000;-0,89358;-0,18805
262,14002;-0,89341;-0,18775
262,15003;-0,89324;-0,18786
262,16000;-0,89307;-0,18759
262,17000;-0,89290;-0,18752
262,18003;-0,89273;-0,18749
262,19000;-0,89256;-0,18722
262,20000;-0,89239;-0,18717
262,21003;-0,89222;-0,18697
262,22000;-0,89205;-0,18702
262,23000;-0,89188;-0,18674
262,24003;-0,89171;-0,18689
262,25000;-0,89154;-0,18659
262,26000;-0,89137;-0,18666
262,27003;-0,89120;-0,18648
262,28000;-0,89103;-0,18636
262,29000;-0,89086;-0,18627
262,30003;-0,89069;-0,18592
262,31000;-0,89057;-0,18606
262,32000;-0,89040;-0,18568
262,33003;-0,89023;-0,18586
262,34003;-0,89006;-0,18554
262,35000;-0,88989;-0,18564
262,36003;-0,88972;-0,18549
262,37003;-0,88955;-0,18533
262,38000;-0,88938;-0,18525
262,39000;-0,88921;-0,18514
262,40003;-0,88904;-0,18504
262,41000;-0,88893;-0,18476
262,42000;-0,88876;-0,18491
262,43003;-0,88859;-0,18445
262,44000;-0,88842;-0,18474
262,45000;-0,88825;-0,18438
262,46003;-0,88808;-0,18432
262,47000;-0,88791;-0,18421
262,48000;-0,88774;-0,18422
262,49003;-0,88757;-0,18400
262,50000;-0,88740;-0,18388
262,51000;-0,88723;-0,18392
262,52003;-0,88706;-0,18351
262,53000;-0,88689;-0,18376
262,54000;-0,88672;-0,18341
262,55003;-0,88655;-0,18346
262,56000;-0,88638;-0,18317
262,57000;-0,88621;-0,18330
262,58003;-0,88610;-0,18308
262,59003;-0,88593;-0,18286
262,60000;-0,88576;-0,18294
262,61003;-0,88559;-0,18252
262,62003;-0,88542;-0,18272
262,63000;-0,88525;-0,18237
262,64000;-0,88508;-0,18247
262,65003;-0,88491;-0,18204
262,66000;-0,88474;-0,18240
262,67000;-0,88457;-0,18197
262,68003;-0,88445;-0,18202
262,69000;-0,88423;-0,18194
262,70000;-0,88406;-0,18163
262,71003;-0,88389;-0,18164
262,72000;-0,88372;-0,18138
262,73000;-0,88360;-0,18150
262,74003;-0,88343;-0,18110
262,75000;-0,88326;-0,18138
262,76000;-0,88309;-0,18089
262,77003;-0,88292;-0,18111
262,78000;-0,88275;-0,18080
262,79000;-0,88258;-0,18085
262,80003;-0,88241;-0,18062
262,81000;-0,88224;-0,18053
262,82000;-0,88207;-0,18052
262,83003;-0,88185;-0,18020
262,84003;-0,88168;-0,18040
262,85000;-0,88151;-0,17992
262,86003;-0,88134;-0,18016
262,87003;-0,88117;-0,17968
262,88000;-0,88100;-0,17991
262,89000;-0,88083;-0,17944
262,90003;-0,88066;-0,17953
262,91000;-0,88049;-0,17930
262,92000;-0,88037;-0,17929
262,93003;-0,88020;-0,17923
262,94000;-0,88003;-0,17903
262,95000;-0,87986;-0,17910
262,96003;-0,87969;-0,17874
262,97000;-0,87958;-0,17892
262,98000;-0,87941;-0,17853
262,99003;-0,87918;-0,17863
263,00000;-0,87907;-0,17832
263,01000;-0,87890;-0,17846
263,02003;-0,87873;-0,17817
263,03000;-0,87856;-0,17815
263,04000;-0,87839;-0,17801
263,05003;-0,87822;-0,17783
263,06000;-0,87811;-0,17787
263,07000;-0,87794;-0,17759
263,08003;-0,87777;-0,17768
263,09003;-0,87760;-0,17735
263,10000;-0,87743;-0,17751
263,11003;-0,87726;-0,17708
263,12003;-0,87709;-0,17722
263,13000;-0,87692;-0,17696
263,14000;-0,87675;-0,17687
263,15003;-0,87663;-0,17678
263,16000;-0,87646;-0,17677
263,17000;-0,87629;-0,17671
263,18003;-0,87612;-0,17648
263,19000;-0,87595;-0,17671
263,20000;-0,87578;-0,17610
263,21003;-0,87561;-0,17640
263,22000;-0,87544;-0,17603
263,23000;-0,87527;-0,17597
263,24003;-0,87510;-0,17572
263,25000;-0,87493;-0,17589
263,26000;-0,87476;-0,17558
263,27003;-0,87465;-0,17555
263,28000;-0,87448;-0,17558
263,29000;-0,87425;-0,17512
263,30003;-0,87408;-0,17536
263,31000;-0,87391;-0,17497
263,32000;-0,87374;-0,17511
263,33003;-0,87357;-0,17472
263,34003;-0,87340;-0,17501
263,35000;-0,87323;-0,17452
263,36003;-0,87306;-0,17463
263,37003;-0,87295;-0,17447
263,38000;-0,87278;-0,17434
263,39000;-0,87261;-0,17428
263,40003;-0,87244;-0,17396
263,41000;-0,87233;-0,17400
263,42000;-0,87216;-0,17372
263,43003;-0,87199;-0,17396
263,44000;-0,87182;-0,17357
263,45000;-0,87159;-0,17377
263,46003;-0,87142;-0,17337
263,47000;-0,87125;-0,17350
263,48000;-0,87108;-0,17318
263,49003;-0,87091;-0,17313
263,50000;-0,87074;-0,17295
263,51000;-0,87057;-0,17281
263,52003;-0,87040;-0,17287
263,53000;-0,87023;-0,17266
263,54000;-0,87012;-0,17274
263,55003;-0,86995;-0,17234
263,56000;-0,86978;-0,17243
263,57000;-0,86961;-0,17209
263,58003;-0,86944;-0,17213
263,59003;-0,86927;-0,17194
263,60000;-0,86910;-0,17196
263,61003;-0,86893;-0,17177
263,62003;-0,86876;-0,17172
263,63000;-0,86859;-0,17170
263,64000;-0,86842;-0,17138
263,65003;-0,86825;-0,17151
263,66000;-0,86808;-0,17111
263,67000;-0,86791;-0,17120
263,68003;-0,86774;-0,17097
263,69000;-0,86757;-0,17096
263,70000;-0,86740;-0,17080
263,71003;-0,86723;-0,17077
263,72000;-0,86711;-0,17061
263,73000;-0,86694;-0,17046
263,74003;-0,86677;-0,17037
263,75000;-0,86660;-0,17007
263,76000;-0,86643;-0,17029
263,77003;-0,86626;-0,16985
263,78000;-0,86609;-0,17012
263,79000;-0,86592;-0,16973
263,80003;-0,86575;-0,16987
263,81000;-0,86558;-0,16957
263,82000;-0,86541;-0,16953
263,83003;-0,86524;-0,16938
263,84003;-0,86507;-0,16930
263,85000;-0,86490;-0,16927
263,86003;-0,86473;-0,16905
263,87003;-0,86456;-0,16913
263,88000;-0,86445;-0,16872
263,89000;-0,86428;-0,16898
263,90003;-0,86411;-0,16845
263,91000;-0,86394;-0,16867
263,92000;-0,86377;-0,16837
263,93003;-0,86366;-0,16832
263,94000;-0,86349;-0,16819
263,95000;-0,86332;-0,16816
263,96003;-0,86309;-0,16802
263,97000;-0,86292;-0,16789
263,98000;-0,86275;-0,16796
263,99003;-0,86258;-0,16753
264,00000;-0,86241;-0,16782
264,01000;-0,86224;-0,16734
264,02003;-0,86207;-0,16748
264,03000;-0,86196;-0,16722
264,04000;-0,86179;-0,16716
264,05003;-0,86162;-0,16705
264,06000;-0,86145;-0,16691
264,07000;-0,86128;-0,16692
264,08003;-0,86111;-0,16665
264,09003;-0,86094;-0,16674
264,10000;-0,86077;-0,16639
264,11003;-0,86060;-0,16663
264,12003;-0,86037;-0,16604
264,13000;-0,86020;-0,16628
264,14000;-0,86003;-0,16594
264,15003;-0,85986;-0,16600
264,16000;-0,85969;-0,16582
264,17000;-0,85952;-0,16573
264,18003;-0,85935;-0,16565
264,19000;-0,85918;-0,16545
264,20000;-0,85901;-0,16557
264,21003;-0,85884;-0,16512
264,22000;-0,85867;-0,16528
264,23000;-0,85856;-0,16482
264,24003;-0,85839;-0,16521
264,25000;-0,85822;-0,16477
264,26000;-0,85805;-0,16484
264,27003;-0,85788;-0,16464
264,28000;-0,85771;-0,16445
264,29000;-0,85754;-0,16453
264,30003;-0,85737;-0,16416
264,31000;-0,85720;-0,16432
264,32000;-0,85708;-0,16396
264,33003;-0,85691;-0,16419
264,34003;-0,85674;-0,16376
264,35000;-0,85657;-0,16406
264,36003;-0,85640;-0,16361
264,37003;-0,85629;-0,16370
264,38000;-0,85612;-0,16360
264,39000;-0,85595;-0,16336
264,40003;-0,85578;-0,16349
264,41000;-0,85561;-0,16308
264,42000;-0,85544;-0,16320
264,43003;-0,85527;-0,16287
264,44000;-0,85510;-0,16304
264,45000;-0,85493;-0,16273
264,46003;-0,85476;-0,16279
264,47000;-0,85459;-0,16248
264,48000;-0,85442;-0,16250
264,49003;-0,85431;-0,16233
264,50000;-0,85414;-0,16214
264,51000;-0,85391;-0,16224
264,52003;-0,85380;-0,16188
264,53000;-0,85363;-0,16216
264,54000;-0,85346;-0,16178
264,55003;-0,85329;-0,16184
264,56000;-0,85312;-0,16150
264,57000;-0,85295;-0,16159
264,58003;-0,85278;-0,16138
264,59003;-0,85261;-0,16134
264,60000;-0,85244;-0,16118
264,61003;-0,85227;-0,16095
264,62003;-0,85210;-0,16110
264,63000;-0,85193;-0,16079
264,64000;-0,85176;-0,16087
264,65003;-0,85159;-0,16055
264,66000;-0,85142;-0,16061
264,67000;-0,85125;-0,16039
264,68003;-0,85113;-0,16048
264,69000;-0,85096;-0,16021
264,70000;-0,85079;-0,16006
264,71003;-0,85062;-0,16010
264,72000;-0,85045;-0,15984
264,73000;-0,85028;-0,15983
264,74003;-0,85011;-0,15967
264,75000;-0,84994;-0,15961
264,76000;-0,84977;-0,15939
264,77003;-0,84955;-0,15950
264,78000;-0,84938;-0,15931
264,79000;-0,84921;-0,15917
264,80003;-0,84904;-0,15903
264,81000;-0,84887;-0,15891
264,82000;-0,84870;-0,15879
264,83003;-0,84853;-0,15874
264,84003;-0,84836;-0,15863
264,85000;-0,84819;-0,15844
264,86003;-0,84802;-0,15856
264,87003;-0,84785;-0,15837
264,88000;-0,84773;-0,15824
264,89000;-0,84756;-0,15810
264,90003;-0,84739;-0,15806
264,91000;-0,84722;-0,15782
264,92000;-0,84705;-0,15782
264,93003;-0,84688;-0,15769
264,94000;-0,84671;-0,15747
264,95000;-0,84654;-0,15751
264,96003;-0,84632;-0,15740
264,97000;-0,84620;-0,15722
264,98000;-0,84603;-0,15719
264,99003;-0,84586;-0,15714
265,00000;-0,84569;-0,15688
265,01000;-0,84552;-0,15696
265,02003;-0,84535;-0,15671
265,03000;-0,84518;-0,15657
265,04000;-0,84501;-0,15653
265,05003;-0,84484;-0,15645
265,06000;-0,84473;-0,15631
265,07000;-0,84456;-0,15624
265,08003;-0,84439;-0,15615
265,09003;-0,84422;-0,15606
265,10000;-0,84405;-0,15594
265,11003;-0,84388;-0,15582
265,12003;-0,84371;-0,15571
265,13000;-0,84354;-0,15556
265,14000;-0,84337;-0,15553
265,15003;-0,84320;-0,15536
265,16000;-0,84303;-0,15531
265,17000;-0,84292;-0,15520
265,18003;-0,84275;-0,15523
265,19000;-0,84258;-0,15500
265,20000;-0,84241;-0,15504
265,21003;-0,84229;-0,15477
265,22000;-0,84212;-0,15475
265,23000;-0,84195;-0,15461
265,24003;-0,84178;-0,15454
265,25000;-0,84161;-0,15441
265,26000;-0,84144;-0,15427
265,27003;-0,84127;-0,15432
265,28000;-0,84110;-0,15402
265,29000;-0,84093;-0,15421
265,30003;-0,84076;-0,15375
265,31000;-0,84059;-0,15395
265,32000;-0,84042;-0,15366
265,33003;-0,84025;-0,15375
265,34003;-0,84008;-0,15353
265,35000;-0,83991;-0,15342
265,36003;-0,83974;-0,15340
265,37003;-0,83957;-0,15321
265,38000;-0,83940;-0,15326
265,39000;-0,83923;-0,15297
265,40003;-0,83906;-0,15309
265,41000;-0,83884;-0,15258
265,42000;-0,83867;-0,15290
265,43003;-0,83850;-0,15239
265,44000;-0,83833;-0,15270
265,45000;-0,83816;-0,15224
265,46003;-0,83799;-0,15241
265,47000;-0,83782;-0,15212
265,48000;-0,83765;-0,15217
265,49003;-0,83748;-0,15206
265,50000;-0,83736;-0,15188
265,51000;-0,83719;-0,15189
265,52003;-0,83702;-0,15162
265,53000;-0,83685;-0,15184
265,54000;-0,83668;-0,15136
265,55003;-0,83657;-0,15160
265,56000;-0,83640;-0,15115
265,57000;-0,83623;-0,15137
265,58003;-0,83606;-0,15111
265,59003;-0,83589;-0,15115
265,60000;-0,83572;-0,15088
265,61003;-0,83555;-0,15086
265,62003;-0,83538;-0,15081
265,63000;-0,83521;-0,15060
265,64000;-0,83504;-0,15065
265,65003;-0,83487;-0,15028
265,66000;-0,83470;-0,15050
265,67000;-0,83459;-0,15023
265,68003;-0,83442;-0,15025
265,69000;-0,83425;-0,14997
265,70000;-0,83408;-0,14995
265,71003;-0,83391;-0,14984
265,72000;-0,83374;-0,14980
265,73000;-0,83357;-0,14969
265,74003;-0,83340;-0,14943
265,75000;-0,83323;-0,14957
265,76000;-0,83306;-0,14931
265,77003;-0,83289;-0,14951
265,78000;-0,83277;-0,14909
265,79000;-0,83260;-0,14916
265,80003;-0,83243;-0,14897
265,81000;-0,83226;-0,14890
265,82000;-0,83209;-0,14890
265,83003;-0,83192;-0,14858
265,84003;-0,83181;-0,14864
265,85000;-0,83164;-0,14834
265,86003;-0,83147;-0,14853
265,87003;-0,83130;-0,14823
265,88000;-0,83113;-0,14841
265,89000;-0,83096;-0,14797
265,90003;-0,83079;-0,14813
265,91000;-0,83062;-0,14791
265,92000;-0,83045;-0,14770
265,93003;-0,83028;-0,14773
265,94000;-0,83011;-0,14756
265,95000;-0,82994;-0,14758
265,96003;-0,82977;-0,14727
265,97000;-0,82960;-0,14755
265,98000;-0,82943;-0,14705
265,99003;-0,82926;-0,14727
266,00000;-0,82915;-0,14696
266,01000;-0,82898;-0,14690
266,02003;-0,82881;-0,14677
266,03000;-0,82864;-0,14673
266,04000;-0,82841;-0,14665
266,05003;-0,82824;-0,14646
266,06000;-0,82807;-0,14656
266,07000;-0,82790;-0,14623
266,08003;-0,82773;-0,14631
266,09003;-0,82756;-0,14604
266,10000;-0,82739;-0,14605
266,11003;-0,82722;-0,14578
266,12003;-0,82699;-0,14587
266,13000;-0,82682;-0,14576
266,14000;-0,82665;-0,14560
266,15003;-0,82654;-0,14567
266,16000;-0,82637;-0,14535
266,17000;-0,82620;-0,14540
266,18003;-0,82603;-0,14517
266,19000;-0,82586;-0,14518
266,20000;-0,82569;-0,14493
266,21003;-0,82552;-0,14493
266,22000;-0,82535;-0,14475
266,23000;-0,82518;-0,14476
266,24003;-0,82501;-0,14460
266,25000;-0,82484;-0,14454
266,26000;-0,82467;-0,14447
266,27003;-0,82450;-0,14429
266,28000;-0,82433;-0,14429
266,29000;-0,82416;-0,14415
266,30003;-0,82399;-0,14402
266,31000;-0,82388;-0,14397
266,32000;-0,82371;-0,14380
266,33003;-0,82354;-0,14374
266,34003;-0,82337;-0,14358
266,35000;-0,82320;-0,14350
266,36003;-0,82308;-0,14343
266,37003;-0,82291;-0,14334
266,38000;-0,82274;-0,14331
266,39000;-0,82257;-0,14322
266,40003;-0,82240;-0,14314
266,41000;-0,82223;-0,14308
266,42000;-0,82206;-0,14297
266,43003;-0,82189;-0,14281
266,44000;-0,82172;-0,14282
266,45000;-0,82161;-0,14266
266,46003;-0,82144;-0,14262
266,47000;-0,82127;-0,14258
266,48000;-0,82110;-0,14231
266,49003;-0,82093;-0,14230
266,50000;-0,82076;-0,14219
266,51000;-0,82065;-0,14211
266,52003;-0,82048;-0,14203
266,53000;-0,82031;-0,14195
266,54000;-0,82014;-0,14183
266,55003;-0,81997;-0,14170
266,56000;-0,81980;-0,14170
266,57000;-0,81957;-0,14150
266,58003;-0,81946;-0,14150
266,59003;-0,81923;-0,14119
266,60000;-0,81906;-0,14124
266,61003;-0,81889;-0,14097
266,62003;-0,81872;-0,14104
266,63000;-0,81861;-0,14086
266,64000;-0,81844;-0,14078
266,65003;-0,81827;-0,14081
266,66000;-0,81810;-0,14066
266,67000;-0,81793;-0,14062
266,68003;-0,81776;-0,14039
266,69000;-0,81759;-0,14035
266,70000;-0,81742;-0,14007
266,71003;-0,81719;-0,14031
266,72000;-0,81708;-0,13985
266,73000;-0,81691;-0,14008
266,74003;-0,81668;-0,13972
266,75000;-0,81651;-0,13975
266,76000;-0,81634;-0,13961
266,77003;-0,81623;-0,13950
266,78000;-0,81606;-0,13938
266,79000;-0,81589;-0,13926
266,80003;-0,81572;-0,13931
266,81000;-0,81560;-0,13905
266,82000;-0,81543;-0,13928
266,83003;-0,81526;-0,13885
266,84003;-0,81509;-0,13899
266,85000;-0,81492;-0,13871
266,86003;-0,81475;-0,13881
266,87003;-0,81458;-0,13842
266,88000;-0,81447;-0,13845
266,89000;-0,81430;-0,13839
266,90003;-0,81413;-0,13830
266,91000;-0,81396;-0,13836
266,92000;-0,81379;-0,13804
266,93003;-0,81362;-0,13816
266,94000;-0,81345;-0,13782
266,95000;-0,81334;-0,13802
266,96003;-0,81317;-0,13766
266,97000;-0,81300;-0,13766
266,98000;-0,81283;-0,13747
266,99003;-0,81266;-0,13752
267,00000;-0,81249;-0,13728
267,01000;-0,81232;-0,13730
267,02003;-0,81215;-0,13716
267,03000;-0,81192;-0,13696
267,04000;-0,81175;-0,13716
267,05003;-0,81164;-0,13688
267,06000;-0,81147;-0,13692
267,07000;-0,81130;-0,13673
267,08003;-0,81107;-0,13673
267,09003;-0,81096;-0,13651
267,10000;-0,81079;-0,13653
267,11003;-0,81062;-0,13628
267,12003;-0,81045;-0,13621
267,13000;-0,81028;-0,13610
267,14000;-0,81011;-0,13600
267,15003;-0,80994;-0,13596
267,16000;-0,80977;-0,13575
267,17000;-0,80960;-0,13593
267,18003;-0,80948;-0,13560
267,19000;-0,80931;-0,13567
267,20000;-0,80914;-0,13556
267,21003;-0,80897;-0,13542
267,22000;-0,80880;-0,13530
267,23000;-0,80863;-0,13526
267,24003;-0,80846;-0,13509
267,25000;-0,80829;-0,13502
267,26000;-0,80812;-0,13500
267,27003;-0,80795;-0,13472
267,28000;-0,80778;-0,13490
267,29000;-0,80761;-0,13465
267,30003;-0,80750;-0,13472
267,31000;-0,80733;-0,13450
267,32000;-0,80716;-0,13444
267,33003;-0,80699;-0,13429
267,34003;-0,80682;-0,13428
267,35000;-0,80659;-0,13420
267,36003;-0,80642;-0,13412
267,37003;-0,80625;-0,13399
267,38000;-0,80608;-0,13393
267,39000;-0,80591;-0,13378
267,40003;-0,80569;-0,13365
267,41000;-0,80552;-0,13360
267,42000;-0,80535;-0,13344
267,43003;-0,80518;-0,13337
267,44000;-0,80501;-0,13334
267,45000;-0,80484;-0,13314
267,46003;-0,80472;-0,13316
267,47000;-0,80455;-0,13321
267,48000;-0,80438;-0,13290
267,49003;-0,80421;-0,13289
267,50000;-0,80410;-0,13273
267,51000;-0,80393;-0,13262
267,52003;-0,80376;-0,13257
267,53000;-0,80359;-0,13244
267,54000;-0,80342;-0,13225
267,55003;-0,80325;-0,13241
267,56000;-0,80308;-0,13229
267,57000;-0,80291;-0,13224
267,58003;-0,80274;-0,13209
267,59003;-0,80257;-0,13194
267,60000;-0,80246;-0,13192
267,61003;-0,80229;-0,13179
267,62003;-0,80212;-0,13174
267,63000;-0,80195;-0,13146
267,64000;-0,80178;-0,13150
267,65003;-0,80166;-0,13140
267,66000;-0,80144;-0,13138
267,67000;-0,80132;-0,13123
267,68003;-0,80115;-0,13117
267,69000;-0,80098;-0,13103
267,70000;-0,80081;-0,13095
267,71003;-0,80064;-0,13094
267,72000;-0,80047;-0,13067
267,73000;-0,80030;-0,13079
267,74003;-0,80013;-0,13056
267,75000;-0,79996;-0,13069
267,76000;-0,79979;-0,13043
267,77003;-0,79962;-0,13031
267,78000;-0,79945;-0,13026
267,79000;-0,79928;-0,13009
267,80003;-0,79917;-0,13017
267,81000;-0,79900;-0,12992
267,82000;-0,79883;-0,13008
267,83003;-0,79866;-0,12972
267,84003;-0,79849;-0,12999
267,85000;-0,79832;-0,12960
267,86003;-0,79815;-0,12967
267,87003;-0,79798;-0,12953
267,88000;-0,79781;-0,12944
267,89000;-0,79764;-0,12934
267,90003;-0,79741;-0,12925
267,91000;-0,79724;-0,12915
267,92000;-0,79707;-0,12893
267,93003;-0,79696;-0,12912
267,94000;-0,79679;-0,12869
267,95000;-0,79662;-0,12896
267,96003;-0,79645;-0,12860
267,97000;-0,79628;-0,12865
267,98000;-0,79611;-0,12850
267,99003;-0,79594;-0,12850
268,00000;-0,79577;-0,12842
268,01000;-0,79560;-0,12828
268,02003;-0,79537;-0,12815
268,03000;-0,79520;-0,12795
268,04000;-0,79503;-0,12804
268,05003;-0,79486;-0,12777
268,06000;-0,79469;-0,12788
268,07000;-0,79452;-0,12747
268,08003;-0,79441;-0,12776
268,09003;-0,79424;-0,12741
268,10000;-0,79407;-0,12750
268,11003;-0,79390;-0,12743
268,12003;-0,79379;-0,12714
268,13000;-0,79362;-0,12723
268,14000;-0,79345;-0,12705
268,15003;-0,79328;-0,12706
268,16000;-0,79311;-0,12684
268,17000;-0,79294;-0,12696
268,18003;-0,79277;-0,12658
268,19000;-0,79260;-0,12684
268,20000;-0,79243;-0,12644
268,21003;-0,79226;-0,12649
268,22000;-0,79209;-0,12631
268,23000;-0,79192;-0,12622
268,24003;-0,79180;-0,12631
268,25000;-0,79163;-0,12601
268,26000;-0,79146;-0,12613
268,27003;-0,79129;-0,12583
268,28000;-0,79112;-0,12603
268,29000;-0,79095;-0,12561
268,30003;-0,79078;-0,12585
268,31000;-0,79061;-0,12544
268,32000;-0,79044;-0,12554
268,33003;-0,79027;-0,12536
268,34003;-0,79010;-0,12534
268,35000;-0,78993;-0,12532
268,36003;-0,78976;-0,12511
268,37003;-0,78959;-0,12528
268,38000;-0,78942;-0,12487
268,39000;-0,78925;-0,12514
268,40003;-0,78908;-0,12467
268,41000;-0,78891;-0,12489
268,42000;-0,78880;-0,12445
268,43003;-0,78863;-0,12466
268,44000;-0,78846;-0,12431
268,45000;-0,78829;-0,12443
268,46003;-0,78812;-0,12431
268,47000;-0,78795;-0,12418
268,48000;-0,78778;-0,12423
268,49003;-0,78761;-0,12398
268,50000;-0,78744;-0,12412
268,51000;-0,78727;-0,12370
268,52003;-0,78716;-0,12401
268,53000;-0,78693;-0,12347
268,54000;-0,78676;-0,12374
268,55003;-0,78659;-0,12342
268,56000;-0,78642;-0,12341
268,57000;-0,78625;-0,12333
268,58003;-0,78614;-0,12323
268,59003;-0,78597;-0,12325
268,60000;-0,78580;-0,12298
268,61003;-0,78563;-0,12315
268,62003;-0,78546;-0,12275
268,63000;-0,78529;-0,12300
268,64000;-0,78512;-0,12251
268,65003;-0,78489;-0,12277
268,66000;-0,78472;-0,12259
268,67000;-0,78455;-0,12248
268,68003;-0,78438;-0,12247
268,69000;-0,78421;-0,12214
268,70000;-0,78404;-0,12230
268,71003;-0,78387;-0,12197
268,72000;-0,78370;-0,12213
268,73000;-0,78353;-0,12179
268,74003;-0,78336;-0,12204
268,75000;-0,78319;-0,12170
268,76000;-0,78302;-0,12182
268,77003;-0,78291;-0,12159
268,78000;-0,78274;-0,12158
268,79000;-0,78257;-0,12152
268,80003;-0,78240;-0,12126
268,81000;-0,78223;-0,12152
268,82000;-0,78206;-0,12104
268,83003;-0,78183;-0,12124
268,84003;-0,78166;-0,12090
268,85000;-0,78149;-0,12108
268,86003;-0,78132;-0,12071
268,87003;-0,78115;-0,12099
268,88000;-0,78104;-0,12063
268,89000;-0,78087;-0,12067
268,90003;-0,78070;-0,12057
268,91000;-0,78058;-0,12035
268,92000;-0,78041;-0,12054
268,93003;-0,78024;-0,12016
268,94000;-0,78007;-0,12038
268,95000;-0,77990;-0,12005
268,96003;-0,77973;-0,12029
268,97000;-0,77956;-0,11992
268,98000;-0,77939;-0,12002
268,99003;-0,77922;-0,11976
269,00000;-0,77905;-0,11977
269,01000;-0,77888;-0,11964
269,02003;-0,77871;-0,11949
269,03000;-0,77854;-0,11947
269,04000;-0,77837;-0,11932
269,05003;-0,77820;-0,11947
269,06000;-0,77809;-0,11909
269,07000;-0,77792;-0,11927
269,08003;-0,77775;-0,11908
269,09003;-0,77758;-0,11908
269,10000;-0,77741;-0,11900
269,11003;-0,77724;-0,11890
269,12003;-0,77707;-0,11874
269,13000;-0,77690;-0,11871
269,14000;-0,77673;-0,11863
269,15003;-0,77656;-0,11844
269,16000;-0,77633;-0,11849
269,17000;-0,77616;-0,11830
269,18003;-0,77599;-0,11832
269,19000;-0,77582;-0,11821
269,20000;-0,77565;-0,11808
269,21003;-0,77548;-0,11804
269,22000;-0,77537;-0,11793
269,23000;-0,77520;-0,11791
269,24003;-0,77503;-0,11771
269,25000;-0,77486;-0,11761
269,26000;-0,77469;-0,11757
269,27003;-0,77452;-0,11754
269,28000;-0,77435;-0,11744
269,29000;-0,77418;-0,11736
269,30003;-0,77401;-0,11722
269,31000;-0,77384;-0,11727
269,32000;-0,77367;-0,11719
269,33003;-0,77350;-0,11707
269,34003;-0,77333;-0,11691
269,35000;-0,77316;-0,11687
269,36003;-0,77299;-0,11676
269,37003;-0,77282;-0,11673
269,38000;-0,77271;-0,11666
269,39000;-0,77254;-0,11651
269,40003;-0,77237;-0,11647
269,41000;-0,77225;-0,11642
269,42000;-0,77208;-0,11641
269,43003;-0,77191;-0,11622
269,44000;-0,77174;-0,11621
269,45000;-0,77157;-0,11606
269,46003;-0,77140;-0,11604
269,47000;-0,77123;-0,11592
269,48000;-0,77106;-0,11586
269,49003;-0,77089;-0,11578
269,50000;-0,77072;-0,11580
269,51000;-0,77055;-0,11566
269,52003;-0,77038;-0,11559
269,53000;-0,77021;-0,11558
269,54000;-0,77010;-0,11546
269,55003;-0,76993;-0,11534
269,56000;-0,76976;-0,11529
269,57000;-0,76959;-0,11522
269,58003;-0,76942;-0,11510
269,59003;-0,76925;-0,11515
269,60000;-0,76908;-0,11502
269,61003;-0,76891;-0,11496
269,62003;-0,76874;-0,11486
269,63000;-0,76857;-0,11479
269,64000;-0,76840;-0,11468
269,65003;-0,76823;-0,11459
269,66000;-0,76806;-0,11449
269,67000;-0,76789;-0,11446
269,68003;-0,76772;-0,11444
269,69000;-0,76755;-0,11434
269,70000;-0,76738;-0,11432
269,71003;-0,76721;-0,11418
269,72000;-0,76704;-0,11417
269,73000;-0,76687;-0,11394
269,74003;-0,76670;-0,11402
269,75000;-0,76659;-0,11386
269,76000;-0,76642;-0,11388
269,77003;-0,76625;-0,11374
269,78000;-0,76608;-0,11369
269,79000;-0,76591;-0,11365
269,80003;-0,76579;-0,11354
269,81000;-0,76562;-0,11355
269,82000;-0,76545;-0,11329
269,83003;-0,76523;-0,11342
269,84003;-0,76511;-0,11314
269,85000;-0,76494;-0,11333
269,86003;-0,76477;-0,11307
269,87003;-0,76460;-0,11315
269,88000;-0,76443;-0,11300
269,89000;-0,76426;-0,11304
269,90003;-0,76415;-0,11294
269,91000;-0,76398;-0,11284
269,92000;-0,76381;-0,11282
269,93003;-0,76358;-0,11263
269,94000;-0,76347;-0,11277
269,95000;-0,76324;-0,11257
269,96003;-0,76307;-0,11261
269,97000;-0,76290;-0,11251
269,98000;-0,76273;-0,11258
269,99003;-0,76256;-0,11231
270,00000;-0,76239;-0,11241
270,01000;-0,76222;-0,11222
270,02003;-0,76205;-0,11208
270,03000;-0,76188;-0,11213
270,04000;-0,76171;-0,11197
270,05003;-0,76154;-0,11202
270,06003;-0,76137;-0,11188
270,07000;-0,76120;-0,11189
270,08003;-0,76103;-0,11171
270,09003;-0,76086;-0,11170
270,10000;-0,76069;-0,11170
270,11003;-0,76052;-0,11157
270,12003;-0,76035;-0,11155
270,13000;-0,76018;-0,11146
270,14000;-0,76001;-0,11139
270,15003;-0,75984;-0,11124
270,16000;-0,75973;-0,11126
270,17000;-0,75956;-0,11111
270,18003;-0,75939;-0,11107
270,19000;-0,75922;-0,11112
270,20000;-0,75905;-0,11080
270,21003;-0,75888;-0,11099
270,22000;-0,75871;-0,11080
270,23000;-0,75854;-0,11089
270,24003;-0,75837;-0,11063
270,25000;-0,75820;-0,11071
270,26000;-0,75809;-0,11058
270,27003;-0,75792;-0,11065
270,28000;-0,75775;-0,11050
270,29000;-0,75758;-0,11038
270,30003;-0,75741;-0,11038
270,31003;-0,75724;-0,11026
270,32000;-0,75707;-0,11033
270,33003;-0,75695;-0,11009
270,34003;-0,75678;-0,11015
270,35000;-0,75661;-0,10997
270,36003;-0,75644;-0,11008
270,37003;-0,75627;-0,10996
270,38000;-0,75610;-0,10992
270,39000;-0,75599;-0,10982
270,40003;-0,75582;-0,10983
270,41000;-0,75565;-0,10967
270,42000;-0,75548;-0,10971
270,43003;-0,75531;-0,10954
270,44000;-0,75514;-0,10952
270,45000;-0,75497;-0,10949
270,46003;-0,75474;-0,10933
270,47000;-0,75457;-0,10934
270,48000;-0,75440;-0,10927
270,49003;-0,75423;-0,10926
270,50000;-0,75406;-0,10916
270,51000;-0,75389;-0,10920
270,52003;-0,75372;-0,10890
270,53000;-0,75355;-0,10904
270,54000;-0,75338;-0,10881
270,55003;-0,75321;-0,10887
270,56003;-0,75304;-0,10870
270,57000;-0,75287;-0,10873
270,58003;-0,75270;-0,10863
270,59003;-0,75253;-0,10861
270,60000;-0,75236;-0,10863
270,61003;-0,75219;-0,10841
270,62003;-0,75202;-0,10848
270,63000;-0,75185;-0,10830
270,64000;-0,75168;-0,10843
270,65003;-0,75151;-0,10815
270,66000;-0,75134;-0,10833
270,67000;-0,75117;-0,10812
270,68003;-0,75100;-0,10818
270,69000;-0,75083;-0,10800
270,70000;-0,75072;-0,10803
270,71003;-0,75055;-0,10793
270,72000;-0,75038;-0,10787
270,73000;-0,75021;-0,10782
270,74003;-0,75004;-0,10765
270,75000;-0,74987;-0,10778
270,76000;-0,74970;-0,10758
270,77003;-0,74953;-0,10766
270,78000;-0,74936;-0,10742
270,79000;-0,74919;-0,10744
270,80003;-0,74902;-0,10738
270,81003;-0,74885;-0,10743
270,82000;-0,74874;-0,10720
270,83003;-0,74857;-0,10722
270,84003;-0,74840;-0,10710
270,85000;-0,74823;-0,10713
270,86003;-0,74806;-0,10714
270,87003;-0,74789;-0,10695
270,88000;-0,74766;-0,10692
270,89000;-0,74749;-0,10687
270,90003;-0,74732;-0,10689
270,91000;-0,74715;-0,10681
270,92000;-0,74704;-0,10668
270,93003;-0,74687;-0,10670
270,94000;-0,74670;-0,10663
270,95000;-0,74653;-0,10648
270,96003;-0,74636;-0,10655
270,97000;-0,74619;-0,10640
270,98000;-0,74602;-0,10631
270,99003;-0,74585;-0,10629
271,00000;-0,74568;-0,10628
271,01000;-0,74556;-0,10609
271,02003;-0,74539;-0,10630
271,03000;-0,74522;-0,10605
271,04000;-0,74505;-0,10610
271,05003;-0,74488;-0,10607
271,06003;-0,74471;-0,10593
271,07000;-0,74460;-0,10585
271,08003;-0,74443;-0,10582
271,09003;-0,74426;-0,10578
271,10000;-0,74409;-0,10568
271,11003;-0,74392;-0,10572
271,12003;-0,74375;-0,10563
271,13000;-0,74358;-0,10556
271,14000;-0,74341;-0,10546
271,15003;-0,74324;-0,10548
271,16000;-0,74313;-0,10533
271,17000;-0,74296;-0,10543
271,18003;-0,74279;-0,10536
271,19000;-0,74262;-0,10527
271,20000;-0,74245;-0,10532
271,21003;-0,74228;-0,10515
271,22000;-0,74211;-0,10510
271,23000;-0,74194;-0,10504
271,24003;-0,74177;-0,10495
271,25000;-0,74160;-0,10486
271,26000;-0,74143;-0,10492
271,27003;-0,74126;-0,10484
271,28000;-0,74109;-0,10473
271,29000;-0,74086;-0,10479
271,30003;-0,74069;-0,10458
271,31003;-0,74058;-0,10471
271,32000;-0,74035;-0,10447
271,33003;-0,74018;-0,10452
271,34003;-0,74007;-0,10433
271,35000;-0,73990;-0,10442
271,36003;-0,73973;-0,10436
271,37003;-0,73956;-0,10421
271,38000;-0,73939;-0,10421
271,39000;-0,73922;-0,10417
271,40003;-0,73905;-0,10415
271,41000;-0,73888;-0,10393
271,42000;-0,73871;-0,10405
271,43003;-0,73854;-0,10376
271,44000;-0,73837;-0,10401
271,45000;-0,73825;-0,10372
271,46003;-0,73808;-0,10383
271,47000;-0,73791;-0,10364
271,48000;-0,73774;-0,10368
271,49003;-0,73757;-0,10359
271,50000;-0,73740;-0,10357
271,51000;-0,73729;-0,10337
271,52003;-0,73706;-0,10341
271,53000;-0,73695;-0,10341
271,54000;-0,73678;-0,10325
271,55003;-0,73661;-0,10342
271,56003;-0,73644;-0,10310
271,57000;-0,73627;-0,10334
271,58003;-0,73610;-0,10308
271,59003;-0,73593;-0,10321
271,60000;-0,73576;-0,10294
271,61003;-0,73559;-0,10302
271,62003;-0,73542;-0,10285
271,63000;-0,73525;-0,10287
271,64000;-0,73508;-0,10285
271,65003;-0,73497;-0,10265
271,66000;-0,73480;-0,10281
271,67000;-0,73463;-0,10248
271,68003;-0,73446;-0,10271
271,69000;-0,73429;-0,10235
271,70000;-0,73412;-0,10261
271,71003;-0,73395;-0,10228
271,72000;-0,73378;-0,10239
271,73000;-0,73361;-0,10232
271,74003;-0,73344;-0,10216
271,75000;-0,73327;-0,10222
271,76000;-0,73310;-0,10205
271,77003;-0,73293;-0,10215
271,78000;-0,73276;-0,10202
271,79000;-0,73259;-0,10207
271,80003;-0,73242;-0,10201
271,81003;-0,73225;-0,10186
271,82000;-0,73208;-0,10186
271,83003;-0,73191;-0,10176
271,84003;-0,73174;-0,10168
271,85000;-0,73157;-0,10164
271,86003;-0,73140;-0,10164
271,87003;-0,73123;-0,10147
271,88000;-0,73106;-0,10153
271,89000;-0,73089;-0,10145
271,90003;-0,73072;-0,10133
271,91000;-0,73055;-0,10145
271,92000;-0,73038;-0,10119
271,93003;-0,73021;-0,10132
271,94000;-0,73004;-0,10107
271,95000;-0,72987;-0,10113
271,96003;-0,72970;-0,10102
271,97000;-0,72953;-0,10100
271,98000;-0,72936;-0,10101
271,99003;-0,72919;-0,10085
272,00000;-0,72907;-0,10091
272,01000;-0,72890;-0,10080
272,02003;-0,72873;-0,10078
272,03000;-0,72856;-0,10067
272,04000;-0,72839;-0,10072
272,05003;-0,72822;-0,10053
272,06003;-0,72805;-0,10066
272,07000;-0,72788;-0,10055
272,08003;-0,72771;-0,10046
272,09003;-0,72754;-0,10051
272,10000;-0,72737;-0,10034
272,11003;-0,72720;-0,10041
272,12003;-0,72709;-0,10034
272,13000;-0,72692;-0,10015
272,14000;-0,72675;-0,10010
272,15003;-0,72658;-0,10009
272,16000;-0,72635;-0,10010
272,17000;-0,72618;-0,10003
272,18003;-0,72601;-0,10001
272,19000;-0,72584;-0,09984
272,20000;-0,72567;-0,09990
272,21003;-0,72550;-0,09974
272,22000;-0,72533;-0,09972
272,23000;-0,72516;-0,09956
272,24003;-0,72505;-0,09962
272,25000;-0,72488;-0,09958
272,26000;-0,72471;-0,09947
272,27003;-0,72454;-0,09950
272,28000;-0,72437;-0,09944
272,29000;-0,72420;-0,09934
272,30003;-0,72409;-0,09940
272,31003;-0,72392;-0,09930
272,32000;-0,72375;-0,09916
272,33003;-0,72358;-0,09928
272,34003;-0,72341;-0,09907
272,35000;-0,72329;-0,09908
272,36003;-0,72312;-0,09904
272,37003;-0,72295;-0,09899
272,38000;-0,72278;-0,09887
272,39000;-0,72261;-0,09892
272,40003;-0,72244;-0,09865
272,41000;-0,72227;-0,09882
272,42000;-0,72210;-0,09860
272,43003;-0,72193;-0,09868
272,44000;-0,72176;-0,09862
272,45000;-0,72159;-0,09856
272,46003;-0,72142;-0,09861
272,47000;-0,72125;-0,09842
272,48000;-0,72114;-0,09853
272,49003;-0,72097;-0,09833
272,50000;-0,72080;-0,09842
272,51000;-0,72063;-0,09821
272,52003;-0,72046;-0,09837
272,53000;-0,72029;-0,09798
272,54000;-0,72012;-0,09820
272,55003;-0,71995;-0,09802
272,56003;-0,71972;-0,09805
272,57000;-0,71955;-0,09801
272,58003;-0,71938;-0,09791
272,59003;-0,71921;-0,09804
272,60000;-0,71904;-0,09780
272,61003;-0,71887;-0,09798
272,62003;-0,71870;-0,09764
272,63000;-0,71853;-0,09773
272,64000;-0,71836;-0,09754
272,65003;-0,71825;-0,09762
272,66000;-0,71808;-0,09747
272,67000;-0,71785;-0,09748
272,68003;-0,71774;-0,09741
272,69000;-0,71757;-0,09741
272,70000;-0,71740;-0,09745
272,71003;-0,71723;-0,09728
272,72000;-0,71706;-0,09733
272,73000;-0,71689;-0,09708
272,74003;-0,71672;-0,09725
272,75000;-0,71655;-0,09698
272,76000;-0,71644;-0,09705
272,77003;-0,71627;-0,09701
272,78000;-0,71610;-0,09695
272,79000;-0,71593;-0,09691
272,80003;-0,71576;-0,09690
272,81003;-0,71559;-0,09682
272,82000;-0,71542;-0,09674
272,83003;-0,71525;-0,09668
272,84003;-0,71508;-0,09660
272,85000;-0,71491;-0,09660
272,86003;-0,71474;-0,09657
272,87003;-0,71457;-0,09656
272,88000;-0,71440;-0,09644
272,89000;-0,71423;-0,09647
272,90003;-0,71406;-0,09632
272,91000;-0,71389;-0,09636
272,92000;-0,71372;-0,09626
272,93003;-0,71355;-0,09620
272,94000;-0,71338;-0,09612
272,95000;-0,71326;-0,09619
272,96003;-0,71309;-0,09600
272,97000;-0,71292;-0,09611
272,98000;-0,71275;-0,09599
272,99003;-0,71258;-0,09594
273,00000;-0,71241;-0,09589
273,01000;-0,71224;-0,09580
273,02003;-0,71213;-0,09574
273,03000;-0,71190;-0,09570
273,04000;-0,71173;-0,09572
273,05003;-0,71156;-0,09561
273,06003;-0,71139;-0,09571
273,07000;-0,71122;-0,09551
273,08003;-0,71105;-0,09558
273,09003;-0,71088;-0,09542
273,10000;-0,71071;-0,09546
273,11003;-0,71054;-0,09545
273,12003;-0,71043;-0,09536
273,13000;-0,71026;-0,09534
273,14000;-0,71009;-0,09527
273,15003;-0,70992;-0,09526
273,16000;-0,70975;-0,09520
273,17000;-0,70958;-0,09516
273,18003;-0,70941;-0,09497
273,19000;-0,70924;-0,09512
273,20000;-0,70907;-0,09503
273,21003;-0,70890;-0,09499
273,22000;-0,70873;-0,09496
273,23000;-0,70856;-0,09492
273,24003;-0,70839;-0,09503
273,25000;-0,70822;-0,09498
273,26000;-0,70805;-0,09496
273,27003;-0,70788;-0,09483
273,28000;-0,70771;-0,09490
273,29000;-0,70760;-0,09476
273,30003;-0,70743;-0,09492
273,31003;-0,70726;-0,09462
273,32000;-0,70709;-0,09479
273,33003;-0,70692;-0,09463
273,34003;-0,70675;-0,09466
273,35000;-0,70658;-0,09460
273,36003;-0,70641;-0,09448
273,37003;-0,70624;-0,09452
273,38000;-0,70607;-0,09438
273,39000;-0,70595;-0,09451
273,40003;-0,70578;-0,09429
273,41000;-0,70561;-0,09442
273,42000;-0,70544;-0,09413
273,43003;-0,70527;-0,09431
273,44000;-0,70510;-0,09409
273,45000;-0,70493;-0,09419
273,46003;-0,70476;-0,09408
273,47000;-0,70459;-0,09404
273,48000;-0,70442;-0,09406
273,49003;-0,70425;-0,09389
273,50000;-0,70408;-0,09400
273,51000;-0,70391;-0,09372
273,52003;-0,70374;-0,09386
273,53000;-0,70352;-0,09359
273,54000;-0,70340;-0,09379
273,55003;-0,70323;-0,09359
273,56003;-0,70306;-0,09358
273,57000;-0,70289;-0,09357
273,58003;-0,70272;-0,09350
273,59003;-0,70255;-0,09353
273,60000;-0,70238;-0,09340
273,61003;-0,70227;-0,09348
273,62003;-0,70210;-0,09328
273,63000;-0,70193;-0,09341
273,64000;-0,70182;-0,09315
273,65003;-0,70165;-0,09333
273,66000;-0,70148;-0,09316
273,67000;-0,70131;-0,09310
273,68003;-0,70114;-0,09314
273,69000;-0,70097;-0,09301
273,70000;-0,70074;-0,09308
273,71003;-0,70057;-0,09295
273,72000;-0,70040;-0,09303
273,73000;-0,70023;-0,09278
273,74003;-0,70012;-0,09300
273,75000;-0,69995;-0,09275
273,76000;-0,69978;-0,09278
273,77003;-0,69961;-0,09273
273,78000;-0,69944;-0,09265
273,79000;-0,69927;-0,09272
273,80003;-0,69910;-0,09252
273,81003;-0,69893;-0,09268
273,82000;-0,69876;-0,09229
273,83003;-0,69859;-0,09258
273,84003;-0,69842;-0,09228
273,85000;-0,69825;-0,09245
273,86003;-0,69808;-0,09223
273,87003;-0,69785;-0,09243
273,88000;-0,69768;-0,09212
273,89000;-0,69751;-0,09230
273,90003;-0,69734;-0,09211
273,91000;-0,69717;-0,09197
273,92000;-0,69700;-0,09220
273,93003;-0,69683;-0,09178
273,94000;-0,69666;-0,09200
273,95000;-0,69649;-0,09173
273,96003;-0,69632;-0,09201
273,97000;-0,69615;-0,09174
273,98000;-0,69604;-0,09196
273,99003;-0,69587;-0,09161
274,00000;-0,69570;-0,09179
274,01000;-0,69553;-0,09151
274,02003;-0,69536;-0,09163
274,03000;-0,69519;-0,09148
274,04000;-0,69507;-0,09139
274,05003;-0,69490;-0,09164
274,06003;-0,69473;-0,09131
274,07000;-0,69456;-0,09151
274,08003;-0,69439;-0,09125
274,09003;-0,69422;-0,09134
274,10000;-0,69405;-0,09113
274,11003;-0,69388;-0,09134
274,12003;-0,69371;-0,09102
274,13000;-0,69354;-0,09122
274,14000;-0,69337;-0,09106
274,15003;-0,69320;-0,09102
274,16000;-0,69303;-0,09098
274,17000;-0,69286;-0,09080
274,18003;-0,69269;-0,09099
274,19000;-0,69252;-0,09076
274,20000;-0,69235;-0,09103
274,21003;-0,69218;-0,09063
274,22000;-0,69201;-0,09083
274,23000;-0,69184;-0,09057
274,24003;-0,69173;-0,09079
274,25000;-0,69156;-0,09048
274,26000;-0,69139;-0,09057
274,27003;-0,69122;-0,09041
274,28000;-0,69105;-0,09047
274,29000;-0,69088;-0,09051
274,30003;-0,69071;-0,09023
274,31003;-0,69054;-0,09041
274,32000;-0,69037;-0,09016
274,33003;-0,69020;-0,09034
274,34003;-0,69003;-0,09007
274,35000;-0,68986;-0,09017
274,36003;-0,68969;-0,08994
274,37003;-0,68952;-0,09012
274,38000;-0,68935;-0,09002
274,39000;-0,68918;-0,09001
274,40003;-0,68901;-0,08998
274,41000;-0,68890;-0,08986
274,42000;-0,68873;-0,08986
274,43003;-0,68856;-0,08965
274,44000;-0,68839;-0,08972
274,45000;-0,68822;-0,08954
274,46003;-0,68805;-0,08965
274,47000;-0,68788;-0,08958
274,48000;-0,68771;-0,08947
274,49003;-0,68754;-0,08947
274,50000;-0,68737;-0,08945
274,51000;-0,68720;-0,08936
274,52003;-0,68703;-0,08932
274,53000;-0,68686;-0,08925
274,54000;-0,68669;-0,08930
274,55003;-0,68652;-0,08928
274,56003;-0,68635;-0,08919
274,57000;-0,68618;-0,08912
274,58003;-0,68606;-0,08910
274,59003;-0,68589;-0,08908
274,60000;-0,68572;-0,08912
274,61003;-0,68555;-0,08890
274,62003;-0,68538;-0,08885
274,63000;-0,68521;-0,08893
274,64000;-0,68504;-0,08876
274,65003;-0,68487;-0,08887
274,66000;-0,68470;-0,08868
274,67000;-0,68453;-0,08872
274,68003;-0,68436;-0,08856
274,69000;-0,68419;-0,08865
274,70000;-0,68402;-0,08846
274,71003;-0,68391;-0,08848
274,72000;-0,68374;-0,08842
274,73000;-0,68357;-0,08832
274,74003;-0,68340;-0,08833
274,75000;-0,68323;-0,08820
274,76000;-0,68306;-0,08825
274,77003;-0,68289;-0,08811
274,78000;-0,68272;-0,08816
274,79000;-0,68255;-0,08807
274,80003;-0,68238;-0,08802
274,81003;-0,68221;-0,08809
274,82000;-0,68204;-0,08800
274,83003;-0,68187;-0,08798
274,84003;-0,68170;-0,08788
274,85000;-0,68153;-0,08787
274,86003;-0,68136;-0,08772
274,87003;-0,68119;-0,08784
274,88000;-0,68102;-0,08759
274,89000;-0,68091;-0,08766
274,90003;-0,68074;-0,08759
274,91000;-0,68057;-0,08756
274,92000;-0,68040;-0,08745
274,93003;-0,68028;-0,08748
274,94000;-0,68011;-0,08737
274,95000;-0,67994;-0,08741
274,96003;-0,67977;-0,08735
274,97000;-0,67960;-0,08732
274,98000;-0,67943;-0,08727
274,99003;-0,67926;-0,08721
275,00000;-0,67909;-0,08728
275,01000;-0,67892;-0,08708
275,02003;-0,67875;-0,08712
275,03000;-0,67858;-0,08697
275,04000;-0,67841;-0,08701
275,05003;-0,67824;-0,08694
275,06003;-0,67807;-0,08696
275,07000;-0,67790;-0,08682
275,08003;-0,67779;-0,08684
275,09003;-0,67756;-0,08676
275,10000;-0,67739;-0,08664
275,11003;-0,67722;-0,08675
275,12003;-0,67705;-0,08652
275,13000;-0,67688;-0,08673
275,14000;-0,67671;-0,08648
275,15003;-0,67654;-0,08658
275,16000;-0,67637;-0,08646
275,17000;-0,67620;-0,08649
275,18003;-0,67603;-0,08643
275,19000;-0,67586;-0,08636
275,20000;-0,67569;-0,08635
275,21003;-0,67552;-0,08620
275,22000;-0,67535;-0,08629
275,23000;-0,67518;-0,08598
275,24003;-0,67501;-0,08622
275,25000;-0,67484;-0,08591
275,26000;-0,67467;-0,08611
275,27003;-0,67450;-0,08584
275,28000;-0,67439;-0,08600
275,29000;-0,67422;-0,08578
275,30003;-0,67405;-0,08587
275,31003;-0,67388;-0,08577
275,32000;-0,67371;-0,08562
275,33003;-0,67354;-0,08567
275,34003;-0,67337;-0,08550
275,35000;-0,67320;-0,08567
275,36003;-0,67309;-0,08546
275,37003;-0,67292;-0,08572
275,38000;-0,67275;-0,08531
275,39000;-0,67258;-0,08561
275,40003;-0,67241;-0,08531
275,41000;-0,67224;-0,08546
275,42000;-0,67207;-0,08533
275,43003;-0,67190;-0,08528
275,44000;-0,67173;-0,08527
275,45000;-0,67156;-0,08523
275,46003;-0,67139;-0,08531
275,47000;-0,67122;-0,08497
275,48000;-0,67105;-0,08515
275,49003;-0,67088;-0,08482
275,50000;-0,67071;-0,08501
275,51000;-0,67054;-0,08477
275,52003;-0,67037;-0,08483
275,53000;-0,67020;-0,08463
275,54000;-0,67008;-0,08472
275,55003;-0,66991;-0,08469
275,56003;-0,66974;-0,08462
275,57000;-0,66957;-0,08468
275,58003;-0,66940;-0,08453
275,59003;-0,66923;-0,08461
275,60000;-0,66906;-0,08438
275,61003;-0,66889;-0,08453
275,62003;-0,66872;-0,08426
275,63000;-0,66855;-0,08442
275,64000;-0,66838;-0,08431
275,65003;-0,66821;-0,08423
275,66000;-0,66804;-0,08419
275,67000;-0,66787;-0,08421
275,68003;-0,66770;-0,08410
275,69000;-0,66753;-0,08408
275,70000;-0,66742;-0,08412
275,71003;-0,66725;-0,08394
275,72000;-0,66708;-0,08407
275,73000;-0,66691;-0,08390
275,74003;-0,66674;-0,08393
275,75000;-0,66657;-0,08378
275,76000;-0,66640;-0,08388
275,77003;-0,66623;-0,08369
275,78000;-0,66606;-0,08370
275,79000;-0,66589;-0,08366
275,80003;-0,66572;-0,08364
275,81003;-0,66555;-0,08356
275,82000;-0,66538;-0,08360
275,83003;-0,66521;-0,08350
275,84003;-0,66504;-0,08341
275,85000;-0,66487;-0,08353
275,86003;-0,66470;-0,08334
275,87003;-0,66453;-0,08330
275,88000;-0,66436;-0,08321
275,89000;-0,66419;-0,08325
275,90003;-0,66402;-0,08309
275,91000;-0,66385;-0,08319
275,92000;-0,66368;-0,08305
275,93003;-0,66357;-0,08300
275,94000;-0,66334;-0,08299
275,95000;-0,66323;-0,08305
275,96003;-0,66306;-0,08295
275,97000;-0,66283;-0,08285
275,98000;-0,66272;-0,08290
275,99003;-0,66255;-0,08276
276,00000;-0,66238;-0,08282
276,01000;-0,66221;-0,08278
276,02003;-0,66209;-0,08265
276,03000;-0,66192;-0,08262
276,04000;-0,66175;-0,08254
276,05003;-0,66158;-0,08252
276,06003;-0,66141;-0,08245
276,07000;-0,66124;-0,08246
276,08003;-0,66107;-0,08241
276,09003;-0,66090;-0,08234
276,10000;-0,66073;-0,08230
276,11003;-0,66056;-0,08229
276,12003;-0,66039;-0,08220
276,13000;-0,66022;-0,08222
276,14000;-0,66005;-0,08213
276,15003;-0,65988;-0,08209
276,16000;-0,65977;-0,08212
276,17000;-0,65960;-0,08202
276,18003;-0,65943;-0,08204
276,19000;-0,65926;-0,08189
276,20000;-0,65915;-0,08201
276,21003;-0,65898;-0,08192
276,22000;-0,65881;-0,08193
276,23000;-0,65864;-0,08173
276,24003;-0,65847;-0,08181
276,25000;-0,65830;-0,08168
276,26000;-0,65813;-0,08174
276,27003;-0,65796;-0,08155
276,28000;-0,65779;-0,08156
276,29000;-0,65762;-0,08150
276,30003;-0,65745;-0,08151
276,31003;-0,65722;-0,08151
276,32000;-0,65705;-0,08127
276,33003;-0,65694;-0,08138
276,34003;-0,65677;-0,08129
276,35000;-0,65660;-0,08132
276,36003;-0,65643;-0,08114
276,37003;-0,65626;-0,08117
276,38000;-0,65609;-0,08108
276,39000;-0,65592;-0,08109
276,40003;-0,65575;-0,08104
276,41000;-0,65552;-0,08098
276,42000;-0,65535;-0,08102
276,43003;-0,65518;-0,08088
276,44000;-0,65501;-0,08100
276,45000;-0,65484;-0,08074
276,46003;-0,65467;-0,08089
276,47000;-0,65450;-0,08073
276,48000;-0,65433;-0,08077
276,49003;-0,65416;-0,08067
276,50000;-0,65399;-0,08059
276,51000;-0,65382;-0,08050
276,52003;-0,65365;-0,08046
276,53000;-0,65348;-0,08048
276,54000;-0,65337;-0,08032
276,55003;-0,65320;-0,08049
276,56003;-0,65303;-0,08027
276,57000;-0,65286;-0,08040
276,58003;-0,65269;-0,08027
276,59003;-0,65252;-0,08021
276,60000;-0,65235;-0,08014
276,61003;-0,65223;-0,08002
276,62003;-0,65206;-0,08011
276,63000;-0,65189;-0,07987
276,64000;-0,65172;-0,08009
276,65003;-0,65155;-0,07984
276,66000;-0,65138;-0,07998
276,67000;-0,65121;-0,07981
276,68003;-0,65110;-0,07987
276,69000;-0,65093;-0,07975
276,70000;-0,65076;-0,07969
276,71003;-0,65059;-0,07966
276,72000;-0,65042;-0,07951
276,73000;-0,65025;-0,07962
276,74003;-0,65008;-0,07939
276,75000;-0,64991;-0,07960
276,76000;-0,64974;-0,07935
276,77003;-0,64957;-0,07950
276,78000;-0,64940;-0,07924
276,79000;-0,64923;-0,07939
276,80003;-0,64906;-0,07916
276,81003;-0,64889;-0,07926
276,82000;-0,64872;-0,07911
276,83003;-0,64855;-0,07915
276,84003;-0,64838;-0,07917
276,85000;-0,64821;-0,07908
276,86003;-0,64804;-0,07904
276,87003;-0,64787;-0,07895
276,88000;-0,64770;-0,07904
276,89000;-0,64753;-0,07879
276,90003;-0,64736;-0,07902
276,91000;-0,64719;-0,07869
276,92000;-0,64702;-0,07878
276,93003;-0,64685;-0,07858
276,94000;-0,64668;-0,07865
276,95000;-0,64651;-0,07845
276,96003;-0,64634;-0,07860
276,97000;-0,64623;-0,07849
276,98000;-0,64606;-0,07851
276,99003;-0,64589;-0,07843
277,00000;-0,64572;-0,07838
277,01000;-0,64555;-0,07838
277,02003;-0,64538;-0,07817
277,03000;-0,64526;-0,07835
277,04000;-0,64504;-0,07797
277,05003;-0,64492;-0,07824
277,06003;-0,64470;-0,07801
277,07000;-0,64453;-0,07812
277,08003;-0,64436;-0,07797
277,09003;-0,64419;-0,07804
277,10000;-0,64402;-0,07795
277,11003;-0,64385;-0,07783
277,12003;-0,64368;-0,07786
277,13000;-0,64351;-0,07764
277,14000;-0,64334;-0,07777
277,15003;-0,64317;-0,07755
277,16000;-0,64305;-0,07774
277,17000;-0,64288;-0,07755
277,18003;-0,64271;-0,07770
277,19000;-0,64254;-0,07752
277,20000;-0,64237;-0,07755
277,21003;-0,64220;-0,07746
277,22000;-0,64203;-0,07734
277,23000;-0,64186;-0,07747
277,24003;-0,64169;-0,07725
277,25000;-0,64152;-0,07734
277,26000;-0,64135;-0,07724
277,27003;-0,64118;-0,07730
277,28000;-0,64101;-0,07717
277,29000;-0,64084;-0,07707
277,30003;-0,64067;-0,07699
277,31003;-0,64050;-0,07692
277,32000;-0,64039;-0,07695
277,33003;-0,64022;-0,07679
277,34003;-0,64005;-0,07693
277,35000;-0,63988;-0,07677
277,36003;-0,63971;-0,07695
277,37003;-0,63954;-0,07683
277,38000;-0,63937;-0,07674
277,39000;-0,63920;-0,07670
277,40003;-0,63903;-0,07660
277,41000;-0,63886;-0,07652
277,42000;-0,63869;-0,07652
277,43003;-0,63852;-0,07644
277,44000;-0,63835;-0,07644
277,45000;-0,63818;-0,07646
277,46003;-0,63801;-0,07628
277,47000;-0,63790;-0,07631
277,48000;-0,63773;-0,07627
277,49003;-0,63756;-0,07620
277,50000;-0,63739;-0,07619
277,51000;-0,63722;-0,07606
277,52003;-0,63705;-0,07600
277,53000;-0,63688;-0,07613
277,54000;-0,63671;-0,07601
277,55003;-0,63659;-0,07612
277,56003;-0,63637;-0,07583
277,57000;-0,63620;-0,07593
277,58003;-0,63603;-0,07578
277,59003;-0,63586;-0,07582
277,60000;-0,63569;-0,07570
277,61003;-0,63552;-0,07570
277,62003;-0,63535;-0,07565
277,63000;-0,63523;-0,07581
277,64000;-0,63506;-0,07562
277,65003;-0,63489;-0,07553
277,66000;-0,63472;-0,07558
277,67000;-0,63455;-0,07532
277,68003;-0,63438;-0,07552
277,69000;-0,63416;-0,07526
277,70000;-0,63399;-0,07535
277,71003;-0,63382;-0,07521
277,72000;-0,63365;-0,07526
277,73000;-0,63348;-0,07514
277,74003;-0,63331;-0,07513
277,75000;-0,63314;-0,07502
277,76000;-0,63297;-0,07506
277,77003;-0,63280;-0,07503
277,78000;-0,63263;-0,07485
277,79000;-0,63251;-0,07507
277,80003;-0,63234;-0,07484
277,81003;-0,63217;-0,07502
277,82000;-0,63200;-0,07481
277,83003;-0,63189;-0,07483
277,84003;-0,63172;-0,07470
277,85000;-0,63155;-0,07477
277,86003;-0,63138;-0,07460
277,87003;-0,63121;-0,07469
277,88000;-0,63104;-0,07457
277,89000;-0,63087;-0,07451
277,90003;-0,63076;-0,07456
277,91000;-0,63059;-0,07433
277,92000;-0,63042;-0,07452
277,93003;-0,63025;-0,07436
277,94000;-0,63008;-0,07434
277,95000;-0,62991;-0,07426
277,96003;-0,62974;-0,07437
277,97000;-0,62962;-0,07413
277,98000;-0,62945;-0,07429
277,99003;-0,62928;-0,07405
278,00000;-0,62911;-0,07415
278,01000;-0,62894;-0,07413
278,02003;-0,62877;-0,07400
278,03000;-0,62860;-0,07413
278,04000;-0,62843;-0,07380
278,05003;-0,62826;-0,07408
278,06003;-0,62809;-0,07387
278,07000;-0,62792;-0,07395
278,08003;-0,62775;-0,07370
278,09003;-0,62758;-0,07386
278,10000;-0,62741;-0,07360
278,11003;-0,62724;-0,07375
278,12003;-0,62707;-0,07360
278,13000;-0,62690;-0,07354
278,14000;-0,62679;-0,07364
278,15003;-0,62662;-0,07346
278,16000;-0,62645;-0,07358
278,17000;-0,62628;-0,07326
278,18003;-0,62611;-0,07349
278,19000;-0,62594;-0,07330
278,20000;-0,62577;-0,07339
278,21003;-0,62560;-0,07322
278,22000;-0,62543;-0,07327
278,23000;-0,62526;-0,07308
278,24003;-0,62509;-0,07307
278,25000;-0,62492;-0,07304
278,26000;-0,62475;-0,07293
278,27003;-0,62458;-0,07307
278,28000;-0,62447;-0,07293
278,29000;-0,62430;-0,07299
278,30003;-0,62413;-0,07288
278,31003;-0,62396;-0,07287
278,32000;-0,62379;-0,07272
278,33003;-0,62362;-0,07275
278,34003;-0,62345;-0,07260
278,35000;-0,62328;-0,07267
278,36003;-0,62311;-0,07263
278,37003;-0,62288;-0,07255
278,38000;-0,62271;-0,07252
278,39000;-0,62254;-0,07257
278,40003;-0,62237;-0,07245
278,41000;-0,62220;-0,07238
278,42000;-0,62203;-0,07237
278,43003;-0,62186;-0,07222
278,44000;-0,62169;-0,07226
278,45000;-0,62152;-0,07223
278,46003;-0,62135;-0,07215
278,47000;-0,62118;-0,07212
278,48000;-0,62101;-0,07209
278,49003;-0,62090;-0,07200
278,50000;-0,62073;-0,07189
278,51000;-0,62056;-0,07191
278,52003;-0,62039;-0,07180
278,53000;-0,62016;-0,07187
278,54000;-0,62005;-0,07178
278,55003;-0,61982;-0,07185
278,56003;-0,61971;-0,07165
278,57000;-0,61954;-0,07177
278,58003;-0,61937;-0,07155
278,59003;-0,61920;-0,07160
278,60000;-0,61903;-0,07159
278,61003;-0,61886;-0,07140
278,62003;-0,61869;-0,07161
278,63000;-0,61852;-0,07134
278,64000;-0,61835;-0,07150
278,65003;-0,61823;-0,07122
278,66000;-0,61806;-0,07150
278,67000;-0,61789;-0,07111
278,68003;-0,61772;-0,07137
278,69000;-0,61755;-0,07101
278,70000;-0,61738;-0,07113
278,71003;-0,61721;-0,07107
278,72000;-0,61704;-0,07097
278,73000;-0,61687;-0,07123
278,74003;-0,61670;-0,07082
278,75000;-0,61653;-0,07111
278,76000;-0,61636;-0,07077
278,77003;-0,61625;-0,07109
278,78000;-0,61608;-0,07068
278,79000;-0,61591;-0,07101
278,80003;-0,61574;-0,07060
278,81003;-0,61557;-0,07083
278,82000;-0,61540;-0,07070
278,83003;-0,61529;-0,07061
278,84003;-0,61512;-0,07060
278,85000;-0,61495;-0,07036
278,86003;-0,61478;-0,07063
278,87003;-0,61461;-0,07034
278,88000;-0,61444;-0,07060
278,89000;-0,61427;-0,07030
278,90003;-0,61410;-0,07045
278,91000;-0,61387;-0,07030
278,92000;-0,61376;-0,07036
278,93003;-0,61359;-0,07026
278,94000;-0,61342;-0,07018
278,95000;-0,61325;-0,07017
278,96003;-0,61308;-0,07000
278,97000;-0,61291;-0,07025
278,98000;-0,61274;-0,06989
278,99003;-0,61257;-0,07012
279,00000;-0,61240;-0,06989
279,01000;-0,61217;-0,07001
279,02003;-0,61200;-0,06986
279,03000;-0,61183;-0,07000
279,04000;-0,61166;-0,06978
279,05003;-0,61149;-0,06994
279,06003;-0,61132;-0,06992
279,07000;-0,61115;-0,06988
279,08003;-0,61098;-0,06998
279,09003;-0,61081;-0,06970
279,10000;-0,61070;-0,06990
279,11003;-0,61053;-0,06970
279,12003;-0,61036;-0,06987
279,13000;-0,61024;-0,06957
279,14000;-0,61002;-0,06975
279,15003;-0,60990;-0,06953
279,16000;-0,60973;-0,06968
279,17000;-0,60956;-0,06948
279,18003;-0,60939;-0,06952
279,19000;-0,60922;-0,06943
279,20000;-0,60905;-0,06935
279,21003;-0,60888;-0,06956
279,22000;-0,60871;-0,06924
279,23000;-0,60854;-0,06943
279,24003;-0,60843;-0,06912
279,25000;-0,60826;-0,06935
279,26000;-0,60809;-0,06911
279,27003;-0,60792;-0,06925
279,28000;-0,60775;-0,06908
279,29000;-0,60764;-0,06907
279,30003;-0,60747;-0,06905
279,31003;-0,60730;-0,06892
279,32000;-0,60713;-0,06899
279,33003;-0,60696;-0,06861
279,34003;-0,60679;-0,06902
279,35000;-0,60662;-0,06863
279,36003;-0,60645;-0,06892
279,37003;-0,60628;-0,06863
279,38000;-0,60611;-0,06879
279,39000;-0,60594;-0,06861
279,40003;-0,60577;-0,06864
279,41000;-0,60560;-0,06868
279,42000;-0,60543;-0,06849
279,43003;-0,60531;-0,06866
279,44000;-0,60514;-0,06841
279,45000;-0,60497;-0,06863
279,46003;-0,60480;-0,06824
279,47000;-0,60463;-0,06859
279,48000;-0,60446;-0,06816
279,49003;-0,60429;-0,06834
279,50000;-0,60412;-0,06825
279,51000;-0,60395;-0,06822
279,52003;-0,60378;-0,06811
279,53000;-0,60361;-0,06814
279,54000;-0,60344;-0,06814
279,55003;-0,60327;-0,06799
279,56003;-0,60310;-0,06823
279,57000;-0,60293;-0,06779
279,58003;-0,60282;-0,06810
279,59003;-0,60265;-0,06780
279,60000;-0,60248;-0,06799
279,61003;-0,60231;-0,06767
279,62003;-0,60214;-0,06788
279,63000;-0,60197;-0,06758
279,64000;-0,60180;-0,06774
279,65003;-0,60157;-0,06765
279,66000;-0,60140;-0,06768
279,67000;-0,60123;-0,06756
279,68003;-0,60106;-0,06748
279,69000;-0,60089;-0,06765
279,70000;-0,60072;-0,06735
279,71003;-0,60055;-0,06751
279,72000;-0,60038;-0,06724
279,73000;-0,60021;-0,06742
279,74003;-0,60004;-0,06717
279,75000;-0,59987;-0,06743
279,76000;-0,59970;-0,06708
279,77003;-0,59953;-0,06728
279,78000;-0,59942;-0,06708
279,79000;-0,59925;-0,06715
279,80003;-0,59908;-0,06704
279,81003;-0,59891;-0,06692
279,82000;-0,59868;-0,06715
279,83003;-0,59857;-0,06683
279,84003;-0,59840;-0,06705
279,85000;-0,59823;-0,06674
279,86003;-0,59806;-0,06694
279,87003;-0,59783;-0,06664
279,88000;-0,59772;-0,06693
279,89000;-0,59755;-0,06670
279,90003;-0,59738;-0,06666
279,91000;-0,59721;-0,06670
279,92000;-0,59704;-0,06658
279,93003;-0,59693;-0,06673
279,94000;-0,59676;-0,06644
279,95000;-0,59659;-0,06672
279,96003;-0,59642;-0,06632
279,97000;-0,59625;-0,06652
279,98000;-0,59608;-0,06630
279,99003;-0,59591;-0,06638
280,00000;-0,59574;-0,06621
280,01000;-0,59557;-0,06630
280,02003;-0,59545;-0,06624
280,03000;-0,59528;-0,06603
280,04000;-0,59511;-0,06628
280,05003;-0,59494;-0,06591
280,06003;-0,59477;-0,06626
280,07000;-0,59460;-0,06589
280,08003;-0,59449;-0,06609
280,09003;-0,59432;-0,06582
280,10000;-0,59415;-0,06598
280,11003;-0,59398;-0,06569
280,12003;-0,59381;-0,06587
280,13000;-0,59364;-0,06572
280,14000;-0,59347;-0,06567
280,15003;-0,59330;-0,06577
280,16000;-0,59313;-0,06550
280,17000;-0,59290;-0,06574
280,18003;-0,59273;-0,06540
280,19000;-0,59256;-0,06576
280,20000;-0,59239;-0,06538
280,21003;-0,59222;-0,06553
280,22000;-0,59205;-0,06528
280,23000;-0,59188;-0,06542
280,24003;-0,59177;-0,06529
280,25000;-0,59160;-0,06524
280,26000;-0,59143;-0,06521
280,27003;-0,59126;-0,06514
280,28000;-0,59109;-0,06522
280,29000;-0,59086;-0,06506
280,30003;-0,59069;-0,06520
280,31003;-0,59052;-0,06487
280,32000;-0,59035;-0,06515
280,33003;-0,59018;-0,06483
280,34003;-0,59001;-0,06494
280,35000;-0,58984;-0,06466
280,36003;-0,58967;-0,06481
280,37003;-0,58950;-0,06461
280,38000;-0,58933;-0,06481
280,39000;-0,58916;-0,06463
280,40003;-0,58905;-0,06455
280,41000;-0,58888;-0,06465
280,42000;-0,58871;-0,06446
280,43003;-0,58860;-0,06460
280,44000;-0,58843;-0,06428
280,45000;-0,58826;-0,06455
280,46003;-0,58809;-0,06421
280,47000;-0,58792;-0,06458
280,48000;-0,58775;-0,06422
280,49003;-0,58758;-0,06442
280,50000;-0,58741;-0,06421
280,51000;-0,58724;-0,06431
280,52003;-0,58712;-0,06416
280,53000;-0,58695;-0,06413
280,54000;-0,58678;-0,06409
280,55003;-0,58661;-0,06411
280,56003;-0,58644;-0,06416
280,57000;-0,58627;-0,06390
280,58003;-0,58616;-0,06407
280,59003;-0,58599;-0,06383
280,60000;-0,58582;-0,06392
280,61003;-0,58559;-0,06375
280,62003;-0,58542;-0,06377
280,63000;-0,58525;-0,06372
280,64000;-0,58508;-0,06380
280,65003;-0,58497;-0,06377
280,66000;-0,58474;-0,06365
280,67000;-0,58463;-0,06364
280,68003;-0,58440;-0,06358
280,69000;-0,58429;-0,06356
280,70000;-0,58412;-0,06343
280,71003;-0,58395;-0,06347
280,72000;-0,58378;-0,06326
280,73000;-0,58361;-0,06353
280,74003;-0,58344;-0,06334
280,75000;-0,58327;-0,06341
280,76000;-0,58310;-0,06320
280,77003;-0,58293;-0,06338
280,78000;-0,58276;-0,06314
280,79000;-0,58259;-0,06320
280,80003;-0,58242;-0,06308
280,81003;-0,58225;-0,06300
280,82000;-0,58208;-0,06307
280,83003;-0,58191;-0,06297
280,84003;-0,58174;-0,06304
280,85000;-0,58157;-0,06276
280,86003;-0,58140;-0,06304
280,87003;-0,58123;-0,06275
280,88000;-0,58112;-0,06292
280,89000;-0,58095;-0,06270
280,90003;-0,58078;-0,06276
280,91000;-0,58066;-0,06268
280,92000;-0,58044;-0,06263
280,93003;-0,58027;-0,06253
280,94000;-0,58010;-0,06252
280,95000;-0,57993;-0,06262
280,96003;-0,57976;-0,06232
280,97000;-0,57959;-0,06259
280,98000;-0,57936;-0,06228
280,99003;-0,57919;-0,06252
281,00000;-0,57902;-0,06225
281,01000;-0,57885;-0,06241
281,02003;-0,57868;-0,06214
281,03000;-0,57851;-0,06223
281,04000;-0,57834;-0,06219
281,05003;-0,57817;-0,06212
281,06003;-0,57806;-0,06217
281,07000;-0,57789;-0,06208
281,08003;-0,57772;-0,06214
281,09003;-0,57755;-0,06189
281,10000;-0,57738;-0,06197
281,11003;-0,57721;-0,06178
281,12003;-0,57704;-0,06198
281,13000;-0,57687;-0,06180
281,14000;-0,57670;-0,06194
281,15003;-0,57653;-0,06169
281,16000;-0,57636;-0,06174
281,17000;-0,57619;-0,06174
281,18003;-0,57602;-0,06167
281,19000;-0,57585;-0,06163
281,20000;-0,57568;-0,06157
281,21003;-0,57556;-0,06148
281,22000;-0,57539;-0,06146
281,23000;-0,57522;-0,06154
281,24003;-0,57505;-0,06131
281,25000;-0,57488;-0,06149
281,26000;-0,57471;-0,06125
281,27003;-0,57460;-0,06137
281,28000;-0,57443;-0,06124
281,29000;-0,57426;-0,06131
281,30003;-0,57409;-0,06111
281,31003;-0,57392;-0,06119
281,32000;-0,57375;-0,06115
281,33003;-0,57358;-0,06107
281,34003;-0,57347;-0,06115
281,35000;-0,57330;-0,06099
281,36003;-0,57313;-0,06111
281,37003;-0,57296;-0,06092
281,38000;-0,57279;-0,06108
281,39000;-0,57262;-0,06075
281,40003;-0,57245;-0,06100
281,41000;-0,57228;-0,06077
281,42000;-0,57211;-0,06081
281,43003;-0,57194;-0,06082
281,44000;-0,57177;-0,06068
281,45000;-0,57165;-0,06062
281,46003;-0,57143;-0,06062
281,47000;-0,57126;-0,06069
281,48000;-0,57114;-0,06041
281,49003;-0,57092;-0,06067
281,50000;-0,57075;-0,06031
281,51000;-0,57058;-0,06044
281,52003;-0,57041;-0,06029
281,53000;-0,57024;-0,06036
281,54000;-0,57012;-0,06020
281,55003;-0,56995;-0,06030
281,56003;-0,56978;-0,06022
281,57000;-0,56961;-0,06017
281,58003;-0,56939;-0,06030
281,59003;-0,56922;-0,06000
281,60000;-0,56905;-0,06015
281,61003;-0,56888;-0,06001
281,62003;-0,56871;-0,05996
281,63000;-0,56854;-0,05992
281,64000;-0,56837;-0,05985
281,65003;-0,56820;-0,05975
281,66000;-0,56803;-0,05988
281,67000;-0,56786;-0,05986
281,68003;-0,56769;-0,05973
281,69000;-0,56752;-0,05980
281,70000;-0,56740;-0,05957
281,71003;-0,56723;-0,05964
281,72000;-0,56706;-0,05955
281,73000;-0,56689;-0,05950
281,74003;-0,56672;-0,05944
281,75000;-0,56655;-0,05942
281,76000;-0,56638;-0,05953
281,77003;-0,56621;-0,05947
281,78000;-0,56604;-0,05937
281,79000;-0,56587;-0,05946
281,80003;-0,56570;-0,05916
281,81003;-0,56553;-0,05937
281,82000;-0,56536;-0,05923
281,83003;-0,56519;-0,05906
281,84003;-0,56502;-0,05918
281,85000;-0,56491;-0,05916
281,86003;-0,56474;-0,05899
281,87003;-0,56457;-0,05918
281,88000;-0,56440;-0,05895
281,89000;-0,56423;-0,05891
281,90003;-0,56406;-0,05896
281,91000;-0,56389;-0,05879
281,92000;-0,56372;-0,05878
281,93003;-0,56355;-0,05876
281,94000;-0,56338;-0,05881
281,95000;-0,56321;-0,05876
281,96003;-0,56304;-0,05872
281,97000;-0,56287;-0,05868
281,98000;-0,56270;-0,05860
281,99003;-0,56253;-0,05862
282,00000;-0,56236;-0,05855
282,01000;-0,56219;-0,05850
282,02003;-0,56202;-0,05843
282,03000;-0,56185;-0,05850
282,04000;-0,56174;-0,05838
282,05003;-0,56157;-0,05844
282,06003;-0,56140;-0,05829
282,07000;-0,56123;-0,05819
282,08003;-0,56106;-0,05831
282,09003;-0,56089;-0,05813
282,10000;-0,56072;-0,05827
282,11003;-0,56055;-0,05808
282,12003;-0,56038;-0,05819
282,13000;-0,56021;-0,05796
282,14000;-0,56004;-0,05816
282,15003;-0,55987;-0,05789
282,16000;-0,55970;-0,05800
282,17000;-0,55958;-0,05802
282,18003;-0,55941;-0,05786
282,19000;-0,55924;-0,05803
282,20000;-0,55907;-0,05776
282,21003;-0,55890;-0,05787
282,22000;-0,55873;-0,05759
282,23000;-0,55856;-0,05786
282,24003;-0,55839;-0,05750
282,25000;-0,55822;-0,05777
282,26000;-0,55805;-0,05749
282,27003;-0,55788;-0,05766
282,28000;-0,55771;-0,05751
282,29000;-0,55749;-0,05755
282,30003;-0,55732;-0,05750
282,31003;-0,55715;-0,05733
282,32000;-0,55698;-0,05749
282,33003;-0,55681;-0,05727
282,34003;-0,55669;-0,05749
282,35000;-0,55652;-0,05717
282,36003;-0,55635;-0,05747
282,37003;-0,55618;-0,05698
282,38000;-0,55607;-0,05734
282,39000;-0,55590;-0,05698
282,40003;-0,55573;-0,05717
282,41000;-0,55556;-0,05694
282,42000;-0,55533;-0,05696
282,43003;-0,55516;-0,05703
282,44000;-0,55499;-0,05691
282,45000;-0,55482;-0,05703
282,46003;-0,55465;-0,05678
282,47000;-0,55448;-0,05704
282,48000;-0,55437;-0,05669
282,49003;-0,55420;-0,05701
282,50000;-0,55409;-0,05650
282,51000;-0,55392;-0,05673
282,52003;-0,55375;-0,05655
282,53000;-0,55358;-0,05670
282,54000;-0,55341;-0,05662
282,55003;-0,55324;-0,05654
282,56003;-0,55307;-0,05657
282,57000;-0,55290;-0,05643
282,58003;-0,55273;-0,05659
282,59003;-0,55261;-0,05637
282,60000;-0,55244;-0,05643
282,61003;-0,55227;-0,05628
282,62003;-0,55210;-0,05654
282,63000;-0,55193;-0,05628
282,64000;-0,55176;-0,05635
282,65003;-0,55159;-0,05618
282,66000;-0,55142;-0,05623
282,67000;-0,55125;-0,05619
282,68003;-0,55108;-0,05616
282,69000;-0,55097;-0,05603
282,70000;-0,55080;-0,05596
282,71003;-0,55063;-0,05615
282,72000;-0,55046;-0,05591
282,73000;-0,55029;-0,05603
282,74003;-0,55012;-0,05575
282,75000;-0,54995;-0,05601
282,76000;-0,54978;-0,05571
282,77003;-0,54961;-0,05595
282,78000;-0,54944;-0,05567
282,79000;-0,54927;-0,05573
282,80003;-0,54910;-0,05576
282,81003;-0,54893;-0,05564
282,82000;-0,54876;-0,05572
282,83003;-0,54859;-0,05547
282,84003;-0,54848;-0,05575
282,85000;-0,54831;-0,05535
282,86003;-0,54808;-0,05571
282,87003;-0,54791;-0,05529
282,88000;-0,54774;-0,05561
282,89000;-0,54757;-0,05526
282,90003;-0,54740;-0,05541
282,91000;-0,54723;-0,05525
282,92000;-0,54706;-0,05523
282,93003;-0,54689;-0,05530
282,94000;-0,54672;-0,05504
282,95000;-0,54655;-0,05529
282,96003;-0,54638;-0,05494
282,97000;-0,54621;-0,05533
282,98000;-0,54604;-0,05492
282,99003;-0,54587;-0,05521
283,00000;-0,54570;-0,05485
283,01000;-0,54553;-0,05503
283,02003;-0,54542;-0,05486
283,03000;-0,54525;-0,05474
283,04000;-0,54508;-0,05484
283,05003;-0,54491;-0,05465
283,06003;-0,54474;-0,05486
283,07000;-0,54457;-0,05457
283,08003;-0,54434;-0,05484
283,09003;-0,54423;-0,05431
283,10000;-0,54400;-0,05467
283,11003;-0,54389;-0,05445
283,12003;-0,54372;-0,05453
283,13000;-0,54355;-0,05453
283,14000;-0,54338;-0,05442
283,15003;-0,54321;-0,05448
283,16000;-0,54304;-0,05429
283,17000;-0,54287;-0,05442
283,18003;-0,54270;-0,05399
283,19000;-0,54253;-0,05428
283,20000;-0,54236;-0,05409
283,21003;-0,54219;-0,05423
283,22000;-0,54202;-0,05413
283,23000;-0,54185;-0,05411
283,24003;-0,54168;-0,05411
283,25000;-0,54151;-0,05404
283,26000;-0,54134;-0,05409
283,27003;-0,54117;-0,05379
283,28000;-0,54100;-0,05391
283,29000;-0,54083;-0,05380
283,30003;-0,54066;-0,05378
283,31003;-0,54054;-0,05381
283,32000;-0,54037;-0,05378
283,33003;-0,54020;-0,05373
283,34003;-0,54003;-0,05373
283,35000;-0,53986;-0,05365
283,36003;-0,53969;-0,05357
283,37003;-0,53958;-0,05362
283,38000;-0,53941;-0,05353
283,39000;-0,53924;-0,05347
283,40003;-0,53907;-0,05357
283,41000;-0,53890;-0,05334
283,42000;-0,53873;-0,05350
283,43003;-0,53856;-0,05333
283,44000;-0,53839;-0,05322
283,45000;-0,53822;-0,05324
283,46003;-0,53805;-0,05318
283,47000;-0,53788;-0,05319
283,48000;-0,53771;-0,05312
283,49003;-0,53760;-0,05315
283,50000;-0,53743;-0,05299
283,51000;-0,53726;-0,05310
283,52003;-0,53709;-0,05290
283,53000;-0,53692;-0,05298
283,54000;-0,53675;-0,05278
283,55003;-0,53658;-0,05291
283,56003;-0,53641;-0,05285
283,57000;-0,53624;-0,05272
283,58003;-0,53607;-0,05282
283,59003;-0,53590;-0,05268
283,60000;-0,53567;-0,05274
283,61003;-0,53556;-0,05263
283,62003;-0,53533;-0,05257
283,63000;-0,53516;-0,05248
283,64000;-0,53499;-0,05253
283,65003;-0,53488;-0,05256
283,66000;-0,53471;-0,05244
283,67000;-0,53454;-0,05249
283,68003;-0,53437;-0,05229
283,69000;-0,53420;-0,05251
283,70000;-0,53403;-0,05215
283,71003;-0,53386;-0,05229
283,72000;-0,53369;-0,05209
283,73000;-0,53352;-0,05206
283,74003;-0,53335;-0,05219
283,75000;-0,53318;-0,05211
283,76000;-0,53301;-0,05210
283,77003;-0,53289;-0,05200
283,78000;-0,53272;-0,05213
283,79000;-0,53255;-0,05190
283,80003;-0,53238;-0,05200
283,81003;-0,53221;-0,05178
283,82000;-0,53204;-0,05182
283,83003;-0,53187;-0,05185
283,84003;-0,53170;-0,05178
283,85000;-0,53159;-0,05182
283,86003;-0,53142;-0,05156
283,87003;-0,53125;-0,05179
283,88000;-0,53108;-0,05164
283,89000;-0,53091;-0,05168
283,90003;-0,53074;-0,05164
283,91000;-0,53057;-0,05153
283,92000;-0,53046;-0,05149
283,93003;-0,53029;-0,05151
283,94000;-0,53012;-0,05150
283,95000;-0,52995;-0,05118
283,96003;-0,52978;-0,05151
283,97000;-0,52961;-0,05115
283,98000;-0,52949;-0,05131
283,99003;-0,52932;-0,05122
284,00000;-0,52915;-0,05115
284,01000;-0,52898;-0,05110
284,02003;-0,52881;-0,05104
284,03000;-0,52864;-0,05110
284,04000;-0,52842;-0,05093
284,05003;-0,52825;-0,05105
284,06003;-0,52808;-0,05091
284,07000;-0,52791;-0,05098
284,08003;-0,52774;-0,05082
284,09003;-0,52757;-0,05099
284,10000;-0,52740;-0,05075
284,11003;-0,52723;-0,05069
284,12003;-0,52706;-0,05085
284,13000;-0,52689;-0,05057
284,14000;-0,52672;-0,05075
284,15003;-0,52655;-0,05056
284,16000;-0,52638;-0,05055
284,17000;-0,52621;-0,05048
284,18003;-0,52604;-0,05060
284,19000;-0,52587;-0,05042
284,20000;-0,52564;-0,05041
284,21003;-0,52547;-0,05039
284,22000;-0,52536;-0,05032
284,23000;-0,52519;-0,05041
284,24003;-0,52502;-0,05022
284,25000;-0,52485;-0,05035
284,26000;-0,52468;-0,05014
284,27003;-0,52451;-0,05026
284,28000;-0,52434;-0,05017
284,29000;-0,52417;-0,05013
284,30003;-0,52405;-0,05003
284,31003;-0,52388;-0,05009
284,32000;-0,52371;-0,04993
284,33003;-0,52354;-0,04990
284,34003;-0,52337;-0,04988
284,35000;-0,52326;-0,04975
284,36003;-0,52309;-0,04982
284,37003;-0,52286;-0,04983
284,38000;-0,52269;-0,04968
284,39000;-0,52252;-0,04981
284,40003;-0,52241;-0,04961
284,41000;-0,52224;-0,04964
284,42000;-0,52207;-0,04967
284,43003;-0,52190;-0,04946
284,44000;-0,52173;-0,04954
284,45000;-0,52156;-0,04943
284,46003;-0,52139;-0,04950
284,47000;-0,52122;-0,04953
284,48000;-0,52105;-0,04945
284,49003;-0,52088;-0,04935
284,50000;-0,52071;-0,04946
284,51000;-0,52054;-0,04925
284,52003;-0,52037;-0,04924
284,53000;-0,52020;-0,04931
284,54000;-0,52003;-0,04903
284,55003;-0,51986;-0,04933
284,56003;-0,51969;-0,04904
284,57000;-0,51952;-0,04916
284,58003;-0,51935;-0,04885
284,59003;-0,51918;-0,04904
284,60000;-0,51901;-0,04893
284,61003;-0,51884;-0,04892
284,62003;-0,51873;-0,04884
284,63000;-0,51856;-0,04894
284,64000;-0,51839;-0,04883
284,65003;-0,51822;-0,04872
284,66000;-0,51805;-0,04883
284,67000;-0,51793;-0,04849
284,68003;-0,51776;-0,04880
284,69000;-0,51759;-0,04858
284,70000;-0,51742;-0,04867
284,71003;-0,51725;-0,04852
284,72000;-0,51708;-0,04846
284,73000;-0,51691;-0,04852
284,74003;-0,51674;-0,04844
284,75000;-0,51657;-0,04849
284,76000;-0,51646;-0,04834
284,77003;-0,51629;-0,04851
284,78000;-0,51612;-0,04823
284,79000;-0,51595;-0,04839
284,80003;-0,51578;-0,04815
284,81003;-0,51561;-0,04824
284,82000;-0,51544;-0,04813
284,83003;-0,51527;-0,04810
284,84003;-0,51510;-0,04816
284,85000;-0,51493;-0,04797
284,86003;-0,51476;-0,04818
284,87003;-0,51459;-0,04803
284,88000;-0,51442;-0,04804
284,89000;-0,51425;-0,04802
284,90003;-0,51402;-0,04795
284,91000;-0,51391;-0,04782
284,92000;-0,51368;-0,04774
284,93003;-0,51351;-0,04783
284,94000;-0,51334;-0,04764
284,95000;-0,51323;-0,04790
284,96003;-0,51306;-0,04768
284,97000;-0,51289;-0,04776
284,98000;-0,51272;-0,04772
284,99003;-0,51255;-0,04764
285,00000;-0,51238;-0,04752
285,01000;-0,51221;-0,04750
285,02003;-0,51204;-0,04748
285,03000;-0,51181;-0,04740
285,04000;-0,51170;-0,04751
285,05003;-0,51153;-0,04743
285,06003;-0,51142;-0,04745
285,07000;-0,51119;-0,04748
285,08003;-0,51108;-0,04742
285,09003;-0,51091;-0,04748
285,10000;-0,51074;-0,04730
285,11003;-0,51057;-0,04724
285,12003;-0,51040;-0,04722
285,13000;-0,51023;-0,04723
285,14000;-0,51006;-0,04727
285,15003;-0,50989;-0,04713
285,16000;-0,50972;-0,04729
285,17000;-0,50955;-0,04705
285,18003;-0,50938;-0,04732
285,19000;-0,50921;-0,04700
285,20000;-0,50904;-0,04708
285,21003;-0,50887;-0,04696
285,22000;-0,50870;-0,04704
285,23000;-0,50853;-0,04705
285,24003;-0,50841;-0,04692
285,25000;-0,50824;-0,04703
285,26000;-0,50807;-0,04678
285,27003;-0,50790;-0,04705
285,28000;-0,50773;-0,04672
285,29000;-0,50756;-0,04694
285,30003;-0,50739;-0,04666
285,31003;-0,50722;-0,04691
285,32000;-0,50705;-0,04676
285,33003;-0,50688;-0,04678
285,34003;-0,50671;-0,04682
285,35000;-0,50654;-0,04664
285,36003;-0,50637;-0,04680
285,37003;-0,50620;-0,04655
285,38000;-0,50603;-0,04665
285,39000;-0,50586;-0,04643
285,40003;-0,50569;-0,04660
285,41000;-0,50552;-0,04638
285,42000;-0,50535;-0,04649
285,43003;-0,50518;-0,04641
285,44000;-0,50501;-0,04643
285,45000;-0,50484;-0,04650
285,46003;-0,50467;-0,04629
285,47000;-0,50450;-0,04645
285,48000;-0,50433;-0,04619
285,49003;-0,50416;-0,04639
285,50000;-0,50399;-0,04612
285,51000;-0,50382;-0,04620
285,52003;-0,50365;-0,04615
285,53000;-0,50348;-0,04613
285,54000;-0,50331;-0,04606
285,55003;-0,50320;-0,04609
285,56003;-0,50303;-0,04611
285,57000;-0,50286;-0,04602
285,58003;-0,50269;-0,04615
285,59003;-0,50252;-0,04598
285,60000;-0,50235;-0,04590
285,61003;-0,50218;-0,04584
285,62003;-0,50207;-0,04584
285,63000;-0,50190;-0,04581
285,64000;-0,50173;-0,04584
285,65003;-0,50156;-0,04586
285,66000;-0,50139;-0,04589
285,67000;-0,50122;-0,04583
285,68003;-0,50105;-0,04591
285,69000;-0,50088;-0,04566
285,70000;-0,50071;-0,04579
285,71003;-0,50054;-0,04560
285,72000;-0,50037;-0,04561
285,73000;-0,50020;-0,04560
285,74003;-0,50003;-0,04566
285,75000;-0,49986;-0,04560
285,76000;-0,49969;-0,04565
285,77003;-0,49952;-0,04564
285,78000;-0,49935;-0,04542
285,79000;-0,49918;-0,04558
285,80003;-0,49901;-0,04539
285,81003;-0,49884;-0,04546
285,82000;-0,49867;-0,04536
285,83003;-0,49850;-0,04553
285,84003;-0,49833;-0,04538
285,85000;-0,49816;-0,04536
285,86003;-0,49799;-0,04541
285,87003;-0,49787;-0,04514
285,88000;-0,49770;-0,04528
285,89000;-0,49753;-0,04512
285,90003;-0,49736;-0,04524
285,91000;-0,49719;-0,04503
285,92000;-0,49708;-0,04532
285,93003;-0,49691;-0,04507
285,94000;-0,49674;-0,04523
285,95000;-0,49657;-0,04506
285,96003;-0,49640;-0,04494
285,97000;-0,49623;-0,04499
285,98000;-0,49612;-0,04494
285,99003;-0,49595;-0,04496
286,00000;-0,49578;-0,04490
286,01000;-0,49561;-0,04499
286,02003;-0,49544;-0,04487
286,03000;-0,49527;-0,04495
286,04000;-0,49510;-0,04473
286,05003;-0,49493;-0,04470
286,06003;-0,49476;-0,04469
286,07000;-0,49464;-0,04474
286,08003;-0,49447;-0,04470
286,09003;-0,49430;-0,04468
286,10000;-0,49413;-0,04468
286,11003;-0,49396;-0,04461
286,12003;-0,49379;-0,04457
286,13000;-0,49362;-0,04451
286,14000;-0,49345;-0,04453
286,15003;-0,49328;-0,04439
286,16000;-0,49306;-0,04450
286,17000;-0,49289;-0,04443
286,18003;-0,49272;-0,04448
286,19000;-0,49255;-0,04444
286,20000;-0,49238;-0,04444
286,21003;-0,49221;-0,04425
286,22000;-0,49204;-0,04438
286,23000;-0,49187;-0,04425
286,24003;-0,49170;-0,04423
286,25000;-0,49153;-0,04426
286,26000;-0,49136;-0,04421
286,27003;-0,49119;-0,04428
286,28000;-0,49102;-0,04419
286,29000;-0,49085;-0,04421
286,30003;-0,49068;-0,04407
286,31003;-0,49056;-0,04418
286,32000;-0,49039;-0,04399
286,33003;-0,49022;-0,04402
286,34003;-0,49005;-0,04393
286,35000;-0,48988;-0,04406
286,36003;-0,48971;-0,04398
286,37003;-0,48954;-0,04406
286,38000;-0,48943;-0,04388
286,39000;-0,48926;-0,04384
286,40003;-0,48909;-0,04384
286,41000;-0,48892;-0,04374
286,42000;-0,48875;-0,04380
286,43003;-0,48858;-0,04365
286,44000;-0,48841;-0,04387
286,45000;-0,48824;-0,04371
286,46003;-0,48807;-0,04390
286,47000;-0,48790;-0,04359
286,48000;-0,48773;-0,04373
286,49003;-0,48756;-0,04356
286,50000;-0,48739;-0,04361
286,51000;-0,48722;-0,04355
286,52003;-0,48711;-0,04351
286,53000;-0,48694;-0,04355
286,54000;-0,48677;-0,04339
286,55003;-0,48660;-0,04353
286,56003;-0,48643;-0,04331
286,57000;-0,48626;-0,04348
286,58003;-0,48609;-0,04328
286,59003;-0,48592;-0,04348
286,60000;-0,48580;-0,04332
286,61003;-0,48563;-0,04339
286,62003;-0,48546;-0,04330
286,63000;-0,48529;-0,04319
286,64000;-0,48512;-0,04328
286,65003;-0,48490;-0,04311
286,66000;-0,48473;-0,04330
286,67000;-0,48456;-0,04303
286,68003;-0,48439;-0,04328
286,69000;-0,48422;-0,04289
286,70000;-0,48405;-0,04333
286,71003;-0,48388;-0,04293
286,72000;-0,48376;-0,04321
286,73000;-0,48359;-0,04290
286,74003;-0,48342;-0,04299
286,75000;-0,48325;-0,04288
286,76000;-0,48308;-0,04292
286,77003;-0,48291;-0,04289
286,78000;-0,48274;-0,04281
286,79000;-0,48257;-0,04303
286,80003;-0,48240;-0,04274
286,81003;-0,48223;-0,04296
286,82000;-0,48206;-0,04259
286,83003;-0,48189;-0,04283
286,84003;-0,48172;-0,04259
286,85000;-0,48155;-0,04283
286,86003;-0,48138;-0,04257
286,87003;-0,48127;-0,04269
286,88000;-0,48110;-0,04260
286,89000;-0,48093;-0,04259
286,90003;-0,48076;-0,04257
286,91000;-0,48059;-0,04235
286,92000;-0,48042;-0,04249
286,93003;-0,48025;-0,04232
286,94000;-0,48008;-0,04256
286,95000;-0,47991;-0,04235
286,96003;-0,47974;-0,04252
286,97000;-0,47957;-0,04234
286,98000;-0,47940;-0,04249
286,99003;-0,47929;-0,04233
287,00000;-0,47912;-0,04231
287,01000;-0,47895;-0,04218
287,02003;-0,47878;-0,04210
287,03000;-0,47861;-0,04220
287,04000;-0,47844;-0,04204
287,05003;-0,47827;-0,04222
287,06003;-0,47810;-0,04199
287,07000;-0,47793;-0,04221
287,08003;-0,47776;-0,04197
287,09003;-0,47759;-0,04208
287,10000;-0,47742;-0,04190
287,11003;-0,47725;-0,04203
287,12003;-0,47708;-0,04190
287,13000;-0,47691;-0,04195
287,14000;-0,47674;-0,04190
287,15003;-0,47657;-0,04187
287,16000;-0,47645;-0,04199
287,17000;-0,47628;-0,04169
287,18003;-0,47611;-0,04191
287,19000;-0,47594;-0,04159
287,20000;-0,47583;-0,04187
287,21003;-0,47566;-0,04160
287,22000;-0,47549;-0,04179
287,23000;-0,47532;-0,04149
287,24003;-0,47515;-0,04173
287,25000;-0,47498;-0,04153
287,26000;-0,47481;-0,04156
287,27003;-0,47464;-0,04145
287,28000;-0,47447;-0,04143
287,29000;-0,47430;-0,04150
287,30003;-0,47413;-0,04131
287,31003;-0,47396;-0,04155
287,32000;-0,47379;-0,04128
287,33003;-0,47356;-0,04149
287,34003;-0,47345;-0,04130
287,35000;-0,47328;-0,04143
287,36003;-0,47311;-0,04118
287,37003;-0,47294;-0,04138
287,38000;-0,47277;-0,04109
287,39000;-0,47260;-0,04130
287,40003;-0,47243;-0,04112
287,41000;-0,47226;-0,04102
287,42000;-0,47209;-0,04114
287,43003;-0,47192;-0,04102
287,44000;-0,47175;-0,04115
287,45000;-0,47158;-0,04112
287,46003;-0,47141;-0,04114
287,47000;-0,47118;-0,04104
287,48000;-0,47101;-0,04116
287,49003;-0,47084;-0,04090
287,50000;-0,47073;-0,04099
287,51000;-0,47056;-0,04079
287,52003;-0,47039;-0,04086
287,53000;-0,47022;-0,04074
287,54000;-0,47005;-0,04074
287,55003;-0,46988;-0,04085
287,56003;-0,46971;-0,04069
287,57000;-0,46954;-0,04082
287,58003;-0,46937;-0,04078
287,59003;-0,46926;-0,04074
287,60000;-0,46909;-0,04054
287,61003;-0,46892;-0,04074
287,62003;-0,46875;-0,04044
287,63000;-0,46858;-0,04066
287,64000;-0,46841;-0,04058
287,65003;-0,46824;-0,04061
287,66000;-0,46812;-0,04065
287,67000;-0,46795;-0,04053
287,68003;-0,46778;-0,04052
287,69000;-0,46761;-0,04032
287,70000;-0,46744;-0,04054
287,71003;-0,46727;-0,04021
287,72000;-0,46710;-0,04051
287,73000;-0,46693;-0,04020
287,74003;-0,46676;-0,04042
287,75000;-0,46659;-0,04024
287,76000;-0,46642;-0,04023
287,77003;-0,46625;-0,04023
287,78000;-0,46608;-0,04013
287,79000;-0,46591;-0,04027
287,80003;-0,46574;-0,03998
287,81003;-0,46557;-0,04026
287,82000;-0,46540;-0,03996
287,83003;-0,46523;-0,04027
287,84003;-0,46506;-0,03992
287,85000;-0,46495;-0,04012
287,86003;-0,46478;-0,04006
287,87003;-0,46461;-0,03996
287,88000;-0,46444;-0,04002
287,89000;-0,46427;-0,03975
287,90003;-0,46410;-0,04001
287,91000;-0,46393;-0,03977
287,92000;-0,46376;-0,04002
287,93003;-0,46359;-0,03973
287,94000;-0,46342;-0,03997
287,95000;-0,46319;-0,03972
287,96003;-0,46302;-0,03989
287,97000;-0,46285;-0,03979
287,98000;-0,46268;-0,03967
287,99003;-0,46251;-0,03978
288,00000;-0,46240;-0,03955
288,01000;-0,46223;-0,03980
288,02003;-0,46206;-0,03944
288,03000;-0,46189;-0,03968
288,04000;-0,46172;-0,03941
288,05003;-0,46155;-0,03965
288,06003;-0,46138;-0,03949
288,07000;-0,46121;-0,03952
288,08003;-0,46104;-0,03947
288,09003;-0,46087;-0,03940
288,10000;-0,46070;-0,03956
288,11003;-0,46053;-0,03928
288,12003;-0,46036;-0,03959
288,13000;-0,46019;-0,03917
288,14000;-0,46008;-0,03946
288,15003;-0,45991;-0,03935
288,16000;-0,45974;-0,03943
288,17000;-0,45957;-0,03927
288,18003;-0,45940;-0,03944
288,19000;-0,45923;-0,03927
288,20000;-0,45906;-0,03932
288,21003;-0,45889;-0,03936
288,22000;-0,45872;-0,03910
288,23000;-0,45855;-0,03931
288,24003;-0,45843;-0,03910
288,25000;-0,45826;-0,03922
288,26000;-0,45809;-0,03903
288,27003;-0,45792;-0,03912
288,28000;-0,45770;-0,03901
288,29000;-0,45758;-0,03911
288,30003;-0,45741;-0,03908
288,31003;-0,45724;-0,03908
288,32000;-0,45707;-0,03904
288,33003;-0,45690;-0,03899
288,34003;-0,45673;-0,03896
288,35000;-0,45656;-0,03888
288,36003;-0,45639;-0,03898
288,37003;-0,45622;-0,03875
288,38000;-0,45605;-0,03889
288,39000;-0,45588;-0,03882
288,40003;-0,45571;-0,03879
288,41000;-0,45554;-0,03884
288,42000;-0,45537;-0,03887
288,43003;-0,45520;-0,03877
288,44000;-0,45509;-0,03883
288,45000;-0,45492;-0,03880
288,46003;-0,45475;-0,03860
288,47000;-0,45458;-0,03870
288,48000;-0,45441;-0,03848
288,49003;-0,45424;-0,03873
288,50000;-0,45413;-0,03849
288,51000;-0,45396;-0,03860
288,52003;-0,45379;-0,03847
288,53000;-0,45362;-0,03848
288,54000;-0,45345;-0,03852
288,55003;-0,45328;-0,03841
288,56003;-0,45311;-0,03848
288,57000;-0,45294;-0,03833
288,58003;-0,45277;-0,03853
288,59003;-0,45260;-0,03823
288,60000;-0,45243;-0,03854
288,61003;-0,45226;-0,03816
288,62003;-0,45209;-0,03846
288,63000;-0,45192;-0,03821
288,64000;-0,45175;-0,03844
288,65003;-0,45158;-0,03819
288,66000;-0,45146;-0,03824
288,67000;-0,45129;-0,03821
288,68003;-0,45112;-0,03820
288,69000;-0,45090;-0,03820
288,70000;-0,45073;-0,03800
288,71003;-0,45056;-0,03823
288,72000;-0,45039;-0,03788
288,73000;-0,45022;-0,03827
288,74003;-0,45005;-0,03787
288,75000;-0,44988;-0,03810
288,76000;-0,44971;-0,03783
288,77003;-0,44954;-0,03811
288,78000;-0,44937;-0,03785
288,79000;-0,44920;-0,03800
288,80003;-0,44897;-0,03786
288,81003;-0,44886;-0,03787
288,82000;-0,44869;-0,03801
288,83003;-0,44852;-0,03776
288,84003;-0,44835;-0,03786
288,85000;-0,44818;-0,03755
288,86003;-0,44801;-0,03777
288,87003;-0,44784;-0,03766
288,88000;-0,44767;-0,03786
288,89000;-0,44755;-0,03764
288,90003;-0,44738;-0,03773
288,91000;-0,44721;-0,03760
288,92000;-0,44704;-0,03777
288,93003;-0,44687;-0,03756
288,94000;-0,44670;-0,03755
288,95000;-0,44653;-0,03754
288,96003;-0,44636;-0,03749
288,97000;-0,44625;-0,03753
288,98000;-0,44608;-0,03739
288,99003;-0,44591;-0,03747
289,00000;-0,44574;-0,03736
289,01000;-0,44557;-0,03748
289,02003;-0,44540;-0,03737
289,03000;-0,44523;-0,03748
289,04000;-0,44506;-0,03724
289,05003;-0,44489;-0,03738
289,06003;-0,44472;-0,03723
289,07000;-0,44455;-0,03735
289,08003;-0,44438;-0,03721
289,09003;-0,44421;-0,03724
289,10000;-0,44404;-0,03710
289,11003;-0,44387;-0,03713
289,12003;-0,44370;-0,03714
289,13000;-0,44353;-0,03712
289,14000;-0,44336;-0,03722
289,15003;-0,44319;-0,03707
289,16000;-0,44302;-0,03715
289,17000;-0,44285;-0,03703
289,18003;-0,44268;-0,03703
289,19000;-0,44251;-0,03690
289,20000;-0,44234;-0,03698
289,21003;-0,44217;-0,03688
289,22000;-0,44200;-0,03686
289,23000;-0,44183;-0,03695
289,24003;-0,44172;-0,03684
289,25000;-0,44155;-0,03679
289,26000;-0,44138;-0,03683
289,27003;-0,44121;-0,03686
289,28000;-0,44104;-0,03676
289,29000;-0,44087;-0,03677
289,30003;-0,44070;-0,03675
289,31003;-0,44058;-0,03665
289,32000;-0,44041;-0,03670
289,33003;-0,44024;-0,03661
289,34003;-0,44007;-0,03652
289,35000;-0,43990;-0,03664
289,36003;-0,43973;-0,03656
289,37003;-0,43956;-0,03653
289,38000;-0,43939;-0,03643
289,39000;-0,43922;-0,03656
289,40003;-0,43905;-0,03640
289,41000;-0,43888;-0,03663
289,42000;-0,43871;-0,03634
289,43003;-0,43854;-0,03646
289,44000;-0,43837;-0,03635
289,45000;-0,43820;-0,03636
289,46003;-0,43803;-0,03631
289,47000;-0,43786;-0,03620
289,48000;-0,43775;-0,03632
289,49003;-0,43758;-0,03627
289,50000;-0,43741;-0,03632
289,51000;-0,43724;-0,03613
289,52003;-0,43707;-0,03631
289,53000;-0,43690;-0,03611
289,54000;-0,43673;-0,03626
289,55003;-0,43656;-0,03609
289,56003;-0,43639;-0,03606
289,57000;-0,43622;-0,03609
289,58003;-0,43605;-0,03605
289,59003;-0,43588;-0,03609
289,60000;-0,43571;-0,03590
289,61003;-0,43560;-0,03605
289,62003;-0,43543;-0,03588
289,63000;-0,43526;-0,03606
289,64000;-0,43509;-0,03585
289,65003;-0,43492;-0,03594
289,66000;-0,43475;-0,03578
289,67000;-0,43458;-0,03599
289,68003;-0,43441;-0,03580
289,69000;-0,43424;-0,03572
289,70000;-0,43407;-0,03572
289,71003;-0,43390;-0,03572
289,72000;-0,43373;-0,03574
289,73000;-0,43361;-0,03565
289,74003;-0,43344;-0,03569
289,75000;-0,43327;-0,03558
289,76000;-0,43310;-0,03577
289,77003;-0,43293;-0,03565
289,78000;-0,43276;-0,03555
289,79000;-0,43265;-0,03543
289,80003;-0,43248;-0,03553
289,81003;-0,43231;-0,03534
289,82000;-0,43214;-0,03554
289,83003;-0,43197;-0,03537
289,84003;-0,43180;-0,03541
289,85000;-0,43163;-0,03541
289,86003;-0,43146;-0,03546
289,87003;-0,43129;-0,03537
289,88000;-0,43112;-0,03539
289,89000;-0,43095;-0,03537
289,90003;-0,43078;-0,03528
289,91000;-0,43061;-0,03529
289,92000;-0,43044;-0,03531
289,93003;-0,43027;-0,03524
289,94000;-0,43010;-0,03519
289,95000;-0,42993;-0,03522
289,96003;-0,42976;-0,03512
289,97000;-0,42959;-0,03518
289,98000;-0,42942;-0,03509
289,99003;-0,42925;-0,03499
290,00000;-0,42908;-0,03503
290,01000;-0,42891;-0,03499
290,02003;-0,42874;-0,03499
290,03000;-0,42857;-0,03497
290,04000;-0,42834;-0,03497
290,05003;-0,42817;-0,03487
290,06003;-0,42800;-0,03495
290,07000;-0,42783;-0,03485
290,08003;-0,42766;-0,03483
290,09003;-0,42749;-0,03481
290,10000;-0,42732;-0,03476
290,11003;-0,42721;-0,03482
290,12003;-0,42704;-0,03479
290,13000;-0,42687;-0,03483
290,14000;-0,42670;-0,03467
290,15003;-0,42653;-0,03478
290,16000;-0,42636;-0,03470
290,17000;-0,42619;-0,03469
290,18003;-0,42602;-0,03461
290,19000;-0,42585;-0,03453
290,20000;-0,42568;-0,03452
290,21003;-0,42551;-0,03454
290,22000;-0,42540;-0,03455
290,23000;-0,42523;-0,03448
290,24003;-0,42506;-0,03458
290,25000;-0,42489;-0,03438
290,26000;-0,42477;-0,03466
290,27003;-0,42460;-0,03438
290,28000;-0,42443;-0,03440
290,29000;-0,42426;-0,03435
290,30003;-0,42409;-0,03430
290,31003;-0,42392;-0,03428
290,32000;-0,42375;-0,03430
290,33003;-0,42358;-0,03419
290,34003;-0,42341;-0,03433
290,35000;-0,42330;-0,03431
290,36003;-0,42313;-0,03420
290,37003;-0,42296;-0,03433
290,38000;-0,42279;-0,03413
290,39000;-0,42262;-0,03425
290,40003;-0,42245;-0,03409
290,41000;-0,42228;-0,03417
290,42000;-0,42211;-0,03402
290,43003;-0,42194;-0,03412
290,44000;-0,42177;-0,03396
290,45000;-0,42160;-0,03410
290,46003;-0,42143;-0,03392
290,47000;-0,42126;-0,03406
290,48000;-0,42109;-0,03392
290,49003;-0,42092;-0,03384
290,50000;-0,42075;-0,03392
290,51000;-0,42058;-0,03380
290,52003;-0,42041;-0,03384
290,53000;-0,42024;-0,03377
290,54000;-0,42007;-0,03381
290,55003;-0,41996;-0,03368
290,56003;-0,41979;-0,03387
290,57000;-0,41962;-0,03368
290,58003;-0,41945;-0,03378
290,59003;-0,41928;-0,03368
290,60000;-0,41911;-0,03365
290,61003;-0,41894;-0,03359
290,62003;-0,41877;-0,03355
290,63000;-0,41860;-0,03362
290,64000;-0,41843;-0,03349
290,65003;-0,41826;-0,03363
290,66000;-0,41809;-0,03345
290,67000;-0,41792;-0,03360
290,68003;-0,41775;-0,03338
290,69000;-0,41758;-0,03349
290,70000;-0,41741;-0,03341
290,71003;-0,41724;-0,03345
290,72000;-0,41707;-0,03348
290,73000;-0,41690;-0,03327
290,74003;-0,41673;-0,03343
290,75000;-0,41656;-0,03327
290,76000;-0,41639;-0,03336
290,77003;-0,41622;-0,03316
290,78000;-0,41605;-0,03330
290,79000;-0,41593;-0,03314
290,80003;-0,41576;-0,03331
290,81003;-0,41559;-0,03311
290,82000;-0,41542;-0,03311
290,83003;-0,41525;-0,03318
290,84003;-0,41508;-0,03303
290,85000;-0,41491;-0,03318
290,86003;-0,41474;-0,03292
290,87003;-0,41457;-0,03310
290,88000;-0,41440;-0,03288
290,89000;-0,41423;-0,03307
290,90003;-0,41406;-0,03295
290,91000;-0,41389;-0,03297
290,92000;-0,41372;-0,03291
290,93003;-0,41355;-0,03292
290,94000;-0,41338;-0,03289
290,95000;-0,41321;-0,03277
290,96003;-0,41304;-0,03304
290,97000;-0,41287;-0,03265
290,98000;-0,41270;-0,03298
290,99003;-0,41253;-0,03256
291,00000;-0,41236;-0,03284
291,01000;-0,41225;-0,03253
291,02003;-0,41208;-0,03279
291,03000;-0,41191;-0,03249
291,04000;-0,41174;-0,03271
291,05003;-0,41157;-0,03260
291,06003;-0,41140;-0,03268
291,07000;-0,41123;-0,03263
291,08003;-0,41106;-0,03252
291,09003;-0,41095;-0,03270
291,10000;-0,41078;-0,03238
291,11003;-0,41061;-0,03271
291,12003;-0,41044;-0,03225
291,13000;-0,41027;-0,03261
291,14000;-0,41010;-0,03225
291,15003;-0,40998;-0,03263
291,16000;-0,40976;-0,03218
291,17000;-0,40959;-0,03256
291,18003;-0,40942;-0,03214
291,19000;-0,40925;-0,03243
291,20000;-0,40908;-0,03222
291,21003;-0,40891;-0,03222
291,22000;-0,40874;-0,03227
291,23000;-0,40862;-0,03214
291,24003;-0,40845;-0,03240
291,25000;-0,40828;-0,03198
291,26000;-0,40811;-0,03242
291,27003;-0,40794;-0,03182
291,28000;-0,40777;-0,03235
291,29000;-0,40760;-0,03187
291,30003;-0,40738;-0,03223
291,31003;-0,40721;-0,03190
291,32000;-0,40704;-0,03216
291,33003;-0,40687;-0,03202
291,34003;-0,40670;-0,03202
291,35000;-0,40653;-0,03209
291,36003;-0,40636;-0,03174
291,37003;-0,40619;-0,03219
291,38000;-0,40602;-0,03167
291,39000;-0,40585;-0,03212
291,40003;-0,40568;-0,03164
291,41000;-0,40551;-0,03201
291,42000;-0,40534;-0,03167
291,43003;-0,40517;-0,03200
291,44000;-0,40505;-0,03176
291,45000;-0,40488;-0,03178
291,46003;-0,40471;-0,03180
291,47000;-0,40454;-0,03165
291,48000;-0,40437;-0,03191
291,49003;-0,40420;-0,03152
291,50000;-0,40403;-0,03191
291,51000;-0,40386;-0,03143
291,52003;-0,40369;-0,03193
291,53000;-0,40358;-0,03149
291,54000;-0,40341;-0,03174
291,55003;-0,40324;-0,03148
291,56003;-0,40307;-0,03165
291,57000;-0,40296;-0,03155
291,58003;-0,40279;-0,03151
291,59003;-0,40262;-0,03155
291,60000;-0,40245;-0,03137
291,61003;-0,40228;-0,03165
291,62003;-0,40211;-0,03127
291,63000;-0,40194;-0,03160
291,64000;-0,40177;-0,03117
291,65003;-0,40160;-0,03157
291,66000;-0,40143;-0,03117
291,67000;-0,40126;-0,03144
291,68003;-0,40109;-0,03133
291,69000;-0,40097;-0,03129
291,70000;-0,40075;-0,03131
291,71003;-0,40058;-0,03128
291,72000;-0,40046;-0,03129
291,73000;-0,40029;-0,03115
291,74003;-0,40012;-0,03138
291,75000;-0,39995;-0,03088
291,76000;-0,39978;-0,03133
291,77003;-0,39961;-0,03095
291,78000;-0,39944;-0,03132
291,79000;-0,39927;-0,03094
291,80003;-0,39910;-0,03117
291,81003;-0,39893;-0,03092
291,82000;-0,39876;-0,03113
291,83003;-0,39859;-0,03098
291,84003;-0,39842;-0,03106
291,85000;-0,39825;-0,03095
291,86003;-0,39808;-0,03088
291,87003;-0,39791;-0,03114
291,88000;-0,39780;-0,03078
291,89000;-0,39763;-0,03106
291,90003;-0,39746;-0,03067
291,91000;-0,39729;-0,03097
291,92000;-0,39712;-0,03070
291,93003;-0,39695;-0,03094
291,94000;-0,39678;-0,03064
291,95000;-0,39655;-0,03078
291,96003;-0,39638;-0,03070
291,97000;-0,39621;-0,03068
291,98000;-0,39604;-0,03074
291,99003;-0,39587;-0,03061
292,00000;-0,39570;-0,03081
292,01000;-0,39553;-0,03051
292,02003;-0,39536;-0,03082
292,03000;-0,39519;-0,03040
292,04000;-0,39502;-0,03072
292,05003;-0,39485;-0,03040
292,06003;-0,39468;-0,03060
292,07000;-0,39451;-0,03043
292,08003;-0,39440;-0,03051
292,09003;-0,39423;-0,03050
292,10000;-0,39406;-0,03037
292,11003;-0,39389;-0,03053
292,12003;-0,39372;-0,03030
292,13000;-0,39349;-0,03056
292,14000;-0,39332;-0,03021
292,15003;-0,39315;-0,03049
292,16000;-0,39298;-0,03017
292,17000;-0,39281;-0,03043
292,18003;-0,39264;-0,03009
292,19000;-0,39253;-0,03035
292,20000;-0,39236;-0,03018
292,21003;-0,39219;-0,03009
292,22000;-0,39202;-0,03032
292,23000;-0,39185;-0,03006
292,24003;-0,39174;-0,03028
292,25000;-0,39151;-0,03004
292,26000;-0,39134;-0,03033
292,27003;-0,39123;-0,02996
292,28000;-0,39106;-0,03035
292,29000;-0,39089;-0,02991
292,30003;-0,39072;-0,03008
292,31003;-0,39055;-0,02999
292,32000;-0,39038;-0,03000
292,33003;-0,39021;-0,03003
292,34003;-0,39004;-0,02991
292,35000;-0,38987;-0,03007
292,36003;-0,38970;-0,02980
292,37003;-0,38953;-0,03012
292,38000;-0,38936;-0,02971
292,39000;-0,38924;-0,03003
292,40003;-0,38907;-0,02969
292,41000;-0,38890;-0,03000
292,42000;-0,38873;-0,02966
292,43003;-0,38856;-0,02994
292,44000;-0,38839;-0,02973
292,45000;-0,38822;-0,02977
292,46003;-0,38805;-0,02982
292,47000;-0,38788;-0,02972
292,48000;-0,38771;-0,02974
292,49003;-0,38754;-0,02961
292,50000;-0,38737;-0,02987
292,51000;-0,38720;-0,02944
292,52003;-0,38703;-0,02987
292,53000;-0,38686;-0,02943
292,54000;-0,38675;-0,02973
292,55003;-0,38658;-0,02945
292,56003;-0,38635;-0,02962
292,57000;-0,38618;-0,02938
292,58003;-0,38601;-0,02950
292,59003;-0,38584;-0,02946
292,60000;-0,38567;-0,02939
292,61003;-0,38550;-0,02957
292,62003;-0,38533;-0,02932
292,63000;-0,38516;-0,02952
292,64000;-0,38499;-0,02925
292,65003;-0,38482;-0,02956
292,66000;-0,38465;-0,02913
292,67000;-0,38448;-0,02952
292,68003;-0,38431;-0,02916
292,69000;-0,38420;-0,02933
292,70000;-0,38403;-0,02918
292,71003;-0,38386;-0,02926
292,72000;-0,38369;-0,02928
292,73000;-0,38352;-0,02919
292,74003;-0,38335;-0,02934
292,75000;-0,38318;-0,02908
292,76000;-0,38301;-0,02934
292,77003;-0,38290;-0,02904
292,78000;-0,38273;-0,02926
292,79000;-0,38256;-0,02892
292,80003;-0,38239;-0,02925
292,81003;-0,38222;-0,02899
292,82000;-0,38205;-0,02914
292,83003;-0,38188;-0,02892
292,84003;-0,38171;-0,02903
292,85000;-0,38154;-0,02902
292,86003;-0,38137;-0,02899
292,87003;-0,38125;-0,02907
292,88000;-0,38108;-0,02888
292,89000;-0,38091;-0,02900
292,90003;-0,38074;-0,02883
292,91000;-0,38057;-0,02901
292,92000;-0,38040;-0,02870
292,93003;-0,38023;-0,02903
292,94000;-0,38006;-0,02870
292,95000;-0,37989;-0,02895
292,96003;-0,37972;-0,02870
292,97000;-0,37955;-0,02876
292,98000;-0,37938;-0,02872
292,99003;-0,37927;-0,02874
293,00000;-0,37910;-0,02883
293,01000;-0,37893;-0,02852
293,02003;-0,37876;-0,02880
293,03000;-0,37859;-0,02851
293,04000;-0,37842;-0,02878
293,05003;-0,37825;-0,02854
293,06003;-0,37814;-0,02880
293,07000;-0,37797;-0,02840
293,08003;-0,37780;-0,02874
293,09003;-0,37763;-0,02839
293,10000;-0,37746;-0,02852
293,11003;-0,37729;-0,02850
293,12003;-0,37712;-0,02849
293,13000;-0,37695;-0,02853
293,14000;-0,37678;-0,02850
293,15003;-0,37661;-0,02854
293,16000;-0,37644;-0,02826
293,17000;-0,37627;-0,02852
293,18003;-0,37610;-0,02829
293,19000;-0,37593;-0,02851
293,20000;-0,37576;-0,02823
293,21003;-0,37559;-0,02845
293,22000;-0,37542;-0,02823
293,23000;-0,37525;-0,02836
293,24003;-0,37508;-0,02829
293,25000;-0,37491;-0,02814
293,26000;-0,37474;-0,02830
293,27003;-0,37457;-0,02816
293,28000;-0,37440;-0,02824
293,29000;-0,37423;-0,02810
293,30003;-0,37400;-0,02814
293,31003;-0,37383;-0,02811
293,32000;-0,37366;-0,02807
293,33003;-0,37349;-0,02813
293,34003;-0,37332;-0,02804
293,35000;-0,37315;-0,02808
293,36003;-0,37298;-0,02802
293,37003;-0,37281;-0,02808
293,38000;-0,37270;-0,02795
293,39000;-0,37253;-0,02809
293,40003;-0,37236;-0,02785
293,41000;-0,37219;-0,02793
293,42000;-0,37202;-0,02793
293,43003;-0,37185;-0,02781
293,44000;-0,37168;-0,02795
293,45000;-0,37151;-0,02786
293,46003;-0,37134;-0,02794
293,47000;-0,37117;-0,02779
293,48000;-0,37100;-0,02790
293,49003;-0,37083;-0,02771
293,50000;-0,37071;-0,02776
293,51000;-0,37054;-0,02771
293,52003;-0,37037;-0,02771
293,53000;-0,37020;-0,02775
293,54000;-0,37003;-0,02765
293,55003;-0,36986;-0,02773
293,56003;-0,36975;-0,02762
293,57000;-0,36958;-0,02777
293,58003;-0,36941;-0,02768
293,59003;-0,36924;-0,02774
293,60000;-0,36907;-0,02760
293,61003;-0,36890;-0,02757
293,62003;-0,36873;-0,02761
293,63000;-0,36856;-0,02748
293,64000;-0,36839;-0,02752
293,65003;-0,36828;-0,02745
293,66000;-0,36811;-0,02750
293,67000;-0,36794;-0,02754
293,68003;-0,36777;-0,02745
293,69000;-0,36760;-0,02748
293,70000;-0,36743;-0,02735
293,71003;-0,36731;-0,02734
293,72000;-0,36714;-0,02740
293,73000;-0,36697;-0,02736
293,74003;-0,36680;-0,02720
293,75000;-0,36663;-0,02736
293,76000;-0,36646;-0,02725
293,77003;-0,36629;-0,02729
293,78000;-0,36607;-0,02744
293,79000;-0,36590;-0,02709
293,80003;-0,36573;-0,02730
293,81003;-0,36556;-0,02724
293,82000;-0,36539;-0,02714
293,83003;-0,36527;-0,02720
293,84003;-0,36510;-0,02720
293,85000;-0,36493;-0,02712
293,86003;-0,36476;-0,02714
293,87003;-0,36459;-0,02711
293,88000;-0,36442;-0,02697
293,89000;-0,36420;-0,02718
293,90003;-0,36403;-0,02693
293,91000;-0,36386;-0,02716
293,92000;-0,36369;-0,02696
293,93003;-0,36352;-0,02707
293,94000;-0,36335;-0,02701
293,95000;-0,36318;-0,02693
293,96003;-0,36301;-0,02696
293,97000;-0,36284;-0,02693
293,98000;-0,36267;-0,02695
293,99003;-0,36250;-0,02684
294,00000;-0,36238;-0,02687
294,01000;-0,36221;-0,02681
294,02003;-0,36204;-0,02684
294,03000;-0,36187;-0,02686
294,04000;-0,36170;-0,02682
294,05003;-0,36159;-0,02673
294,06003;-0,36142;-0,02683
294,07000;-0,36125;-0,02680
294,08003;-0,36108;-0,02665
294,09003;-0,36091;-0,02678
294,10000;-0,36074;-0,02662
294,11003;-0,36057;-0,02663
294,12003;-0,36040;-0,02676
294,13000;-0,36023;-0,02663
294,14000;-0,36012;-0,02663
294,15003;-0,35995;-0,02674
294,16000;-0,35978;-0,02661
294,17000;-0,35961;-0,02663
294,18003;-0,35944;-0,02664
294,19000;-0,35927;-0,02655
294,20000;-0,35910;-0,02649
294,21003;-0,35893;-0,02654
294,22000;-0,35876;-0,02645
294,23000;-0,35859;-0,02642
294,24003;-0,35842;-0,02645
294,25000;-0,35825;-0,02644
294,26000;-0,35808;-0,02647
294,27003;-0,35791;-0,02639
294,28000;-0,35774;-0,02644
294,29000;-0,35757;-0,02631
294,30003;-0,35740;-0,02642
294,31003;-0,35723;-0,02633
294,32000;-0,35706;-0,02641
294,33003;-0,35694;-0,02631
294,34003;-0,35677;-0,02628
294,35000;-0,35660;-0,02630
294,36003;-0,35643;-0,02622
294,37003;-0,35626;-0,02635
294,38000;-0,35609;-0,02610
294,39000;-0,35592;-0,02627
294,40003;-0,35581;-0,02609
294,41000;-0,35558;-0,02629
294,42000;-0,35547;-0,02605
294,43003;-0,35524;-0,02623
294,44000;-0,35513;-0,02611
294,45000;-0,35490;-0,02612
294,46003;-0,35479;-0,02619
294,47000;-0,35462;-0,02601
294,48000;-0,35445;-0,02607
294,49003;-0,35428;-0,02600
294,50000;-0,35411;-0,02612
294,51000;-0,35400;-0,02586
294,52003;-0,35383;-0,02615
294,53000;-0,35360;-0,02583
294,54000;-0,35343;-0,02601
294,55003;-0,35326;-0,02597
294,56003;-0,35309;-0,02593
294,57000;-0,35292;-0,02605
294,58003;-0,35275;-0,02587
294,59003;-0,35258;-0,02588
294,60000;-0,35235;-0,02577
294,61003;-0,35224;-0,02584
294,62003;-0,35201;-0,02572
294,63000;-0,35184;-0,02576
294,64000;-0,35173;-0,02570
294,65003;-0,35156;-0,02577
294,66000;-0,35139;-0,02577
294,67000;-0,35122;-0,02578
294,68003;-0,35105;-0,02571
294,69000;-0,35088;-0,02559
294,70000;-0,35071;-0,02570
294,71003;-0,35054;-0,02554
294,72000;-0,35037;-0,02548
294,73000;-0,35020;-0,02557
294,74003;-0,35003;-0,02540
294,75000;-0,34986;-0,02558
294,76000;-0,34975;-0,02552
294,77003;-0,34958;-0,02546
294,78000;-0,34941;-0,02546
294,79000;-0,34924;-0,02561
294,80003;-0,34907;-0,02541
294,81003;-0,34895;-0,02554
294,82000;-0,34878;-0,02541
294,83003;-0,34861;-0,02536
294,84003;-0,34844;-0,02546
294,85000;-0,34827;-0,02537
294,86003;-0,34810;-0,02532
294,87003;-0,34793;-0,02533
294,88000;-0,34782;-0,02538
294,89000;-0,34765;-0,02521
294,90003;-0,34748;-0,02537
294,91000;-0,34731;-0,02518
294,92000;-0,34714;-0,02534
294,93003;-0,34697;-0,02518
294,94000;-0,34680;-0,02536
294,95000;-0,34663;-0,02524
294,96003;-0,34646;-0,02518
294,97000;-0,34629;-0,02516
294,98000;-0,34612;-0,02508
294,99003;-0,34595;-0,02505
295,00000;-0,34584;-0,02511
295,01000;-0,34567;-0,02514
295,02003;-0,34550;-0,02505
295,03000;-0,34533;-0,02524
295,04000;-0,34510;-0,02499
295,05003;-0,34499;-0,02521
295,06003;-0,34476;-0,02502
295,07000;-0,34465;-0,02505
295,08003;-0,34442;-0,02495
295,09003;-0,34425;-0,02495
295,10000;-0,34408;-0,02483
295,11003;-0,34391;-0,02495
295,12003;-0,34380;-0,02486
295,13000;-0,34363;-0,02494
295,14000;-0,34346;-0,02486
295,15003;-0,34329;-0,02483
295,16000;-0,34312;-0,02487
295,17000;-0,34295;-0,02471
295,18003;-0,34278;-0,02489
295,19000;-0,34261;-0,02472
295,20000;-0,34244;-0,02479
295,21003;-0,34227;-0,02472
295,22000;-0,34210;-0,02476
295,23000;-0,34193;-0,02467
295,24003;-0,34176;-0,02469
295,25000;-0,34159;-0,02469
295,26000;-0,34142;-0,02457
295,27003;-0,34125;-0,02466
295,28000;-0,34108;-0,02455
295,29000;-0,34091;-0,02478
295,30003;-0,34074;-0,02452
295,31003;-0,34057;-0,02467
295,32000;-0,34045;-0,02452
295,33003;-0,34028;-0,02458
295,34003;-0,34011;-0,02448
295,35000;-0,33994;-0,02450
295,36003;-0,33977;-0,02451
295,37003;-0,33960;-0,02439
295,38000;-0,33943;-0,02462
295,39000;-0,33926;-0,02426
295,40003;-0,33909;-0,02450
295,41000;-0,33892;-0,02425
295,42000;-0,33875;-0,02450
295,43003;-0,33858;-0,02433
295,44000;-0,33847;-0,02443
295,45000;-0,33830;-0,02434
295,46003;-0,33813;-0,02437
295,47000;-0,33796;-0,02435
295,48000;-0,33779;-0,02434
295,49003;-0,33762;-0,02422
295,50000;-0,33745;-0,02411
295,51000;-0,33728;-0,02427
295,52003;-0,33711;-0,02411
295,53000;-0,33694;-0,02423
295,54000;-0,33677;-0,02415
295,55003;-0,33660;-0,02419
295,56003;-0,33643;-0,02414
295,57000;-0,33626;-0,02415
295,58003;-0,33609;-0,02403
295,59003;-0,33592;-0,02399
295,60000;-0,33575;-0,02399
295,61003;-0,33558;-0,02399
295,62003;-0,33547;-0,02403
295,63000;-0,33530;-0,02399
295,64000;-0,33513;-0,02404
295,65003;-0,33496;-0,02394
295,66000;-0,33479;-0,02396
295,67000;-0,33462;-0,02396
295,68003;-0,33445;-0,02388
295,69000;-0,33433;-0,02389
295,70000;-0,33416;-0,02380
295,71003;-0,33394;-0,02389
295,72000;-0,33377;-0,02375
295,73000;-0,33360;-0,02391
295,74003;-0,33343;-0,02383
295,75000;-0,33326;-0,02385
295,76000;-0,33309;-0,02374
295,77003;-0,33297;-0,02386
295,78003;-0,33280;-0,02376
295,79000;-0,33263;-0,02371
295,80003;-0,33246;-0,02368
295,81003;-0,33229;-0,02367
295,82000;-0,33212;-0,02366
295,83003;-0,33195;-0,02364
295,84003;-0,33178;-0,02369
295,85000;-0,33161;-0,02343
295,86003;-0,33144;-0,02370
295,87003;-0,33122;-0,02346
295,88000;-0,33105;-0,02368
295,89000;-0,33088;-0,02342
295,90003;-0,33071;-0,02359
295,91000;-0,33054;-0,02341
295,92000;-0,33037;-0,02365
295,93003;-0,33020;-0,02343
295,94000;-0,33003;-0,02340
295,95000;-0,32986;-0,02337
295,96003;-0,32969;-0,02333
295,97000;-0,32952;-0,02353
295,98000;-0,32940;-0,02330
295,99003;-0,32923;-0,02352
296,00000;-0,32906;-0,02322
296,01000;-0,32889;-0,02354
296,02003;-0,32872;-0,02317
296,03003;-0,32850;-0,02340
296,04000;-0,32838;-0,02311
296,05003;-0,32821;-0,02325
296,06003;-0,32804;-0,02329
296,07000;-0,32787;-0,02323
296,08003;-0,32770;-0,02344
296,09003;-0,32759;-0,02313
296,10000;-0,32742;-0,02342
296,11003;-0,32725;-0,02297
296,12003;-0,32708;-0,02340
296,13000;-0,32697;-0,02285
296,14000;-0,32674;-0,02319
296,15003;-0,32663;-0,02297
296,16000;-0,32646;-0,02318
296,17000;-0,32629;-0,02305
296,18003;-0,32612;-0,02304
296,19000;-0,32595;-0,02318
296,20000;-0,32578;-0,02277
296,21003;-0,32561;-0,02324
296,22000;-0,32544;-0,02267
296,23000;-0,32527;-0,02311
296,24003;-0,32510;-0,02274
296,25000;-0,32493;-0,02312
296,26000;-0,32476;-0,02275
296,27003;-0,32464;-0,02302
296,28003;-0,32447;-0,02280
296,29000;-0,32430;-0,02281
296,30003;-0,32413;-0,02290
296,31003;-0,32396;-0,02261
296,32000;-0,32379;-0,02288
296,33003;-0,32362;-0,02266
296,34003;-0,32345;-0,02286
296,35000;-0,32328;-0,02271
296,36003;-0,32311;-0,02290
296,37003;-0,32294;-0,02261
296,38000;-0,32272;-0,02285
296,39000;-0,32255;-0,02255
296,40003;-0,32238;-0,02270
296,41000;-0,32221;-0,02258
296,42000;-0,32209;-0,02262
296,43003;-0,32192;-0,02257
296,44000;-0,32175;-0,02265
296,45000;-0,32158;-0,02254
296,46003;-0,32141;-0,02252
296,47000;-0,32124;-0,02254
296,48000;-0,32107;-0,02240
296,49003;-0,32090;-0,02246
296,50000;-0,32073;-0,02235
296,51000;-0,32056;-0,02247
296,52003;-0,32039;-0,02225
296,53003;-0,32022;-0,02252
296,54000;-0,32000;-0,02231
296,55003;-0,31983;-0,02239
296,56003;-0,31971;-0,02231
296,57000;-0,31949;-0,02231
296,58003;-0,31937;-0,02223
296,59003;-0,31920;-0,02236
296,60000;-0,31903;-0,02229
296,61003;-0,31886;-0,02216
296,62003;-0,31875;-0,02240
296,63000;-0,31858;-0,02201
296,64000;-0,31841;-0,02235
296,65003;-0,31824;-0,02194
296,66000;-0,31807;-0,02232
296,67000;-0,31790;-0,02191
296,68003;-0,31773;-0,02221
296,69000;-0,31750;-0,02199
296,70000;-0,31733;-0,02206
296,71003;-0,31722;-0,02207
296,72000;-0,31705;-0,02203
296,73000;-0,31688;-0,02212
296,74003;-0,31671;-0,02194
296,75000;-0,31654;-0,02217
296,76000;-0,31637;-0,02178
296,77003;-0,31620;-0,02215
296,78003;-0,31603;-0,02174
296,79000;-0,31586;-0,02191
296,80003;-0,31569;-0,02180
296,81003;-0,31552;-0,02180
296,82000;-0,31535;-0,02184
296,83003;-0,31518;-0,02181
296,84003;-0,31501;-0,02183
296,85000;-0,31484;-0,02181
296,86003;-0,31467;-0,02185
296,87003;-0,31456;-0,02174
296,88000;-0,31439;-0,02182
296,89000;-0,31422;-0,02171
296,90003;-0,31405;-0,02173
296,91000;-0,31388;-0,02164
296,92000;-0,31371;-0,02172
296,93003;-0,31359;-0,02166
296,94000;-0,31342;-0,02165
296,95000;-0,31325;-0,02164
296,96003;-0,31308;-0,02167
296,97000;-0,31297;-0,02145
296,98000;-0,31280;-0,02171
296,99003;-0,31263;-0,02146
297,00000;-0,31246;-0,02153
297,01000;-0,31229;-0,02144
297,02003;-0,31212;-0,02144
297,03003;-0,31195;-0,02148
297,04000;-0,31178;-0,02142
297,05003;-0,31161;-0,02154
297,06003;-0,31144;-0,02133
297,07000;-0,31127;-0,02155
297,08003;-0,31110;-0,02138
297,09003;-0,31099;-0,02147
297,10000;-0,31082;-0,02124
297,11003;-0,31065;-0,02134
297,12003;-0,31048;-0,02118
297,13000;-0,31031;-0,02131
297,14000;-0,31008;-0,02128
297,15003;-0,30991;-0,02111
297,16000;-0,30974;-0,02126
297,17000;-0,30957;-0,02118
297,18003;-0,30940;-0,02133
297,19000;-0,30923;-0,02108
297,20000;-0,30906;-0,02127
297,21003;-0,30883;-0,02106
297,22000;-0,30866;-0,02121
297,23000;-0,30849;-0,02112
297,24003;-0,30832;-0,02117
297,25000;-0,30821;-0,02104
297,26000;-0,30804;-0,02120
297,27003;-0,30787;-0,02113
297,28003;-0,30770;-0,02100
297,29000;-0,30753;-0,02100
297,30003;-0,30736;-0,02088
297,31003;-0,30719;-0,02098
297,32000;-0,30702;-0,02084
297,33003;-0,30685;-0,02098
297,34003;-0,30668;-0,02076
297,35000;-0,30651;-0,02103
297,36003;-0,30640;-0,02089
297,37003;-0,30623;-0,02095
297,38000;-0,30606;-0,02087
297,39000;-0,30589;-0,02084
297,40003;-0,30572;-0,02083
297,41000;-0,30555;-0,02074
297,42000;-0,30538;-0,02086
297,43003;-0,30526;-0,02070
297,44000;-0,30509;-0,02091
297,45000;-0,30492;-0,02075
297,46003;-0,30475;-0,02087
297,47000;-0,30458;-0,02068
297,48000;-0,30441;-0,02073
297,49003;-0,30424;-0,02072
297,50000;-0,30407;-0,02060
297,51000;-0,30396;-0,02075
297,52003;-0,30379;-0,02064
297,53003;-0,30362;-0,02072
297,54000;-0,30345;-0,02063
297,55003;-0,30328;-0,02071
297,56003;-0,30311;-0,02049
297,57000;-0,30294;-0,02058
297,58003;-0,30283;-0,02049
297,59003;-0,30266;-0,02056
297,60000;-0,30249;-0,02043
297,61003;-0,30232;-0,02051
297,62003;-0,30215;-0,02045
297,63000;-0,30198;-0,02045
297,64000;-0,30175;-0,02048
297,65003;-0,30158;-0,02042
297,66000;-0,30141;-0,02040
297,67000;-0,30124;-0,02037
297,68003;-0,30107;-0,02043
297,69000;-0,30090;-0,02026
297,70000;-0,30073;-0,02048
297,71003;-0,30056;-0,02023
297,72000;-0,30039;-0,02045
297,73000;-0,30022;-0,02021
297,74003;-0,30011;-0,02046
297,75000;-0,29988;-0,02008
297,76000;-0,29977;-0,02026
297,77003;-0,29954;-0,02017
297,78003;-0,29937;-0,02014
297,79000;-0,29920;-0,02020
297,80003;-0,29903;-0,02014
297,81003;-0,29886;-0,02013
297,82000;-0,29869;-0,01995
297,83003;-0,29852;-0,02031
297,84003;-0,29835;-0,01988
297,85000;-0,29818;-0,02019
297,86003;-0,29801;-0,01986
297,87003;-0,29784;-0,02010
297,88000;-0,29767;-0,01988
297,89000;-0,29756;-0,02002
297,90003;-0,29739;-0,01991
297,91000;-0,29722;-0,01996
297,92000;-0,29705;-0,02000
297,93003;-0,29693;-0,01986
297,94000;-0,29676;-0,01999
297,95000;-0,29659;-0,01975
297,96003;-0,29642;-0,01999
297,97000;-0,29625;-0,01971
297,98000;-0,29608;-0,01996
297,99003;-0,29586;-0,01964
298,00000;-0,29574;-0,01978
298,01000;-0,29557;-0,01976
298,02003;-0,29540;-0,01976
298,03003;-0,29523;-0,01973
298,04000;-0,29506;-0,01974
298,05003;-0,29489;-0,01975
298,06003;-0,29472;-0,01961
298,07000;-0,29455;-0,01971
298,08003;-0,29438;-0,01955
298,09003;-0,29421;-0,01974
298,10000;-0,29404;-0,01946
298,11003;-0,29387;-0,01966
298,12003;-0,29370;-0,01945
298,13000;-0,29353;-0,01962
298,14000;-0,29336;-0,01957
298,15003;-0,29319;-0,01952
298,16000;-0,29302;-0,01957
298,17000;-0,29285;-0,01940
298,18003;-0,29268;-0,01955
298,19000;-0,29257;-0,01937
298,20000;-0,29240;-0,01948
298,21003;-0,29223;-0,01931
298,22000;-0,29212;-0,01956
298,23000;-0,29195;-0,01923
298,24003;-0,29178;-0,01951
298,25000;-0,29161;-0,01928
298,26000;-0,29144;-0,01943
298,27003;-0,29132;-0,01936
298,28003;-0,29115;-0,01931
298,29000;-0,29098;-0,01934
298,30003;-0,29081;-0,01937
298,31003;-0,29064;-0,01940
298,32000;-0,29047;-0,01921
298,33003;-0,29030;-0,01933
298,34003;-0,29013;-0,01922
298,35000;-0,28996;-0,01937
298,36003;-0,28979;-0,01924
298,37003;-0,28962;-0,01931
298,38000;-0,28945;-0,01914
298,39000;-0,28928;-0,01927
298,40003;-0,28911;-0,01919
298,41000;-0,28894;-0,01912
298,42000;-0,28877;-0,01915
298,43003;-0,28860;-0,01913
298,44000;-0,28843;-0,01919
298,45000;-0,28826;-0,01912
298,46003;-0,28809;-0,01909
298,47000;-0,28792;-0,01900
298,48000;-0,28770;-0,01914
298,49003;-0,28758;-0,01904
298,50000;-0,28736;-0,01915
298,51000;-0,28719;-0,01887
298,52003;-0,28702;-0,01902
298,53003;-0,28685;-0,01894
298,54000;-0,28673;-0,01894
298,55003;-0,28656;-0,01897
298,56003;-0,28639;-0,01880
298,57000;-0,28622;-0,01895
298,58003;-0,28605;-0,01882
298,59003;-0,28588;-0,01902
298,60000;-0,28571;-0,01875
298,61003;-0,28554;-0,01890
298,62003;-0,28537;-0,01876
298,63000;-0,28520;-0,01897
298,64000;-0,28503;-0,01867
298,65003;-0,28486;-0,01888
298,66000;-0,28475;-0,01868
298,67000;-0,28458;-0,01879
298,68003;-0,28441;-0,01877
298,69000;-0,28424;-0,01867
298,70000;-0,28407;-0,01869
298,71003;-0,28390;-0,01863
298,72000;-0,28379;-0,01873
298,73000;-0,28356;-0,01856
298,74003;-0,28345;-0,01878
298,75000;-0,28328;-0,01848
298,76000;-0,28311;-0,01874
298,77003;-0,28294;-0,01850
298,78003;-0,28277;-0,01870
298,79000;-0,28260;-0,01843
298,80003;-0,28243;-0,01861
298,81003;-0,28226;-0,01850
298,82000;-0,28209;-0,01851
298,83003;-0,28192;-0,01864
298,84003;-0,28175;-0,01849
298,85000;-0,28163;-0,01855
298,86003;-0,28146;-0,01836
298,87003;-0,28129;-0,01860
298,88000;-0,28112;-0,01822
298,89000;-0,28095;-0,01860
298,90003;-0,28078;-0,01822
298,91000;-0,28061;-0,01837
298,92000;-0,28044;-0,01828
298,93003;-0,28027;-0,01831
298,94000;-0,28010;-0,01827
298,95000;-0,27993;-0,01825
298,96003;-0,27971;-0,01834
298,97000;-0,27954;-0,01824
298,98000;-0,27942;-0,01843
298,99003;-0,27920;-0,01815
299,00000;-0,27908;-0,01825
299,01000;-0,27891;-0,01808
299,02003;-0,27874;-0,01834
299,03003;-0,27857;-0,01809
299,04000;-0,27840;-0,01823
299,05003;-0,27823;-0,01815
299,06003;-0,27806;-0,01812
299,07000;-0,27789;-0,01819
299,08003;-0,27772;-0,01815
299,09003;-0,27755;-0,01805
299,10000;-0,27738;-0,01801
299,11003;-0,27721;-0,01819
299,12003;-0,27704;-0,01791
299,13000;-0,27687;-0,01816
299,14000;-0,27670;-0,01789
299,15003;-0,27653;-0,01797
299,16000;-0,27636;-0,01793
299,17000;-0,27619;-0,01794
299,18003;-0,27602;-0,01797
299,19000;-0,27585;-0,01793
299,20000;-0,27574;-0,01793
299,21003;-0,27557;-0,01789
299,22000;-0,27540;-0,01795
299,23000;-0,27523;-0,01781
299,24003;-0,27506;-0,01790
299,25000;-0,27489;-0,01770
299,26000;-0,27472;-0,01784
299,27003;-0,27455;-0,01776
299,28003;-0,27438;-0,01777
299,29000;-0,27421;-0,01772
299,30003;-0,27404;-0,01765
299,31003;-0,27387;-0,01777
299,32000;-0,27370;-0,01775
299,33003;-0,27353;-0,01774
299,34003;-0,27336;-0,01771
299,35000;-0,27319;-0,01777
299,36003;-0,27302;-0,01758
299,37003;-0,27285;-0,01772
299,38000;-0,27268;-0,01765
299,39000;-0,27251;-0,01754
299,40003;-0,27234;-0,01764
299,41000;-0,27217;-0,01747
299,42000;-0,27200;-0,01761
299,43003;-0,27183;-0,01756
299,44000;-0,27172;-0,01755
299,45000;-0,27155;-0,01748
299,46003;-0,27138;-0,01749
299,47000;-0,27121;-0,01740
299,48000;-0,27104;-0,01752
299,49003;-0,27087;-0,01744
299,50000;-0,27075;-0,01739
299,51000;-0,27058;-0,01738
299,52003;-0,27041;-0,01738
299,53003;-0,27024;-0,01738
299,54000;-0,27007;-0,01732
299,55003;-0,26990;-0,01728
299,56003;-0,26973;-0,01733
299,57000;-0,26962;-0,01735
299,58003;-0,26945;-0,01735
299,59003;-0,26928;-0,01735
299,60000;-0,26911;-0,01716
299,61003;-0,26894;-0,01729
299,62003;-0,26877;-0,01725
299,63000;-0,26860;-0,01727
299,64000;-0,26843;-0,01717
299,65003;-0,26826;-0,01724
299,66000;-0,26809;-0,01711
299,67000;-0,26792;-0,01722
299,68003;-0,26781;-0,01714
299,69000;-0,26764;-0,01714
299,70000;-0,26747;-0,01711
299,71003;-0,26730;-0,01707
299,72000;-0,26713;-0,01707
299,73000;-0,26696;-0,01702
299,74003;-0,26679;-0,01706
299,75000;-0,26656;-0,01696
299,76000;-0,26639;-0,01708
299,77003;-0,26622;-0,01693
299,78003;-0,26605;-0,01702
299,79000;-0,26588;-0,01684
299,80003;-0,26571;-0,01702
299,81003;-0,26554;-0,01681
299,82000;-0,26537;-0,01697
299,83003;-0,26520;-0,01688
299,84003;-0,26503;-0,01688
299,85000;-0,26486;-0,01677
299,86003;-0,26469;-0,01688
299,87003;-0,26452;-0,01679
299,88000;-0,26435;-0,01685
299,89000;-0,26424;-0,01682
299,90003;-0,26407;-0,01677
299,91000;-0,26390;-0,01678
299,92000;-0,26373;-0,01670
299,93003;-0,26356;-0,01689
299,94000;-0,26339;-0,01663
299,95000;-0,26322;-0,01684
299,96003;-0,26305;-0,01658
299,97000;-0,26288;-0,01677
299,98000;-0,26276;-0,01653
299,99003;-0,26254;-0,01670
300,00000;-0,26242;-0,01646
300,01000;-0,26220;-0,01671
300,02003;-0,26208;-0,01662
300,03003;-0,26191;-0,01663
300,04000;-0,26174;-0,01658
300,05003;-0,26157;-0,01645
300,06003;-0,26140;-0,01666
300,07000;-0,26123;-0,01632
300,08003;-0,26106;-0,01664
300,09003;-0,26089;-0,01625
300,10000;-0,26072;-0,01656
300,11003;-0,26055;-0,01636
300,12003;-0,26038;-0,01652
300,13000;-0,26021;-0,01638
300,14000;-0,26004;-0,01642
300,15003;-0,25987;-0,01643
300,16000;-0,25970;-0,01633
300,17000;-0,25953;-0,01642
300,18003;-0,25936;-0,01609
300,19000;-0,25925;-0,01644
300,20000;-0,25908;-0,01610
300,21003;-0,25891;-0,01643
300,22000;-0,25874;-0,01614
300,23000;-0,25857;-0,01632
300,24003;-0,25834;-0,01615
300,25000;-0,25823;-0,01619
300,26000;-0,25800;-0,01621
300,27003;-0,25783;-0,01614
300,28003;-0,25766;-0,01627
300,29000;-0,25749;-0,01606
300,30003;-0,25738;-0,01632
300,31003;-0,25721;-0,01600
300,32000;-0,25704;-0,01630
300,33003;-0,25687;-0,01601
300,34003;-0,25676;-0,01615
300,35000;-0,25659;-0,01604
300,36003;-0,25642;-0,01602
300,37003;-0,25625;-0,01604
300,38000;-0,25608;-0,01590
300,39000;-0,25591;-0,01605
300,40003;-0,25574;-0,01597
300,41000;-0,25557;-0,01608
300,42000;-0,25540;-0,01588
300,43003;-0,25523;-0,01609
300,44000;-0,25506;-0,01577
300,45000;-0,25489;-0,01595
300,46003;-0,25472;-0,01586
300,47000;-0,25455;-0,01585
300,48000;-0,25438;-0,01585
300,49003;-0,25421;-0,01581
300,50000;-0,25409;-0,01588
300,51000;-0,25392;-0,01581
300,52003;-0,25375;-0,01582
300,53003;-0,25358;-0,01566
300,54000;-0,25341;-0,01583
300,55003;-0,25324;-0,01560
300,56003;-0,25307;-0,01581
300,57000;-0,25290;-0,01565
300,58003;-0,25273;-0,01574
300,59003;-0,25256;-0,01566
300,60000;-0,25239;-0,01573
300,61003;-0,25222;-0,01570
300,62003;-0,25211;-0,01565
300,63000;-0,25194;-0,01566
300,64000;-0,25177;-0,01551
300,65003;-0,25160;-0,01567
300,66000;-0,25137;-0,01546
300,67000;-0,25120;-0,01573
300,68003;-0,25103;-0,01544
300,69000;-0,25086;-0,01562
300,70000;-0,25069;-0,01548
300,71003;-0,25052;-0,01559
300,72000;-0,25035;-0,01549
300,73000;-0,25024;-0,01556
300,74003;-0,25007;-0,01547
300,75000;-0,24990;-0,01552
300,76000;-0,24973;-0,01545
300,77003;-0,24956;-0,01539
300,78003;-0,24939;-0,01547
300,79000;-0,24922;-0,01540
300,80003;-0,24911;-0,01550
300,81003;-0,24894;-0,01544
300,82000;-0,24877;-0,01538
300,83003;-0,24865;-0,01531
300,84003;-0,24848;-0,01539
300,85000;-0,24831;-0,01524
300,86003;-0,24814;-0,01531
300,87003;-0,24797;-0,01518
300,88000;-0,24780;-0,01519
300,89000;-0,24763;-0,01524
300,90003;-0,24741;-0,01519
300,91000;-0,24724;-0,01518
300,92000;-0,24707;-0,01515
300,93003;-0,24690;-0,01526
300,94000;-0,24673;-0,01516
300,95000;-0,24661;-0,01525
300,96003;-0,24644;-0,01509
300,97000;-0,24627;-0,01512
300,98000;-0,24610;-0,01511
300,99003;-0,24593;-0,01510
301,00000;-0,24576;-0,01496
301,01000;-0,24559;-0,01508
301,02003;-0,24542;-0,01499
301,03003;-0,24520;-0,01508
301,04000;-0,24503;-0,01497
301,05003;-0,24486;-0,01509
301,06003;-0,24469;-0,01491
301,07000;-0,24452;-0,01500
301,08003;-0,24435;-0,01495
301,09003;-0,24418;-0,01482
301,10000;-0,24401;-0,01497
301,11003;-0,24384;-0,01494
301,12003;-0,24367;-0,01503
301,13000;-0,24350;-0,01481
301,14000;-0,24333;-0,01504
301,15003;-0,24321;-0,01475
301,16000;-0,24304;-0,01493
301,17000;-0,24287;-0,01470
301,18003;-0,24270;-0,01480
301,19000;-0,24253;-0,01479
301,20000;-0,24236;-0,01480
301,21003;-0,24219;-0,01482
301,22000;-0,24208;-0,01474
301,23000;-0,24191;-0,01484
301,24003;-0,24174;-0,01474
301,25000;-0,24157;-0,01482
301,26000;-0,24146;-0,01463
301,27003;-0,24123;-0,01478
301,28003;-0,24112;-0,01458
301,29000;-0,24095;-0,01474
301,30003;-0,24078;-0,01459
301,31003;-0,24061;-0,01466
301,32000;-0,24044;-0,01467
301,33003;-0,24027;-0,01473
301,34003;-0,24010;-0,01456
301,35000;-0,23987;-0,01453
301,36003;-0,23976;-0,01463
301,37003;-0,23959;-0,01451
301,38000;-0,23942;-0,01461
301,39000;-0,23925;-0,01447
301,40003;-0,23908;-0,01454
301,41000;-0,23891;-0,01448
301,42000;-0,23874;-0,01454
301,43003;-0,23857;-0,01440
301,44000;-0,23840;-0,01448
301,45000;-0,23823;-0,01440
301,46003;-0,23806;-0,01456
301,47000;-0,23789;-0,01437
301,48000;-0,23777;-0,01436
301,49003;-0,23760;-0,01451
301,50000;-0,23738;-0,01429
301,51000;-0,23726;-0,01446
301,52003;-0,23709;-0,01441
301,53003;-0,23687;-0,01428
301,54000;-0,23670;-0,01432
301,55003;-0,23653;-0,01439
301,56003;-0,23636;-0,01422
301,57000;-0,23619;-0,01431
301,58003;-0,23602;-0,01436
301,59003;-0,23585;-0,01418
301,60000;-0,23573;-0,01430
301,61003;-0,23556;-0,01418
301,62003;-0,23539;-0,01427
301,63000;-0,23522;-0,01417
301,64000;-0,23505;-0,01427
301,65003;-0,23494;-0,01411
301,66000;-0,23477;-0,01423
301,67000;-0,23460;-0,01413
301,68003;-0,23437;-0,01417
301,69000;-0,23426;-0,01406
301,70000;-0,23409;-0,01412
301,71003;-0,23392;-0,01409
301,72000;-0,23375;-0,01410
301,73000;-0,23358;-0,01406
301,74003;-0,23341;-0,01404
301,75000;-0,23324;-0,01400
301,76000;-0,23307;-0,01396
301,77003;-0,23290;-0,01409
301,78003;-0,23273;-0,01391
301,79000;-0,23256;-0,01404
301,80003;-0,23239;-0,01393
301,81003;-0,23222;-0,01390
301,82000;-0,23211;-0,01400
301,83003;-0,23188;-0,01388
301,84003;-0,23177;-0,01389
301,85000;-0,23160;-0,01385
301,86003;-0,23143;-0,01390
301,87003;-0,23126;-0,01378
301,88000;-0,23109;-0,01391
301,89000;-0,23092;-0,01370
301,90003;-0,23075;-0,01398
301,91000;-0,23058;-0,01379
301,92000;-0,23041;-0,01386
301,93003;-0,23024;-0,01378
301,94000;-0,23007;-0,01372
301,95000;-0,22990;-0,01369
301,96003;-0,22973;-0,01376
301,97000;-0,22956;-0,01368
301,98000;-0,22939;-0,01363
301,99003;-0,22922;-0,01379
302,00000;-0,22905;-0,01362
302,01000;-0,22888;-0,01367
302,02003;-0,22871;-0,01356
302,03003;-0,22854;-0,01384
302,04000;-0,22842;-0,01342
302,05003;-0,22825;-0,01371
302,06003;-0,22808;-0,01357
302,07000;-0,22791;-0,01348
302,08003;-0,22774;-0,01360
302,09003;-0,22763;-0,01355
302,10000;-0,22746;-0,01346
302,11003;-0,22729;-0,01343
302,12003;-0,22712;-0,01370
302,13000;-0,22695;-0,01326
302,14000;-0,22678;-0,01366
302,15003;-0,22661;-0,01327
302,16000;-0,22644;-0,01353
302,17000;-0,22627;-0,01328
302,18003;-0,22610;-0,01356
302,19000;-0,22593;-0,01331
302,20000;-0,22576;-0,01329
302,21003;-0,22559;-0,01349
302,22000;-0,22542;-0,01323
302,23000;-0,22525;-0,01345
302,24003;-0,22508;-0,01326
302,25000;-0,22491;-0,01348
302,26000;-0,22480;-0,01305
302,27003;-0,22463;-0,01346
302,28003;-0,22446;-0,01293
302,29000;-0,22429;-0,01321
302,30003;-0,22412;-0,01312
302,31003;-0,22389;-0,01314
302,32000;-0,22372;-0,01326
302,33003;-0,22355;-0,01316
302,34003;-0,22338;-0,01326
302,35000;-0,22321;-0,01301
302,36003;-0,22304;-0,01331
302,37003;-0,22287;-0,01293
302,38000;-0,22270;-0,01323
302,39000;-0,22253;-0,01285
302,40003;-0,22236;-0,01315
302,41000;-0,22219;-0,01297
302,42000;-0,22202;-0,01315
302,43003;-0,22185;-0,01292
302,44000;-0,22168;-0,01308
302,45000;-0,22151;-0,01292
302,46003;-0,22134;-0,01297
302,47000;-0,22123;-0,01292
302,48000;-0,22106;-0,01277
302,49003;-0,22089;-0,01299
302,50000;-0,22072;-0,01284
302,51000;-0,22055;-0,01311
302,52003;-0,22038;-0,01271
302,53003;-0,22021;-0,01304
302,54000;-0,22009;-0,01272
302,55003;-0,21992;-0,01307
302,56003;-0,21975;-0,01269
302,57000;-0,21964;-0,01300
302,58003;-0,21947;-0,01269
302,59003;-0,21930;-0,01294
302,60000;-0,21913;-0,01280
302,61003;-0,21896;-0,01269
302,62003;-0,21879;-0,01291
302,63000;-0,21862;-0,01257
302,64000;-0,21845;-0,01292
302,65003;-0,21828;-0,01243
302,66000;-0,21811;-0,01292
302,67000;-0,21794;-0,01244
302,68003;-0,21777;-0,01292
302,69000;-0,21760;-0,01250
302,70000;-0,21743;-0,01282
302,71003;-0,21726;-0,01253
302,72000;-0,21709;-0,01268
302,73000;-0,21692;-0,01258
302,74003;-0,21675;-0,01246
302,75000;-0,21664;-0,01277
302,76000;-0,21647;-0,01230
302,77003;-0,21630;-0,01268
302,78003;-0,21613;-0,01228
302,79000;-0,21596;-0,01265
302,80003;-0,21579;-0,01227
302,81003;-0,21562;-0,01269
302,82000;-0,21545;-0,01231
302,83003;-0,21528;-0,01250
302,84003;-0,21505;-0,01248
302,85000;-0,21488;-0,01244
302,86003;-0,21471;-0,01250
302,87003;-0,21454;-0,01227
302,88000;-0,21437;-0,01255
302,89000;-0,21426;-0,01222
302,90003;-0,21409;-0,01254
302,91000;-0,21392;-0,01225
302,92000;-0,21375;-0,01247
302,93003;-0,21358;-0,01228
302,94000;-0,21341;-0,01246
302,95000;-0,21324;-0,01221
302,96003;-0,21307;-0,01226
302,97000;-0,21284;-0,01218
302,98000;-0,21267;-0,01216
302,99003;-0,21250;-0,01225
303,00000;-0,21233;-0,01209
303,01000;-0,21216;-0,01236
303,02003;-0,21199;-0,01214
303,03003;-0,21182;-0,01233
303,04000;-0,21165;-0,01218
303,05003;-0,21148;-0,01220
303,06003;-0,21131;-0,01210
303,07000;-0,21114;-0,01214
303,08003;-0,21103;-0,01194
303,09003;-0,21086;-0,01224
303,10000;-0,21069;-0,01205
303,11003;-0,21052;-0,01207
303,12003;-0,21035;-0,01220
303,13000;-0,21018;-0,01198
303,14000;-0,21001;-0,01202
303,15003;-0,20984;-0,01199
303,16000;-0,20967;-0,01200
303,17000;-0,20950;-0,01187
303,18003;-0,20933;-0,01211
303,19000;-0,20921;-0,01191
303,20000;-0,20904;-0,01208
303,21003;-0,20887;-0,01191
303,22000;-0,20870;-0,01204
303,23000;-0,20853;-0,01196
303,24003;-0,20836;-0,01193
303,25000;-0,20819;-0,01197
303,26000;-0,20802;-0,01166
303,27003;-0,20785;-0,01192
303,28003;-0,20768;-0,01177
303,29000;-0,20751;-0,01193
303,30003;-0,20734;-0,01166
303,31003;-0,20717;-0,01192
303,32000;-0,20700;-0,01172
303,33003;-0,20683;-0,01182
303,34003;-0,20666;-0,01175
303,35000;-0,20655;-0,01171
303,36003;-0,20638;-0,01175
303,37003;-0,20621;-0,01168
303,38000;-0,20604;-0,01178
303,39000;-0,20587;-0,01153
303,40003;-0,20570;-0,01180
303,41000;-0,20559;-0,01155
303,42000;-0,20542;-0,01170
303,43003;-0,20525;-0,01160
303,44000;-0,20508;-0,01175
303,45000;-0,20491;-0,01166
303,46003;-0,20474;-0,01148
303,47000;-0,20451;-0,01168
303,48000;-0,20434;-0,01137
303,49003;-0,20417;-0,01164
303,50000;-0,20400;-0,01148
303,51000;-0,20383;-0,01160
303,52003;-0,20366;-0,01132
303,53003;-0,20355;-0,01165
303,54000;-0,20338;-0,01146
303,55003;-0,20321;-0,01141
303,56003;-0,20304;-0,01149
303,57000;-0,20287;-0,01133
303,58003;-0,20270;-0,01143
303,59003;-0,20253;-0,01135
303,60000;-0,20236;-0,01155
303,61003;-0,20219;-0,01122
303,62003;-0,20202;-0,01152
303,63000;-0,20185;-0,01136
303,64000;-0,20168;-0,01141
303,65003;-0,20151;-0,01135
303,66000;-0,20134;-0,01137
303,67000;-0,20117;-0,01129
303,68003;-0,20100;-0,01133
303,69000;-0,20083;-0,01135
303,70000;-0,20066;-0,01121
303,71003;-0,20049;-0,01138
303,72000;-0,20032;-0,01117
303,73000;-0,20020;-0,01138
303,74003;-0,20003;-0,01115
303,75000;-0,19986;-0,01130
303,76000;-0,19969;-0,01123
303,77003;-0,19952;-0,01116
303,78003;-0,19935;-0,01121
303,79000;-0,19924;-0,01119
303,80003;-0,19907;-0,01116
303,81003;-0,19890;-0,01106
303,82000;-0,19873;-0,01127
303,83003;-0,19856;-0,01101
303,84003;-0,19839;-0,01123
303,85000;-0,19822;-0,01104
303,86003;-0,19805;-0,01118
303,87003;-0,19788;-0,01100
303,88000;-0,19771;-0,01115
303,89000;-0,19760;-0,01099
303,90003;-0,19743;-0,01094
303,91000;-0,19720;-0,01103
303,92000;-0,19709;-0,01090
303,93003;-0,19692;-0,01103
303,94000;-0,19675;-0,01094
303,95000;-0,19658;-0,01105
303,96003;-0,19641;-0,01083
303,97000;-0,19624;-0,01105
303,98000;-0,19607;-0,01080
303,99003;-0,19590;-0,01092
304,00000;-0,19573;-0,01075
304,01000;-0,19556;-0,01093
304,02003;-0,19539;-0,01078
304,03003;-0,19522;-0,01085
304,04000;-0,19505;-0,01097
304,05003;-0,19488;-0,01067
304,06003;-0,19471;-0,01088
304,07000;-0,19454;-0,01069
304,08003;-0,19437;-0,01085
304,09003;-0,19420;-0,01056
304,10000;-0,19403;-0,01091
304,11003;-0,19386;-0,01051
304,12003;-0,19369;-0,01082
304,13000;-0,19352;-0,01068
304,14000;-0,19335;-0,01072
304,15003;-0,19318;-0,01057
304,16000;-0,19301;-0,01063
304,17000;-0,19284;-0,01070
304,18003;-0,19272;-0,01044
304,19000;-0,19255;-0,01076
304,20000;-0,19238;-0,01040
304,21003;-0,19221;-0,01067
304,22000;-0,19204;-0,01045
304,23000;-0,19187;-0,01075
304,24003;-0,19176;-0,01030
304,25000;-0,19153;-0,01061
304,26000;-0,19136;-0,01041
304,27003;-0,19125;-0,01044
304,28003;-0,19108;-0,01039
304,29000;-0,19085;-0,01041
304,30003;-0,19068;-0,01046
304,31003;-0,19051;-0,01037
304,32000;-0,19040;-0,01062
304,33003;-0,19023;-0,01025
304,34003;-0,19006;-0,01052
304,35000;-0,18989;-0,01032
304,36003;-0,18972;-0,01046
304,37003;-0,18955;-0,01011
304,38000;-0,18938;-0,01040
304,39000;-0,18921;-0,01020
304,40003;-0,18904;-0,01028
304,41000;-0,18887;-0,01026
304,42000;-0,18870;-0,01030
304,43003;-0,18853;-0,01020
304,44000;-0,18836;-0,01025
304,45000;-0,18819;-0,01038
304,46003;-0,18802;-0,00999
304,47000;-0,18785;-0,01040
304,48000;-0,18768;-0,01001
304,49003;-0,18751;-0,01029
304,50000;-0,18740;-0,01001
304,51000;-0,18723;-0,01037
304,52003;-0,18706;-0,00997
304,53003;-0,18689;-0,01031
304,54000;-0,18672;-0,01017
304,55003;-0,18655;-0,01013
304,56003;-0,18638;-0,01016
304,57000;-0,18621;-0,01002
304,58003;-0,18604;-0,01018
304,59003;-0,18587;-0,00985
304,60000;-0,18570;-0,01031
304,61003;-0,18558;-0,00970
304,62003;-0,18541;-0,01021
304,63000;-0,18524;-0,00982
304,64000;-0,18507;-0,01016
304,65003;-0,18490;-0,00984
304,66000;-0,18473;-0,01011
304,67000;-0,18456;-0,00987
304,68003;-0,18445;-0,00993
304,69000;-0,18428;-0,00991
304,70000;-0,18411;-0,00979
304,71003;-0,18394;-0,00998
304,72000;-0,18377;-0,00967
304,73000;-0,18366;-0,01004
304,74003;-0,18349;-0,00963
304,75000;-0,18326;-0,00995
304,76000;-0,18309;-0,00959
304,77003;-0,18292;-0,00994
304,78003;-0,18275;-0,00964
304,79000;-0,18258;-0,00988
304,80003;-0,18241;-0,00967
304,81003;-0,18224;-0,00983
304,82000;-0,18207;-0,00970
304,83003;-0,18196;-0,00978
304,84003;-0,18179;-0,00975
304,85000;-0,18162;-0,00959
304,86003;-0,18145;-0,00976
304,87003;-0,18128;-0,00950
304,88000;-0,18111;-0,00980
304,89000;-0,18094;-0,00956
304,90003;-0,18077;-0,00979
304,91000;-0,18060;-0,00957
304,92000;-0,18043;-0,00990
304,93003;-0,18020;-0,00953
304,94000;-0,18003;-0,00966
304,95000;-0,17986;-0,00956
304,96003;-0,17969;-0,00949
304,97000;-0,17952;-0,00955
304,98000;-0,17935;-0,00951
304,99003;-0,17918;-0,00960
305,00000;-0,17901;-0,00933
305,01000;-0,17884;-0,00963
305,02003;-0,17873;-0,00932
305,03003;-0,17856;-0,00963
305,04000;-0,17839;-0,00930
305,05003;-0,17822;-0,00958
305,06003;-0,17805;-0,00939
305,07000;-0,17793;-0,00939
305,08003;-0,17776;-0,00950
305,09003;-0,17759;-0,00927
305,10000;-0,17742;-0,00933
305,11003;-0,17725;-0,00924
305,12003;-0,17708;-0,00945
305,13000;-0,17691;-0,00910
305,14000;-0,17680;-0,00952
305,15003;-0,17663;-0,00908
305,16000;-0,17646;-0,00940
305,17000;-0,17629;-0,00921
305,18003;-0,17618;-0,00927
305,19000;-0,17601;-0,00913
305,20000;-0,17584;-0,00918
305,21003;-0,17567;-0,00929
305,22000;-0,17544;-0,00909
305,23000;-0,17527;-0,00925
305,24003;-0,17510;-0,00909
305,25000;-0,17493;-0,00918
305,26000;-0,17482;-0,00910
305,27003;-0,17459;-0,00932
305,28003;-0,17448;-0,00881
305,29000;-0,17431;-0,00922
305,30003;-0,17414;-0,00904
305,31003;-0,17397;-0,00904
305,32000;-0,17380;-0,00906
305,33003;-0,17363;-0,00900
305,34003;-0,17346;-0,00899
305,35000;-0,17329;-0,00902
305,36003;-0,17312;-0,00917
305,37003;-0,17295;-0,00882
305,38000;-0,17278;-0,00905
305,39000;-0,17261;-0,00883
305,40003;-0,17244;-0,00906
305,41000;-0,17227;-0,00878
305,42000;-0,17210;-0,00907
305,43003;-0,17193;-0,00880
305,44000;-0,17176;-0,00885
305,45000;-0,17159;-0,00886
305,46003;-0,17142;-0,00885
305,47000;-0,17125;-0,00881
305,48000;-0,17113;-0,00878
305,49003;-0,17096;-0,00891
305,50000;-0,17079;-0,00866
305,51000;-0,17062;-0,00891
305,52003;-0,17045;-0,00875
305,53003;-0,17028;-0,00875
305,54000;-0,17011;-0,00878
305,55003;-0,16994;-0,00881
305,56003;-0,16977;-0,00883
305,57000;-0,16960;-0,00866
305,58003;-0,16943;-0,00872
305,59003;-0,16926;-0,00849
305,60000;-0,16904;-0,00868
305,61003;-0,16892;-0,00864
305,62003;-0,16875;-0,00874
305,63000;-0,16858;-0,00856
305,64000;-0,16841;-0,00870
305,65003;-0,16824;-0,00874
305,66000;-0,16807;-0,00853
305,67000;-0,16790;-0,00870
305,68003;-0,16773;-0,00851
305,69000;-0,16756;-0,00859
305,70000;-0,16739;-0,00853
305,71003;-0,16722;-0,00857
305,72000;-0,16705;-0,00833
305,73000;-0,16688;-0,00861
305,74003;-0,16671;-0,00849
305,75000;-0,16654;-0,00854
305,76000;-0,16637;-0,00850
305,77003;-0,16620;-0,00842
305,78003;-0,16603;-0,00849
305,79000;-0,16586;-0,00840
305,80003;-0,16575;-0,00852
305,81003;-0,16558;-0,00837
305,82000;-0,16541;-0,00850
305,83003;-0,16524;-0,00831
305,84003;-0,16507;-0,00853
305,85000;-0,16490;-0,00818
305,86003;-0,16473;-0,00840
305,87003;-0,16456;-0,00816
305,88000;-0,16439;-0,00834
305,89000;-0,16422;-0,00825
305,90003;-0,16405;-0,00828
305,91000;-0,16388;-0,00829
305,92000;-0,16371;-0,00825
305,93003;-0,16360;-0,00841
305,94000;-0,16343;-0,00817
305,95000;-0,16326;-0,00837
305,96003;-0,16309;-0,00819
305,97000;-0,16292;-0,00826
305,98000;-0,16275;-0,00809
305,99003;-0,16258;-0,00826
306,00000;-0,16246;-0,00803
306,01000;-0,16229;-0,00820
306,02003;-0,16212;-0,00815
306,03003;-0,16195;-0,00805
306,04000;-0,16178;-0,00811
306,05003;-0,16161;-0,00805
306,06003;-0,16144;-0,00807
306,07000;-0,16127;-0,00790
306,08003;-0,16110;-0,00809
306,09003;-0,16093;-0,00786
306,10000;-0,16076;-0,00801
306,11003;-0,16059;-0,00796
306,12003;-0,16042;-0,00798
306,13000;-0,16025;-0,00794
306,14000;-0,16008;-0,00798
306,15003;-0,15997;-0,00797
306,16000;-0,15980;-0,00785
306,17000;-0,15963;-0,00790
306,18003;-0,15940;-0,00775
306,19000;-0,15923;-0,00784
306,20000;-0,15906;-0,00772
306,21003;-0,15889;-0,00795
306,22000;-0,15872;-0,00775
306,23000;-0,15855;-0,00791
306,24003;-0,15838;-0,00781
306,25000;-0,15821;-0,00779
306,26000;-0,15804;-0,00767
306,27003;-0,15782;-0,00774
306,28003;-0,15765;-0,00771
306,29000;-0,15753;-0,00765
306,30003;-0,15731;-0,00775
306,31003;-0,15714;-0,00760
306,32000;-0,15702;-0,00775
306,33003;-0,15685;-0,00770
306,34003;-0,15668;-0,00771
306,35000;-0,15651;-0,00749
306,36003;-0,15634;-0,00775
306,37003;-0,15617;-0,00755
306,38000;-0,15600;-0,00762
306,39000;-0,15583;-0,00753
306,40003;-0,15566;-0,00755
306,41000;-0,15549;-0,00746
306,42000;-0,15532;-0,00762
306,43003;-0,15521;-0,00750
306,44000;-0,15504;-0,00744
306,45000;-0,15487;-0,00750
306,46003;-0,15470;-0,00747
306,47000;-0,15453;-0,00749
306,48000;-0,15436;-0,00734
306,49003;-0,15425;-0,00757
306,50000;-0,15408;-0,00729
306,51000;-0,15391;-0,00746
306,52003;-0,15374;-0,00740
306,53003;-0,15357;-0,00745
306,54000;-0,15340;-0,00726
306,55003;-0,15323;-0,00751
306,56003;-0,15306;-0,00740
306,57000;-0,15289;-0,00726
306,58003;-0,15272;-0,00748
306,59003;-0,15255;-0,00735
306,60000;-0,15238;-0,00731
306,61003;-0,15221;-0,00737
306,62003;-0,15204;-0,00734
306,63000;-0,15187;-0,00722
306,64000;-0,15175;-0,00741
306,65003;-0,15158;-0,00734
306,66000;-0,15141;-0,00723
306,67000;-0,15124;-0,00730
306,68003;-0,15107;-0,00726
306,69000;-0,15090;-0,00723
306,70000;-0,15073;-0,00720
306,71003;-0,15056;-0,00728
306,72000;-0,15039;-0,00715
306,73000;-0,15022;-0,00719
306,74003;-0,15005;-0,00731
306,75000;-0,14988;-0,00715
306,76000;-0,14971;-0,00711
306,77003;-0,14954;-0,00718
306,78003;-0,14937;-0,00715
306,79000;-0,14926;-0,00696
306,80003;-0,14909;-0,00715
306,81003;-0,14892;-0,00702
306,82000;-0,14875;-0,00701
306,83003;-0,14858;-0,00707
306,84003;-0,14841;-0,00707
306,85000;-0,14824;-0,00701
306,86003;-0,14807;-0,00706
306,87003;-0,14784;-0,00708
306,88000;-0,14773;-0,00697
306,89000;-0,14750;-0,00700
306,90003;-0,14733;-0,00702
306,91000;-0,14716;-0,00693
306,92000;-0,14699;-0,00696
306,93003;-0,14688;-0,00697
306,94000;-0,14665;-0,00691
306,95000;-0,14654;-0,00688
306,96003;-0,14637;-0,00701
306,97000;-0,14620;-0,00683
306,98000;-0,14603;-0,00690
306,99003;-0,14586;-0,00696
307,00000;-0,14569;-0,00679
307,01000;-0,14552;-0,00687
307,02003;-0,14535;-0,00681
307,03003;-0,14518;-0,00688
307,04000;-0,14501;-0,00673
307,05003;-0,14484;-0,00689
307,06003;-0,14467;-0,00674
307,07000;-0,14450;-0,00673
307,08003;-0,14433;-0,00676
307,09003;-0,14416;-0,00688
307,10000;-0,14399;-0,00667
307,11003;-0,14388;-0,00678
307,12003;-0,14371;-0,00681
307,13000;-0,14354;-0,00663
307,14000;-0,14337;-0,00678
307,15003;-0,14320;-0,00667
307,16000;-0,14303;-0,00663
307,17000;-0,14286;-0,00658
307,18003;-0,14269;-0,00669
307,19000;-0,14252;-0,00659
307,20000;-0,14235;-0,00668
307,21003;-0,14218;-0,00662
307,22000;-0,14206;-0,00675
307,23000;-0,14189;-0,00653
307,24003;-0,14172;-0,00673
307,25000;-0,14155;-0,00648
307,26000;-0,14138;-0,00659
307,27003;-0,14121;-0,00658
307,28003;-0,14104;-0,00650
307,29000;-0,14093;-0,00651
307,30003;-0,14076;-0,00651
307,31003;-0,14059;-0,00649
307,32000;-0,14042;-0,00645
307,33003;-0,14025;-0,00664
307,34003;-0,14014;-0,00637
307,35000;-0,13991;-0,00669
307,36003;-0,13974;-0,00633
307,37003;-0,13957;-0,00657
307,38000;-0,13946;-0,00636
307,39000;-0,13923;-0,00649
307,40003;-0,13906;-0,00636
307,41000;-0,13889;-0,00641
307,42000;-0,13872;-0,00646
307,43003;-0,13861;-0,00628
307,44000;-0,13844;-0,00665
307,45000;-0,13827;-0,00618
307,46003;-0,13810;-0,00663
307,47000;-0,13793;-0,00613
307,48000;-0,13776;-0,00651
307,49003;-0,13759;-0,00617
307,50000;-0,13742;-0,00647
307,51000;-0,13719;-0,00623
307,52003;-0,13702;-0,00624
307,53003;-0,13685;-0,00645
307,54000;-0,13668;-0,00614
307,55003;-0,13651;-0,00642
307,56003;-0,13634;-0,00608
307,57000;-0,13617;-0,00641
307,58003;-0,13600;-0,00601
307,59003;-0,13583;-0,00645
307,60000;-0,13566;-0,00615
307,61003;-0,13555;-0,00613
307,62003;-0,13538;-0,00626
307,63000;-0,13521;-0,00619
307,64000;-0,13504;-0,00617
307,65003;-0,13487;-0,00615
307,66000;-0,13475;-0,00625
307,67000;-0,13458;-0,00601
307,68003;-0,13441;-0,00629
307,69000;-0,13424;-0,00607
307,70000;-0,13407;-0,00608
307,71003;-0,13390;-0,00609
307,72000;-0,13373;-0,00619
307,73000;-0,13356;-0,00607
307,74003;-0,13339;-0,00619
307,75000;-0,13322;-0,00603
307,76000;-0,13311;-0,00615
307,77003;-0,13294;-0,00603
307,78003;-0,13277;-0,00613
307,79000;-0,13260;-0,00590
307,80003;-0,13243;-0,00606
307,81003;-0,13226;-0,00600
307,82000;-0,13209;-0,00597
307,83003;-0,13192;-0,00595
307,84003;-0,13175;-0,00604
307,85000;-0,13158;-0,00607
307,86003;-0,13141;-0,00589
307,87003;-0,13124;-0,00614
307,88000;-0,13107;-0,00584
307,89000;-0,13090;-0,00600
307,90003;-0,13073;-0,00587
307,91000;-0,13062;-0,00604
307,92000;-0,13039;-0,00583
307,93003;-0,13028;-0,00604
307,94000;-0,13011;-0,00595
307,95000;-0,12994;-0,00588
307,96003;-0,12977;-0,00591
307,97000;-0,12960;-0,00580
307,98000;-0,12943;-0,00584
307,99003;-0,12926;-0,00574
308,00000;-0,12909;-0,00589
308,01000;-0,12892;-0,00559
308,02003;-0,12875;-0,00591
308,03003;-0,12858;-0,00577
308,04000;-0,12841;-0,00582
308,05003;-0,12824;-0,00573
308,06003;-0,12807;-0,00578
308,07000;-0,12790;-0,00574
308,08003;-0,12773;-0,00576
308,09003;-0,12756;-0,00581
308,10000;-0,12744;-0,00563
308,11003;-0,12727;-0,00582
308,12003;-0,12710;-0,00559
308,13000;-0,12688;-0,00574
308,14000;-0,12671;-0,00556
308,15003;-0,12654;-0,00572
308,16000;-0,12637;-0,00566
308,17000;-0,12620;-0,00559
308,18003;-0,12603;-0,00571
308,19000;-0,12586;-0,00562
308,20000;-0,12563;-0,00565
308,21003;-0,12546;-0,00559
308,22000;-0,12529;-0,00570
308,23000;-0,12518;-0,00550
308,24003;-0,12501;-0,00565
308,25000;-0,12484;-0,00561
308,26000;-0,12472;-0,00560
308,27003;-0,12455;-0,00552
308,28003;-0,12438;-0,00555
308,29000;-0,12421;-0,00560
308,30003;-0,12404;-0,00546
308,31003;-0,12387;-0,00566
308,32000;-0,12370;-0,00542
308,33003;-0,12353;-0,00551
308,34003;-0,12336;-0,00548
308,35000;-0,12319;-0,00546
308,36003;-0,12302;-0,00539
308,37003;-0,12285;-0,00543
308,38000;-0,12268;-0,00539
308,39000;-0,12251;-0,00546
308,40003;-0,12234;-0,00538
308,41000;-0,12223;-0,00540
308,42000;-0,12206;-0,00531
308,43003;-0,12189;-0,00536
308,44000;-0,12172;-0,00538
308,45000;-0,12155;-0,00532
308,46003;-0,12138;-0,00530
308,47000;-0,12121;-0,00530
308,48000;-0,12104;-0,00541
308,49003;-0,12087;-0,00522
308,50000;-0,12070;-0,00542
308,51000;-0,12059;-0,00514
308,52003;-0,12042;-0,00525
308,53003;-0,12025;-0,00521
308,54000;-0,12008;-0,00532
308,55003;-0,11991;-0,00514
308,56003;-0,11979;-0,00529
308,57000;-0,11962;-0,00526
308,58003;-0,11945;-0,00512
308,59003;-0,11928;-0,00535
308,60000;-0,11917;-0,00508
308,61003;-0,11900;-0,00524
308,62003;-0,11883;-0,00506
308,63000;-0,11866;-0,00533
308,64000;-0,11849;-0,00507
308,65003;-0,11832;-0,00516
308,66000;-0,11815;-0,00525
308,67000;-0,11798;-0,00506
308,68003;-0,11781;-0,00524
308,69000;-0,11758;-0,00512
308,70000;-0,11741;-0,00512
308,71003;-0,11724;-0,00489
308,72000;-0,11707;-0,00530
308,73000;-0,11696;-0,00491
308,74003;-0,11679;-0,00517
308,75000;-0,11662;-0,00506
308,76000;-0,11645;-0,00505
308,77003;-0,11628;-0,00507
308,78003;-0,11605;-0,00499
308,79000;-0,11588;-0,00514
308,80003;-0,11571;-0,00481
308,81003;-0,11554;-0,00522
308,82000;-0,11537;-0,00490
308,83003;-0,11520;-0,00515
308,84003;-0,11498;-0,00486
308,85000;-0,11481;-0,00514
308,86003;-0,11464;-0,00481
308,87003;-0,11447;-0,00503
308,88000;-0,11435;-0,00493
308,89000;-0,11418;-0,00490
308,90003;-0,11401;-0,00488
308,91000;-0,11390;-0,00493
308,92000;-0,11373;-0,00498
308,93003;-0,11356;-0,00472
308,94000;-0,11339;-0,00504
308,95000;-0,11322;-0,00474
308,96003;-0,11305;-0,00490
308,97000;-0,11288;-0,00478
308,98000;-0,11271;-0,00500
308,99003;-0,11254;-0,00464
309,00000;-0,11237;-0,00496
309,01000;-0,11220;-0,00481
309,02003;-0,11203;-0,00480
309,03003;-0,11192;-0,00484
309,04000;-0,11175;-0,00484
309,05003;-0,11158;-0,00479
309,06003;-0,11141;-0,00474
309,07000;-0,11129;-0,00494
309,08003;-0,11112;-0,00458
309,09003;-0,11095;-0,00482
309,10000;-0,11078;-0,00453
309,11003;-0,11061;-0,00485
309,12003;-0,11044;-0,00459
309,13000;-0,11027;-0,00490
309,14000;-0,11010;-0,00462
309,15003;-0,10993;-0,00473
309,16000;-0,10976;-0,00468
309,17000;-0,10959;-0,00469
309,18003;-0,10942;-0,00455
309,19000;-0,10925;-0,00456
309,20000;-0,10908;-0,00475
309,21003;-0,10891;-0,00452
309,22000;-0,10874;-0,00481
309,23000;-0,10857;-0,00455
309,24003;-0,10840;-0,00474
309,25000;-0,10829;-0,00458
309,26000;-0,10812;-0,00481
309,27003;-0,10795;-0,00452
309,28003;-0,10778;-0,00457
309,29000;-0,10761;-0,00463
309,30003;-0,10744;-0,00450
309,31003;-0,10727;-0,00454
309,32000;-0,10710;-0,00452
309,33003;-0,10693;-0,00461
309,34003;-0,10670;-0,00434
309,35000;-0,10659;-0,00477
309,36003;-0,10642;-0,00443
309,37003;-0,10625;-0,00457
309,38000;-0,10608;-0,00453
309,39000;-0,10591;-0,00456
309,40003;-0,10574;-0,00441
309,41000;-0,10557;-0,00451
309,42000;-0,10540;-0,00445
309,43003;-0,10523;-0,00441
309,44000;-0,10506;-0,00448
309,45000;-0,10489;-0,00445
309,46003;-0,10472;-0,00454
309,47000;-0,10455;-0,00443
309,48000;-0,10438;-0,00454
309,49003;-0,10421;-0,00444
309,50000;-0,10404;-0,00435
309,51000;-0,10381;-0,00443
309,52003;-0,10364;-0,00432
309,53003;-0,10347;-0,00440
309,54000;-0,10330;-0,00440
309,55003;-0,10319;-0,00445
309,56003;-0,10302;-0,00439
309,57000;-0,10285;-0,00452
309,58003;-0,10268;-0,00428
309,59003;-0,10251;-0,00435
309,60000;-0,10234;-0,00439
309,61003;-0,10217;-0,00426
309,62003;-0,10200;-0,00439
309,63000;-0,10183;-0,00425
309,64000;-0,10166;-0,00432
309,65003;-0,10149;-0,00430
309,66000;-0,10132;-0,00432
309,67000;-0,10115;-0,00432
309,68003;-0,10104;-0,00434
309,69000;-0,10087;-0,00425
309,70000;-0,10070;-0,00443
309,71003;-0,10053;-0,00421
309,72000;-0,10036;-0,00418
309,73000;-0,10019;-0,00428
309,74003;-0,10002;-0,00416
309,75000;-0,09985;-0,00422
309,76000;-0,09968;-0,00425
309,77003;-0,09951;-0,00411
309,78003;-0,09939;-0,00424
309,79000;-0,09922;-0,00419
309,80003;-0,09905;-0,00418
309,81003;-0,09888;-0,00416
309,82000;-0,09871;-0,00414
309,83003;-0,09854;-0,00422
309,84003;-0,09837;-0,00415
309,85000;-0,09820;-0,00414
309,86003;-0,09803;-0,00425
309,87003;-0,09792;-0,00410
309,88000;-0,09775;-0,00412
309,89000;-0,09758;-0,00423
309,90003;-0,09741;-0,00398
309,91000;-0,09724;-0,00415
309,92000;-0,09707;-0,00408
309,93003;-0,09696;-0,00407
309,94000;-0,09679;-0,00412
309,95000;-0,09662;-0,00418
309,96003;-0,09645;-0,00413
309,97000;-0,09628;-0,00416
309,98000;-0,09611;-0,00415
309,99003;-0,09594;-0,00403
310,00000;-0,09577;-0,00409
310,01000;-0,09560;-0,00406
310,02003;-0,09543;-0,00404
310,03003;-0,09526;-0,00395
310,04000;-0,09509;-0,00409
310,05003;-0,09492;-0,00401
310,06003;-0,09475;-0,00398
310,07000;-0,09458;-0,00399
310,08003;-0,09441;-0,00394
310,09003;-0,09424;-0,00387
310,10000;-0,09407;-0,00395
310,11003;-0,09384;-0,00393
310,12003;-0,09367;-0,00386
310,13000;-0,09350;-0,00391
310,14000;-0,09333;-0,00390
310,15003;-0,09316;-0,00392
310,16000;-0,09299;-0,00383
310,17000;-0,09282;-0,00382
310,18003;-0,09265;-0,00379
310,19000;-0,09248;-0,00380
310,20000;-0,09237;-0,00386
310,21003;-0,09220;-0,00391
310,22000;-0,09203;-0,00371
310,23000;-0,09191;-0,00396
310,24003;-0,09174;-0,00388
310,25000;-0,09157;-0,00378
310,26000;-0,09140;-0,00382
310,27003;-0,09123;-0,00369
310,28003;-0,09106;-0,00361
310,29000;-0,09089;-0,00375
310,30003;-0,09072;-0,00369
310,31003;-0,09055;-0,00362
310,32000;-0,09038;-0,00386
310,33003;-0,09021;-0,00374
310,34003;-0,09004;-0,00383
310,35000;-0,08987;-0,00362
310,36003;-0,08970;-0,00378
310,37003;-0,08953;-0,00368
310,38000;-0,08936;-0,00365
310,39000;-0,08919;-0,00374
310,40003;-0,08902;-0,00357
310,41000;-0,08885;-0,00372
310,42000;-0,08868;-0,00363
310,43003;-0,08851;-0,00373
310,44000;-0,08834;-0,00349
310,45000;-0,08817;-0,00375
310,46003;-0,08800;-0,00362
310,47000;-0,08783;-0,00368
310,48000;-0,08772;-0,00359
310,49003;-0,08755;-0,00367
310,50000;-0,08738;-0,00360
310,51000;-0,08721;-0,00357
310,52003;-0,08704;-0,00372
310,53003;-0,08687;-0,00347
310,54000;-0,08670;-0,00364
310,55003;-0,08653;-0,00354
310,56003;-0,08636;-0,00360
310,57000;-0,08619;-0,00346
310,58003;-0,08602;-0,00362
310,59003;-0,08585;-0,00351
310,60000;-0,08574;-0,00355
310,61003;-0,08551;-0,00357
310,62003;-0,08534;-0,00352
310,63000;-0,08517;-0,00351
310,64000;-0,08506;-0,00353
310,65003;-0,08483;-0,00356
310,66000;-0,08472;-0,00343
310,67000;-0,08455;-0,00358
310,68003;-0,08438;-0,00344
310,69000;-0,08426;-0,00349
310,70000;-0,08409;-0,00343
310,71003;-0,08392;-0,00345
310,72000;-0,08370;-0,00336
310,73000;-0,08358;-0,00343
310,74003;-0,08341;-0,00346
310,75000;-0,08324;-0,00333
310,76000;-0,08302;-0,00343
310,77003;-0,08285;-0,00337
310,78003;-0,08268;-0,00346
310,79000;-0,08251;-0,00331
310,80003;-0,08234;-0,00353
310,81003;-0,08217;-0,00323
310,82000;-0,08200;-0,00349
310,83003;-0,08183;-0,00337
310,84003;-0,08166;-0,00336
310,85000;-0,08154;-0,00335
310,86003;-0,08137;-0,00337
310,87003;-0,08120;-0,00334
310,88000;-0,08103;-0,00318
310,89000;-0,08086;-0,00341
310,90003;-0,08069;-0,00313
310,91000;-0,08052;-0,00340
310,92000;-0,08035;-0,00319
310,93003;-0,08018;-0,00336
310,94000;-0,08001;-0,00312
310,95000;-0,07984;-0,00347
310,96003;-0,07967;-0,00324
310,97000;-0,07956;-0,00331
310,98000;-0,07939;-0,00324
310,99003;-0,07922;-0,00322
311,00000;-0,07905;-0,00339
311,01000;-0,07888;-0,00312
311,02003;-0,07871;-0,00336
311,03003;-0,07854;-0,00307
311,04000;-0,07837;-0,00339
311,05003;-0,07820;-0,00311
311,06003;-0,07803;-0,00326
311,07000;-0,07792;-0,00302
311,08003;-0,07775;-0,00333
311,09003;-0,07758;-0,00315
311,10000;-0,07741;-0,00319
311,11003;-0,07724;-0,00321
311,12003;-0,07707;-0,00312
311,13000;-0,07690;-0,00332
311,14000;-0,07678;-0,00310
311,15003;-0,07661;-0,00332
311,16000;-0,07644;-0,00295
311,17000;-0,07627;-0,00322
311,18003;-0,07610;-0,00313
311,19000;-0,07599;-0,00316
311,20000;-0,07582;-0,00302
311,21003;-0,07565;-0,00314
311,22000;-0,07548;-0,00305
311,23000;-0,07531;-0,00307
311,24003;-0,07514;-0,00317
311,25000;-0,07491;-0,00294
311,26000;-0,07474;-0,00307
311,27003;-0,07457;-0,00302
311,28003;-0,07440;-0,00315
311,29000;-0,07423;-0,00296
311,30003;-0,07406;-0,00314
311,31003;-0,07389;-0,00298
311,32000;-0,07372;-0,00305
311,33003;-0,07355;-0,00306
311,34003;-0,07338;-0,00303
311,35000;-0,07321;-0,00289
311,36003;-0,07304;-0,00300
311,37003;-0,07287;-0,00296
311,38000;-0,07270;-0,00294
311,39000;-0,07253;-0,00297
311,40003;-0,07236;-0,00295
311,41000;-0,07219;-0,00291
311,42000;-0,07202;-0,00293
311,43003;-0,07185;-0,00300
311,44000;-0,07168;-0,00292
311,45000;-0,07151;-0,00291
311,46003;-0,07134;-0,00300
311,47000;-0,07117;-0,00294
311,48000;-0,07100;-0,00292
311,49003;-0,07083;-0,00304
311,50000;-0,07072;-0,00278
311,51000;-0,07055;-0,00298
311,52003;-0,07038;-0,00290
311,53003;-0,07021;-0,00300
311,54000;-0,07004;-0,00286
311,55003;-0,06987;-0,00288
311,56003;-0,06970;-0,00279
311,57000;-0,06953;-0,00284
311,58003;-0,06936;-0,00291
311,59003;-0,06919;-0,00284
311,60000;-0,06902;-0,00287
311,61003;-0,06891;-0,00277
311,62003;-0,06874;-0,00305
311,63000;-0,06857;-0,00278
311,64000;-0,06840;-0,00291
311,65003;-0,06823;-0,00271
311,66000;-0,06806;-0,00277
311,67000;-0,06789;-0,00285
311,68003;-0,06772;-0,00279
311,69000;-0,06755;-0,00277
311,70000;-0,06732;-0,00272
311,71003;-0,06721;-0,00283
311,72000;-0,06704;-0,00278
311,73000;-0,06687;-0,00287
311,74003;-0,06670;-0,00263
311,75000;-0,06653;-0,00285
311,76000;-0,06636;-0,00277
311,77003;-0,06619;-0,00274
311,78003;-0,06602;-0,00272
311,79000;-0,06585;-0,00263
311,80003;-0,06568;-0,00269
311,81003;-0,06556;-0,00270
311,82000;-0,06539;-0,00269
311,83003;-0,06522;-0,00261
311,84003;-0,06505;-0,00267
311,85000;-0,06488;-0,00261
311,86003;-0,06471;-0,00271
311,87003;-0,06460;-0,00259
311,88000;-0,06443;-0,00265
311,89000;-0,06426;-0,00265
311,90003;-0,06409;-0,00268
311,91000;-0,06392;-0,00266
311,92000;-0,06375;-0,00262
311,93003;-0,06358;-0,00266
311,94000;-0,06347;-0,00266
311,95000;-0,06330;-0,00267
311,96003;-0,06313;-0,00259
311,97000;-0,06296;-0,00258
311,98000;-0,06279;-0,00253
311,99003;-0,06262;-0,00257
312,00000;-0,06245;-0,00248
312,01000;-0,06228;-0,00252
312,02003;-0,06211;-0,00258
312,03003;-0,06194;-0,00253
312,04000;-0,06177;-0,00262
312,05003;-0,06160;-0,00249
312,06003;-0,06143;-0,00258
312,07000;-0,06126;-0,00256
312,08003;-0,06109;-0,00257
312,09003;-0,06092;-0,00249
312,10000;-0,06075;-0,00256
312,11003;-0,06058;-0,00249
312,12003;-0,06041;-0,00254
312,13000;-0,06024;-0,00259
312,14000;-0,06007;-0,00244
312,15003;-0,05990;-0,00256
312,16000;-0,05973;-0,00243
312,17000;-0,05956;-0,00254
312,18003;-0,05939;-0,00244
312,19000;-0,05922;-0,00243
312,20000;-0,05905;-0,00246
312,21003;-0,05888;-0,00243
312,22000;-0,05871;-0,00240
312,23000;-0,05854;-0,00248
312,24003;-0,05837;-0,00239
312,25000;-0,05820;-0,00241
312,26000;-0,05803;-0,00261
312,27003;-0,05786;-0,00234
312,28003;-0,05774;-0,00253
312,29000;-0,05757;-0,00243
312,30003;-0,05740;-0,00241
312,31003;-0,05723;-0,00241
312,32000;-0,05706;-0,00242
312,33003;-0,05689;-0,00243
312,34003;-0,05672;-0,00240
312,35000;-0,05655;-0,00250
312,36003;-0,05638;-0,00226
312,37003;-0,05621;-0,00244
312,38000;-0,05604;-0,00222
312,39000;-0,05587;-0,00249
312,40003;-0,05570;-0,00227
312,41000;-0,05559;-0,00242
312,42000;-0,05542;-0,00232
312,43003;-0,05525;-0,00244
312,44000;-0,05508;-0,00244
312,45000;-0,05491;-0,00228
312,46003;-0,05474;-0,00246
312,47000;-0,05463;-0,00221
312,48000;-0,05446;-0,00250
312,49003;-0,05429;-0,00217
312,50000;-0,05412;-0,00240
312,51000;-0,05395;-0,00210
312,52003;-0,05378;-0,00237
312,53003;-0,05361;-0,00227
312,54000;-0,05344;-0,00224
312,55003;-0,05327;-0,00234
312,56003;-0,05310;-0,00226
312,57000;-0,05287;-0,00235
312,58003;-0,05276;-0,00215
312,59003;-0,05253;-0,00235
312,60000;-0,05242;-0,00191
312,61003;-0,05225;-0,00248
312,62003;-0,05208;-0,00213
312,63000;-0,05191;-0,00229
312,64000;-0,05174;-0,00220
312,65003;-0,05151;-0,00221
312,66000;-0,05140;-0,00222
312,67000;-0,05117;-0,00223
312,68003;-0,05106;-0,00225
312,69000;-0,05083;-0,00201
312,70000;-0,05066;-0,00228
312,71003;-0,05049;-0,00204
312,72000;-0,05038;-0,00234
312,73000;-0,05015;-0,00193
312,74003;-0,05004;-0,00236
312,75000;-0,04987;-0,00201
312,76000;-0,04970;-0,00224
312,77003;-0,04953;-0,00203
312,78003;-0,04936;-0,00206
312,79000;-0,04924;-0,00201
312,80003;-0,04907;-0,00213
312,81003;-0,04890;-0,00215
312,82000;-0,04873;-0,00203
312,83003;-0,04856;-0,00234
312,84003;-0,04839;-0,00200
312,85000;-0,04822;-0,00237
312,86003;-0,04805;-0,00187
312,87003;-0,04788;-0,00228
312,88000;-0,04771;-0,00190
312,89000;-0,04754;-0,00217
312,90003;-0,04737;-0,00199
312,91000;-0,04720;-0,00215
312,92000;-0,04709;-0,00210
312,93003;-0,04692;-0,00213
312,94000;-0,04675;-0,00206
312,95000;-0,04658;-0,00187
312,96003;-0,04641;-0,00217
312,97000;-0,04618;-0,00181
312,98000;-0,04607;-0,00213
312,99003;-0,04584;-0,00188
313,00000;-0,04567;-0,00213
313,01000;-0,04556;-0,00191
313,02003;-0,04533;-0,00223
313,03003;-0,04522;-0,00190
313,04000;-0,04505;-0,00217
313,05003;-0,04488;-0,00203
313,06003;-0,04471;-0,00216
313,07000;-0,04454;-0,00209
313,08003;-0,04437;-0,00197
313,09003;-0,04420;-0,00216
313,10000;-0,04403;-0,00195
313,11003;-0,04392;-0,00218
313,12003;-0,04375;-0,00189
313,13000;-0,04358;-0,00210
313,14000;-0,04341;-0,00186
313,15003;-0,04324;-0,00218
313,16000;-0,04307;-0,00188
313,17000;-0,04295;-0,00212
313,18003;-0,04278;-0,00198
313,19000;-0,04261;-0,00197
313,20000;-0,04244;-0,00212
313,21003;-0,04227;-0,00190
313,22000;-0,04210;-0,00207
313,23000;-0,04193;-0,00192
313,24003;-0,04176;-0,00205
313,25000;-0,04159;-0,00189
313,26000;-0,04142;-0,00208
313,27003;-0,04125;-0,00190
313,28003;-0,04114;-0,00199
313,29000;-0,04097;-0,00199
313,30003;-0,04080;-0,00195
313,31003;-0,04063;-0,00197
313,32000;-0,04046;-0,00183
313,33003;-0,04029;-0,00196
313,34003;-0,04012;-0,00187
313,35000;-0,03989;-0,00200
313,36003;-0,03972;-0,00187
313,37003;-0,03955;-0,00200
313,38000;-0,03938;-0,00184
313,39000;-0,03921;-0,00199
313,40003;-0,03904;-0,00181
313,41000;-0,03887;-0,00199
313,42000;-0,03876;-0,00190
313,43003;-0,03859;-0,00193
313,44000;-0,03842;-0,00198
313,45000;-0,03825;-0,00183
313,46003;-0,03808;-0,00198
313,47000;-0,03791;-0,00184
313,48000;-0,03774;-0,00191
313,49003;-0,03757;-0,00173
313,50000;-0,03740;-0,00200
313,51000;-0,03723;-0,00170
313,52003;-0,03706;-0,00197
313,53003;-0,03689;-0,00173
313,54000;-0,03672;-0,00196
313,55003;-0,03661;-0,00180
313,56003;-0,03644;-0,00187
313,57000;-0,03627;-0,00185
313,58003;-0,03610;-0,00174
313,59003;-0,03593;-0,00186
313,60000;-0,03576;-0,00168
313,61003;-0,03559;-0,00187
313,62003;-0,03542;-0,00165
313,63000;-0,03525;-0,00197
313,64000;-0,03513;-0,00161
313,65003;-0,03496;-0,00204
313,66000;-0,03479;-0,00170
313,67000;-0,03462;-0,00184
313,68003;-0,03445;-0,00172
313,69000;-0,03428;-0,00183
313,70000;-0,03411;-0,00166
313,71003;-0,03394;-0,00175
313,72000;-0,03377;-0,00183
313,73000;-0,03360;-0,00162
313,74003;-0,03343;-0,00195
313,75000;-0,03326;-0,00158
313,76000;-0,03309;-0,00189
313,77003;-0,03292;-0,00155
313,78003;-0,03275;-0,00180
313,79000;-0,03258;-0,00158
313,80003;-0,03247;-0,00179
313,81003;-0,03224;-0,00162
313,82000;-0,03213;-0,00175
313,83003;-0,03196;-0,00168
313,84003;-0,03173;-0,00168
313,85000;-0,03156;-0,00184
313,86003;-0,03139;-0,00163
313,87003;-0,03122;-0,00192
313,88000;-0,03105;-0,00164
313,89000;-0,03088;-0,00185
313,90003;-0,03071;-0,00168
313,91000;-0,03054;-0,00178
313,92000;-0,03037;-0,00172
313,93003;-0,03026;-0,00184
313,94000;-0,03009;-0,00180
313,95000;-0,02992;-0,00187
313,96003;-0,02975;-0,00171
313,97000;-0,02952;-0,00176
313,98000;-0,02935;-0,00177
313,99003;-0,02918;-0,00165
314,00000;-0,02901;-0,00183
314,01000;-0,02884;-0,00172
314,02003;-0,02867;-0,00165
314,03003;-0,02850;-0,00181
314,04000;-0,02839;-0,00181
314,05003;-0,02822;-0,00174
314,06003;-0,02805;-0,00185
314,07000;-0,02788;-0,00165
314,08003;-0,02771;-0,00168
314,09003;-0,02754;-0,00174
314,10000;-0,02737;-0,00166
314,11003;-0,02720;-0,00174
314,12003;-0,02703;-0,00167
314,13000;-0,02692;-0,00179
314,14000;-0,02675;-0,00176
314,15003;-0,02658;-0,00173
314,16000;-0,02641;-0,00168
314,17000;-0,02624;-0,00168
314,18003;-0,02607;-0,00158
314,19000;-0,02590;-0,00167
314,20000;-0,02573;-0,00160
314,21003;-0,02556;-0,00158
314,22000;-0,02539;-0,00170
314,23000;-0,02522;-0,00163
314,24003;-0,02505;-0,00175
314,25000;-0,02488;-0,00160
314,26000;-0,02471;-0,00165
314,27003;-0,02454;-0,00169
314,28003;-0,02437;-0,00161
314,29000;-0,02420;-0,00173
314,30003;-0,02403;-0,00167
314,31003;-0,02386;-0,00159
314,32000;-0,02369;-0,00167
314,33003;-0,02352;-0,00172
314,34003;-0,02335;-0,00153
314,35000;-0,02318;-0,00170
314,36003;-0,02301;-0,00155
314,37003;-0,02284;-0,00165
314,38000;-0,02272;-0,00166
314,39000;-0,02255;-0,00165
314,40003;-0,02238;-0,00158
314,41000;-0,02227;-0,00156
314,42000;-0,02210;-0,00167
314,43003;-0,02193;-0,00153
314,44000;-0,02176;-0,00160
314,45000;-0,02159;-0,00152
314,46003;-0,02142;-0,00160
314,47000;-0,02125;-0,00149
314,48000;-0,02108;-0,00167
314,49003;-0,02091;-0,00146
314,50000;-0,02074;-0,00152
314,51000;-0,02057;-0,00156
314,52003;-0,02040;-0,00153
314,53003;-0,02023;-0,00151
314,54000;-0,02006;-0,00161
314,55003;-0,01995;-0,00161
314,56003;-0,01978;-0,00159
314,57000;-0,01961;-0,00166
314,58003;-0,01944;-0,00147
314,59003;-0,01927;-0,00159
314,60000;-0,01910;-0,00145
314,61003;-0,01893;-0,00161
314,62003;-0,01876;-0,00140
314,63000;-0,01859;-0,00160
314,64000;-0,01842;-0,00150
314,65003;-0,01819;-0,00158
314,66000;-0,01802;-0,00140
314,67000;-0,01785;-0,00152
314,68003;-0,01768;-0,00140
314,69000;-0,01751;-0,00146
314,70000;-0,01734;-0,00151
314,71003;-0,01717;-0,00141
314,72000;-0,01700;-0,00149
314,73000;-0,01683;-0,00148
314,74003;-0,01666;-0,00161
314,75000;-0,01649;-0,00139
314,76000;-0,01632;-0,00164
314,77003;-0,01621;-0,00133
314,78003;-0,01604;-0,00154
314,79000;-0,01587;-0,00130
314,80003;-0,01570;-0,00148
314,81003;-0,01553;-0,00138
314,82000;-0,01536;-0,00143
314,83003;-0,01519;-0,00159
314,84003;-0,01507;-0,00139
314,85000;-0,01490;-0,00156
314,86003;-0,01473;-0,00147
314,87003;-0,01456;-0,00153
314,88000;-0,01439;-0,00131
314,89000;-0,01428;-0,00153
314,90003;-0,01411;-0,00127
314,91000;-0,01388;-0,00144
314,92000;-0,01377;-0,00144
314,93003;-0,01360;-0,00136
314,94000;-0,01343;-0,00147
314,95000;-0,01326;-0,00136
314,96003;-0,01309;-0,00147
314,97000;-0,01292;-0,00139
314,98000;-0,01275;-0,00144
314,99003;-0,01258;-0,00135
315,00000;-0,01241;-0,00137
315,01000;-0,01224;-0,00138
315,02003;-0,01207;-0,00138
315,03003;-0,01190;-0,00141
315,04000;-0,01173;-0,00130
315,05003;-0,01156;-0,00148
315,06003;-0,01145;-0,00128
315,07000;-0,01128;-0,00143
315,08003;-0,01111;-0,00135
315,09003;-0,01094;-0,00134
315,10000;-0,01077;-0,00134
315,11003;-0,01060;-0,00130
315,12003;-0,01043;-0,00126
315,13000;-0,01026;-0,00130
315,14000;-0,01009;-0,00137
315,15003;-0,00992;-0,00126
315,16000;-0,00975;-0,00137
315,17000;-0,00958;-0,00130
315,18003;-0,00941;-0,00134
315,19000;-0,00924;-0,00135
315,20000;-0,00907;-0,00128
315,21003;-0,00890;-0,00140
315,22000;-0,00873;-0,00127
315,23000;-0,00856;-0,00146
315,24003;-0,00839;-0,00126
315,25000;-0,00827;-0,00135
315,26000;-0,00810;-0,00121
315,27003;-0,00793;-0,00137
315,28003;-0,00776;-0,00124
315,29000;-0,00759;-0,00134
315,30003;-0,00742;-0,00120
315,31003;-0,00725;-0,00131
315,32000;-0,00708;-0,00132
315,33003;-0,00691;-0,00128
315,34003;-0,00674;-0,00138
315,35000;-0,00657;-0,00121
315,36003;-0,00646;-0,00135
315,37003;-0,00629;-0,00130
315,38000;-0,00612;-0,00129
315,39000;-0,00595;-0,00116
315,40003;-0,00578;-0,00134
315,41000;-0,00561;-0,00111
315,42000;-0,00544;-0,00128
315,43003;-0,00527;-0,00119
315,44000;-0,00510;-0,00126
315,45000;-0,00493;-0,00120
315,46003;-0,00476;-0,00128
315,47000;-0,00459;-0,00135
315,48000;-0,00442;-0,00113
315,49003;-0,00425;-0,00135
315,50000;-0,00414;-0,00117
315,51000;-0,00397;-0,00129
315,52003;-0,00380;-0,00117
315,53003;-0,00363;-0,00132
315,54000;-0,00346;-0,00108
315,55003;-0,00329;-0,00125
315,56003;-0,00312;-0,00119
315,57000;-0,00295;-0,00121
315,58003;-0,00278;-0,00121
315,59003;-0,00261;-0,00117
315,60000;-0,00244;-0,00133
315,61003;-0,00227;-0,00117
315,62003;-0,00210;-0,00137
315,63000;-0,00193;-0,00111
315,64000;-0,00176;-0,00125
315,65003;-0,00159;-0,00116
315,66000;-0,00142;-0,00135
315,67000;-0,00125;-0,00111
315,68003;-0,00108;-0,00139
315,69000;-0,00096;-0,00119
315,70000;-0,00079;-0,00111
315,71003;-0,00062;-0,00130
315,72000;-0,00045;-0,00111
315,73000;-0,00028;-0,00119
315,74003;-0,00011;-0,00108
315,74803;0,00000;-0,00122
