Time;Extension;Load
(sec);(mm);(N)
0,00000;0,00000;-0,00041
0,00200;0,00000;-0,00039
0,00400;0,00000;-0,00040
0,01400;0,00000;-0,00048
0,02400;0,00000;-0,00048
0,03400;0,00000;-0,00051
0,04400;-0,00011;-0,00053
0,05400;-0,00011;-0,00053
0,06400;-0,00011;-0,00065
0,07400;-0,00017;-0,00070
0,08400;-0,00023;-0,00058
0,09400;-0,00034;-0,00054
0,10400;-0,00051;-0,00060
0,11400;-0,00068;-0,00058
0,12400;-0,00096;-0,00075
0,13400;-0,00119;-0,00075
0,14400;-0,00147;-0,00075
0,15400;-0,00176;-0,00076
0,16400;-0,00198;-0,00069
0,17400;-0,00227;-0,00055
0,18400;-0,00255;-0,00058
0,19400;-0,00283;-0,00029
0,20400;-0,00306;-0,00037
0,21400;-0,00329;-0,00036
0,22400;-0,00351;-0,00050
0,23400;-0,00374;-0,00049
0,24400;-0,00397;-0,00060
0,25400;-0,00414;-0,00050
0,26400;-0,00431;-0,00051
0,27400;-0,00448;-0,00049
0,28400;-0,00465;-0,00036
0,29400;-0,00482;-0,00045
0,30400;-0,00493;-0,00041
0,31400;-0,00510;-0,00061
0,32400;-0,00521;-0,00057
0,33400;-0,00544;-0,00066
0,34400;-0,00561;-0,00060
0,35400;-0,00578;-0,00062
0,36400;-0,00595;-0,00059
0,37400;-0,00612;-0,00058
0,38400;-0,00629;-0,00049
0,39400;-0,00646;-0,00064
0,40400;-0,00669;-0,00060
0,41400;-0,00680;-0,00072
0,42400;-0,00697;-0,00061
0,43400;-0,00714;-0,00054
0,44400;-0,00731;-0,00052
0,45400;-0,00748;-0,00058
0,46400;-0,00759;-0,00051
0,47400;-0,00776;-0,00051
0,48400;-0,00793;-0,00061
0,49400;-0,00810;-0,00054
0,50400;-0,00827;-0,00078
0,51400;-0,00844;-0,00069
0,52400;-0,00861;-0,00066
0,53400;-0,00878;-0,00050
0,54400;-0,00895;-0,00065
0,55400;-0,00912;-0,00060
0,56400;-0,00929;-0,00059
0,57400;-0,00946;-0,00060
0,58400;-0,00963;-0,00061
0,59400;-0,00980;-0,00063
0,60400;-0,00997;-0,00060
0,61400;-0,01014;-0,00063
0,62400;-0,01026;-0,00046
0,63400;-0,01043;-0,00072
0,64400;-0,01060;-0,00062
0,65400;-0,01077;-0,00061
0,66400;-0,01094;-0,00075
0,67400;-0,01111;-0,00058
0,68400;-0,01128;-0,00068
0,69400;-0,01145;-0,00061
0,70400;-0,01162;-0,00057
0,71400;-0,01179;-0,00046
0,72400;-0,01196;-0,00078
0,73400;-0,01213;-0,00044
0,74400;-0,01230;-0,00065
0,75400;-0,01241;-0,00053
0,76400;-0,01258;-0,00063
0,77400;-0,01275;-0,00060
0,78400;-0,01292;-0,00060
0,79400;-0,01309;-0,00067
0,80400;-0,01326;-0,00058
0,81400;-0,01343;-0,00071
0,82400;-0,01366;-0,00055
0,83400;-0,01383;-0,00075
0,84400;-0,01400;-0,00056
0,85400;-0,01417;-0,00074
0,86400;-0,01434;-0,00050
0,87400;-0,01451;-0,00073
0,88400;-0,01468;-0,00049
0,89400;-0,01485;-0,00063
0,90400;-0,01502;-0,00087
0,91400;-0,01519;-0,00057
0,92400;-0,01530;-0,00074
0,93400;-0,01547;-0,00063
0,94400;-0,01564;-0,00075
0,95400;-0,01575;-0,00050
0,96400;-0,01592;-0,00084
0,97400;-0,01609;-0,00038
0,98400;-0,01626;-0,00079
0,99400;-0,01643;-0,00067
1,00400;-0,01660;-0,00071
1,01400;-0,01677;-0,00065
1,02400;-0,01700;-0,00069
1,03400;-0,01717;-0,00071
1,04400;-0,01734;-0,00069
1,05400;-0,01757;-0,00076
1,06400;-0,01774;-0,00058
1,07400;-0,01791;-0,00070
1,08400;-0,01808;-0,00052
1,09400;-0,01819;-0,00067
1,10400;-0,01836;-0,00049
1,11400;-0,01853;-0,00075
1,12400;-0,01870;-0,00060
1,13400;-0,01887;-0,00073
1,14400;-0,01904;-0,00071
1,15400;-0,01921;-0,00078
1,16400;-0,01938;-0,00064
1,17400;-0,01955;-0,00075
1,18400;-0,01972;-0,00063
1,19400;-0,01989;-0,00057
1,20400;-0,02006;-0,00070
1,21400;-0,02023;-0,00054
1,22400;-0,02040;-0,00076
1,23400;-0,02057;-0,00075
1,24400;-0,02068;-0,00088
1,25400;-0,02085;-0,00067
1,26400;-0,02102;-0,00073
1,27400;-0,02114;-0,00052
1,28400;-0,02131;-0,00061
1,29400;-0,02148;-0,00060
1,30400;-0,02159;-0,00070
1,31400;-0,02182;-0,00070
1,32400;-0,02193;-0,00069
1,33400;-0,02210;-0,00084
1,34400;-0,02227;-0,00067
1,35400;-0,02244;-0,00076
1,36400;-0,02261;-0,00084
1,37400;-0,02278;-0,00071
1,38400;-0,02295;-0,00075
1,39400;-0,02306;-0,00081
1,40400;-0,02323;-0,00052
1,41400;-0,02340;-0,00081
1,42400;-0,02357;-0,00064
1,43400;-0,02374;-0,00066
1,44400;-0,02391;-0,00070
1,45400;-0,02408;-0,00074
1,46400;-0,02431;-0,00065
1,47400;-0,02448;-0,00084
1,48400;-0,02465;-0,00071
1,49400;-0,02482;-0,00074
1,50400;-0,02499;-0,00082
1,51400;-0,02522;-0,00068
1,52400;-0,02539;-0,00075
1,53400;-0,02556;-0,00059
1,54400;-0,02573;-0,00072
1,55400;-0,02590;-0,00064
1,56400;-0,02601;-0,00085
1,57400;-0,02618;-0,00074
1,58400;-0,02629;-0,00079
1,59400;-0,02646;-0,00075
1,60400;-0,02663;-0,00073
1,61400;-0,02680;-0,00065
1,62400;-0,02697;-0,00068
1,63400;-0,02714;-0,00083
1,64400;-0,02731;-0,00075
1,65400;-0,02754;-0,00095
1,66400;-0,02771;-0,00084
1,67400;-0,02788;-0,00089
1,68400;-0,02805;-0,00065
1,69400;-0,02822;-0,00079
1,70400;-0,02839;-0,00048
1,71400;-0,02856;-0,00085
1,72400;-0,02867;-0,00048
1,73400;-0,02884;-0,00091
1,74400;-0,02901;-0,00067
1,75400;-0,02918;-0,00086
1,76400;-0,02930;-0,00073
1,77400;-0,02947;-0,00076
1,78400;-0,02964;-0,00075
1,79400;-0,02981;-0,00072
1,80400;-0,02998;-0,00068
1,81400;-0,03015;-0,00070
1,82400;-0,03032;-0,00106
1,83400;-0,03049;-0,00067
1,84400;-0,03066;-0,00103
1,85400;-0,03083;-0,00066
1,86400;-0,03100;-0,00074
1,87400;-0,03117;-0,00072
1,88400;-0,03134;-0,00079
1,89400;-0,03151;-0,00072
1,90400;-0,03168;-0,00098
1,91400;-0,03185;-0,00092
1,92400;-0,03202;-0,00077
1,93400;-0,03219;-0,00091
1,94400;-0,03230;-0,00068
1,95400;-0,03247;-0,00079
1,96400;-0,03264;-0,00062
1,97400;-0,03281;-0,00082
1,98400;-0,03298;-0,00084
1,99400;-0,03315;-0,00088
2,00400;-0,03332;-0,00091
2,01400;-0,03349;-0,00075
2,02400;-0,03366;-0,00099
2,03400;-0,03383;-0,00069
2,04400;-0,03400;-0,00106
2,05400;-0,03411;-0,00044
2,06400;-0,03428;-0,00108
2,07400;-0,03440;-0,00060
2,08400;-0,03457;-0,00105
2,09400;-0,03474;-0,00079
2,10400;-0,03491;-0,00075
2,11400;-0,03513;-0,00094
2,12400;-0,03530;-0,00058
2,13400;-0,03547;-0,00123
2,14400;-0,03564;-0,00030
2,15400;-0,03581;-0,00131
2,16400;-0,03598;-0,00064
2,17400;-0,03615;-0,00116
2,18400;-0,03632;-0,00096
2,19400;-0,03649;-0,00069
2,20400;-0,03666;-0,00091
2,21400;-0,03678;-0,00063
2,22400;-0,03695;-0,00104
2,23400;-0,03712;-0,00052
2,24400;-0,03723;-0,00129
2,25400;-0,03740;-0,00048
2,26400;-0,03757;-0,00150
2,27400;-0,03774;-0,00045
2,28400;-0,03791;-0,00122
2,29400;-0,03814;-0,00074
2,30400;-0,03831;-0,00069
2,31400;-0,03848;-0,00109
2,32400;-0,03870;-0,00057
2,33400;-0,03887;-0,00134
2,34400;-0,03904;-0,00047
2,35400;-0,03921;-0,00137
2,36400;-0,03938;-0,00046
2,37400;-0,03955;-0,00133
2,38400;-0,03967;-0,00046
2,39400;-0,03984;-0,00134
2,40400;-0,04001;-0,00061
2,41400;-0,04018;-0,00121
2,42400;-0,04035;-0,00092
2,43400;-0,04052;-0,00081
2,44400;-0,04069;-0,00119
2,45400;-0,04086;-0,00053
2,46400;-0,04103;-0,00133
2,47400;-0,04120;-0,00037
2,48400;-0,04137;-0,00141
2,49400;-0,04154;-0,00036
2,50400;-0,04171;-0,00147
2,51400;-0,04188;-0,00049
2,52400;-0,04205;-0,00130
2,53400;-0,04222;-0,00072
2,54400;-0,04239;-0,00104
2,55400;-0,04256;-0,00094
2,56400;-0,04267;-0,00081
2,57400;-0,04284;-0,00121
2,58400;-0,04295;-0,00051
2,59400;-0,04312;-0,00155
2,60400;-0,04329;-0,00035
2,61400;-0,04346;-0,00147
2,62400;-0,04358;-0,00043
2,63400;-0,04375;-0,00138
2,64400;-0,04392;-0,00058
2,65400;-0,04409;-0,00138
2,66400;-0,04431;-0,00084
2,67400;-0,04448;-0,00108
2,68400;-0,04460;-0,00110
2,69400;-0,04477;-0,00067
2,70400;-0,04494;-0,00115
2,71400;-0,04505;-0,00047
2,72400;-0,04522;-0,00136
2,73400;-0,04539;-0,00049
2,74400;-0,04562;-0,00161
2,75400;-0,04579;-0,00067
2,76400;-0,04596;-0,00141
2,77400;-0,04613;-0,00077
2,78400;-0,04635;-0,00112
2,79400;-0,04652;-0,00082
2,80400;-0,04669;-0,00092
2,81400;-0,04686;-0,00092
2,82400;-0,04703;-0,00073
2,83400;-0,04720;-0,00133
2,84400;-0,04737;-0,00063
2,85400;-0,04754;-0,00130
2,86400;-0,04771;-0,00061
2,87400;-0,04788;-0,00129
2,88400;-0,04805;-0,00067
2,89400;-0,04817;-0,00119
2,90400;-0,04834;-0,00079
2,91400;-0,04851;-0,00103
2,92400;-0,04868;-0,00105
2,93400;-0,04885;-0,00099
2,94400;-0,04902;-0,00112
2,95400;-0,04919;-0,00082
2,96400;-0,04936;-0,00131
2,97400;-0,04953;-0,00067
2,98400;-0,04970;-0,00134
2,99400;-0,04987;-0,00071
3,00400;-0,05004;-0,00114
3,01400;-0,05015;-0,00089
3,02400;-0,05032;-0,00119
3,03400;-0,05049;-0,00098
3,04400;-0,05066;-0,00112
3,05400;-0,05083;-0,00102
3,06400;-0,05100;-0,00091
3,07400;-0,05117;-0,00128
3,08400;-0,05134;-0,00088
3,09400;-0,05151;-0,00118
3,10400;-0,05168;-0,00077
3,11400;-0,05185;-0,00124
3,12400;-0,05202;-0,00076
3,13400;-0,05219;-0,00134
3,14400;-0,05242;-0,00078
3,15400;-0,05259;-0,00120
3,16400;-0,05276;-0,00095
3,17400;-0,05293;-0,00125
3,18400;-0,05310;-0,00100
3,19400;-0,05327;-0,00100
3,20400;-0,05338;-0,00109
3,21400;-0,05355;-0,00088
3,22400;-0,05372;-0,00118
3,23400;-0,05389;-0,00081
3,24400;-0,05400;-0,00123
3,25400;-0,05417;-0,00081
3,26400;-0,05434;-0,00144
3,27400;-0,05451;-0,00086
3,28400;-0,05468;-0,00129
3,29400;-0,05485;-0,00094
3,30400;-0,05502;-0,00114
3,31400;-0,05519;-0,00106
3,32400;-0,05531;-0,00105
3,33400;-0,05548;-0,00111
3,34400;-0,05559;-0,00073
3,35400;-0,05576;-0,00128
3,36400;-0,05587;-0,00072
3,37400;-0,05604;-0,00130
3,38400;-0,05621;-0,00083
3,39400;-0,05644;-0,00138
3,40400;-0,05661;-0,00087
3,41400;-0,05678;-0,00135
3,42400;-0,05695;-0,00097
3,43400;-0,05712;-0,00113
3,44400;-0,05729;-0,00098
3,45400;-0,05746;-0,00096
3,46400;-0,05763;-0,00119
3,47400;-0,05780;-0,00092
3,48400;-0,05797;-0,00130
3,49400;-0,05814;-0,00087
3,50400;-0,05831;-0,00125
3,51400;-0,05848;-0,00093
3,52400;-0,05865;-0,00126
3,53400;-0,05882;-0,00099
3,54400;-0,05893;-0,00129
3,55400;-0,05910;-0,00102
3,56400;-0,05927;-0,00111
3,57400;-0,05944;-0,00125
3,58400;-0,05961;-0,00093
3,59400;-0,05978;-0,00122
3,60400;-0,05995;-0,00092
3,61400;-0,06012;-0,00110
3,62400;-0,06035;-0,00089
3,63400;-0,06052;-0,00134
3,64400;-0,06069;-0,00094
3,65400;-0,06086;-0,00130
3,66400;-0,06103;-0,00112
3,67400;-0,06120;-0,00117
3,68400;-0,06137;-0,00112
3,69400;-0,06148;-0,00105
3,70400;-0,06171;-0,00110
3,71400;-0,06188;-0,00109
3,72400;-0,06205;-0,00137
3,73400;-0,06222;-0,00097
3,74400;-0,06239;-0,00138
3,75400;-0,06256;-0,00097
3,76400;-0,06273;-0,00138
3,77400;-0,06290;-0,00098
3,78400;-0,06307;-0,00133
3,79400;-0,06318;-0,00102
3,80400;-0,06335;-0,00120
3,81400;-0,06352;-0,00118
3,82400;-0,06369;-0,00115
3,83400;-0,06386;-0,00122
3,84400;-0,06398;-0,00108
3,85400;-0,06415;-0,00134
3,86400;-0,06432;-0,00092
3,87400;-0,06443;-0,00141
3,88400;-0,06460;-0,00085
3,89400;-0,06477;-0,00138
3,90400;-0,06488;-0,00097
3,91400;-0,06505;-0,00138
3,92400;-0,06522;-0,00115
3,93400;-0,06545;-0,00136
3,94400;-0,06562;-0,00114
3,95400;-0,06579;-0,00115
3,96400;-0,06596;-0,00125
3,97400;-0,06613;-0,00099
3,98400;-0,06624;-0,00129
3,99400;-0,06641;-0,00094
4,00400;-0,06658;-0,00122
4,01400;-0,06675;-0,00111
4,02400;-0,06692;-0,00152
4,03400;-0,06709;-0,00102
4,04400;-0,06726;-0,00132
4,05400;-0,06749;-0,00115
4,06400;-0,06766;-0,00124
4,07400;-0,06783;-0,00126
4,08400;-0,06800;-0,00109
4,09400;-0,06817;-0,00119
4,10400;-0,06834;-0,00097
4,11400;-0,06851;-0,00142
4,12400;-0,06868;-0,00098
4,13400;-0,06885;-0,00128
4,14400;-0,06908;-0,00105
4,15400;-0,06919;-0,00137
4,16400;-0,06936;-0,00103
4,17400;-0,06953;-0,00147
4,18400;-0,06964;-0,00112
4,19400;-0,06981;-0,00118
4,20400;-0,06998;-0,00136
4,21400;-0,07015;-0,00116
4,22400;-0,07032;-0,00127
4,23400;-0,07049;-0,00110
4,24400;-0,07066;-0,00135
4,25400;-0,07083;-0,00106
4,26400;-0,07106;-0,00156
4,27400;-0,07123;-0,00113
4,28400;-0,07140;-0,00139
4,29400;-0,07151;-0,00109
4,30400;-0,07168;-0,00141
4,31400;-0,07185;-0,00110
4,32400;-0,07202;-0,00133
4,33400;-0,07219;-0,00121
4,34400;-0,07236;-0,00118
4,35400;-0,07253;-0,00129
4,36400;-0,07270;-0,00120
4,37400;-0,07287;-0,00136
4,38400;-0,07304;-0,00113
4,39400;-0,07321;-0,00121
4,40400;-0,07338;-0,00105
4,41400;-0,07355;-0,00149
4,42400;-0,07372;-0,00103
4,43400;-0,07389;-0,00138
4,44400;-0,07406;-0,00124
4,45400;-0,07423;-0,00124
4,46400;-0,07440;-0,00122
4,47400;-0,07457;-0,00134
4,48400;-0,07474;-0,00120
4,49400;-0,07491;-0,00117
4,50400;-0,07503;-0,00142
4,51400;-0,07520;-0,00108
4,52400;-0,07537;-0,00146
4,53400;-0,07548;-0,00113
4,54400;-0,07565;-0,00142
4,55400;-0,07582;-0,00125
4,56400;-0,07599;-0,00137
4,57400;-0,07616;-0,00128
4,58400;-0,07627;-0,00139
4,59400;-0,07644;-0,00138
4,60400;-0,07661;-0,00131
4,61400;-0,07678;-0,00139
4,62400;-0,07695;-0,00118
4,63400;-0,07707;-0,00134
4,64400;-0,07724;-0,00119
4,65400;-0,07735;-0,00150
4,66400;-0,07752;-0,00119
4,67400;-0,07769;-0,00144
4,68400;-0,07786;-0,00129
4,69400;-0,07809;-0,00145
4,70400;-0,07826;-0,00131
4,71400;-0,07843;-0,00133
4,72400;-0,07860;-0,00138
4,73400;-0,07877;-0,00130
4,74400;-0,07894;-0,00139
4,75400;-0,07916;-0,00122
4,76400;-0,07933;-0,00136
4,77400;-0,07945;-0,00129
4,78400;-0,07962;-0,00160
4,79400;-0,07984;-0,00126
4,80400;-0,07996;-0,00149
4,81400;-0,08013;-0,00125
4,82400;-0,08030;-0,00143
4,83400;-0,08047;-0,00133
4,84400;-0,08058;-0,00141
4,85400;-0,08075;-0,00137
4,86400;-0,08092;-0,00136
4,87400;-0,08109;-0,00145
4,88400;-0,08132;-0,00128
4,89400;-0,08149;-0,00145
4,90400;-0,08166;-0,00114
4,91400;-0,08183;-0,00163
4,92400;-0,08200;-0,00121
4,93400;-0,08217;-0,00163
4,94400;-0,08234;-0,00123
4,95400;-0,08251;-0,00144
4,96400;-0,08268;-0,00133
4,97400;-0,08285;-0,00148
4,98400;-0,08302;-0,00140
4,99400;-0,08324;-0,00136
5,00400;-0,08341;-0,00149
5,01400;-0,08358;-0,00119
5,02400;-0,08375;-0,00164
5,03400;-0,08392;-0,00129
5,04400;-0,08409;-0,00166
5,05400;-0,08426;-0,00134
5,06400;-0,08438;-0,00166
5,07400;-0,08455;-0,00134
5,08400;-0,08472;-0,00156
5,09400;-0,08489;-0,00131
5,10400;-0,08506;-0,00139
5,11400;-0,08523;-0,00135
5,12400;-0,08540;-0,00145
5,13400;-0,08551;-0,00155
5,14400;-0,08568;-0,00127
5,15400;-0,08585;-0,00160
5,16400;-0,08596;-0,00132
5,17400;-0,08613;-0,00173
5,18400;-0,08630;-0,00140
5,19400;-0,08642;-0,00164
5,20400;-0,08659;-0,00125
5,21400;-0,08676;-0,00167
5,22400;-0,08698;-0,00141
5,23400;-0,08715;-0,00163
5,24400;-0,08732;-0,00134
5,25400;-0,08749;-0,00134
5,26400;-0,08766;-0,00170
5,27400;-0,08783;-0,00121
5,28400;-0,08795;-0,00177
5,29400;-0,08812;-0,00124
5,30400;-0,08829;-0,00171
5,31400;-0,08840;-0,00142
5,32400;-0,08857;-0,00178
5,33400;-0,08874;-0,00129
5,34400;-0,08897;-0,00168
5,35400;-0,08914;-0,00141
5,36400;-0,08931;-0,00162
5,37400;-0,08948;-0,00160
5,38400;-0,08965;-0,00138
5,39400;-0,08982;-0,00170
5,40400;-0,08999;-0,00132
5,41400;-0,09016;-0,00187
5,42400;-0,09033;-0,00125
5,43400;-0,09050;-0,00178
5,44400;-0,09072;-0,00141
5,45400;-0,09084;-0,00175
5,46400;-0,09101;-0,00137
5,47400;-0,09118;-0,00176
5,48400;-0,09135;-0,00140
5,49400;-0,09146;-0,00154
5,50400;-0,09163;-0,00170
5,51400;-0,09180;-0,00133
5,52400;-0,09197;-0,00180
5,53400;-0,09214;-0,00139
5,54400;-0,09231;-0,00192
5,55400;-0,09248;-0,00142
5,56400;-0,09265;-0,00196
5,57400;-0,09282;-0,00134
5,58400;-0,09299;-0,00179
5,59400;-0,09316;-0,00142
5,60400;-0,09333;-0,00163
5,61400;-0,09350;-0,00153
5,62400;-0,09367;-0,00155
5,63400;-0,09384;-0,00173
5,64400;-0,09401;-0,00147
5,65400;-0,09418;-0,00183
5,66400;-0,09441;-0,00142
5,67400;-0,09458;-0,00193
5,68400;-0,09475;-0,00136
5,69400;-0,09492;-0,00181
5,70400;-0,09509;-0,00138
5,71400;-0,09526;-0,00169
5,72400;-0,09543;-0,00150
5,73400;-0,09560;-0,00169
5,74400;-0,09571;-0,00163
5,75400;-0,09588;-0,00155
5,76400;-0,09605;-0,00182
5,77400;-0,09622;-0,00149
5,78400;-0,09633;-0,00187
5,79400;-0,09650;-0,00142
5,80400;-0,09667;-0,00191
5,81400;-0,09684;-0,00153
5,82400;-0,09696;-0,00196
5,83400;-0,09713;-0,00158
5,84400;-0,09730;-0,00182
5,85400;-0,09747;-0,00162
5,86400;-0,09758;-0,00169
5,87400;-0,09775;-0,00177
5,88400;-0,09792;-0,00166
5,89400;-0,09815;-0,00192
5,90400;-0,09826;-0,00162
5,91400;-0,09843;-0,00199
5,92400;-0,09860;-0,00155
5,93400;-0,09871;-0,00190
5,94400;-0,09888;-0,00151
5,95400;-0,09900;-0,00179
5,96400;-0,09917;-0,00159
5,97400;-0,09934;-0,00178
5,98400;-0,09956;-0,00179
5,99400;-0,09973;-0,00167
6,00400;-0,09996;-0,00186
6,01400;-0,10013;-0,00152
6,02400;-0,10030;-0,00198
6,03400;-0,10047;-0,00154
6,04400;-0,10064;-0,00199
6,05400;-0,10081;-0,00156
6,06400;-0,10098;-0,00210
6,07400;-0,10115;-0,00164
6,08400;-0,10138;-0,00198
6,09400;-0,10149;-0,00164
6,10400;-0,10166;-0,00168
6,11400;-0,10183;-0,00179
6,12400;-0,10200;-0,00175
6,13400;-0,10217;-0,00182
6,14400;-0,10234;-0,00166
6,15400;-0,10251;-0,00203
6,16400;-0,10268;-0,00176
6,17400;-0,10285;-0,00211
6,18400;-0,10302;-0,00178
6,19400;-0,10319;-0,00189
6,20400;-0,10342;-0,00170
6,21400;-0,10359;-0,00197
6,22400;-0,10376;-0,00181
6,23400;-0,10393;-0,00174
6,24400;-0,10404;-0,00183
6,25400;-0,10421;-0,00168
6,26400;-0,10438;-0,00201
6,27400;-0,10455;-0,00177
6,28400;-0,10472;-0,00198
6,29400;-0,10489;-0,00171
6,30400;-0,10506;-0,00207
6,31400;-0,10523;-0,00183
6,32400;-0,10540;-0,00199
6,33400;-0,10557;-0,00177
6,34400;-0,10574;-0,00187
6,35400;-0,10591;-0,00188
6,36400;-0,10608;-0,00188
6,37400;-0,10625;-0,00198
6,38400;-0,10642;-0,00177
6,39400;-0,10659;-0,00203
6,40400;-0,10670;-0,00184
6,41400;-0,10687;-0,00208
6,42400;-0,10704;-0,00179
6,43400;-0,10721;-0,00202
6,44400;-0,10733;-0,00179
6,45400;-0,10750;-0,00209
6,46400;-0,10767;-0,00179
6,47400;-0,10784;-0,00197
6,48400;-0,10795;-0,00190
6,49400;-0,10818;-0,00190
6,50400;-0,10835;-0,00205
6,51400;-0,10852;-0,00188
6,52400;-0,10869;-0,00205
6,53400;-0,10886;-0,00190
6,54400;-0,10903;-0,00218
6,55400;-0,10920;-0,00198
6,56400;-0,10937;-0,00233
6,57400;-0,10954;-0,00175
6,58400;-0,10965;-0,00208
6,59400;-0,10982;-0,00188
6,60400;-0,10999;-0,00202
6,61400;-0,11010;-0,00207
6,62400;-0,11027;-0,00203
6,63400;-0,11044;-0,00211
6,64400;-0,11067;-0,00200
6,65400;-0,11084;-0,00225
6,66400;-0,11101;-0,00192
6,67400;-0,11118;-0,00223
6,68400;-0,11135;-0,00185
6,69400;-0,11152;-0,00218
6,70400;-0,11163;-0,00183
6,71400;-0,11180;-0,00219
6,72400;-0,11197;-0,00198
6,73400;-0,11214;-0,00202
6,74400;-0,11231;-0,00210
6,75400;-0,11243;-0,00189
6,76400;-0,11260;-0,00219
6,77400;-0,11277;-0,00201
6,78400;-0,11294;-0,00216
6,79400;-0,11305;-0,00192
6,80400;-0,11322;-0,00221
6,81400;-0,11345;-0,00193
6,82400;-0,11362;-0,00222
6,83400;-0,11379;-0,00203
6,84400;-0,11401;-0,00213
6,85400;-0,11418;-0,00207
6,86400;-0,11435;-0,00207
6,87400;-0,11452;-0,00218
6,88400;-0,11469;-0,00196
6,89400;-0,11481;-0,00222
6,90400;-0,11498;-0,00193
6,91400;-0,11515;-0,00228
6,92400;-0,11532;-0,00206
6,93400;-0,11549;-0,00217
6,94400;-0,11571;-0,00213
6,95400;-0,11588;-0,00218
6,96400;-0,11605;-0,00225
6,97400;-0,11622;-0,00224
6,98400;-0,11639;-0,00213
6,99400;-0,11656;-0,00195
7,00400;-0,11673;-0,00220
7,01400;-0,11690;-0,00187
7,02400;-0,11707;-0,00240
7,03400;-0,11724;-0,00205
7,04400;-0,11741;-0,00227
7,05400;-0,11758;-0,00211
7,06400;-0,11770;-0,00233
7,07400;-0,11787;-0,00217
7,08400;-0,11798;-0,00220
7,09400;-0,11815;-0,00211
7,10400;-0,11832;-0,00205
7,11400;-0,11843;-0,00230
7,12400;-0,11860;-0,00206
7,13400;-0,11877;-0,00242
7,14400;-0,11894;-0,00200
7,15400;-0,11911;-0,00238
7,16400;-0,11928;-0,00214
7,17400;-0,11945;-0,00238
7,18400;-0,11962;-0,00229
7,19400;-0,11979;-0,00220
7,20400;-0,11996;-0,00217
7,21400;-0,12008;-0,00220
7,22400;-0,12025;-0,00227
7,23400;-0,12036;-0,00208
7,24400;-0,12053;-0,00237
7,25400;-0,12064;-0,00204
7,26400;-0,12081;-0,00248
7,27400;-0,12098;-0,00228
7,28400;-0,12121;-0,00249
7,29400;-0,12138;-0,00224
7,30400;-0,12155;-0,00236
7,31400;-0,12178;-0,00228
7,32400;-0,12195;-0,00232
7,33400;-0,12212;-0,00228
7,34400;-0,12229;-0,00227
7,35400;-0,12246;-0,00231
7,36400;-0,12268;-0,00223
7,37400;-0,12280;-0,00255
7,38400;-0,12302;-0,00211
7,39400;-0,12314;-0,00247
7,40400;-0,12331;-0,00222
7,41400;-0,12348;-0,00246
7,42400;-0,12359;-0,00226
7,43400;-0,12376;-0,00237
7,44400;-0,12393;-0,00234
7,45400;-0,12410;-0,00244
7,46400;-0,12427;-0,00253
7,47400;-0,12450;-0,00229
7,48400;-0,12467;-0,00253
7,49400;-0,12484;-0,00231
7,50400;-0,12501;-0,00248
7,51400;-0,12518;-0,00237
7,52400;-0,12535;-0,00239
7,53400;-0,12552;-0,00228
7,54400;-0,12563;-0,00245
7,55400;-0,12586;-0,00249
7,56400;-0,12603;-0,00249
7,57400;-0,12620;-0,00254
7,58400;-0,12637;-0,00243
7,59400;-0,12654;-0,00250
7,60400;-0,12671;-0,00239
7,61400;-0,12688;-0,00251
7,62400;-0,12710;-0,00244
7,63400;-0,12722;-0,00248
7,64400;-0,12744;-0,00255
7,65400;-0,12756;-0,00253
7,66400;-0,12773;-0,00255
7,67400;-0,12790;-0,00258
7,68400;-0,12807;-0,00254
7,69400;-0,12824;-0,00254
7,70400;-0,12841;-0,00257
7,71400;-0,12852;-0,00252
7,72400;-0,12869;-0,00261
7,73400;-0,12886;-0,00253
7,74400;-0,12897;-0,00251
7,75400;-0,12914;-0,00267
7,76400;-0,12931;-0,00251
7,77400;-0,12948;-0,00263
7,78400;-0,12965;-0,00262
7,79400;-0,12982;-0,00252
7,80400;-0,12999;-0,00263
7,81400;-0,13016;-0,00254
7,82400;-0,13033;-0,00263
7,83400;-0,13050;-0,00259
7,84400;-0,13067;-0,00268
7,85400;-0,13084;-0,00259
7,86400;-0,13101;-0,00264
7,87400;-0,13113;-0,00258
7,88400;-0,13130;-0,00270
7,89400;-0,13141;-0,00268
7,90400;-0,13158;-0,00261
7,91400;-0,13175;-0,00283
7,92400;-0,13192;-0,00255
7,93400;-0,13209;-0,00287
7,94400;-0,13226;-0,00270
7,95400;-0,13249;-0,00272
7,96400;-0,13266;-0,00268
7,97400;-0,13283;-0,00275
7,98400;-0,13294;-0,00270
7,99400;-0,13311;-0,00268
8,00400;-0,13328;-0,00281
8,01400;-0,13345;-0,00264
8,02400;-0,13362;-0,00292
8,03400;-0,13379;-0,00267
8,04400;-0,13396;-0,00284
8,05400;-0,13407;-0,00253
8,06400;-0,13424;-0,00298
8,07400;-0,13436;-0,00274
8,08400;-0,13453;-0,00277
8,09400;-0,13470;-0,00290
8,10400;-0,13487;-0,00275
8,11400;-0,13509;-0,00295
8,12400;-0,13526;-0,00283
8,13400;-0,13543;-0,00284
8,14400;-0,13566;-0,00264
8,15400;-0,13583;-0,00308
8,16400;-0,13600;-0,00263
8,17400;-0,13611;-0,00308
8,18400;-0,13628;-0,00276
8,19400;-0,13645;-0,00291
8,20400;-0,13662;-0,00290
8,21400;-0,13679;-0,00289
8,22400;-0,13696;-0,00287
8,23400;-0,13713;-0,00283
8,24400;-0,13730;-0,00295
8,25400;-0,13753;-0,00282
8,26400;-0,13770;-0,00307
8,27400;-0,13787;-0,00271
8,28400;-0,13804;-0,00312
8,29400;-0,13821;-0,00274
8,30400;-0,13838;-0,00322
8,31400;-0,13855;-0,00275
8,32400;-0,13872;-0,00300
8,33400;-0,13889;-0,00296
8,34400;-0,13906;-0,00292
8,35400;-0,13917;-0,00293
8,36400;-0,13934;-0,00297
8,37400;-0,13951;-0,00294
8,38400;-0,13963;-0,00294
8,39400;-0,13980;-0,00322
8,40400;-0,13997;-0,00270
8,41400;-0,14014;-0,00335
8,42400;-0,14031;-0,00273
8,43400;-0,14048;-0,00319
8,44400;-0,14065;-0,00287
8,45400;-0,14082;-0,00317
8,46400;-0,14099;-0,00278
8,47400;-0,14116;-0,00314
8,48400;-0,14133;-0,00291
8,49400;-0,14150;-0,00308
8,50400;-0,14161;-0,00318
8,51400;-0,14178;-0,00286
8,52400;-0,14189;-0,00326
8,53400;-0,14206;-0,00284
8,54400;-0,14223;-0,00333
8,55400;-0,14240;-0,00288
8,56400;-0,14257;-0,00339
8,57400;-0,14274;-0,00297
8,58400;-0,14291;-0,00329
8,59400;-0,14314;-0,00305
8,60400;-0,14331;-0,00310
8,61400;-0,14348;-0,00305
8,62400;-0,14365;-0,00302
8,63400;-0,14382;-0,00322
8,64400;-0,14405;-0,00295
8,65400;-0,14422;-0,00351
8,66400;-0,14439;-0,00283
8,67400;-0,14456;-0,00341
8,68400;-0,14473;-0,00301
8,69400;-0,14490;-0,00334
8,70400;-0,14501;-0,00298
8,71400;-0,14518;-0,00323
8,72400;-0,14535;-0,00303
8,73400;-0,14552;-0,00329
8,74400;-0,14569;-0,00324
8,75400;-0,14586;-0,00322
8,76400;-0,14603;-0,00329
8,77400;-0,14620;-0,00316
8,78400;-0,14637;-0,00349
8,79400;-0,14654;-0,00311
8,80400;-0,14671;-0,00337
8,81400;-0,14688;-0,00307
8,82400;-0,14705;-0,00351
8,83400;-0,14722;-0,00311
8,84400;-0,14733;-0,00343
8,85400;-0,14750;-0,00315
8,86400;-0,14767;-0,00340
8,87400;-0,14784;-0,00334
8,88400;-0,14801;-0,00341
8,89400;-0,14818;-0,00338
8,90400;-0,14841;-0,00320
8,91400;-0,14858;-0,00355
8,92400;-0,14869;-0,00317
8,93400;-0,14892;-0,00364
8,94400;-0,14909;-0,00319
8,95400;-0,14926;-0,00361
8,96400;-0,14943;-0,00324
8,97400;-0,14954;-0,00368
8,98400;-0,14971;-0,00317
8,99400;-0,14988;-0,00355
9,00400;-0,15005;-0,00335
9,01400;-0,15017;-0,00341
9,02400;-0,15034;-0,00349
9,03400;-0,15051;-0,00342
9,04400;-0,15068;-0,00358
9,05400;-0,15085;-0,00328
9,06400;-0,15102;-0,00382
9,07400;-0,15119;-0,00326
9,08400;-0,15136;-0,00373
9,09400;-0,15153;-0,00333
9,10400;-0,15170;-0,00367
9,11400;-0,15187;-0,00339
9,12400;-0,15204;-0,00372
9,13400;-0,15221;-0,00347
9,14400;-0,15232;-0,00351
9,15400;-0,15249;-0,00365
9,16400;-0,15260;-0,00348
9,17400;-0,15277;-0,00379
9,18400;-0,15294;-0,00337
9,19400;-0,15311;-0,00384
9,20400;-0,15328;-0,00341
9,21400;-0,15345;-0,00384
9,22400;-0,15362;-0,00344
9,23400;-0,15379;-0,00385
9,24400;-0,15396;-0,00346
9,25400;-0,15413;-0,00382
9,26400;-0,15430;-0,00365
9,27400;-0,15447;-0,00373
9,28400;-0,15464;-0,00375
9,29400;-0,15481;-0,00362
9,30400;-0,15498;-0,00384
9,31400;-0,15515;-0,00358
9,32400;-0,15532;-0,00391
9,33400;-0,15549;-0,00356
9,34400;-0,15566;-0,00390
9,35400;-0,15578;-0,00353
9,36400;-0,15595;-0,00395
9,37400;-0,15612;-0,00360
9,38400;-0,15623;-0,00385
9,39400;-0,15640;-0,00371
9,40400;-0,15663;-0,00379
9,41400;-0,15680;-0,00391
9,42400;-0,15697;-0,00370
9,43400;-0,15714;-0,00394
9,44400;-0,15736;-0,00369
9,45400;-0,15753;-0,00393
9,46400;-0,15770;-0,00371
9,47400;-0,15787;-0,00406
9,48400;-0,15804;-0,00357
9,49400;-0,15821;-0,00398
9,50400;-0,15838;-0,00380
9,51400;-0,15855;-0,00385
9,52400;-0,15872;-0,00395
9,53400;-0,15889;-0,00379
9,54400;-0,15906;-0,00404
9,55400;-0,15923;-0,00387
9,56400;-0,15940;-0,00405
9,57400;-0,15957;-0,00376
9,58400;-0,15974;-0,00408
9,59400;-0,15991;-0,00374
9,60400;-0,16008;-0,00400
9,61400;-0,16025;-0,00376
9,62400;-0,16042;-0,00397
9,63400;-0,16059;-0,00385
9,64400;-0,16071;-0,00393
9,65400;-0,16088;-0,00408
9,66400;-0,16105;-0,00376
9,67400;-0,16122;-0,00419
9,68400;-0,16133;-0,00385
9,69400;-0,16150;-0,00406
9,70400;-0,16161;-0,00381
9,71400;-0,16178;-0,00421
9,72400;-0,16195;-0,00377
9,73400;-0,16212;-0,00433
9,74400;-0,16229;-0,00395
9,75400;-0,16246;-0,00408
9,76400;-0,16263;-0,00404
9,77400;-0,16280;-0,00408
9,78400;-0,16297;-0,00417
9,79400;-0,16314;-0,00393
9,80400;-0,16326;-0,00418
9,81400;-0,16337;-0,00386
9,82400;-0,16354;-0,00433
9,83400;-0,16371;-0,00388
9,84400;-0,16388;-0,00429
9,85400;-0,16405;-0,00388
9,86400;-0,16422;-0,00439
9,87400;-0,16445;-0,00401
9,88400;-0,16462;-0,00421
9,89400;-0,16479;-0,00416
9,90400;-0,16501;-0,00406
9,91400;-0,16518;-0,00426
9,92400;-0,16535;-0,00406
9,93400;-0,16552;-0,00421
9,94400;-0,16569;-0,00401
9,95400;-0,16586;-0,00441
9,96400;-0,16603;-0,00395
9,97400;-0,16620;-0,00440
9,98400;-0,16637;-0,00411
9,99400;-0,16654;-0,00427
10,00400;-0,16671;-0,00411
10,01400;-0,16688;-0,00423
10,02400;-0,16700;-0,00418
10,03400;-0,16717;-0,00409
10,04400;-0,16734;-0,00424
10,05400;-0,16751;-0,00425
10,06400;-0,16768;-0,00432
10,07400;-0,16785;-0,00427
10,08400;-0,16802;-0,00446
10,09400;-0,16819;-0,00414
10,10400;-0,16836;-0,00441
10,11400;-0,16853;-0,00414
10,12400;-0,16870;-0,00435
10,13400;-0,16887;-0,00424
10,14400;-0,16898;-0,00440
10,15400;-0,16915;-0,00431
10,16400;-0,16932;-0,00451
10,17400;-0,16949;-0,00439
10,18400;-0,16966;-0,00433
10,19400;-0,16983;-0,00444
10,20400;-0,17000;-0,00425
10,21400;-0,17017;-0,00449
10,22400;-0,17034;-0,00420
10,23400;-0,17051;-0,00454
10,24400;-0,17074;-0,00433
10,25400;-0,17085;-0,00451
10,26400;-0,17102;-0,00445
10,27400;-0,17119;-0,00444
10,28400;-0,17142;-0,00448
10,29400;-0,17153;-0,00442
10,30400;-0,17170;-0,00458
10,31400;-0,17187;-0,00421
10,32400;-0,17204;-0,00464
10,33400;-0,17221;-0,00423
10,34400;-0,17232;-0,00459
10,35400;-0,17249;-0,00438
10,36400;-0,17266;-0,00463
10,37400;-0,17283;-0,00437
10,38400;-0,17300;-0,00457
10,39400;-0,17317;-0,00466
10,40400;-0,17334;-0,00439
10,41400;-0,17351;-0,00478
10,42400;-0,17368;-0,00431
10,43400;-0,17385;-0,00472
10,44400;-0,17397;-0,00439
10,45400;-0,17414;-0,00468
10,46400;-0,17425;-0,00432
10,47400;-0,17442;-0,00473
10,48400;-0,17459;-0,00445
10,49400;-0,17476;-0,00456
10,50400;-0,17493;-0,00470
10,51400;-0,17510;-0,00445
10,52400;-0,17527;-0,00466
10,53400;-0,17544;-0,00447
10,54400;-0,17567;-0,00483
10,55400;-0,17584;-0,00431
10,56400;-0,17601;-0,00478
10,57400;-0,17618;-0,00452
10,58400;-0,17635;-0,00473
10,59400;-0,17652;-0,00456
10,60400;-0,17669;-0,00469
10,61400;-0,17680;-0,00456
10,62400;-0,17697;-0,00469
10,63400;-0,17714;-0,00475
10,64400;-0,17731;-0,00451
10,65400;-0,17748;-0,00474
10,66400;-0,17759;-0,00470
10,67400;-0,17776;-0,00470
10,68400;-0,17788;-0,00467
10,69400;-0,17805;-0,00477
10,70400;-0,17827;-0,00472
10,71400;-0,17844;-0,00477
10,72400;-0,17861;-0,00482
10,73400;-0,17884;-0,00475
10,74400;-0,17901;-0,00479
10,75400;-0,17918;-0,00482
10,76400;-0,17935;-0,00474
10,77400;-0,17952;-0,00475
10,78400;-0,17969;-0,00479
10,79400;-0,17986;-0,00472
10,80400;-0,18003;-0,00477
10,81400;-0,18020;-0,00482
10,82400;-0,18037;-0,00483
10,83400;-0,18054;-0,00483
10,84400;-0,18071;-0,00498
10,85400;-0,18094;-0,00483
10,86400;-0,18111;-0,00490
10,87400;-0,18128;-0,00483
10,88400;-0,18145;-0,00493
10,89400;-0,18162;-0,00485
10,90400;-0,18179;-0,00493
10,91400;-0,18190;-0,00487
10,92400;-0,18207;-0,00491
10,93400;-0,18224;-0,00501
10,94400;-0,18241;-0,00489
10,95400;-0,18252;-0,00495
10,96400;-0,18269;-0,00495
10,97400;-0,18286;-0,00503
10,98400;-0,18298;-0,00498
10,99400;-0,18315;-0,00500
11,00400;-0,18332;-0,00503
11,01400;-0,18349;-0,00503
11,02400;-0,18366;-0,00506
11,03400;-0,18377;-0,00499
11,04400;-0,18394;-0,00506
11,05400;-0,18411;-0,00503
11,06400;-0,18434;-0,00504
11,07400;-0,18445;-0,00517
11,08400;-0,18462;-0,00509
11,09400;-0,18479;-0,00510
11,10400;-0,18490;-0,00513
11,11400;-0,18507;-0,00515
11,12400;-0,18524;-0,00511
11,13400;-0,18536;-0,00520
11,14400;-0,18553;-0,00517
11,15400;-0,18575;-0,00512
11,16400;-0,18592;-0,00531
11,17400;-0,18609;-0,00514
11,18400;-0,18632;-0,00521
11,19400;-0,18649;-0,00514
11,20400;-0,18666;-0,00528
11,21400;-0,18683;-0,00516
11,22400;-0,18700;-0,00529
11,23400;-0,18723;-0,00519
11,24400;-0,18734;-0,00520
11,25400;-0,18757;-0,00528
11,26400;-0,18774;-0,00527
11,27400;-0,18791;-0,00539
11,28400;-0,18808;-0,00521
11,29400;-0,18819;-0,00537
11,30400;-0,18836;-0,00518
11,31400;-0,18853;-0,00545
11,32400;-0,18864;-0,00520
11,33400;-0,18881;-0,00539
11,34400;-0,18898;-0,00536
11,35400;-0,18915;-0,00540
11,36400;-0,18932;-0,00548
11,37400;-0,18949;-0,00539
11,38400;-0,18966;-0,00550
11,39400;-0,18989;-0,00540
11,40400;-0,19006;-0,00548
11,41400;-0,19023;-0,00540
11,42400;-0,19034;-0,00543
11,43400;-0,19051;-0,00545
11,44400;-0,19068;-0,00550
11,45400;-0,19085;-0,00541
11,46400;-0,19102;-0,00548
11,47400;-0,19119;-0,00549
11,48400;-0,19136;-0,00545
11,49400;-0,19153;-0,00558
11,50400;-0,19170;-0,00551
11,51400;-0,19187;-0,00550
11,52400;-0,19204;-0,00559
11,53400;-0,19221;-0,00548
11,54400;-0,19238;-0,00558
11,55400;-0,19255;-0,00549
11,56400;-0,19272;-0,00557
11,57400;-0,19289;-0,00562
11,58400;-0,19306;-0,00552
11,59400;-0,19323;-0,00565
11,60400;-0,19335;-0,00554
11,61400;-0,19352;-0,00562
11,62400;-0,19369;-0,00556
11,63400;-0,19386;-0,00570
11,64400;-0,19397;-0,00556
11,65400;-0,19414;-0,00580
11,66400;-0,19431;-0,00557
11,67400;-0,19448;-0,00578
11,68400;-0,19465;-0,00569
11,69400;-0,19482;-0,00567
11,70400;-0,19499;-0,00575
11,71400;-0,19516;-0,00568
11,72400;-0,19527;-0,00578
11,73400;-0,19544;-0,00571
11,74400;-0,19561;-0,00577
11,75400;-0,19573;-0,00573
11,76400;-0,19590;-0,00580
11,77400;-0,19607;-0,00579
11,78400;-0,19624;-0,00586
11,79400;-0,19641;-0,00583
11,80400;-0,19663;-0,00575
11,81400;-0,19680;-0,00593
11,82400;-0,19697;-0,00576
11,83400;-0,19714;-0,00592
11,84400;-0,19731;-0,00585
11,85400;-0,19754;-0,00588
11,86400;-0,19771;-0,00597
11,87400;-0,19788;-0,00580
11,88400;-0,19805;-0,00594
11,89400;-0,19822;-0,00582
11,90400;-0,19839;-0,00589
11,91400;-0,19856;-0,00580
11,92400;-0,19873;-0,00605
11,93400;-0,19884;-0,00580
11,94400;-0,19901;-0,00597
11,95400;-0,19913;-0,00601
11,96400;-0,19930;-0,00588
11,97400;-0,19947;-0,00604
11,98400;-0,19964;-0,00590
11,99400;-0,19981;-0,00613
12,00400;-0,19998;-0,00587
12,01400;-0,20015;-0,00621
12,02400;-0,20032;-0,00596
12,03400;-0,20054;-0,00603
12,04400;-0,20071;-0,00606
12,05400;-0,20088;-0,00608
12,06400;-0,20105;-0,00596
12,07400;-0,20122;-0,00599
12,08400;-0,20139;-0,00612
12,09400;-0,20156;-0,00585
12,10400;-0,20173;-0,00625
12,11400;-0,20190;-0,00602
12,12400;-0,20202;-0,00621
12,13400;-0,20224;-0,00599
12,14400;-0,20241;-0,00628
12,15400;-0,20258;-0,00608
12,16400;-0,20275;-0,00628
12,17400;-0,20292;-0,00624
12,18400;-0,20309;-0,00618
12,19400;-0,20326;-0,00626
12,20400;-0,20343;-0,00618
12,21400;-0,20355;-0,00631
12,22400;-0,20372;-0,00612
12,23400;-0,20389;-0,00633
12,24400;-0,20406;-0,00620
12,25400;-0,20423;-0,00640
12,26400;-0,20434;-0,00622
12,27400;-0,20451;-0,00639
12,28400;-0,20468;-0,00625
12,29400;-0,20485;-0,00645
12,30400;-0,20496;-0,00637
12,31400;-0,20513;-0,00634
12,32400;-0,20530;-0,00642
12,33400;-0,20547;-0,00635
12,34400;-0,20564;-0,00637
12,35400;-0,20581;-0,00638
12,36400;-0,20598;-0,00639
12,37400;-0,20615;-0,00640
12,38400;-0,20627;-0,00649
12,39400;-0,20644;-0,00628
12,40400;-0,20655;-0,00650
12,41400;-0,20672;-0,00640
12,42400;-0,20689;-0,00645
12,43400;-0,20706;-0,00656
12,44400;-0,20723;-0,00651
12,45400;-0,20740;-0,00653
12,46400;-0,20757;-0,00663
12,47400;-0,20780;-0,00652
12,48400;-0,20797;-0,00654
12,49400;-0,20819;-0,00662
12,50400;-0,20836;-0,00662
12,51400;-0,20853;-0,00658
12,52400;-0,20870;-0,00659
12,53400;-0,20887;-0,00655
12,54400;-0,20904;-0,00661
12,55400;-0,20921;-0,00666
12,56400;-0,20938;-0,00662
12,57400;-0,20955;-0,00661
12,58400;-0,20972;-0,00662
12,59400;-0,20984;-0,00667
12,60400;-0,21001;-0,00673
12,61400;-0,21012;-0,00669
12,62400;-0,21029;-0,00682
12,63400;-0,21046;-0,00670
12,64400;-0,21063;-0,00684
12,65400;-0,21080;-0,00674
12,66400;-0,21097;-0,00676
12,67400;-0,21114;-0,00676
12,68400;-0,21131;-0,00687
12,69400;-0,21148;-0,00677
12,70400;-0,21171;-0,00687
12,71400;-0,21188;-0,00690
12,72400;-0,21205;-0,00670
12,73400;-0,21222;-0,00685
12,74400;-0,21233;-0,00672
12,75400;-0,21250;-0,00683
12,76400;-0,21267;-0,00685
12,77400;-0,21284;-0,00690
12,78400;-0,21301;-0,00690
12,79400;-0,21318;-0,00690
12,80400;-0,21335;-0,00688
12,81400;-0,21352;-0,00696
12,82400;-0,21369;-0,00689
12,83400;-0,21392;-0,00701
12,84400;-0,21409;-0,00696
12,85400;-0,21426;-0,00698
12,86400;-0,21443;-0,00693
12,87400;-0,21460;-0,00702
12,88400;-0,21477;-0,00706
12,89400;-0,21494;-0,00710
12,90400;-0,21505;-0,00694
12,91400;-0,21522;-0,00709
12,92400;-0,21539;-0,00705
12,93400;-0,21550;-0,00699
12,94400;-0,21567;-0,00714
12,95400;-0,21584;-0,00707
12,96400;-0,21601;-0,00718
12,97400;-0,21618;-0,00718
12,98400;-0,21635;-0,00715
12,99400;-0,21652;-0,00716
13,00400;-0,21669;-0,00724
13,01400;-0,21686;-0,00723
13,02400;-0,21703;-0,00733
13,03400;-0,21720;-0,00723
13,04400;-0,21732;-0,00716
13,05400;-0,21749;-0,00722
13,06400;-0,21760;-0,00723
13,07400;-0,21777;-0,00718
13,08400;-0,21794;-0,00726
13,09400;-0,21811;-0,00727
13,10400;-0,21828;-0,00740
13,11400;-0,21845;-0,00736
13,12400;-0,21862;-0,00737
13,13400;-0,21879;-0,00733
13,14400;-0,21896;-0,00734
13,15400;-0,21913;-0,00740
13,16400;-0,21930;-0,00743
13,17400;-0,21947;-0,00731
13,18400;-0,21964;-0,00743
13,19400;-0,21987;-0,00744
13,20400;-0,21998;-0,00757
13,21400;-0,22015;-0,00745
13,22400;-0,22032;-0,00757
13,23400;-0,22049;-0,00738
13,24400;-0,22060;-0,00747
13,25400;-0,22077;-0,00745
13,26400;-0,22094;-0,00756
13,27400;-0,22106;-0,00752
13,28400;-0,22123;-0,00752
13,29400;-0,22140;-0,00771
13,30400;-0,22162;-0,00758
13,31400;-0,22179;-0,00770
13,32400;-0,22196;-0,00755
13,33400;-0,22219;-0,00767
13,34400;-0,22236;-0,00753
13,35400;-0,22253;-0,00771
13,36400;-0,22270;-0,00759
13,37400;-0,22293;-0,00766
13,38400;-0,22304;-0,00759
13,39400;-0,22321;-0,00769
13,40400;-0,22338;-0,00774
13,41400;-0,22355;-0,00773
13,42400;-0,22372;-0,00778
13,43400;-0,22389;-0,00773
13,44400;-0,22406;-0,00786
13,45400;-0,22423;-0,00780
13,46400;-0,22440;-0,00783
13,47400;-0,22457;-0,00777
13,48400;-0,22474;-0,00788
13,49400;-0,22491;-0,00779
13,50400;-0,22508;-0,00796
13,51400;-0,22525;-0,00780
13,52400;-0,22536;-0,00782
13,53400;-0,22553;-0,00792
13,54400;-0,22570;-0,00788
13,55400;-0,22587;-0,00791
13,56400;-0,22599;-0,00786
13,57400;-0,22616;-0,00786
13,58400;-0,22633;-0,00786
13,59400;-0,22644;-0,00810
13,60400;-0,22661;-0,00797
13,61400;-0,22678;-0,00802
13,62400;-0,22695;-0,00801
13,63400;-0,22712;-0,00807
13,64400;-0,22729;-0,00804
13,65400;-0,22746;-0,00801
13,66400;-0,22763;-0,00797
13,67400;-0,22780;-0,00800
13,68400;-0,22797;-0,00814
13,69400;-0,22808;-0,00804
13,70400;-0,22825;-0,00805
13,71400;-0,22837;-0,00801
13,72400;-0,22854;-0,00818
13,73400;-0,22871;-0,00816
13,74400;-0,22888;-0,00817
13,75400;-0,22910;-0,00814
13,76400;-0,22927;-0,00814
13,77400;-0,22944;-0,00822
13,78400;-0,22967;-0,00820
13,79400;-0,22984;-0,00824
13,80400;-0,23001;-0,00821
13,81400;-0,23018;-0,00827
13,82400;-0,23035;-0,00833
13,83400;-0,23052;-0,00832
13,84400;-0,23069;-0,00823
13,85400;-0,23092;-0,00838
13,86400;-0,23103;-0,00831
13,87400;-0,23120;-0,00831
13,88400;-0,23137;-0,00833
13,89400;-0,23154;-0,00837
13,90400;-0,23165;-0,00838
13,91400;-0,23182;-0,00845
13,92400;-0,23194;-0,00843
13,93400;-0,23211;-0,00844
13,94400;-0,23228;-0,00851
13,95400;-0,23245;-0,00851
13,96400;-0,23262;-0,00851
13,97400;-0,23284;-0,00855
13,98400;-0,23301;-0,00852
13,99400;-0,23318;-0,00851
14,00400;-0,23335;-0,00854
14,01400;-0,23352;-0,00858
14,02400;-0,23369;-0,00850
14,03400;-0,23386;-0,00860
14,04400;-0,23403;-0,00852
14,05400;-0,23415;-0,00856
14,06400;-0,23432;-0,00859
14,07400;-0,23449;-0,00864
14,08400;-0,23466;-0,00859
14,09400;-0,23483;-0,00871
14,10400;-0,23500;-0,00871
14,11400;-0,23517;-0,00859
14,12400;-0,23534;-0,00887
14,13400;-0,23551;-0,00866
14,14400;-0,23573;-0,00878
14,15400;-0,23590;-0,00873
14,16400;-0,23602;-0,00885
14,17400;-0,23624;-0,00877
14,18400;-0,23636;-0,00886
14,19400;-0,23658;-0,00883
14,20400;-0,23670;-0,00880
14,21400;-0,23687;-0,00897
14,22400;-0,23704;-0,00888
14,23400;-0,23721;-0,00896
14,24400;-0,23738;-0,00877
14,25400;-0,23749;-0,00903
14,26400;-0,23766;-0,00870
14,27400;-0,23783;-0,00902
14,28400;-0,23800;-0,00877
14,29400;-0,23817;-0,00903
14,30400;-0,23834;-0,00888
14,31400;-0,23851;-0,00906
14,32400;-0,23868;-0,00900
14,33400;-0,23885;-0,00894
14,34400;-0,23896;-0,00905
14,35400;-0,23913;-0,00888
14,36400;-0,23925;-0,00911
14,37400;-0,23942;-0,00881
14,38400;-0,23959;-0,00918
14,39400;-0,23976;-0,00902
14,40400;-0,23993;-0,00928
14,41400;-0,24015;-0,00902
14,42400;-0,24032;-0,00918
14,43400;-0,24049;-0,00912
14,44400;-0,24066;-0,00919
14,45400;-0,24083;-0,00914
14,46400;-0,24100;-0,00908
14,47400;-0,24117;-0,00928
14,48400;-0,24134;-0,00913
14,49400;-0,24151;-0,00938
14,50400;-0,24168;-0,00919
14,51400;-0,24185;-0,00942
14,52400;-0,24202;-0,00914
14,53400;-0,24219;-0,00935
14,54400;-0,24236;-0,00916
14,55400;-0,24248;-0,00922
14,56400;-0,24265;-0,00939
14,57400;-0,24282;-0,00933
14,58400;-0,24299;-0,00946
14,59400;-0,24310;-0,00939
14,60400;-0,24333;-0,00947
14,61400;-0,24350;-0,00936
14,62400;-0,24367;-0,00952
14,63400;-0,24389;-0,00936
14,64400;-0,24406;-0,00952
14,65400;-0,24423;-0,00938
14,66400;-0,24440;-0,00961
14,67400;-0,24457;-0,00945
14,68400;-0,24474;-0,00959
14,69400;-0,24486;-0,00955
14,70400;-0,24503;-0,00962
14,71400;-0,24520;-0,00959
14,72400;-0,24537;-0,00969
14,73400;-0,24559;-0,00957
14,74400;-0,24571;-0,00960
14,75400;-0,24588;-0,00968
14,76400;-0,24605;-0,00949
14,77400;-0,24622;-0,00974
14,78400;-0,24639;-0,00949
14,79400;-0,24656;-0,00979
14,80400;-0,24673;-0,00954
14,81400;-0,24690;-0,00981
14,82400;-0,24707;-0,00957
14,83400;-0,24718;-0,00991
14,84400;-0,24735;-0,00958
14,85400;-0,24752;-0,00983
14,86400;-0,24769;-0,00962
14,87400;-0,24780;-0,00970
14,88400;-0,24797;-0,00982
14,89400;-0,24814;-0,00965
14,90400;-0,24831;-0,00997
14,91400;-0,24843;-0,00972
14,92400;-0,24860;-0,00994
14,93400;-0,24877;-0,00976
14,94400;-0,24894;-0,01002
14,95400;-0,24911;-0,00965
14,96400;-0,24928;-0,01011
14,97400;-0,24945;-0,00981
14,98400;-0,24962;-0,01000
14,99400;-0,24973;-0,00986
15,00400;-0,24990;-0,00989
15,01400;-0,25001;-0,00999
15,02400;-0,25018;-0,00997
15,03400;-0,25035;-0,01009
15,04400;-0,25058;-0,00991
15,05400;-0,25075;-0,01006
15,06400;-0,25092;-0,00992
15,07400;-0,25115;-0,01014
15,08400;-0,25132;-0,00991
15,09400;-0,25149;-0,01023
15,10400;-0,25166;-0,01010
15,11400;-0,25188;-0,01019
15,12400;-0,25205;-0,01010
15,13400;-0,25222;-0,01018
15,14400;-0,25239;-0,01000
15,15400;-0,25251;-0,01016
15,16400;-0,25268;-0,01006
15,17400;-0,25285;-0,01014
15,18400;-0,25296;-0,01031
15,19400;-0,25313;-0,01010
15,20400;-0,25330;-0,01038
15,21400;-0,25347;-0,01018
15,22400;-0,25364;-0,01043
15,23400;-0,25381;-0,01009
15,24400;-0,25398;-0,01053
15,25400;-0,25415;-0,01007
15,26400;-0,25438;-0,01046
15,27400;-0,25455;-0,01026
15,28400;-0,25472;-0,01038
15,29400;-0,25489;-0,01035
15,30400;-0,25506;-0,01039
15,31400;-0,25523;-0,01048
15,32400;-0,25534;-0,01020
15,33400;-0,25551;-0,01063
15,34400;-0,25568;-0,01021
15,35400;-0,25585;-0,01061
15,36400;-0,25596;-0,01041
15,37400;-0,25613;-0,01065
15,38400;-0,25636;-0,01045
15,39400;-0,25647;-0,01067
15,40400;-0,25664;-0,01044
15,41400;-0,25681;-0,01049
15,42400;-0,25698;-0,01058
15,43400;-0,25721;-0,01045
15,44400;-0,25738;-0,01068
15,45400;-0,25755;-0,01044
15,46400;-0,25772;-0,01055
15,47400;-0,25789;-0,01059
15,48400;-0,25806;-0,01068
15,49400;-0,25823;-0,01068
15,50400;-0,25840;-0,01066
15,51400;-0,25857;-0,01059
15,52400;-0,25868;-0,01062
15,53400;-0,25885;-0,01063
15,54400;-0,25902;-0,01064
15,55400;-0,25919;-0,01066
15,56400;-0,25936;-0,01064
15,57400;-0,25953;-0,01076
15,58400;-0,25965;-0,01080
15,59400;-0,25982;-0,01064
15,60400;-0,26004;-0,01082
15,61400;-0,26021;-0,01063
15,62400;-0,26038;-0,01084
15,63400;-0,26050;-0,01076
15,64400;-0,26067;-0,01075
15,65400;-0,26078;-0,01076
15,66400;-0,26095;-0,01084
15,67400;-0,26112;-0,01074
15,68400;-0,26123;-0,01082
15,69400;-0,26140;-0,01085
15,70400;-0,26157;-0,01088
15,71400;-0,26180;-0,01103
15,72400;-0,26197;-0,01083
15,73400;-0,26214;-0,01100
15,74400;-0,26231;-0,01081
15,75400;-0,26248;-0,01104
15,76400;-0,26265;-0,01089
15,77400;-0,26282;-0,01097
15,78400;-0,26299;-0,01099
15,79400;-0,26316;-0,01104
15,80400;-0,26333;-0,01106
15,81400;-0,26350;-0,01102
15,82400;-0,26361;-0,01112
15,83400;-0,26378;-0,01091
15,84400;-0,26395;-0,01120
15,85400;-0,26412;-0,01106
15,86400;-0,26424;-0,01120
15,87400;-0,26441;-0,01109
15,88400;-0,26463;-0,01121
15,89400;-0,26480;-0,01119
15,90400;-0,26497;-0,01117
15,91400;-0,26520;-0,01137
15,92400;-0,26537;-0,01119
15,93400;-0,26554;-0,01128
15,94400;-0,26571;-0,01116
15,95400;-0,26588;-0,01131
15,96400;-0,26605;-0,01112
15,97400;-0,26622;-0,01126
15,98400;-0,26639;-0,01123
15,99400;-0,26656;-0,01113
16,00400;-0,26673;-0,01140
16,01400;-0,26684;-0,01127
16,02400;-0,26707;-0,01137
16,03400;-0,26724;-0,01133
16,04400;-0,26735;-0,01144
16,05400;-0,26752;-0,01126
16,06400;-0,26769;-0,01149
16,07400;-0,26786;-0,01137
16,08400;-0,26809;-0,01140
16,09400;-0,26826;-0,01145
16,10400;-0,26837;-0,01155
16,11400;-0,26854;-0,01151
16,12400;-0,26871;-0,01146
16,13400;-0,26888;-0,01155
16,14400;-0,26905;-0,01145
16,15400;-0,26922;-0,01153
16,16400;-0,26934;-0,01157
16,17400;-0,26951;-0,01147
16,18400;-0,26968;-0,01146
16,19400;-0,26979;-0,01173
16,20400;-0,26996;-0,01150
16,21400;-0,27013;-0,01178
16,22400;-0,27030;-0,01155
16,23400;-0,27047;-0,01176
16,24400;-0,27064;-0,01166
16,25400;-0,27081;-0,01172
16,26400;-0,27098;-0,01161
16,27400;-0,27115;-0,01168
16,28400;-0,27126;-0,01174
16,29400;-0,27143;-0,01175
16,30400;-0,27155;-0,01190
16,31400;-0,27172;-0,01170
16,32400;-0,27189;-0,01189
16,33400;-0,27206;-0,01170
16,34400;-0,27223;-0,01198
16,35400;-0,27245;-0,01166
16,36400;-0,27262;-0,01188
16,37400;-0,27285;-0,01190
16,38400;-0,27302;-0,01185
16,39400;-0,27319;-0,01197
16,40400;-0,27336;-0,01190
16,41400;-0,27353;-0,01199
16,42400;-0,27376;-0,01183
16,43400;-0,27393;-0,01208
16,44400;-0,27410;-0,01185
16,45400;-0,27427;-0,01203
16,46400;-0,27444;-0,01198
16,47400;-0,27455;-0,01210
16,48400;-0,27472;-0,01197
16,49400;-0,27489;-0,01217
16,50400;-0,27500;-0,01215
16,51400;-0,27517;-0,01194
16,52400;-0,27534;-0,01225
16,53400;-0,27551;-0,01205
16,54400;-0,27568;-0,01221
16,55400;-0,27585;-0,01214
16,56400;-0,27608;-0,01231
16,57400;-0,27625;-0,01219
16,58400;-0,27642;-0,01231
16,59400;-0,27659;-0,01216
16,60400;-0,27670;-0,01225
16,61400;-0,27687;-0,01221
16,62400;-0,27704;-0,01225
16,63400;-0,27721;-0,01238
16,64400;-0,27733;-0,01225
16,65400;-0,27750;-0,01238
16,66400;-0,27767;-0,01227
16,67400;-0,27784;-0,01249
16,68400;-0,27801;-0,01228
16,69400;-0,27818;-0,01238
16,70400;-0,27835;-0,01227
16,71400;-0,27852;-0,01247
16,72400;-0,27874;-0,01241
16,73400;-0,27891;-0,01258
16,74400;-0,27908;-0,01246
16,75400;-0,27925;-0,01252
16,76400;-0,27942;-0,01261
16,77400;-0,27959;-0,01242
16,78400;-0,27976;-0,01263
16,79400;-0,27993;-0,01234
16,80400;-0,28010;-0,01277
16,81400;-0,28022;-0,01248
16,82400;-0,28039;-0,01282
16,83400;-0,28056;-0,01255
16,84400;-0,28067;-0,01271
16,85400;-0,28084;-0,01258
16,86400;-0,28101;-0,01277
16,87400;-0,28118;-0,01263
16,88400;-0,28135;-0,01267
16,89400;-0,28146;-0,01278
16,90400;-0,28169;-0,01273
16,91400;-0,28186;-0,01299
16,92400;-0,28197;-0,01261
16,93400;-0,28214;-0,01288
16,94400;-0,28226;-0,01257
16,95400;-0,28243;-0,01294
16,96400;-0,28260;-0,01276
16,97400;-0,28271;-0,01292
16,98400;-0,28294;-0,01277
16,99400;-0,28311;-0,01300
17,00400;-0,28328;-0,01289
17,01400;-0,28345;-0,01293
17,02400;-0,28362;-0,01294
17,03400;-0,28384;-0,01274
17,04400;-0,28401;-0,01300
17,05400;-0,28418;-0,01282
17,06400;-0,28435;-0,01311
17,07400;-0,28452;-0,01277
17,08400;-0,28469;-0,01309
17,09400;-0,28486;-0,01292
17,10400;-0,28503;-0,01320
17,11400;-0,28515;-0,01296
17,12400;-0,28532;-0,01307
17,13400;-0,28549;-0,01290
17,14400;-0,28566;-0,01309
17,15400;-0,28583;-0,01308
17,16400;-0,28594;-0,01302
17,17400;-0,28611;-0,01318
17,18400;-0,28628;-0,01304
17,19400;-0,28651;-0,01335
17,20400;-0,28668;-0,01310
17,21400;-0,28685;-0,01333
17,22400;-0,28702;-0,01292
17,23400;-0,28719;-0,01339
17,24400;-0,28736;-0,01305
17,25400;-0,28753;-0,01332
17,26400;-0,28770;-0,01316
17,27400;-0,28787;-0,01328
17,28400;-0,28804;-0,01322
17,29400;-0,28821;-0,01328
17,30400;-0,28838;-0,01336
17,31400;-0,28855;-0,01315
17,32400;-0,28872;-0,01352
17,33400;-0,28889;-0,01318
17,34400;-0,28906;-0,01349
17,35400;-0,28923;-0,01319
17,36400;-0,28940;-0,01350
17,37400;-0,28957;-0,01316
17,38400;-0,28974;-0,01352
17,39400;-0,28991;-0,01336
17,40400;-0,29008;-0,01337
17,41400;-0,29019;-0,01352
17,42400;-0,29036;-0,01337
17,43400;-0,29053;-0,01348
17,44400;-0,29070;-0,01342
17,45400;-0,29087;-0,01355
17,46400;-0,29104;-0,01330
17,47400;-0,29115;-0,01356
17,48400;-0,29132;-0,01332
17,49400;-0,29144;-0,01354
17,50400;-0,29161;-0,01357
17,51400;-0,29178;-0,01356
17,52400;-0,29195;-0,01359
17,53400;-0,29206;-0,01366
17,54400;-0,29229;-0,01368
17,55400;-0,29246;-0,01343
17,56400;-0,29263;-0,01374
17,57400;-0,29280;-0,01346
17,58400;-0,29291;-0,01372
17,59400;-0,29308;-0,01362
17,60400;-0,29319;-0,01372
17,61400;-0,29336;-0,01363
17,62400;-0,29353;-0,01381
17,63400;-0,29376;-0,01375
17,64400;-0,29393;-0,01381
17,65400;-0,29410;-0,01375
17,66400;-0,29433;-0,01368
17,67400;-0,29450;-0,01387
17,68400;-0,29467;-0,01373
17,69400;-0,29484;-0,01395
17,70400;-0,29501;-0,01378
17,71400;-0,29518;-0,01404
17,72400;-0,29540;-0,01392
17,73400;-0,29557;-0,01401
17,74400;-0,29574;-0,01392
17,75400;-0,29586;-0,01391
17,76400;-0,29603;-0,01385
17,77400;-0,29620;-0,01404
17,78400;-0,29631;-0,01396
17,79400;-0,29648;-0,01397
17,80400;-0,29665;-0,01424
17,81400;-0,29682;-0,01392
17,82400;-0,29699;-0,01424
17,83400;-0,29716;-0,01407
17,84400;-0,29733;-0,01413
17,85400;-0,29756;-0,01404
17,86400;-0,29773;-0,01421
17,87400;-0,29790;-0,01411
17,88400;-0,29807;-0,01419
17,89400;-0,29824;-0,01426
17,90400;-0,29835;-0,01413
17,91400;-0,29852;-0,01437
17,92400;-0,29869;-0,01412
17,93400;-0,29886;-0,01443
17,94400;-0,29903;-0,01415
17,95400;-0,29920;-0,01445
17,96400;-0,29937;-0,01424
17,97400;-0,29954;-0,01441
17,98400;-0,29971;-0,01436
17,99400;-0,29988;-0,01438
18,00400;-0,30011;-0,01442
18,01400;-0,30028;-0,01437
18,02400;-0,30039;-0,01449
18,03400;-0,30056;-0,01428
18,04400;-0,30073;-0,01458
18,05400;-0,30090;-0,01424
18,06400;-0,30107;-0,01461
18,07400;-0,30124;-0,01442
18,08400;-0,30141;-0,01464
18,09400;-0,30158;-0,01449
18,10400;-0,30169;-0,01460
18,11400;-0,30186;-0,01444
18,12400;-0,30203;-0,01457
18,13400;-0,30220;-0,01449
18,14400;-0,30232;-0,01462
18,15400;-0,30249;-0,01463
18,16400;-0,30266;-0,01461
18,17400;-0,30283;-0,01474
18,18400;-0,30300;-0,01457
18,19400;-0,30317;-0,01467
18,20400;-0,30334;-0,01467
18,21400;-0,30351;-0,01476
18,22400;-0,30362;-0,01464
18,23400;-0,30379;-0,01484
18,24400;-0,30390;-0,01460
18,25400;-0,30402;-0,01480
18,26400;-0,30424;-0,01467
18,27400;-0,30436;-0,01479
18,28400;-0,30458;-0,01476
18,29400;-0,30475;-0,01487
18,30400;-0,30492;-0,01483
18,31400;-0,30509;-0,01494
18,32400;-0,30526;-0,01490
18,33400;-0,30549;-0,01484
18,34400;-0,30560;-0,01498
18,35400;-0,30583;-0,01469
18,36400;-0,30594;-0,01503
18,37400;-0,30611;-0,01472
18,38400;-0,30628;-0,01505
18,39400;-0,30645;-0,01494
18,40400;-0,30662;-0,01501
18,41400;-0,30674;-0,01500
18,42400;-0,30691;-0,01502
18,43400;-0,30708;-0,01502
18,44400;-0,30725;-0,01489
18,45400;-0,30742;-0,01510
18,46400;-0,30759;-0,01490
18,47400;-0,30776;-0,01517
18,48400;-0,30798;-0,01501
18,49400;-0,30815;-0,01525
18,50400;-0,30838;-0,01497
18,51400;-0,30855;-0,01526
18,52400;-0,30872;-0,01502
18,53400;-0,30889;-0,01510
18,54400;-0,30900;-0,01522
18,55400;-0,30917;-0,01512
18,56400;-0,30934;-0,01516
18,57400;-0,30951;-0,01524
18,58400;-0,30974;-0,01534
18,59400;-0,30991;-0,01508
18,60400;-0,31008;-0,01545
18,61400;-0,31025;-0,01510
18,62400;-0,31042;-0,01539
18,63400;-0,31059;-0,01524
18,64400;-0,31076;-0,01531
18,65400;-0,31093;-0,01520
18,66400;-0,31110;-0,01539
18,67400;-0,31127;-0,01534
18,68400;-0,31144;-0,01543
18,69400;-0,31155;-0,01536
18,70400;-0,31172;-0,01534
18,71400;-0,31189;-0,01552
18,72400;-0,31206;-0,01539
18,73400;-0,31223;-0,01564
18,74400;-0,31235;-0,01531
18,75400;-0,31252;-0,01567
18,76400;-0,31269;-0,01538
18,77400;-0,31280;-0,01569
18,78400;-0,31297;-0,01535
18,79400;-0,31314;-0,01561
18,80400;-0,31331;-0,01553
18,81400;-0,31342;-0,01578
18,82400;-0,31359;-0,01566
18,83400;-0,31376;-0,01566
18,84400;-0,31399;-0,01577
18,85400;-0,31410;-0,01549
18,86400;-0,31433;-0,01583
18,87400;-0,31444;-0,01548
18,88400;-0,31461;-0,01581
18,89400;-0,31478;-0,01537
18,90400;-0,31490;-0,01595
18,91400;-0,31507;-0,01555
18,92400;-0,31524;-0,01603
18,93400;-0,31541;-0,01569
18,94400;-0,31563;-0,01588
18,95400;-0,31580;-0,01592
18,96400;-0,31597;-0,01576
18,97400;-0,31614;-0,01599
18,98400;-0,31631;-0,01558
18,99400;-0,31654;-0,01612
19,00400;-0,31671;-0,01560
19,01400;-0,31688;-0,01624
19,02400;-0,31705;-0,01565
19,03400;-0,31722;-0,01620
19,04400;-0,31739;-0,01573
19,05400;-0,31756;-0,01609
19,06400;-0,31773;-0,01591
19,07400;-0,31784;-0,01592
19,08400;-0,31801;-0,01620
19,09400;-0,31818;-0,01586
19,10400;-0,31835;-0,01634
19,11400;-0,31852;-0,01592
19,12400;-0,31869;-0,01638
19,13400;-0,31886;-0,01587
19,14400;-0,31903;-0,01637
19,15400;-0,31920;-0,01599
19,16400;-0,31937;-0,01627
19,17400;-0,31954;-0,01604
19,18400;-0,31966;-0,01620
19,19400;-0,31983;-0,01618
19,20400;-0,32000;-0,01610
19,21400;-0,32017;-0,01647
19,22400;-0,32034;-0,01604
19,23400;-0,32051;-0,01647
19,24400;-0,32068;-0,01617
19,25400;-0,32085;-0,01638
19,26400;-0,32102;-0,01620
19,27400;-0,32124;-0,01640
19,28400;-0,32141;-0,01616
19,29400;-0,32158;-0,01648
19,30400;-0,32175;-0,01642
19,31400;-0,32192;-0,01638
19,32400;-0,32209;-0,01650
19,33400;-0,32226;-0,01640
19,34400;-0,32243;-0,01654
19,35400;-0,32260;-0,01637
19,36400;-0,32272;-0,01647
19,37400;-0,32289;-0,01636
19,38400;-0,32300;-0,01652
19,39400;-0,32317;-0,01646
19,40400;-0,32334;-0,01659
19,41400;-0,32351;-0,01644
19,42400;-0,32362;-0,01661
19,43400;-0,32379;-0,01659
19,44400;-0,32396;-0,01661
19,45400;-0,32413;-0,01666
19,46400;-0,32430;-0,01651
19,47400;-0,32447;-0,01663
19,48400;-0,32464;-0,01656
19,49400;-0,32481;-0,01679
19,50400;-0,32498;-0,01653
19,51400;-0,32515;-0,01690
19,52400;-0,32532;-0,01647
19,53400;-0,32544;-0,01688
19,54400;-0,32555;-0,01652
19,55400;-0,32572;-0,01683
19,56400;-0,32589;-0,01669
19,57400;-0,32606;-0,01674
19,58400;-0,32623;-0,01690
19,59400;-0,32640;-0,01684
19,60400;-0,32663;-0,01699
19,61400;-0,32680;-0,01670
19,62400;-0,32697;-0,01712
19,63400;-0,32714;-0,01664
19,64400;-0,32731;-0,01716
19,65400;-0,32748;-0,01669
19,66400;-0,32765;-0,01714
19,67400;-0,32782;-0,01680
19,68400;-0,32799;-0,01709
19,69400;-0,32816;-0,01697
19,70400;-0,32833;-0,01700
19,71400;-0,32850;-0,01710
19,72400;-0,32861;-0,01691
19,73400;-0,32878;-0,01727
19,74400;-0,32895;-0,01686
19,75400;-0,32912;-0,01740
19,76400;-0,32929;-0,01691
19,77400;-0,32952;-0,01747
19,78400;-0,32969;-0,01700
19,79400;-0,32986;-0,01742
19,80400;-0,33003;-0,01706
19,81400;-0,33025;-0,01732
19,82400;-0,33037;-0,01724
19,83400;-0,33054;-0,01716
19,84400;-0,33071;-0,01739
19,85400;-0,33088;-0,01718
19,86400;-0,33105;-0,01747
19,87400;-0,33122;-0,01714
19,88400;-0,33139;-0,01760
19,89400;-0,33156;-0,01718
19,90400;-0,33173;-0,01769
19,91400;-0,33190;-0,01730
19,92400;-0,33207;-0,01766
19,93400;-0,33224;-0,01736
19,94400;-0,33241;-0,01756
19,95400;-0,33258;-0,01747
19,96400;-0,33275;-0,01747
19,97400;-0,33292;-0,01763
19,98400;-0,33309;-0,01741
19,99400;-0,33320;-0,01784
20,00400;-0,33337;-0,01737
20,01400;-0,33354;-0,01793
20,02400;-0,33371;-0,01749
20,03400;-0,33382;-0,01791
20,04400;-0,33399;-0,01754
20,05400;-0,33416;-0,01782
20,06400;-0,33428;-0,01756
20,07400;-0,33445;-0,01780
20,08400;-0,33462;-0,01782
20,09400;-0,33479;-0,01766
20,10400;-0,33496;-0,01804
20,11400;-0,33513;-0,01774
20,12400;-0,33530;-0,01812
20,13400;-0,33547;-0,01770
20,14400;-0,33569;-0,01802
20,15400;-0,33581;-0,01770
20,16400;-0,33598;-0,01798
20,17400;-0,33615;-0,01778
20,18400;-0,33626;-0,01797
20,19400;-0,33643;-0,01786
20,20400;-0,33660;-0,01798
20,21400;-0,33677;-0,01806
20,22400;-0,33694;-0,01786
20,23400;-0,33711;-0,01820
20,24400;-0,33728;-0,01786
20,25400;-0,33751;-0,01817
20,26400;-0,33768;-0,01798
20,27400;-0,33785;-0,01815
20,28400;-0,33802;-0,01792
20,29400;-0,33819;-0,01826
20,30400;-0,33836;-0,01807
20,31400;-0,33853;-0,01818
20,32400;-0,33870;-0,01817
20,33400;-0,33887;-0,01812
20,34400;-0,33904;-0,01832
20,35400;-0,33915;-0,01807
20,36400;-0,33932;-0,01836
20,37400;-0,33949;-0,01810
20,38400;-0,33960;-0,01839
20,39400;-0,33977;-0,01825
20,40400;-0,33994;-0,01845
20,41400;-0,34011;-0,01827
20,42400;-0,34028;-0,01845
20,43400;-0,34051;-0,01841
20,44400;-0,34068;-0,01839
20,45400;-0,34085;-0,01844
20,46400;-0,34102;-0,01833
20,47400;-0,34119;-0,01856
20,48400;-0,34130;-0,01835
20,49400;-0,34147;-0,01871
20,50400;-0,34164;-0,01836
20,51400;-0,34181;-0,01874
20,52400;-0,34198;-0,01853
20,53400;-0,34215;-0,01869
20,54400;-0,34232;-0,01865
20,55400;-0,34255;-0,01861
20,56400;-0,34272;-0,01869
20,57400;-0,34289;-0,01861
20,58400;-0,34306;-0,01883
20,59400;-0,34329;-0,01852
20,60400;-0,34346;-0,01885
20,61400;-0,34357;-0,01856
20,62400;-0,34374;-0,01880
20,63400;-0,34391;-0,01863
20,64400;-0,34408;-0,01881
20,65400;-0,34425;-0,01871
20,66400;-0,34436;-0,01873
20,67400;-0,34453;-0,01892
20,68400;-0,34465;-0,01868
20,69400;-0,34482;-0,01903
20,70400;-0,34499;-0,01867
20,71400;-0,34516;-0,01909
20,72400;-0,34527;-0,01870
20,73400;-0,34544;-0,01902
20,74400;-0,34561;-0,01880
20,75400;-0,34578;-0,01898
20,76400;-0,34595;-0,01879
20,77400;-0,34612;-0,01892
20,78400;-0,34629;-0,01897
20,79400;-0,34646;-0,01891
20,80400;-0,34663;-0,01910
20,81400;-0,34680;-0,01885
20,82400;-0,34691;-0,01913
20,83400;-0,34703;-0,01879
20,84400;-0,34720;-0,01921
20,85400;-0,34737;-0,01886
20,86400;-0,34754;-0,01915
20,87400;-0,34771;-0,01900
20,88400;-0,34788;-0,01928
20,89400;-0,34810;-0,01905
20,90400;-0,34827;-0,01921
20,91400;-0,34844;-0,01918
20,92400;-0,34861;-0,01920
20,93400;-0,34884;-0,01932
20,94400;-0,34901;-0,01910
20,95400;-0,34918;-0,01924
20,96400;-0,34935;-0,01910
20,97400;-0,34952;-0,01944
20,98400;-0,34969;-0,01915
20,99400;-0,34986;-0,01942
21,00400;-0,34997;-0,01918
21,01400;-0,35014;-0,01954
21,02400;-0,35031;-0,01932
21,03400;-0,35048;-0,01934
21,04400;-0,35060;-0,01938
21,05400;-0,35082;-0,01943
21,06400;-0,35099;-0,01953
21,07400;-0,35116;-0,01940
21,08400;-0,35133;-0,01960
21,09400;-0,35150;-0,01936
21,10400;-0,35173;-0,01962
21,11400;-0,35184;-0,01938
21,12400;-0,35201;-0,01957
21,13400;-0,35218;-0,01937
21,14400;-0,35235;-0,01956
21,15400;-0,35252;-0,01952
21,16400;-0,35269;-0,01959
21,17400;-0,35286;-0,01963
21,18400;-0,35303;-0,01967
21,19400;-0,35320;-0,01985
21,20400;-0,35337;-0,01964
21,21400;-0,35354;-0,01985
21,22400;-0,35377;-0,01962
21,23400;-0,35394;-0,01983
21,24400;-0,35411;-0,01961
21,25400;-0,35422;-0,01983
21,26400;-0,35439;-0,01974
21,27400;-0,35456;-0,01984
21,28400;-0,35473;-0,01990
21,29400;-0,35490;-0,01980
21,30400;-0,35507;-0,01996
21,31400;-0,35519;-0,01977
21,32400;-0,35536;-0,01998
21,33400;-0,35547;-0,01974
21,34400;-0,35564;-0,01997
21,35400;-0,35581;-0,01994
21,36400;-0,35598;-0,02016
21,37400;-0,35615;-0,01986
21,38400;-0,35632;-0,02006
21,39400;-0,35649;-0,02001
21,40400;-0,35666;-0,02002
21,41400;-0,35683;-0,02016
21,42400;-0,35700;-0,01995
21,43400;-0,35717;-0,02015
21,44400;-0,35740;-0,01995
21,45400;-0,35751;-0,02020
21,46400;-0,35768;-0,02000
21,47400;-0,35779;-0,02021
21,48400;-0,35796;-0,02010
21,49400;-0,35813;-0,02025
21,50400;-0,35830;-0,02022
21,51400;-0,35847;-0,02026
21,52400;-0,35864;-0,02027
21,53400;-0,35881;-0,02021
21,54400;-0,35898;-0,02048
21,55400;-0,35915;-0,02019
21,56400;-0,35932;-0,02044
21,57400;-0,35949;-0,02031
21,58400;-0,35966;-0,02035
21,59400;-0,35983;-0,02034
21,60400;-0,36000;-0,02048
21,61400;-0,36017;-0,02038
21,62400;-0,36034;-0,02047
21,63400;-0,36046;-0,02047
21,64400;-0,36063;-0,02045
21,65400;-0,36080;-0,02046
21,66400;-0,36091;-0,02042
21,67400;-0,36108;-0,02055
21,68400;-0,36125;-0,02041
21,69400;-0,36136;-0,02066
21,70400;-0,36159;-0,02052
21,71400;-0,36176;-0,02062
21,72400;-0,36193;-0,02063
21,73400;-0,36216;-0,02064
21,74400;-0,36233;-0,02063
21,75400;-0,36250;-0,02076
21,76400;-0,36267;-0,02065
21,77400;-0,36284;-0,02067
21,78400;-0,36295;-0,02073
21,79400;-0,36312;-0,02063
21,80400;-0,36329;-0,02085
21,81400;-0,36346;-0,02077
21,82400;-0,36363;-0,02089
21,83400;-0,36386;-0,02079
21,84400;-0,36403;-0,02096
21,85400;-0,36420;-0,02078
21,86400;-0,36437;-0,02097
21,87400;-0,36454;-0,02092
21,88400;-0,36476;-0,02095
21,89400;-0,36493;-0,02086
21,90400;-0,36510;-0,02096
21,91400;-0,36527;-0,02095
21,92400;-0,36544;-0,02105
21,93400;-0,36561;-0,02098
21,94400;-0,36573;-0,02111
21,95400;-0,36590;-0,02104
21,96400;-0,36601;-0,02115
21,97400;-0,36618;-0,02099
21,98400;-0,36635;-0,02107
21,99400;-0,36652;-0,02110
22,00400;-0,36663;-0,02110
22,01400;-0,36680;-0,02125
22,02400;-0,36697;-0,02127
22,03400;-0,36714;-0,02124
22,04400;-0,36731;-0,02113
22,05400;-0,36754;-0,02137
22,06400;-0,36771;-0,02114
22,07400;-0,36788;-0,02138
22,08400;-0,36805;-0,02115
22,09400;-0,36822;-0,02129
22,10400;-0,36833;-0,02123
22,11400;-0,36845;-0,02141
22,12400;-0,36862;-0,02123
22,13400;-0,36879;-0,02149
22,14400;-0,36890;-0,02143
22,15400;-0,36907;-0,02140
22,16400;-0,36924;-0,02160
22,17400;-0,36947;-0,02134
22,18400;-0,36964;-0,02156
22,19400;-0,36981;-0,02139
22,20400;-0,36998;-0,02166
22,21400;-0,37015;-0,02141
22,22400;-0,37032;-0,02160
22,23400;-0,37049;-0,02142
22,24400;-0,37066;-0,02161
22,25400;-0,37083;-0,02156
22,26400;-0,37100;-0,02167
22,27400;-0,37122;-0,02159
22,28400;-0,37134;-0,02167
22,29400;-0,37151;-0,02175
22,30400;-0,37168;-0,02158
22,31400;-0,37185;-0,02178
22,32400;-0,37202;-0,02159
22,33400;-0,37219;-0,02177
22,34400;-0,37236;-0,02173
22,35400;-0,37253;-0,02190
22,36400;-0,37270;-0,02177
22,37400;-0,37287;-0,02200
22,38400;-0,37304;-0,02177
22,39400;-0,37321;-0,02199
22,40400;-0,37338;-0,02188
22,41400;-0,37355;-0,02188
22,42400;-0,37372;-0,02193
22,43400;-0,37389;-0,02189
22,44400;-0,37406;-0,02202
22,45400;-0,37417;-0,02192
22,46400;-0,37434;-0,02221
22,47400;-0,37451;-0,02202
22,48400;-0,37474;-0,02226
22,49400;-0,37491;-0,02200
22,50400;-0,37508;-0,02221
22,51400;-0,37525;-0,02205
22,52400;-0,37542;-0,02217
22,53400;-0,37559;-0,02217
22,54400;-0,37576;-0,02219
22,55400;-0,37593;-0,02226
22,56400;-0,37610;-0,02213
22,57400;-0,37621;-0,02230
22,58400;-0,37638;-0,02220
22,59400;-0,37655;-0,02232
22,60400;-0,37672;-0,02224
22,61400;-0,37683;-0,02238
22,62400;-0,37700;-0,02226
22,63400;-0,37717;-0,02249
22,64400;-0,37734;-0,02241
22,65400;-0,37751;-0,02238
22,66400;-0,37768;-0,02243
22,67400;-0,37785;-0,02232
22,68400;-0,37802;-0,02245
22,69400;-0,37819;-0,02241
22,70400;-0,37836;-0,02249
22,71400;-0,37853;-0,02248
22,72400;-0,37870;-0,02257
22,73400;-0,37887;-0,02251
22,74400;-0,37904;-0,02259
22,75400;-0,37916;-0,02230
22,76400;-0,37933;-0,02267
22,77400;-0,37944;-0,02248
22,78400;-0,37961;-0,02266
22,79400;-0,37978;-0,02268
22,80400;-0,37995;-0,02268
22,81400;-0,38012;-0,02273
22,82400;-0,38029;-0,02278
22,83400;-0,38046;-0,02273
22,84400;-0,38063;-0,02261
22,85400;-0,38080;-0,02287
22,86400;-0,38097;-0,02256
22,87400;-0,38114;-0,02292
22,88400;-0,38131;-0,02273
22,89400;-0,38148;-0,02283
22,90400;-0,38165;-0,02277
22,91400;-0,38182;-0,02294
22,92400;-0,38199;-0,02289
22,93400;-0,38216;-0,02285
22,94400;-0,38233;-0,02299
22,95400;-0,38250;-0,02280
22,96400;-0,38261;-0,02299
22,97400;-0,38278;-0,02281
22,98400;-0,38290;-0,02308
22,99400;-0,38312;-0,02279
23,00400;-0,38324;-0,02324
23,01400;-0,38346;-0,02294
23,02400;-0,38363;-0,02311
23,03400;-0,38380;-0,02313
23,04400;-0,38397;-0,02315
23,05400;-0,38420;-0,02318
23,06400;-0,38437;-0,02313
23,07400;-0,38454;-0,02325
23,08400;-0,38471;-0,02293
23,09400;-0,38488;-0,02338
23,10400;-0,38499;-0,02303
23,11400;-0,38522;-0,02339
23,12400;-0,38539;-0,02323
23,13400;-0,38556;-0,02338
23,14400;-0,38573;-0,02326
23,15400;-0,38590;-0,02346
23,16400;-0,38607;-0,02325
23,17400;-0,38624;-0,02338
23,18400;-0,38641;-0,02342
23,19400;-0,38658;-0,02338
23,20400;-0,38675;-0,02347
23,21400;-0,38692;-0,02342
23,22400;-0,38709;-0,02354
23,23400;-0,38726;-0,02342
23,24400;-0,38737;-0,02363
23,25400;-0,38754;-0,02339
23,26400;-0,38771;-0,02356
23,27400;-0,38788;-0,02343
23,28400;-0,38800;-0,02358
23,29400;-0,38817;-0,02352
23,30400;-0,38834;-0,02369
23,31400;-0,38851;-0,02362
23,32400;-0,38868;-0,02364
23,33400;-0,38879;-0,02373
23,34400;-0,38896;-0,02362
23,35400;-0,38919;-0,02367
23,36400;-0,38936;-0,02370
23,37400;-0,38953;-0,02372
23,38400;-0,38964;-0,02368
23,39400;-0,38981;-0,02383
23,40400;-0,38998;-0,02371
23,41400;-0,39009;-0,02390
23,42400;-0,39026;-0,02377
23,43400;-0,39043;-0,02397
23,44400;-0,39060;-0,02387
23,45400;-0,39077;-0,02391
23,46400;-0,39094;-0,02386
23,47400;-0,39111;-0,02393
23,48400;-0,39128;-0,02393
23,49400;-0,39151;-0,02394
23,50400;-0,39168;-0,02404
23,51400;-0,39185;-0,02387
23,52400;-0,39202;-0,02421
23,53400;-0,39219;-0,02398
23,54400;-0,39236;-0,02413
23,55400;-0,39253;-0,02403
23,56400;-0,39270;-0,02408
23,57400;-0,39287;-0,02408
23,58400;-0,39304;-0,02421
23,59400;-0,39321;-0,02403
23,60400;-0,39338;-0,02423
23,61400;-0,39355;-0,02424
23,62400;-0,39366;-0,02420
23,63400;-0,39383;-0,02435
23,64400;-0,39400;-0,02414
23,65400;-0,39417;-0,02440
23,66400;-0,39434;-0,02433
23,67400;-0,39451;-0,02433
23,68400;-0,39468;-0,02439
23,69400;-0,39485;-0,02436
23,70400;-0,39508;-0,02437
23,71400;-0,39519;-0,02450
23,72400;-0,39536;-0,02432
23,73400;-0,39548;-0,02440
23,74400;-0,39565;-0,02448
23,75400;-0,39582;-0,02447
23,76400;-0,39599;-0,02447
23,77400;-0,39616;-0,02468
23,78400;-0,39638;-0,02449
23,79400;-0,39655;-0,02469
23,80400;-0,39672;-0,02456
23,81400;-0,39689;-0,02475
23,82400;-0,39706;-0,02469
23,83400;-0,39723;-0,02469
23,84400;-0,39740;-0,02468
23,85400;-0,39757;-0,02460
23,86400;-0,39774;-0,02479
23,87400;-0,39791;-0,02465
23,88400;-0,39808;-0,02484
23,89400;-0,39825;-0,02474
23,90400;-0,39842;-0,02490
23,91400;-0,39854;-0,02476
23,92400;-0,39871;-0,02498
23,93400;-0,39888;-0,02484
23,94400;-0,39899;-0,02494
23,95400;-0,39916;-0,02498
23,96400;-0,39933;-0,02493
23,97400;-0,39950;-0,02506
23,98400;-0,39967;-0,02496
23,99400;-0,39984;-0,02516
24,00400;-0,40001;-0,02497
24,01400;-0,40018;-0,02524
24,02400;-0,40035;-0,02499
24,03400;-0,40052;-0,02522
24,04400;-0,40063;-0,02500
24,05400;-0,40080;-0,02516
24,06400;-0,40097;-0,02510
24,07400;-0,40109;-0,02523
24,08400;-0,40126;-0,02524
24,09400;-0,40143;-0,02532
24,10400;-0,40160;-0,02520
24,11400;-0,40177;-0,02526
24,12400;-0,40194;-0,02538
24,13400;-0,40216;-0,02519
24,14400;-0,40233;-0,02541
24,15400;-0,40250;-0,02525
24,16400;-0,40267;-0,02540
24,17400;-0,40284;-0,02538
24,18400;-0,40301;-0,02550
24,19400;-0,40318;-0,02541
24,20400;-0,40335;-0,02543
24,21400;-0,40352;-0,02547
24,22400;-0,40364;-0,02555
24,23400;-0,40381;-0,02557
24,24400;-0,40398;-0,02543
24,25400;-0,40415;-0,02575
24,26400;-0,40426;-0,02551
24,27400;-0,40443;-0,02574
24,28400;-0,40454;-0,02565
24,29400;-0,40477;-0,02567
24,30400;-0,40494;-0,02563
24,31400;-0,40511;-0,02582
24,32400;-0,40534;-0,02572
24,33400;-0,40551;-0,02577
24,34400;-0,40568;-0,02577
24,35400;-0,40585;-0,02577
24,36400;-0,40602;-0,02582
24,37400;-0,40619;-0,02571
24,38400;-0,40636;-0,02586
24,39400;-0,40653;-0,02566
24,40400;-0,40670;-0,02592
24,41400;-0,40687;-0,02590
24,42400;-0,40704;-0,02600
24,43400;-0,40721;-0,02597
24,44400;-0,40738;-0,02610
24,45400;-0,40755;-0,02599
24,46400;-0,40772;-0,02601
24,47400;-0,40789;-0,02617
24,48400;-0,40806;-0,02584
24,49400;-0,40823;-0,02618
24,50400;-0,40840;-0,02596
24,51400;-0,40857;-0,02619
24,52400;-0,40874;-0,02609
24,53400;-0,40891;-0,02632
24,54400;-0,40908;-0,02603
24,55400;-0,40919;-0,02631
24,56400;-0,40936;-0,02622
24,57400;-0,40953;-0,02628
24,58400;-0,40964;-0,02639
24,59400;-0,40981;-0,02613
24,60400;-0,40998;-0,02642
24,61400;-0,41015;-0,02626
24,62400;-0,41027;-0,02655
24,63400;-0,41049;-0,02618
24,64400;-0,41061;-0,02657
24,65400;-0,41078;-0,02628
24,66400;-0,41100;-0,02658
24,67400;-0,41117;-0,02650
24,68400;-0,41129;-0,02643
24,69400;-0,41146;-0,02646
24,70400;-0,41157;-0,02646
24,71400;-0,41174;-0,02666
24,72400;-0,41191;-0,02635
24,73400;-0,41208;-0,02678
24,74400;-0,41225;-0,02642
24,75400;-0,41242;-0,02677
24,76400;-0,41259;-0,02656
24,77400;-0,41276;-0,02677
24,78400;-0,41293;-0,02668
24,79400;-0,41316;-0,02677
24,80400;-0,41333;-0,02678
24,81400;-0,41350;-0,02669
24,82400;-0,41367;-0,02680
24,83400;-0,41384;-0,02669
24,84400;-0,41401;-0,02683
24,85400;-0,41418;-0,02678
24,86400;-0,41440;-0,02691
24,87400;-0,41457;-0,02672
24,88400;-0,41469;-0,02699
24,89400;-0,41486;-0,02684
24,90400;-0,41503;-0,02695
24,91400;-0,41520;-0,02696
24,92400;-0,41531;-0,02695
24,93400;-0,41548;-0,02702
24,94400;-0,41565;-0,02711
24,95400;-0,41582;-0,02708
24,96400;-0,41599;-0,02701
24,97400;-0,41616;-0,02717
24,98400;-0,41639;-0,02710
24,99400;-0,41656;-0,02721
25,00400;-0,41673;-0,02711
25,01400;-0,41690;-0,02732
25,02400;-0,41707;-0,02714
25,03400;-0,41718;-0,02733
25,04400;-0,41735;-0,02721
25,05400;-0,41752;-0,02725
25,06400;-0,41769;-0,02724
25,07400;-0,41786;-0,02731
25,08400;-0,41803;-0,02736
25,09400;-0,41820;-0,02733
25,10400;-0,41837;-0,02743
25,11400;-0,41854;-0,02727
25,12400;-0,41871;-0,02758
25,13400;-0,41888;-0,02726
25,14400;-0,41905;-0,02756
25,15400;-0,41922;-0,02739
25,16400;-0,41939;-0,02757
25,17400;-0,41956;-0,02743
25,18400;-0,41973;-0,02761
25,19400;-0,41990;-0,02761
25,20400;-0,42001;-0,02753
25,21400;-0,42018;-0,02774
25,22400;-0,42035;-0,02747
25,23400;-0,42052;-0,02779
25,24400;-0,42069;-0,02751
25,25400;-0,42081;-0,02783
25,26400;-0,42098;-0,02750
25,27400;-0,42115;-0,02794
25,28400;-0,42132;-0,02763
25,29400;-0,42149;-0,02785
25,30400;-0,42166;-0,02773
25,31400;-0,42183;-0,02775
25,32400;-0,42200;-0,02783
25,33400;-0,42211;-0,02775
25,34400;-0,42228;-0,02793
25,35400;-0,42245;-0,02763
25,36400;-0,42262;-0,02810
25,37400;-0,42279;-0,02782
25,38400;-0,42296;-0,02811
25,39400;-0,42313;-0,02790
25,40400;-0,42330;-0,02809
25,41400;-0,42347;-0,02792
25,42400;-0,42370;-0,02814
25,43400;-0,42387;-0,02801
25,44400;-0,42404;-0,02800
25,45400;-0,42421;-0,02814
25,46400;-0,42438;-0,02810
25,47400;-0,42455;-0,02822
25,48400;-0,42472;-0,02800
25,49400;-0,42489;-0,02819
25,50400;-0,42506;-0,02805
25,51400;-0,42523;-0,02835
25,52400;-0,42534;-0,02817
25,53400;-0,42551;-0,02834
25,54400;-0,42568;-0,02818
25,55400;-0,42585;-0,02850
25,56400;-0,42596;-0,02830
25,57400;-0,42613;-0,02835
25,58400;-0,42630;-0,02829
25,59400;-0,42647;-0,02836
25,60400;-0,42664;-0,02846
25,61400;-0,42681;-0,02842
25,62400;-0,42698;-0,02848
25,63400;-0,42721;-0,02843
25,64400;-0,42738;-0,02855
25,65400;-0,42755;-0,02854
25,66400;-0,42772;-0,02865
25,67400;-0,42789;-0,02846
25,68400;-0,42806;-0,02864
25,69400;-0,42823;-0,02855
25,70400;-0,42840;-0,02853
25,71400;-0,42851;-0,02867
25,72400;-0,42868;-0,02860
25,73400;-0,42885;-0,02869
25,74400;-0,42908;-0,02879
25,75400;-0,42925;-0,02884
25,76400;-0,42942;-0,02872
25,77400;-0,42959;-0,02881
25,78400;-0,42976;-0,02880
25,79400;-0,42993;-0,02876
25,80400;-0,43010;-0,02890
25,81400;-0,43027;-0,02876
25,82400;-0,43038;-0,02894
25,83400;-0,43055;-0,02871
25,84400;-0,43072;-0,02904
25,85400;-0,43089;-0,02884
25,86400;-0,43106;-0,02908
25,87400;-0,43118;-0,02893
25,88400;-0,43135;-0,02900
25,89400;-0,43152;-0,02899
25,90400;-0,43163;-0,02897
25,91400;-0,43180;-0,02915
25,92400;-0,43197;-0,02890
25,93400;-0,43214;-0,02926
25,94400;-0,43231;-0,02887
25,95400;-0,43248;-0,02933
25,96400;-0,43265;-0,02906
25,97400;-0,43282;-0,02934
25,98400;-0,43293;-0,02912
25,99400;-0,43310;-0,02925
26,00400;-0,43322;-0,02919
26,01400;-0,43339;-0,02914
26,02400;-0,43356;-0,02929
26,03400;-0,43373;-0,02915
26,04400;-0,43390;-0,02951
26,05400;-0,43407;-0,02920
26,06400;-0,43424;-0,02957
26,07400;-0,43446;-0,02921
26,08400;-0,43463;-0,02959
26,09400;-0,43480;-0,02932
26,10400;-0,43503;-0,02945
26,11400;-0,43520;-0,02945
26,12400;-0,43537;-0,02939
26,13400;-0,43554;-0,02956
26,14400;-0,43571;-0,02936
26,15400;-0,43588;-0,02966
26,16400;-0,43605;-0,02934
26,17400;-0,43622;-0,02978
26,18400;-0,43633;-0,02941
26,19400;-0,43650;-0,02981
26,20400;-0,43662;-0,02953
26,21400;-0,43679;-0,02970
26,22400;-0,43696;-0,02966
26,23400;-0,43713;-0,02964
26,24400;-0,43730;-0,02978
26,25400;-0,43747;-0,02969
26,26400;-0,43764;-0,02988
26,27400;-0,43781;-0,02977
26,28400;-0,43798;-0,02992
26,29400;-0,43815;-0,02981
26,30400;-0,43832;-0,02999
26,31400;-0,43849;-0,02976
26,32400;-0,43866;-0,03005
26,33400;-0,43883;-0,02979
26,34400;-0,43900;-0,02990
26,35400;-0,43917;-0,02994
26,36400;-0,43934;-0,02995
26,37400;-0,43945;-0,03009
26,38400;-0,43962;-0,03004
26,39400;-0,43979;-0,03009
26,40400;-0,43996;-0,03008
26,41400;-0,44013;-0,03025
26,42400;-0,44030;-0,02999
26,43400;-0,44047;-0,03028
26,44400;-0,44064;-0,03002
26,45400;-0,44081;-0,03024
26,46400;-0,44098;-0,03019
26,47400;-0,44115;-0,03026
26,48400;-0,44132;-0,03021
26,49400;-0,44149;-0,03024
26,50400;-0,44166;-0,03041
26,51400;-0,44183;-0,03021
26,52400;-0,44200;-0,03050
26,53400;-0,44217;-0,03007
26,54400;-0,44234;-0,03059
26,55400;-0,44245;-0,03026
26,56400;-0,44262;-0,03062
26,57400;-0,44279;-0,03033
26,58400;-0,44296;-0,03066
26,59400;-0,44313;-0,03034
26,60400;-0,44330;-0,03054
26,61400;-0,44347;-0,03056
26,62400;-0,44364;-0,03045
26,63400;-0,44381;-0,03069
26,64400;-0,44393;-0,03048
26,65400;-0,44410;-0,03068
26,66400;-0,44427;-0,03045
26,67400;-0,44438;-0,03078
26,68400;-0,44455;-0,03040
26,69400;-0,44472;-0,03097
26,70400;-0,44489;-0,03056
26,71400;-0,44506;-0,03091
26,72400;-0,44529;-0,03073
26,73400;-0,44546;-0,03082
26,74400;-0,44563;-0,03085
26,75400;-0,44580;-0,03078
26,76400;-0,44597;-0,03095
26,77400;-0,44619;-0,03076
26,78400;-0,44631;-0,03102
26,79400;-0,44653;-0,03086
26,80400;-0,44665;-0,03108
26,81400;-0,44682;-0,03076
26,82400;-0,44699;-0,03124
26,83400;-0,44716;-0,03089
26,84400;-0,44727;-0,03106
26,85400;-0,44744;-0,03108
26,86400;-0,44761;-0,03095
26,87400;-0,44772;-0,03105
26,88400;-0,44789;-0,03111
26,89400;-0,44806;-0,03121
26,90400;-0,44829;-0,03114
26,91400;-0,44846;-0,03134
26,92400;-0,44863;-0,03108
26,93400;-0,44886;-0,03135
26,94400;-0,44903;-0,03113
26,95400;-0,44920;-0,03134
26,96400;-0,44937;-0,03116
26,97400;-0,44954;-0,03150
26,98400;-0,44971;-0,03129
26,99400;-0,44988;-0,03144
27,00400;-0,45005;-0,03130
27,01400;-0,45022;-0,03145
27,02400;-0,45039;-0,03138
27,03400;-0,45056;-0,03157
27,04400;-0,45073;-0,03149
27,05400;-0,45090;-0,03138
27,06400;-0,45107;-0,03179
27,07400;-0,45124;-0,03135
27,08400;-0,45141;-0,03189
27,09400;-0,45158;-0,03145
27,10400;-0,45175;-0,03177
27,11400;-0,45192;-0,03147
27,12400;-0,45209;-0,03186
27,13400;-0,45220;-0,03147
27,14400;-0,45237;-0,03176
27,15400;-0,45254;-0,03171
27,16400;-0,45271;-0,03166
27,17400;-0,45282;-0,03200
27,18400;-0,45299;-0,03164
27,19400;-0,45316;-0,03206
27,20400;-0,45328;-0,03157
27,21400;-0,45345;-0,03218
27,22400;-0,45362;-0,03166
27,23400;-0,45379;-0,03207
27,24400;-0,45396;-0,03173
27,25400;-0,45413;-0,03204
27,26400;-0,45430;-0,03196
27,27400;-0,45447;-0,03205
27,28400;-0,45464;-0,03203
27,29400;-0,45475;-0,03183
27,30400;-0,45492;-0,03218
27,31400;-0,45503;-0,03174
27,32400;-0,45520;-0,03238
27,33400;-0,45537;-0,03185
27,34400;-0,45554;-0,03249
27,35400;-0,45571;-0,03194
27,36400;-0,45594;-0,03241
27,37400;-0,45611;-0,03205
27,38400;-0,45628;-0,03224
27,39400;-0,45651;-0,03216
27,40400;-0,45668;-0,03223
27,41400;-0,45685;-0,03226
27,42400;-0,45702;-0,03220
27,43400;-0,45719;-0,03238
27,44400;-0,45736;-0,03207
27,45400;-0,45753;-0,03261
27,46400;-0,45770;-0,03212
27,47400;-0,45787;-0,03269
27,48400;-0,45804;-0,03219
27,49400;-0,45815;-0,03263
27,50400;-0,45832;-0,03230
27,51400;-0,45843;-0,03260
27,52400;-0,45860;-0,03234
27,53400;-0,45877;-0,03257
27,54400;-0,45894;-0,03262
27,55400;-0,45911;-0,03252
27,56400;-0,45928;-0,03283
27,57400;-0,45945;-0,03239
27,58400;-0,45968;-0,03299
27,59400;-0,45985;-0,03240
27,60400;-0,46002;-0,03294
27,61400;-0,46019;-0,03250
27,62400;-0,46036;-0,03299
27,63400;-0,46053;-0,03256
27,64400;-0,46064;-0,03293
27,65400;-0,46081;-0,03274
27,66400;-0,46098;-0,03279
27,67400;-0,46115;-0,03306
27,68400;-0,46132;-0,03276
27,69400;-0,46149;-0,03314
27,70400;-0,46166;-0,03270
27,71400;-0,46183;-0,03317
27,72400;-0,46200;-0,03274
27,73400;-0,46217;-0,03331
27,74400;-0,46234;-0,03283
27,75400;-0,46251;-0,03330
27,76400;-0,46268;-0,03294
27,77400;-0,46285;-0,03323
27,78400;-0,46302;-0,03314
27,79400;-0,46319;-0,03305
27,80400;-0,46336;-0,03333
27,81400;-0,46353;-0,03295
27,82400;-0,46370;-0,03342
27,83400;-0,46382;-0,03303
27,84400;-0,46399;-0,03342
27,85400;-0,46416;-0,03311
27,86400;-0,46433;-0,03358
27,87400;-0,46450;-0,03312
27,88400;-0,46467;-0,03359
27,89400;-0,46484;-0,03332
27,90400;-0,46501;-0,03335
27,91400;-0,46518;-0,03351
27,92400;-0,46535;-0,03335
27,93400;-0,46552;-0,03365
27,94400;-0,46563;-0,03326
27,95400;-0,46580;-0,03368
27,96400;-0,46591;-0,03332
27,97400;-0,46608;-0,03380
27,98400;-0,46625;-0,03344
27,99400;-0,46642;-0,03382
28,00400;-0,46659;-0,03353
28,01400;-0,46682;-0,03379
28,02400;-0,46699;-0,03369
28,03400;-0,46716;-0,03374
28,04400;-0,46733;-0,03385
28,05400;-0,46750;-0,03370
28,06400;-0,46767;-0,03394
28,07400;-0,46784;-0,03366
28,08400;-0,46801;-0,03405
28,09400;-0,46818;-0,03367
28,10400;-0,46835;-0,03400
28,11400;-0,46852;-0,03376
28,12400;-0,46869;-0,03408
28,13400;-0,46886;-0,03385
28,14400;-0,46903;-0,03397
28,15400;-0,46914;-0,03392
28,16400;-0,46931;-0,03403
28,17400;-0,46943;-0,03411
28,18400;-0,46960;-0,03395
28,19400;-0,46977;-0,03426
28,20400;-0,46994;-0,03397
28,21400;-0,47016;-0,03433
28,22400;-0,47033;-0,03411
28,23400;-0,47050;-0,03433
28,24400;-0,47073;-0,03402
28,25400;-0,47090;-0,03438
28,26400;-0,47107;-0,03414
28,27400;-0,47124;-0,03436
28,28400;-0,47141;-0,03422
28,29400;-0,47152;-0,03428
28,30400;-0,47169;-0,03445
28,31400;-0,47186;-0,03430
28,32400;-0,47203;-0,03463
28,33400;-0,47220;-0,03425
28,34400;-0,47237;-0,03461
28,35400;-0,47254;-0,03431
28,36400;-0,47271;-0,03474
28,37400;-0,47288;-0,03435
28,38400;-0,47305;-0,03470
28,39400;-0,47322;-0,03453
28,40400;-0,47339;-0,03467
28,41400;-0,47356;-0,03463
28,42400;-0,47373;-0,03462
28,43400;-0,47385;-0,03478
28,44400;-0,47402;-0,03451
28,45400;-0,47419;-0,03494
28,46400;-0,47436;-0,03461
28,47400;-0,47447;-0,03500
28,48400;-0,47464;-0,03465
28,49400;-0,47481;-0,03496
28,50400;-0,47498;-0,03470
28,51400;-0,47509;-0,03499
28,52400;-0,47526;-0,03483
28,53400;-0,47543;-0,03495
28,54400;-0,47560;-0,03499
28,55400;-0,47577;-0,03495
28,56400;-0,47594;-0,03520
28,57400;-0,47611;-0,03487
28,58400;-0,47628;-0,03518
28,59400;-0,47640;-0,03488
28,60400;-0,47657;-0,03521
28,61400;-0,47674;-0,03493
28,62400;-0,47691;-0,03522
28,63400;-0,47708;-0,03512
28,64400;-0,47725;-0,03530
28,65400;-0,47742;-0,03519
28,66400;-0,47764;-0,03526
28,67400;-0,47781;-0,03525
28,68400;-0,47798;-0,03523
28,69400;-0,47821;-0,03529
28,70400;-0,47838;-0,03523
28,71400;-0,47855;-0,03535
28,72400;-0,47872;-0,03527
28,73400;-0,47889;-0,03550
28,74400;-0,47906;-0,03537
28,75400;-0,47923;-0,03561
28,76400;-0,47940;-0,03544
28,77400;-0,47951;-0,03560
28,78400;-0,47963;-0,03543
28,79400;-0,47980;-0,03567
28,80400;-0,47997;-0,03555
28,81400;-0,48014;-0,03571
28,82400;-0,48031;-0,03564
28,83400;-0,48048;-0,03572
28,84400;-0,48065;-0,03573
28,85400;-0,48082;-0,03575
28,86400;-0,48104;-0,03572
28,87400;-0,48121;-0,03576
28,88400;-0,48138;-0,03577
28,89400;-0,48155;-0,03577
28,90400;-0,48172;-0,03585
28,91400;-0,48189;-0,03580
28,92400;-0,48206;-0,03589
28,93400;-0,48218;-0,03589
28,94400;-0,48235;-0,03602
28,95400;-0,48252;-0,03597
28,96400;-0,48269;-0,03613
28,97400;-0,48286;-0,03607
28,98400;-0,48303;-0,03613
28,99400;-0,48320;-0,03604
29,00400;-0,48337;-0,03620
29,01400;-0,48354;-0,03611
29,02400;-0,48371;-0,03623
29,03400;-0,48388;-0,03622
29,04400;-0,48405;-0,03616
29,05400;-0,48422;-0,03629
29,06400;-0,48439;-0,03629
29,07400;-0,48456;-0,03633
29,08400;-0,48473;-0,03631
29,09400;-0,48490;-0,03639
29,10400;-0,48507;-0,03629
29,11400;-0,48524;-0,03642
29,12400;-0,48535;-0,03646
29,13400;-0,48552;-0,03639
29,14400;-0,48569;-0,03645
29,15400;-0,48586;-0,03658
29,16400;-0,48603;-0,03657
29,17400;-0,48614;-0,03657
29,18400;-0,48631;-0,03659
29,19400;-0,48648;-0,03659
29,20400;-0,48665;-0,03659
29,21400;-0,48688;-0,03678
29,22400;-0,48705;-0,03667
29,23400;-0,48716;-0,03673
29,24400;-0,48733;-0,03672
29,25400;-0,48745;-0,03682
29,26400;-0,48762;-0,03676
29,27400;-0,48779;-0,03690
29,28400;-0,48796;-0,03681
29,29400;-0,48807;-0,03687
29,30400;-0,48824;-0,03693
29,31400;-0,48847;-0,03686
29,32400;-0,48864;-0,03700
29,33400;-0,48881;-0,03685
29,34400;-0,48898;-0,03706
29,35400;-0,48915;-0,03695
29,36400;-0,48932;-0,03720
29,37400;-0,48949;-0,03700
29,38400;-0,48966;-0,03723
29,39400;-0,48988;-0,03708
29,40400;-0,49000;-0,03729
29,41400;-0,49017;-0,03712
29,42400;-0,49034;-0,03719
29,43400;-0,49045;-0,03725
29,44400;-0,49062;-0,03719
29,45400;-0,49079;-0,03744
29,46400;-0,49096;-0,03726
29,47400;-0,49113;-0,03755
29,48400;-0,49130;-0,03727
29,49400;-0,49147;-0,03759
29,50400;-0,49170;-0,03733
29,51400;-0,49187;-0,03759
29,52400;-0,49204;-0,03737
29,53400;-0,49221;-0,03757
29,54400;-0,49243;-0,03751
29,55400;-0,49260;-0,03761
29,56400;-0,49272;-0,03758
29,57400;-0,49289;-0,03757
29,58400;-0,49306;-0,03774
29,59400;-0,49323;-0,03757
29,60400;-0,49340;-0,03785
29,61400;-0,49351;-0,03764
29,62400;-0,49368;-0,03776
29,63400;-0,49385;-0,03771
29,64400;-0,49402;-0,03793
29,65400;-0,49419;-0,03781
29,66400;-0,49436;-0,03791
29,67400;-0,49453;-0,03792
29,68400;-0,49470;-0,03792
29,69400;-0,49487;-0,03794
29,70400;-0,49504;-0,03800
29,71400;-0,49521;-0,03790
29,72400;-0,49538;-0,03792
29,73400;-0,49555;-0,03810
29,74400;-0,49572;-0,03804
29,75400;-0,49589;-0,03811
29,76400;-0,49600;-0,03811
29,77400;-0,49617;-0,03810
29,78400;-0,49634;-0,03818
29,79400;-0,49651;-0,03834
29,80400;-0,49663;-0,03811
29,81400;-0,49680;-0,03829
29,82400;-0,49697;-0,03820
29,83400;-0,49714;-0,03839
29,84400;-0,49731;-0,03836
29,85400;-0,49748;-0,03850
29,86400;-0,49765;-0,03836
29,87400;-0,49782;-0,03844
29,88400;-0,49799;-0,03844
29,89400;-0,49810;-0,03841
29,90400;-0,49827;-0,03840
29,91400;-0,49844;-0,03845
29,92400;-0,49855;-0,03858
29,93400;-0,49878;-0,03855
29,94400;-0,49895;-0,03877
29,95400;-0,49912;-0,03857
29,96400;-0,49935;-0,03873
29,97400;-0,49952;-0,03873
29,98400;-0,49969;-0,03869
29,99400;-0,49986;-0,03874
30,00400;-0,50003;-0,03866
30,01400;-0,50020;-0,03885
30,02400;-0,50042;-0,03875
30,03400;-0,50054;-0,03894
30,04400;-0,50076;-0,03886
30,05400;-0,50088;-0,03895
30,06400;-0,50105;-0,03888
30,07400;-0,50122;-0,03891
30,08400;-0,50139;-0,03894
30,09400;-0,50150;-0,03881
30,10400;-0,50167;-0,03907
30,11400;-0,50178;-0,03890
30,12400;-0,50201;-0,03921
30,13400;-0,50212;-0,03909
30,14400;-0,50235;-0,03925
30,15400;-0,50252;-0,03909
30,16400;-0,50269;-0,03927
30,17400;-0,50286;-0,03927
30,18400;-0,50303;-0,03933
30,19400;-0,50320;-0,03931
30,20400;-0,50337;-0,03928
30,21400;-0,50354;-0,03929
30,22400;-0,50371;-0,03938
30,23400;-0,50388;-0,03946
30,24400;-0,50405;-0,03938
30,25400;-0,50422;-0,03951
30,26400;-0,50439;-0,03953
30,27400;-0,50456;-0,03947
30,28400;-0,50473;-0,03964
30,29400;-0,50490;-0,03944
30,30400;-0,50507;-0,03953
30,31400;-0,50524;-0,03967
30,32400;-0,50541;-0,03962
30,33400;-0,50558;-0,03969
30,34400;-0,50575;-0,03961
30,35400;-0,50592;-0,03970
30,36400;-0,50609;-0,03973
30,37400;-0,50626;-0,03989
30,38400;-0,50643;-0,03974
30,39400;-0,50660;-0,03992
30,40400;-0,50677;-0,03973
30,41400;-0,50688;-0,03995
30,42400;-0,50705;-0,03982
30,43400;-0,50722;-0,03996
30,44400;-0,50734;-0,03991
30,45400;-0,50751;-0,03998
30,46400;-0,50768;-0,04009
30,47400;-0,50785;-0,04006
30,48400;-0,50802;-0,04003
30,49400;-0,50819;-0,04005
30,50400;-0,50836;-0,04015
30,51400;-0,50853;-0,04011
30,52400;-0,50870;-0,04033
30,53400;-0,50881;-0,04009
30,54400;-0,50892;-0,04029
30,55400;-0,50909;-0,04026
30,56400;-0,50926;-0,04035
30,57400;-0,50943;-0,04036
30,58400;-0,50960;-0,04031
30,59400;-0,50977;-0,04036
30,60400;-0,50994;-0,04045
30,61400;-0,51011;-0,04039
30,62400;-0,51034;-0,04047
30,63400;-0,51051;-0,04050
30,64400;-0,51068;-0,04048
30,65400;-0,51085;-0,04064
30,66400;-0,51102;-0,04057
30,67400;-0,51119;-0,04051
30,68400;-0,51136;-0,04055
30,69400;-0,51153;-0,04066
30,70400;-0,51170;-0,04064
30,71400;-0,51187;-0,04070
30,72400;-0,51204;-0,04066
30,73400;-0,51215;-0,04079
30,74400;-0,51232;-0,04074
30,75400;-0,51249;-0,04075
30,76400;-0,51266;-0,04089
30,77400;-0,51283;-0,04077
30,78400;-0,51300;-0,04102
30,79400;-0,51317;-0,04085
30,80400;-0,51340;-0,04095
30,81400;-0,51357;-0,04089
30,82400;-0,51374;-0,04113
30,83400;-0,51391;-0,04089
30,84400;-0,51408;-0,04104
30,85400;-0,51425;-0,04100
30,86400;-0,51436;-0,04107
30,87400;-0,51453;-0,04115
30,88400;-0,51470;-0,04112
30,89400;-0,51487;-0,04126
30,90400;-0,51504;-0,04105
30,91400;-0,51521;-0,04139
30,92400;-0,51538;-0,04106
30,93400;-0,51555;-0,04135
30,94400;-0,51572;-0,04117
30,95400;-0,51589;-0,04132
30,96400;-0,51606;-0,04135
30,97400;-0,51623;-0,04146
30,98400;-0,51640;-0,04137
30,99400;-0,51652;-0,04138
31,00400;-0,51669;-0,04145
31,01400;-0,51686;-0,04135
31,02400;-0,51703;-0,04154
31,03400;-0,51720;-0,04154
31,04400;-0,51737;-0,04154
31,05400;-0,51754;-0,04149
31,06400;-0,51771;-0,04176
31,07400;-0,51782;-0,04160
31,08400;-0,51799;-0,04165
31,09400;-0,51810;-0,04166
31,10400;-0,51827;-0,04162
31,11400;-0,51844;-0,04170
31,12400;-0,51861;-0,04180
31,13400;-0,51878;-0,04173
31,14400;-0,51895;-0,04171
31,15400;-0,51912;-0,04191
31,16400;-0,51929;-0,04182
31,17400;-0,51946;-0,04195
31,18400;-0,51958;-0,04182
31,19400;-0,51975;-0,04187
31,20400;-0,51992;-0,04188
31,21400;-0,52009;-0,04205
31,22400;-0,52026;-0,04198
31,23400;-0,52043;-0,04200
31,24400;-0,52060;-0,04211
31,25400;-0,52082;-0,04214
31,26400;-0,52099;-0,04225
31,27400;-0,52116;-0,04220
31,28400;-0,52133;-0,04223
31,29400;-0,52156;-0,04210
31,30400;-0,52173;-0,04236
31,31400;-0,52190;-0,04216
31,32400;-0,52207;-0,04230
31,33400;-0,52224;-0,04225
31,34400;-0,52241;-0,04242
31,35400;-0,52252;-0,04235
31,36400;-0,52269;-0,04250
31,37400;-0,52286;-0,04240
31,38400;-0,52298;-0,04238
31,39400;-0,52315;-0,04258
31,40400;-0,52332;-0,04241
31,41400;-0,52349;-0,04268
31,42400;-0,52366;-0,04247
31,43400;-0,52383;-0,04267
31,44400;-0,52400;-0,04255
31,45400;-0,52417;-0,04286
31,46400;-0,52434;-0,04256
31,47400;-0,52456;-0,04279
31,48400;-0,52473;-0,04265
31,49400;-0,52490;-0,04279
31,50400;-0,52502;-0,04276
31,51400;-0,52524;-0,04275
31,52400;-0,52541;-0,04290
31,53400;-0,52553;-0,04263
31,54400;-0,52570;-0,04311
31,55400;-0,52587;-0,04275
31,56400;-0,52604;-0,04316
31,57400;-0,52626;-0,04279
31,58400;-0,52643;-0,04316
31,59400;-0,52660;-0,04289
31,60400;-0,52677;-0,04323
31,61400;-0,52694;-0,04296
31,62400;-0,52706;-0,04307
31,63400;-0,52723;-0,04312
31,64400;-0,52740;-0,04304
31,65400;-0,52757;-0,04336
31,66400;-0,52774;-0,04299
31,67400;-0,52791;-0,04340
31,68400;-0,52808;-0,04311
31,69400;-0,52825;-0,04355
31,70400;-0,52842;-0,04308
31,71400;-0,52853;-0,04353
31,72400;-0,52870;-0,04318
31,73400;-0,52887;-0,04348
31,74400;-0,52898;-0,04344
31,75400;-0,52915;-0,04341
31,76400;-0,52932;-0,04349
31,77400;-0,52949;-0,04346
31,78400;-0,52961;-0,04377
31,79400;-0,52978;-0,04337
31,80400;-0,52995;-0,04377
31,81400;-0,53012;-0,04341
31,82400;-0,53029;-0,04380
31,83400;-0,53040;-0,04344
31,84400;-0,53057;-0,04380
31,85400;-0,53074;-0,04347
31,86400;-0,53085;-0,04382
31,87400;-0,53102;-0,04380
31,88400;-0,53125;-0,04373
31,89400;-0,53142;-0,04392
31,90400;-0,53159;-0,04368
31,91400;-0,53176;-0,04392
31,92400;-0,53199;-0,04377
31,93400;-0,53216;-0,04397
31,94400;-0,53233;-0,04366
31,95400;-0,53250;-0,04414
31,96400;-0,53267;-0,04374
31,97400;-0,53284;-0,04418
31,98400;-0,53301;-0,04399
31,99400;-0,53318;-0,04415
32,00400;-0,53335;-0,04409
32,01400;-0,53352;-0,04398
32,02400;-0,53363;-0,04420
32,03400;-0,53380;-0,04397
32,04400;-0,53397;-0,04435
32,05400;-0,53414;-0,04404
32,06400;-0,53431;-0,04447
32,07400;-0,53448;-0,04412
32,08400;-0,53465;-0,04443
32,09400;-0,53488;-0,04412
32,10400;-0,53505;-0,04439
32,11400;-0,53522;-0,04425
32,12400;-0,53539;-0,04437
32,13400;-0,53556;-0,04450
32,14400;-0,53573;-0,04427
32,15400;-0,53584;-0,04460
32,16400;-0,53601;-0,04443
32,17400;-0,53618;-0,04463
32,18400;-0,53635;-0,04431
32,19400;-0,53652;-0,04479
32,20400;-0,53675;-0,04435
32,21400;-0,53686;-0,04484
32,22400;-0,53703;-0,04460
32,23400;-0,53720;-0,04466
32,24400;-0,53737;-0,04470
32,25400;-0,53754;-0,04469
32,26400;-0,53771;-0,04485
32,27400;-0,53788;-0,04457
32,28400;-0,53805;-0,04488
32,29400;-0,53822;-0,04459
32,30400;-0,53839;-0,04513
32,31400;-0,53856;-0,04469
32,32400;-0,53873;-0,04510
32,33400;-0,53884;-0,04471
32,34400;-0,53901;-0,04509
32,35400;-0,53918;-0,04493
32,36400;-0,53930;-0,04508
32,37400;-0,53947;-0,04509
32,38400;-0,53964;-0,04491
32,39400;-0,53981;-0,04521
32,40400;-0,53998;-0,04503
32,41400;-0,54015;-0,04526
32,42400;-0,54032;-0,04493
32,43400;-0,54049;-0,04539
32,44400;-0,54066;-0,04502
32,45400;-0,54083;-0,04546
32,46400;-0,54100;-0,04511
32,47400;-0,54117;-0,04536
32,48400;-0,54128;-0,04519
32,49400;-0,54145;-0,04536
32,50400;-0,54162;-0,04543
32,51400;-0,54179;-0,04531
32,52400;-0,54196;-0,04559
32,53400;-0,54213;-0,04536
32,54400;-0,54230;-0,04571
32,55400;-0,54247;-0,04536
32,56400;-0,54264;-0,04575
32,57400;-0,54281;-0,04536
32,58400;-0,54298;-0,04572
32,59400;-0,54315;-0,04555
32,60400;-0,54338;-0,04566
32,61400;-0,54355;-0,04562
32,62400;-0,54372;-0,04566
32,63400;-0,54383;-0,04569
32,64400;-0,54406;-0,04568
32,65400;-0,54417;-0,04589
32,66400;-0,54434;-0,04555
32,67400;-0,54451;-0,04600
32,68400;-0,54468;-0,04570
32,69400;-0,54479;-0,04596
32,70400;-0,54496;-0,04576
32,71400;-0,54513;-0,04595
32,72400;-0,54530;-0,04581
32,73400;-0,54547;-0,04600
32,74400;-0,54564;-0,04599
32,75400;-0,54587;-0,04589
32,76400;-0,54604;-0,04612
32,77400;-0,54621;-0,04590
32,78400;-0,54632;-0,04614
32,79400;-0,54649;-0,04596
32,80400;-0,54666;-0,04624
32,81400;-0,54683;-0,04603
32,82400;-0,54700;-0,04634
32,83400;-0,54717;-0,04607
32,84400;-0,54734;-0,04637
32,85400;-0,54757;-0,04620
32,86400;-0,54774;-0,04630
32,87400;-0,54791;-0,04635
32,88400;-0,54808;-0,04632
32,89400;-0,54825;-0,04637
32,90400;-0,54842;-0,04625
32,91400;-0,54859;-0,04653
32,92400;-0,54876;-0,04621
32,93400;-0,54893;-0,04659
32,94400;-0,54910;-0,04631
32,95400;-0,54927;-0,04665
32,96400;-0,54938;-0,04636
32,97400;-0,54955;-0,04671
32,98400;-0,54972;-0,04645
32,99400;-0,54984;-0,04662
33,00400;-0,55001;-0,04666
33,01400;-0,55018;-0,04656
33,02400;-0,55035;-0,04680
33,03400;-0,55046;-0,04662
33,04400;-0,55063;-0,04688
33,05400;-0,55080;-0,04651
33,06400;-0,55097;-0,04696
33,07400;-0,55114;-0,04660
33,08400;-0,55131;-0,04703
33,09400;-0,55148;-0,04670
33,10400;-0,55165;-0,04697
33,11400;-0,55182;-0,04678
33,12400;-0,55193;-0,04696
33,13400;-0,55210;-0,04699
33,14400;-0,55222;-0,04682
33,15400;-0,55239;-0,04718
33,16400;-0,55256;-0,04690
33,17400;-0,55273;-0,04730
33,18400;-0,55290;-0,04694
33,19400;-0,55312;-0,04732
33,20400;-0,55329;-0,04692
33,21400;-0,55346;-0,04737
33,22400;-0,55363;-0,04700
33,23400;-0,55386;-0,04725
33,24400;-0,55403;-0,04718
33,25400;-0,55420;-0,04720
33,26400;-0,55437;-0,04739
33,27400;-0,55454;-0,04722
33,28400;-0,55471;-0,04746
33,29400;-0,55488;-0,04731
33,30400;-0,55499;-0,04750
33,31400;-0,55516;-0,04723
33,32400;-0,55533;-0,04763
33,33400;-0,55550;-0,04737
33,34400;-0,55567;-0,04762
33,35400;-0,55584;-0,04751
33,36400;-0,55601;-0,04757
33,37400;-0,55618;-0,04761
33,38400;-0,55635;-0,04761
33,39400;-0,55658;-0,04762
33,40400;-0,55675;-0,04764
33,41400;-0,55692;-0,04775
33,42400;-0,55709;-0,04766
33,43400;-0,55726;-0,04778
33,44400;-0,55737;-0,04764
33,45400;-0,55754;-0,04775
33,46400;-0,55771;-0,04769
33,47400;-0,55788;-0,04793
33,48400;-0,55800;-0,04784
33,49400;-0,55822;-0,04797
33,50400;-0,55839;-0,04792
33,51400;-0,55856;-0,04793
33,52400;-0,55873;-0,04799
33,53400;-0,55890;-0,04798
33,54400;-0,55907;-0,04808
33,55400;-0,55924;-0,04797
33,56400;-0,55941;-0,04816
33,57400;-0,55958;-0,04809
33,58400;-0,55975;-0,04828
33,59400;-0,55992;-0,04807
33,60400;-0,56009;-0,04826
33,61400;-0,56026;-0,04813
33,62400;-0,56038;-0,04831
33,63400;-0,56055;-0,04824
33,64400;-0,56066;-0,04831
33,65400;-0,56083;-0,04824
33,66400;-0,56100;-0,04835
33,67400;-0,56117;-0,04845
33,68400;-0,56128;-0,04831
33,69400;-0,56145;-0,04854
33,70400;-0,56162;-0,04836
33,71400;-0,56179;-0,04859
33,72400;-0,56202;-0,04834
33,73400;-0,56219;-0,04862
33,74400;-0,56236;-0,04844
33,75400;-0,56253;-0,04861
33,76400;-0,56270;-0,04856
33,77400;-0,56281;-0,04871
33,78400;-0,56298;-0,04868
33,79400;-0,56315;-0,04862
33,80400;-0,56327;-0,04878
33,81400;-0,56344;-0,04854
33,82400;-0,56361;-0,04892
33,83400;-0,56383;-0,04866
33,84400;-0,56400;-0,04895
33,85400;-0,56417;-0,04871
33,86400;-0,56434;-0,04893
33,87400;-0,56451;-0,04894
33,88400;-0,56468;-0,04902
33,89400;-0,56485;-0,04893
33,90400;-0,56502;-0,04889
33,91400;-0,56519;-0,04907
33,92400;-0,56536;-0,04894
33,93400;-0,56553;-0,04916
33,94400;-0,56570;-0,04894
33,95400;-0,56582;-0,04919
33,96400;-0,56599;-0,04909
33,97400;-0,56616;-0,04938
33,98400;-0,56627;-0,04903
33,99400;-0,56644;-0,04923
34,00400;-0,56661;-0,04922
34,01400;-0,56678;-0,04941
34,02400;-0,56695;-0,04932
34,03400;-0,56718;-0,04939
34,04400;-0,56735;-0,04933
34,05400;-0,56752;-0,04935
34,06400;-0,56769;-0,04952
34,07400;-0,56786;-0,04944
34,08400;-0,56803;-0,04946
34,09400;-0,56820;-0,04938
34,10400;-0,56837;-0,04961
34,11400;-0,56854;-0,04953
34,12400;-0,56865;-0,04977
34,13400;-0,56888;-0,04949
34,14400;-0,56905;-0,04970
34,15400;-0,56922;-0,04964
34,16400;-0,56939;-0,04985
34,17400;-0,56961;-0,04971
34,18400;-0,56978;-0,04975
34,19400;-0,56995;-0,04979
34,20400;-0,57012;-0,04971
34,21400;-0,57029;-0,04999
34,22400;-0,57041;-0,04970
34,23400;-0,57058;-0,04991
34,24400;-0,57075;-0,04977
34,25400;-0,57092;-0,05011
34,26400;-0,57103;-0,04988
34,27400;-0,57114;-0,05003
34,28400;-0,57131;-0,04996
34,29400;-0,57148;-0,05006
34,30400;-0,57165;-0,05012
34,31400;-0,57182;-0,04999
34,32400;-0,57199;-0,05022
34,33400;-0,57211;-0,04990
34,34400;-0,57228;-0,05034
34,35400;-0,57245;-0,05009
34,36400;-0,57262;-0,05035
34,37400;-0,57279;-0,05020
34,38400;-0,57296;-0,05035
34,39400;-0,57313;-0,05027
34,40400;-0,57330;-0,05038
34,41400;-0,57347;-0,05039
34,42400;-0,57358;-0,05009
34,43400;-0,57369;-0,05047
34,44400;-0,57386;-0,05027
34,45400;-0,57403;-0,05063
34,46400;-0,57420;-0,05039
34,47400;-0,57437;-0,05069
34,48400;-0,57454;-0,05047
34,49400;-0,57477;-0,05074
34,50400;-0,57494;-0,05072
34,51400;-0,57511;-0,05049
34,52400;-0,57534;-0,05074
34,53400;-0,57551;-0,05058
34,54400;-0,57568;-0,05090
34,55400;-0,57585;-0,05069
34,56400;-0,57602;-0,05096
34,57400;-0,57619;-0,05062
34,58400;-0,57636;-0,05102
34,59400;-0,57647;-0,05091
34,60400;-0,57664;-0,05085
34,61400;-0,57681;-0,05091
34,62400;-0,57692;-0,05092
34,63400;-0,57709;-0,05112
34,64400;-0,57726;-0,05104
34,65400;-0,57743;-0,05125
34,66400;-0,57766;-0,05092
34,67400;-0,57783;-0,05129
34,68400;-0,57800;-0,05114
34,69400;-0,57817;-0,05125
34,70400;-0,57840;-0,05123
34,71400;-0,57851;-0,05115
34,72400;-0,57868;-0,05126
34,73400;-0,57885;-0,05125
34,74400;-0,57896;-0,05144
34,75400;-0,57913;-0,05124
34,76400;-0,57930;-0,05160
34,77400;-0,57947;-0,05140
34,78400;-0,57970;-0,05157
34,79400;-0,57987;-0,05152
34,80400;-0,58004;-0,05151
34,81400;-0,58021;-0,05150
34,82400;-0,58038;-0,05173
34,83400;-0,58055;-0,05170
34,84400;-0,58072;-0,05162
34,85400;-0,58089;-0,05184
34,86400;-0,58106;-0,05158
34,87400;-0,58123;-0,05190
34,88400;-0,58140;-0,05171
34,89400;-0,58157;-0,05191
34,90400;-0,58174;-0,05166
34,91400;-0,58185;-0,05205
34,92400;-0,58202;-0,05184
34,93400;-0,58219;-0,05203
34,94400;-0,58231;-0,05187
34,95400;-0,58248;-0,05197
34,96400;-0,58265;-0,05208
34,97400;-0,58282;-0,05205
34,98400;-0,58299;-0,05219
34,99400;-0,58316;-0,05188
35,00400;-0,58333;-0,05235
35,01400;-0,58350;-0,05203
35,02400;-0,58367;-0,05238
35,03400;-0,58384;-0,05211
35,04400;-0,58401;-0,05236
35,05400;-0,58418;-0,05216
35,06400;-0,58435;-0,05245
35,07400;-0,58446;-0,05237
35,08400;-0,58463;-0,05229
35,09400;-0,58480;-0,05249
35,10400;-0,58491;-0,05241
35,11400;-0,58508;-0,05269
35,12400;-0,58525;-0,05243
35,13400;-0,58548;-0,05273
35,14400;-0,58565;-0,05248
35,15400;-0,58582;-0,05277
35,16400;-0,58599;-0,05258
35,17400;-0,58616;-0,05286
35,18400;-0,58633;-0,05271
35,19400;-0,58650;-0,05280
35,20400;-0,58667;-0,05285
35,21400;-0,58678;-0,05280
35,22400;-0,58695;-0,05286
35,23400;-0,58712;-0,05285
35,24400;-0,58729;-0,05303
35,25400;-0,58746;-0,05271
35,26400;-0,58758;-0,05308
35,27400;-0,58775;-0,05292
35,28400;-0,58792;-0,05311
35,29400;-0,58809;-0,05303
35,30400;-0,58826;-0,05323
35,31400;-0,58843;-0,05311
35,32400;-0,58865;-0,05319
35,33400;-0,58882;-0,05330
35,34400;-0,58899;-0,05317
35,35400;-0,58916;-0,05335
35,36400;-0,58933;-0,05328
35,37400;-0,58950;-0,05344
35,38400;-0,58962;-0,05328
35,39400;-0,58979;-0,05349
35,40400;-0,58996;-0,05339
35,41400;-0,59013;-0,05351
35,42400;-0,59030;-0,05352
35,43400;-0,59047;-0,05348
35,44400;-0,59069;-0,05366
35,45400;-0,59086;-0,05357
35,46400;-0,59103;-0,05381
35,47400;-0,59120;-0,05366
35,48400;-0,59137;-0,05385
35,49400;-0,59154;-0,05382
35,50400;-0,59171;-0,05389
35,51400;-0,59188;-0,05378
35,52400;-0,59205;-0,05384
35,53400;-0,59222;-0,05387
35,54400;-0,59239;-0,05391
35,55400;-0,59256;-0,05413
35,56400;-0,59268;-0,05384
35,57400;-0,59285;-0,05425
35,58400;-0,59302;-0,05407
35,59400;-0,59313;-0,05419
35,60400;-0,59330;-0,05410
35,61400;-0,59347;-0,05417
35,62400;-0,59364;-0,05418
35,63400;-0,59381;-0,05431
35,64400;-0,59398;-0,05429
35,65400;-0,59415;-0,05419
35,66400;-0,59432;-0,05444
35,67400;-0,59449;-0,05428
35,68400;-0,59466;-0,05459
35,69400;-0,59483;-0,05429
35,70400;-0,59494;-0,05458
35,71400;-0,59511;-0,05440
35,72400;-0,59528;-0,05449
35,73400;-0,59540;-0,05457
35,74400;-0,59557;-0,05452
35,75400;-0,59574;-0,05466
35,76400;-0,59591;-0,05470
35,77400;-0,59608;-0,05476
35,78400;-0,59630;-0,05465
35,79400;-0,59647;-0,05486
35,80400;-0,59664;-0,05476
35,81400;-0,59681;-0,05489
35,82400;-0,59698;-0,05491
35,83400;-0,59715;-0,05492
35,84400;-0,59732;-0,05498
35,85400;-0,59749;-0,05493
35,86400;-0,59766;-0,05513
35,87400;-0,59789;-0,05498
35,88400;-0,59806;-0,05516
35,89400;-0,59817;-0,05508
35,90400;-0,59834;-0,05513
35,91400;-0,59851;-0,05510
35,92400;-0,59868;-0,05528
35,93400;-0,59885;-0,05521
35,94400;-0,59902;-0,05535
35,95400;-0,59919;-0,05537
35,96400;-0,59936;-0,05540
35,97400;-0,59953;-0,05550
35,98400;-0,59970;-0,05543
35,99400;-0,59993;-0,05544
36,00400;-0,60010;-0,05541
36,01400;-0,60021;-0,05555
36,02400;-0,60038;-0,05543
36,03400;-0,60055;-0,05570
36,04400;-0,60067;-0,05550
36,05400;-0,60084;-0,05577
36,06400;-0,60101;-0,05566
36,07400;-0,60118;-0,05588
36,08400;-0,60135;-0,05576
36,09400;-0,60152;-0,05593
36,10400;-0,60174;-0,05584
36,11400;-0,60191;-0,05588
36,12400;-0,60208;-0,05596
36,13400;-0,60225;-0,05588
36,14400;-0,60242;-0,05606
36,15400;-0,60259;-0,05588
36,16400;-0,60276;-0,05619
36,17400;-0,60288;-0,05600
36,18400;-0,60305;-0,05625
36,19400;-0,60322;-0,05607
36,20400;-0,60339;-0,05624
36,21400;-0,60350;-0,05616
36,22400;-0,60367;-0,05628
36,23400;-0,60384;-0,05636
36,24400;-0,60395;-0,05622
36,25400;-0,60412;-0,05646
36,26400;-0,60429;-0,05637
36,27400;-0,60446;-0,05649
36,28400;-0,60463;-0,05646
36,29400;-0,60480;-0,05663
36,30400;-0,60497;-0,05648
36,31400;-0,60514;-0,05662
36,32400;-0,60531;-0,05661
36,33400;-0,60554;-0,05657
36,34400;-0,60565;-0,05668
36,35400;-0,60582;-0,05658
36,36400;-0,60594;-0,05677
36,37400;-0,60611;-0,05669
36,38400;-0,60628;-0,05686
36,39400;-0,60645;-0,05689
36,40400;-0,60662;-0,05687
36,41400;-0,60679;-0,05702
36,42400;-0,60696;-0,05692
36,43400;-0,60713;-0,05706
36,44400;-0,60730;-0,05695
36,45400;-0,60747;-0,05707
36,46400;-0,60764;-0,05695
36,47400;-0,60781;-0,05724
36,48400;-0,60798;-0,05709
36,49400;-0,60815;-0,05731
36,50400;-0,60832;-0,05725
36,51400;-0,60849;-0,05723
36,52400;-0,60866;-0,05729
36,53400;-0,60883;-0,05736
36,54400;-0,60900;-0,05739
36,55400;-0,60911;-0,05736
36,56400;-0,60928;-0,05751
36,57400;-0,60945;-0,05742
36,58400;-0,60956;-0,05771
36,59400;-0,60973;-0,05741
36,60400;-0,60990;-0,05772
36,61400;-0,61013;-0,05751
36,62400;-0,61030;-0,05782
36,63400;-0,61047;-0,05763
36,64400;-0,61070;-0,05798
36,65400;-0,61087;-0,05767
36,66400;-0,61104;-0,05788
36,67400;-0,61121;-0,05792
36,68400;-0,61138;-0,05789
36,69400;-0,61149;-0,05797
36,70400;-0,61166;-0,05785
36,71400;-0,61183;-0,05811
36,72400;-0,61206;-0,05796
36,73400;-0,61223;-0,05826
36,74400;-0,61240;-0,05798
36,75400;-0,61257;-0,05831
36,76400;-0,61274;-0,05812
36,77400;-0,61291;-0,05838
36,78400;-0,61308;-0,05823
36,79400;-0,61325;-0,05833
36,80400;-0,61342;-0,05831
36,81400;-0,61359;-0,05833
36,82400;-0,61376;-0,05856
36,83400;-0,61393;-0,05829
36,84400;-0,61410;-0,05867
36,85400;-0,61427;-0,05843
36,86400;-0,61438;-0,05870
36,87400;-0,61455;-0,05850
36,88400;-0,61472;-0,05882
36,89400;-0,61483;-0,05858
36,90400;-0,61500;-0,05885
36,91400;-0,61517;-0,05877
36,92400;-0,61534;-0,05883
36,93400;-0,61546;-0,05889
36,94400;-0,61568;-0,05875
36,95400;-0,61585;-0,05901
36,96400;-0,61597;-0,05880
36,97400;-0,61619;-0,05912
36,98400;-0,61636;-0,05895
36,99400;-0,61648;-0,05906
37,00400;-0,61665;-0,05897
37,01400;-0,61676;-0,05921
37,02400;-0,61693;-0,05907
37,03400;-0,61710;-0,05912
37,04400;-0,61727;-0,05921
37,05400;-0,61744;-0,05912
37,06400;-0,61761;-0,05942
37,07400;-0,61778;-0,05930
37,08400;-0,61795;-0,05940
37,09400;-0,61818;-0,05933
37,10400;-0,61835;-0,05956
37,11400;-0,61852;-0,05938
37,12400;-0,61869;-0,05961
37,13400;-0,61886;-0,05951
37,14400;-0,61903;-0,05953
37,15400;-0,61920;-0,05968
37,16400;-0,61937;-0,05967
37,17400;-0,61954;-0,05970
37,18400;-0,61971;-0,05966
37,19400;-0,61988;-0,05990
37,20400;-0,62005;-0,05970
37,21400;-0,62016;-0,05989
37,22400;-0,62033;-0,05980
37,23400;-0,62050;-0,05988
37,24400;-0,62067;-0,05996
37,25400;-0,62084;-0,06017
37,26400;-0,62101;-0,06002
37,27400;-0,62118;-0,06014
37,28400;-0,62135;-0,06012
37,29400;-0,62158;-0,06007
37,30400;-0,62175;-0,06028
37,31400;-0,62192;-0,06015
37,32400;-0,62203;-0,06021
37,33400;-0,62220;-0,06019
37,34400;-0,62231;-0,06039
37,35400;-0,62248;-0,06037
37,36400;-0,62265;-0,06048
37,37400;-0,62282;-0,06045
37,38400;-0,62299;-0,06054
37,39400;-0,62322;-0,06064
37,40400;-0,62339;-0,06060
37,41400;-0,62356;-0,06058
37,42400;-0,62373;-0,06050
37,43400;-0,62390;-0,06070
37,44400;-0,62407;-0,06057
37,45400;-0,62424;-0,06078
37,46400;-0,62441;-0,06072
37,47400;-0,62458;-0,06076
37,48400;-0,62475;-0,06086
37,49400;-0,62492;-0,06100
37,50400;-0,62509;-0,06082
37,51400;-0,62520;-0,06097
37,52400;-0,62537;-0,06099
37,53400;-0,62554;-0,06089
37,54400;-0,62566;-0,06107
37,55400;-0,62583;-0,06103
37,56400;-0,62600;-0,06107
37,57400;-0,62617;-0,06114
37,58400;-0,62634;-0,06134
37,59400;-0,62651;-0,06119
37,60400;-0,62668;-0,06138
37,61400;-0,62685;-0,06132
37,62400;-0,62702;-0,06143
37,63400;-0,62713;-0,06129
37,64400;-0,62730;-0,06135
37,65400;-0,62747;-0,06143
37,66400;-0,62758;-0,06133
37,67400;-0,62775;-0,06155
37,68400;-0,62792;-0,06145
37,69400;-0,62809;-0,06157
37,70400;-0,62826;-0,06162
37,71400;-0,62843;-0,06183
37,72400;-0,62860;-0,06166
37,73400;-0,62877;-0,06192
37,74400;-0,62894;-0,06170
37,75400;-0,62911;-0,06193
37,76400;-0,62928;-0,06180
37,77400;-0,62945;-0,06185
37,78400;-0,62962;-0,06192
37,79400;-0,62979;-0,06195
37,80400;-0,62996;-0,06203
37,81400;-0,63013;-0,06204
37,82400;-0,63030;-0,06211
37,83400;-0,63047;-0,06204
37,84400;-0,63059;-0,06230
37,85400;-0,63076;-0,06211
37,86400;-0,63093;-0,06232
37,87400;-0,63104;-0,06227
37,88400;-0,63121;-0,06239
37,89400;-0,63138;-0,06243
37,90400;-0,63161;-0,06243
37,91400;-0,63178;-0,06250
37,92400;-0,63195;-0,06244
37,93400;-0,63217;-0,06251
37,94400;-0,63234;-0,06254
37,95400;-0,63251;-0,06252
37,96400;-0,63268;-0,06265
37,97400;-0,63285;-0,06273
37,98400;-0,63302;-0,06260
37,99400;-0,63319;-0,06273
38,00400;-0,63336;-0,06282
38,01400;-0,63348;-0,06269
38,02400;-0,63370;-0,06286
38,03400;-0,63387;-0,06283
38,04400;-0,63404;-0,06289
38,05400;-0,63421;-0,06302
38,06400;-0,63438;-0,06301
38,07400;-0,63455;-0,06312
38,08400;-0,63472;-0,06310
38,09400;-0,63489;-0,06327
38,10400;-0,63506;-0,06325
38,11400;-0,63523;-0,06317
38,12400;-0,63540;-0,06326
38,13400;-0,63557;-0,06320
38,14400;-0,63574;-0,06326
38,15400;-0,63586;-0,06337
38,16400;-0,63603;-0,06331
38,17400;-0,63620;-0,06333
38,18400;-0,63631;-0,06349
38,19400;-0,63648;-0,06350
38,20400;-0,63665;-0,06357
38,21400;-0,63676;-0,06364
38,22400;-0,63693;-0,06356
38,23400;-0,63710;-0,06372
38,24400;-0,63727;-0,06368
38,25400;-0,63744;-0,06380
38,26400;-0,63761;-0,06367
38,27400;-0,63778;-0,06381
38,28400;-0,63795;-0,06379
38,29400;-0,63812;-0,06383
38,30400;-0,63824;-0,06386
38,31400;-0,63841;-0,06393
38,32400;-0,63858;-0,06393
38,33400;-0,63875;-0,06403
38,34400;-0,63892;-0,06415
38,35400;-0,63909;-0,06406
38,36400;-0,63926;-0,06423
38,37400;-0,63943;-0,06408
38,38400;-0,63965;-0,06415
38,39400;-0,63982;-0,06430
38,40400;-0,63999;-0,06420
38,41400;-0,64016;-0,06431
38,42400;-0,64033;-0,06436
38,43400;-0,64050;-0,06445
38,44400;-0,64067;-0,06445
38,45400;-0,64084;-0,06455
38,46400;-0,64101;-0,06443
38,47400;-0,64118;-0,06456
38,48400;-0,64135;-0,06458
38,49400;-0,64152;-0,06459
38,50400;-0,64169;-0,06470
38,51400;-0,64186;-0,06464
38,52400;-0,64198;-0,06484
38,53400;-0,64215;-0,06468
38,54400;-0,64232;-0,06490
38,55400;-0,64249;-0,06484
38,56400;-0,64266;-0,06489
38,57400;-0,64283;-0,06498
38,58400;-0,64300;-0,06516
38,59400;-0,64317;-0,06503
38,60400;-0,64339;-0,06520
38,61400;-0,64351;-0,06512
38,62400;-0,64368;-0,06504
38,63400;-0,64385;-0,06521
38,64400;-0,64402;-0,06512
38,65400;-0,64419;-0,06515
38,66400;-0,64436;-0,06524
38,67400;-0,64453;-0,06534
38,68400;-0,64470;-0,06543
38,69400;-0,64487;-0,06548
38,70400;-0,64504;-0,06549
38,71400;-0,64521;-0,06556
38,72400;-0,64538;-0,06554
38,73400;-0,64555;-0,06562
38,74400;-0,64572;-0,06566
38,75400;-0,64589;-0,06560
38,76400;-0,64606;-0,06576
38,77400;-0,64617;-0,06569
38,78400;-0,64634;-0,06579
38,79400;-0,64651;-0,06588
38,80400;-0,64668;-0,06577
38,81400;-0,64685;-0,06593
38,82400;-0,64702;-0,06594
38,83400;-0,64713;-0,06593
38,84400;-0,64730;-0,06607
38,85400;-0,64747;-0,06608
38,86400;-0,64764;-0,06599
38,87400;-0,64781;-0,06620
38,88400;-0,64793;-0,06611
38,89400;-0,64810;-0,06614
38,90400;-0,64827;-0,06626
38,91400;-0,64849;-0,06625
38,92400;-0,64861;-0,06634
38,93400;-0,64878;-0,06631
38,94400;-0,64889;-0,06634
38,95400;-0,64906;-0,06637
38,96400;-0,64923;-0,06646
38,97400;-0,64940;-0,06649
38,98400;-0,64957;-0,06661
38,99400;-0,64974;-0,06647
39,00400;-0,64997;-0,06669
39,01400;-0,65014;-0,06664
39,02400;-0,65031;-0,06677
39,03400;-0,65048;-0,06667
39,04400;-0,65065;-0,06671
39,05400;-0,65082;-0,06682
39,06400;-0,65099;-0,06681
39,07400;-0,65116;-0,06693
39,08400;-0,65138;-0,06690
39,09400;-0,65150;-0,06696
39,10400;-0,65167;-0,06697
39,11400;-0,65184;-0,06717
39,12400;-0,65201;-0,06692
39,13400;-0,65218;-0,06723
39,14400;-0,65235;-0,06696
39,15400;-0,65246;-0,06722
39,16400;-0,65263;-0,06721
39,17400;-0,65274;-0,06726
39,18400;-0,65291;-0,06738
39,19400;-0,65308;-0,06746
39,20400;-0,65331;-0,06742
39,21400;-0,65348;-0,06741
39,22400;-0,65365;-0,06759
39,23400;-0,65388;-0,06739
39,24400;-0,65405;-0,06771
39,25400;-0,65422;-0,06741
39,26400;-0,65439;-0,06770
39,27400;-0,65456;-0,06758
39,28400;-0,65473;-0,06784
39,29400;-0,65490;-0,06772
39,30400;-0,65507;-0,06778
39,31400;-0,65518;-0,06792
39,32400;-0,65535;-0,06789
39,33400;-0,65552;-0,06797
39,34400;-0,65569;-0,06795
39,35400;-0,65592;-0,06805
39,36400;-0,65609;-0,06795
39,37400;-0,65626;-0,06828
39,38400;-0,65643;-0,06807
39,39400;-0,65660;-0,06822
39,40400;-0,65677;-0,06826
39,41400;-0,65694;-0,06822
39,42400;-0,65705;-0,06834
39,43400;-0,65722;-0,06837
39,44400;-0,65739;-0,06836
39,45400;-0,65756;-0,06838
39,46400;-0,65773;-0,06851
39,47400;-0,65784;-0,06840
39,48400;-0,65801;-0,06858
39,49400;-0,65818;-0,06846
39,50400;-0,65830;-0,06859
39,51400;-0,65847;-0,06858
39,52400;-0,65864;-0,06873
39,53400;-0,65881;-0,06871
39,54400;-0,65898;-0,06868
39,55400;-0,65915;-0,06880
39,56400;-0,65932;-0,06884
39,57400;-0,65949;-0,06887
39,58400;-0,65960;-0,06895
39,59400;-0,65977;-0,06892
39,60400;-0,65988;-0,06882
39,61400;-0,66005;-0,06911
39,62400;-0,66022;-0,06897
39,63400;-0,66039;-0,06906
39,64400;-0,66056;-0,06912
39,65400;-0,66073;-0,06913
39,66400;-0,66096;-0,06919
39,67400;-0,66113;-0,06939
39,68400;-0,66130;-0,06924
39,69400;-0,66147;-0,06934
39,70400;-0,66170;-0,06941
39,71400;-0,66187;-0,06939
39,72400;-0,66204;-0,06960
39,73400;-0,66221;-0,06944
39,74400;-0,66238;-0,06960
39,75400;-0,66255;-0,06942
39,76400;-0,66272;-0,06965
39,77400;-0,66289;-0,06961
39,78400;-0,66300;-0,06966
39,79400;-0,66317;-0,06972
39,80400;-0,66334;-0,06976
39,81400;-0,66345;-0,06991
39,82400;-0,66362;-0,06987
39,83400;-0,66379;-0,06998
39,84400;-0,66396;-0,06981
39,85400;-0,66413;-0,07009
39,86400;-0,66430;-0,06995
39,87400;-0,66447;-0,07016
39,88400;-0,66464;-0,07004
39,89400;-0,66481;-0,07002
39,90400;-0,66498;-0,07024
39,91400;-0,66521;-0,07019
39,92400;-0,66532;-0,07037
39,93400;-0,66549;-0,07019
39,94400;-0,66566;-0,07030
39,95400;-0,66583;-0,07028
39,96400;-0,66600;-0,07045
39,97400;-0,66617;-0,07037
39,98400;-0,66629;-0,07042
39,99400;-0,66651;-0,07061
40,00400;-0,66668;-0,07058
40,01400;-0,66685;-0,07067
40,02400;-0,66702;-0,07059
40,03400;-0,66719;-0,07071
40,04400;-0,66736;-0,07061
40,05400;-0,66753;-0,07092
40,06400;-0,66770;-0,07077
40,07400;-0,66787;-0,07091
40,08400;-0,66804;-0,07098
40,09400;-0,66821;-0,07099
40,10400;-0,66838;-0,07098
40,11400;-0,66855;-0,07100
40,12400;-0,66867;-0,07103
40,13400;-0,66884;-0,07095
40,14400;-0,66901;-0,07114
40,15400;-0,66918;-0,07117
40,16400;-0,66935;-0,07118
40,17400;-0,66946;-0,07130
40,18400;-0,66963;-0,07131
40,19400;-0,66980;-0,07139
40,20400;-0,66997;-0,07147
40,21400;-0,67014;-0,07145
40,22400;-0,67031;-0,07144
40,23400;-0,67048;-0,07144
40,24400;-0,67065;-0,07145
40,25400;-0,67076;-0,07149
40,26400;-0,67093;-0,07165
40,27400;-0,67105;-0,07156
40,28400;-0,67122;-0,07171
40,29400;-0,67144;-0,07170
40,30400;-0,67161;-0,07185
40,31400;-0,67178;-0,07175
40,32400;-0,67195;-0,07188
40,33400;-0,67212;-0,07188
40,34400;-0,67229;-0,07194
40,35400;-0,67246;-0,07196
40,36400;-0,67263;-0,07201
40,37400;-0,67286;-0,07198
40,38400;-0,67303;-0,07202
40,39400;-0,67320;-0,07218
40,40400;-0,67337;-0,07214
40,41400;-0,67348;-0,07225
40,42400;-0,67365;-0,07225
40,43400;-0,67382;-0,07221
40,44400;-0,67399;-0,07233
40,45400;-0,67411;-0,07245
40,46400;-0,67428;-0,07235
40,47400;-0,67445;-0,07244
40,48400;-0,67456;-0,07254
40,49400;-0,67479;-0,07246
40,50400;-0,67496;-0,07259
40,51400;-0,67513;-0,07264
40,52400;-0,67530;-0,07259
40,53400;-0,67552;-0,07273
40,54400;-0,67569;-0,07269
40,55400;-0,67586;-0,07277
40,56400;-0,67609;-0,07274
40,57400;-0,67626;-0,07291
40,58400;-0,67643;-0,07292
40,59400;-0,67654;-0,07296
40,60400;-0,67671;-0,07304
40,61400;-0,67688;-0,07303
40,62400;-0,67705;-0,07303
40,63400;-0,67722;-0,07317
40,64400;-0,67739;-0,07321
40,65400;-0,67756;-0,07316
40,66400;-0,67773;-0,07338
40,67400;-0,67790;-0,07329
40,68400;-0,67807;-0,07339
40,69400;-0,67824;-0,07348
40,70400;-0,67841;-0,07335
40,71400;-0,67858;-0,07351
40,72400;-0,67870;-0,07348
40,73400;-0,67887;-0,07355
40,74400;-0,67904;-0,07354
40,75400;-0,67921;-0,07364
40,76400;-0,67938;-0,07359
40,77400;-0,67949;-0,07366
40,78400;-0,67966;-0,07385
40,79400;-0,67983;-0,07365
40,80400;-0,67994;-0,07387
40,81400;-0,68011;-0,07376
40,82400;-0,68028;-0,07399
40,83400;-0,68045;-0,07383
40,84400;-0,68062;-0,07405
40,85400;-0,68079;-0,07394
40,86400;-0,68096;-0,07406
40,87400;-0,68113;-0,07420
40,88400;-0,68130;-0,07411
40,89400;-0,68142;-0,07426
40,90400;-0,68159;-0,07405
40,91400;-0,68176;-0,07428
40,92400;-0,68187;-0,07416
40,93400;-0,68204;-0,07442
40,94400;-0,68227;-0,07425
40,95400;-0,68244;-0,07454
40,96400;-0,68261;-0,07454
40,97400;-0,68278;-0,07443
40,98400;-0,68300;-0,07463
40,99400;-0,68317;-0,07458
41,00400;-0,68334;-0,07462
41,01400;-0,68351;-0,07462
41,02400;-0,68368;-0,07479
41,03400;-0,68391;-0,07460
41,04400;-0,68408;-0,07491
41,05400;-0,68425;-0,07487
41,06400;-0,68436;-0,07493
41,07400;-0,68453;-0,07490
41,08400;-0,68470;-0,07495
41,09400;-0,68482;-0,07501
41,10400;-0,68499;-0,07497
41,11400;-0,68516;-0,07518
41,12400;-0,68527;-0,07511
41,13400;-0,68544;-0,07519
41,14400;-0,68561;-0,07539
41,15400;-0,68578;-0,07528
41,16400;-0,68595;-0,07537
41,17400;-0,68618;-0,07536
41,18400;-0,68635;-0,07537
41,19400;-0,68652;-0,07540
41,20400;-0,68669;-0,07565
41,21400;-0,68686;-0,07548
41,22400;-0,68703;-0,07559
41,23400;-0,68720;-0,07572
41,24400;-0,68731;-0,07553
41,25400;-0,68748;-0,07583
41,26400;-0,68765;-0,07569
41,27400;-0,68782;-0,07577
41,28400;-0,68799;-0,07581
41,29400;-0,68816;-0,07605
41,30400;-0,68833;-0,07592
41,31400;-0,68850;-0,07604
41,32400;-0,68867;-0,07608
41,33400;-0,68884;-0,07598
41,34400;-0,68901;-0,07617
41,35400;-0,68918;-0,07618
41,36400;-0,68935;-0,07617
41,37400;-0,68952;-0,07609
41,38400;-0,68969;-0,07637
41,39400;-0,68986;-0,07626
41,40400;-0,69003;-0,07642
41,41400;-0,69014;-0,07643
41,42400;-0,69031;-0,07638
41,43400;-0,69048;-0,07648
41,44400;-0,69065;-0,07653
41,45400;-0,69077;-0,07648
41,46400;-0,69094;-0,07663
41,47400;-0,69111;-0,07661
41,48400;-0,69128;-0,07665
41,49400;-0,69145;-0,07684
41,50400;-0,69162;-0,07683
41,51400;-0,69179;-0,07674
41,52400;-0,69196;-0,07691
41,53400;-0,69213;-0,07686
41,54400;-0,69224;-0,07689
41,55400;-0,69241;-0,07685
41,56400;-0,69252;-0,07708
41,57400;-0,69269;-0,07696
41,58400;-0,69286;-0,07714
41,59400;-0,69303;-0,07729
41,60400;-0,69326;-0,07713
41,61400;-0,69343;-0,07731
41,62400;-0,69360;-0,07732
41,63400;-0,69383;-0,07727
41,64400;-0,69400;-0,07738
41,65400;-0,69417;-0,07740
41,66400;-0,69434;-0,07728
41,67400;-0,69451;-0,07756
41,68400;-0,69468;-0,07753
41,69400;-0,69485;-0,07754
41,70400;-0,69502;-0,07769
41,71400;-0,69519;-0,07767
41,72400;-0,69536;-0,07772
41,73400;-0,69547;-0,07775
41,74400;-0,69564;-0,07783
41,75400;-0,69581;-0,07777
41,76400;-0,69592;-0,07788
41,77400;-0,69609;-0,07799
41,78400;-0,69626;-0,07793
41,79400;-0,69643;-0,07805
41,80400;-0,69660;-0,07809
41,81400;-0,69683;-0,07808
41,82400;-0,69700;-0,07819
41,83400;-0,69717;-0,07826
41,84400;-0,69740;-0,07810
41,85400;-0,69757;-0,07841
41,86400;-0,69774;-0,07826
41,87400;-0,69791;-0,07826
41,88400;-0,69808;-0,07850
41,89400;-0,69819;-0,07838
41,90400;-0,69836;-0,07848
41,91400;-0,69853;-0,07863
41,92400;-0,69870;-0,07865
41,93400;-0,69887;-0,07847
41,94400;-0,69904;-0,07881
41,95400;-0,69921;-0,07859
41,96400;-0,69938;-0,07882
41,97400;-0,69955;-0,07879
41,98400;-0,69972;-0,07890
41,99400;-0,69989;-0,07887
42,00400;-0,70006;-0,07906
42,01400;-0,70023;-0,07903
42,02400;-0,70040;-0,07890
42,03400;-0,70051;-0,07908
42,04400;-0,70068;-0,07907
42,05400;-0,70085;-0,07919
42,06400;-0,70102;-0,07917
42,07400;-0,70114;-0,07930
42,08400;-0,70131;-0,07924
42,09400;-0,70148;-0,07954
42,10400;-0,70159;-0,07933
42,11400;-0,70176;-0,07945
42,12400;-0,70193;-0,07953
42,13400;-0,70210;-0,07945
42,14400;-0,70227;-0,07952
42,15400;-0,70244;-0,07963
42,16400;-0,70261;-0,07963
42,17400;-0,70278;-0,07964
42,18400;-0,70295;-0,07987
42,19400;-0,70312;-0,07962
42,20400;-0,70323;-0,07990
42,21400;-0,70340;-0,07973
42,22400;-0,70357;-0,08001
42,23400;-0,70374;-0,07985
42,24400;-0,70391;-0,08005
42,25400;-0,70408;-0,08004
42,26400;-0,70431;-0,08008
42,27400;-0,70448;-0,08024
42,28400;-0,70465;-0,08021
42,29400;-0,70482;-0,08024
42,30400;-0,70505;-0,08017
42,31400;-0,70522;-0,08048
42,32400;-0,70539;-0,08018
42,33400;-0,70556;-0,08057
42,34400;-0,70573;-0,08036
42,35400;-0,70590;-0,08053
42,36400;-0,70601;-0,08058
42,37400;-0,70618;-0,08058
42,38400;-0,70629;-0,08060
42,39400;-0,70646;-0,08069
42,40400;-0,70663;-0,08071
42,41400;-0,70680;-0,08068
42,42400;-0,70697;-0,08103
42,43400;-0,70714;-0,08071
42,44400;-0,70731;-0,08103
42,45400;-0,70748;-0,08090
42,46400;-0,70771;-0,08096
42,47400;-0,70788;-0,08105
42,48400;-0,70805;-0,08111
42,49400;-0,70822;-0,08115
42,50400;-0,70839;-0,08104
42,51400;-0,70856;-0,08135
42,52400;-0,70873;-0,08112
42,53400;-0,70884;-0,08142
42,54400;-0,70901;-0,08126
42,55400;-0,70918;-0,08135
42,56400;-0,70935;-0,08140
42,57400;-0,70952;-0,08162
42,58400;-0,70969;-0,08151
42,59400;-0,70986;-0,08153
42,60400;-0,71003;-0,08174
42,61400;-0,71020;-0,08152
42,62400;-0,71037;-0,08182
42,63400;-0,71054;-0,08166
42,64400;-0,71071;-0,08172
42,65400;-0,71094;-0,08170
42,66400;-0,71111;-0,08204
42,67400;-0,71122;-0,08186
42,68400;-0,71139;-0,08204
42,69400;-0,71156;-0,08200
42,70400;-0,71173;-0,08211
42,71400;-0,71190;-0,08214
42,72400;-0,71202;-0,08224
42,73400;-0,71219;-0,08219
42,74400;-0,71236;-0,08212
42,75400;-0,71253;-0,08242
42,76400;-0,71264;-0,08224
42,77400;-0,71281;-0,08241
42,78400;-0,71298;-0,08235
42,79400;-0,71315;-0,08253
42,80400;-0,71332;-0,08243
42,81400;-0,71349;-0,08273
42,82400;-0,71366;-0,08240
42,83400;-0,71383;-0,08270
42,84400;-0,71400;-0,08254
42,85400;-0,71411;-0,08267
42,86400;-0,71428;-0,08275
42,87400;-0,71445;-0,08274
42,88400;-0,71457;-0,08293
42,89400;-0,71474;-0,08278
42,90400;-0,71491;-0,08306
42,91400;-0,71513;-0,08287
42,92400;-0,71530;-0,08312
42,93400;-0,71547;-0,08291
42,94400;-0,71564;-0,08315
42,95400;-0,71581;-0,08298
42,96400;-0,71598;-0,08324
42,97400;-0,71621;-0,08322
42,98400;-0,71638;-0,08330
42,99400;-0,71655;-0,08340
43,00400;-0,71672;-0,08330
43,01400;-0,71689;-0,08354
43,02400;-0,71700;-0,08335
43,03400;-0,71717;-0,08354
43,04400;-0,71734;-0,08343
43,05400;-0,71746;-0,08371
43,06400;-0,71763;-0,08361
43,07400;-0,71780;-0,08374
43,08400;-0,71797;-0,08381
43,09400;-0,71814;-0,08373
43,10400;-0,71836;-0,08394
43,11400;-0,71853;-0,08385
43,12400;-0,71870;-0,08394
43,13400;-0,71887;-0,08392
43,14400;-0,71904;-0,08416
43,15400;-0,71921;-0,08400
43,16400;-0,71938;-0,08418
43,17400;-0,71955;-0,08419
43,18400;-0,71972;-0,08412
43,19400;-0,71984;-0,08432
43,20400;-0,72001;-0,08429
43,21400;-0,72018;-0,08432
43,22400;-0,72035;-0,08435
43,23400;-0,72052;-0,08457
43,24400;-0,72069;-0,08444
43,25400;-0,72086;-0,08449
43,26400;-0,72103;-0,08461
43,27400;-0,72120;-0,08439
43,28400;-0,72137;-0,08469
43,29400;-0,72154;-0,08469
43,30400;-0,72171;-0,08461
43,31400;-0,72188;-0,08480
43,32400;-0,72205;-0,08488
43,33400;-0,72222;-0,08499
43,34400;-0,72239;-0,08485
43,35400;-0,72256;-0,08492
43,36400;-0,72267;-0,08487
43,37400;-0,72284;-0,08506
43,38400;-0,72301;-0,08503
43,39400;-0,72312;-0,08516
43,40400;-0,72329;-0,08511
43,41400;-0,72346;-0,08528
43,42400;-0,72363;-0,08537
43,43400;-0,72380;-0,08518
43,44400;-0,72397;-0,08546
43,45400;-0,72414;-0,08516
43,46400;-0,72431;-0,08554
43,47400;-0,72448;-0,08538
43,48400;-0,72465;-0,08561
43,49400;-0,72477;-0,08538
43,50400;-0,72494;-0,08569
43,51400;-0,72505;-0,08564
43,52400;-0,72522;-0,08575
43,53400;-0,72539;-0,08576
43,54400;-0,72562;-0,08573
43,55400;-0,72579;-0,08595
43,56400;-0,72601;-0,08577
43,57400;-0,72618;-0,08615
43,58400;-0,72635;-0,08584
43,59400;-0,72652;-0,08615
43,60400;-0,72669;-0,08606
43,61400;-0,72686;-0,08618
43,62400;-0,72709;-0,08620
43,63400;-0,72726;-0,08617
43,64400;-0,72737;-0,08635
43,65400;-0,72754;-0,08617
43,66400;-0,72771;-0,08642
43,67400;-0,72788;-0,08629
43,68400;-0,72805;-0,08651
43,69400;-0,72817;-0,08631
43,70400;-0,72834;-0,08669
43,71400;-0,72851;-0,08648
43,72400;-0,72862;-0,08663
43,73400;-0,72885;-0,08674
43,74400;-0,72902;-0,08664
43,75400;-0,72919;-0,08679
43,76400;-0,72936;-0,08679
43,77400;-0,72953;-0,08692
43,78400;-0,72970;-0,08675
43,79400;-0,72992;-0,08706
43,80400;-0,73004;-0,08682
43,81400;-0,73021;-0,08706
43,82400;-0,73038;-0,08699
43,83400;-0,73055;-0,08713
43,84400;-0,73066;-0,08711
43,85400;-0,73083;-0,08734
43,86400;-0,73106;-0,08722
43,87400;-0,73123;-0,08727
43,88400;-0,73140;-0,08744
43,89400;-0,73157;-0,08733
43,90400;-0,73174;-0,08752
43,91400;-0,73191;-0,08748
43,92400;-0,73208;-0,08764
43,93400;-0,73225;-0,08745
43,94400;-0,73242;-0,08791
43,95400;-0,73259;-0,08756
43,96400;-0,73276;-0,08782
43,97400;-0,73293;-0,08773
43,98400;-0,73310;-0,08777
43,99400;-0,73327;-0,08789
44,00400;-0,73344;-0,08799
44,01400;-0,73355;-0,08804
44,02400;-0,73372;-0,08789
44,03400;-0,73383;-0,08822
44,04400;-0,73400;-0,08788
44,05400;-0,73417;-0,08832
44,06400;-0,73429;-0,08792
44,07400;-0,73446;-0,08836
44,08400;-0,73463;-0,08805
44,09400;-0,73480;-0,08848
44,10400;-0,73497;-0,08830
44,11400;-0,73514;-0,08829
44,12400;-0,73531;-0,08853
44,13400;-0,73542;-0,08833
44,14400;-0,73559;-0,08857
44,15400;-0,73570;-0,08844
44,16400;-0,73587;-0,08860
44,17400;-0,73604;-0,08840
44,18400;-0,73621;-0,08898
44,19400;-0,73644;-0,08855
44,20400;-0,73661;-0,08888
44,21400;-0,73678;-0,08891
44,22400;-0,73695;-0,08882
44,23400;-0,73718;-0,08900
44,24400;-0,73735;-0,08892
44,25400;-0,73752;-0,08905
44,26400;-0,73769;-0,08890
44,27400;-0,73786;-0,08938
44,28400;-0,73803;-0,08901
44,29400;-0,73820;-0,08938
44,30400;-0,73837;-0,08931
44,31400;-0,73854;-0,08938
44,32400;-0,73871;-0,08924
44,33400;-0,73888;-0,08961
44,34400;-0,73899;-0,08948
44,35400;-0,73916;-0,08933
44,36400;-0,73933;-0,08976
44,37400;-0,73950;-0,08946
44,38400;-0,73967;-0,08979
44,39400;-0,73984;-0,08961
44,40400;-0,74001;-0,08995
44,41400;-0,74024;-0,08967
44,42400;-0,74041;-0,09009
44,43400;-0,74058;-0,08987
44,44400;-0,74075;-0,09001
44,45400;-0,74092;-0,09002
44,46400;-0,74103;-0,08995
44,47400;-0,74120;-0,09014
44,48400;-0,74137;-0,09003
44,49400;-0,74154;-0,09031
44,50400;-0,74171;-0,09005
44,51400;-0,74188;-0,09053
44,52400;-0,74205;-0,09020
44,53400;-0,74222;-0,09057
44,54400;-0,74239;-0,09032
44,55400;-0,74256;-0,09058
44,56400;-0,74273;-0,09040
44,57400;-0,74290;-0,09064
44,58400;-0,74307;-0,09061
44,59400;-0,74324;-0,09061
44,60400;-0,74341;-0,09096
44,61400;-0,74358;-0,09064
44,62400;-0,74369;-0,09100
44,63400;-0,74386;-0,09076
44,64400;-0,74403;-0,09112
44,65400;-0,74420;-0,09079
44,66400;-0,74437;-0,09117
44,67400;-0,74449;-0,09087
44,68400;-0,74466;-0,09119
44,69400;-0,74477;-0,09122
44,70400;-0,74494;-0,09126
44,71400;-0,74511;-0,09132
44,72400;-0,74528;-0,09131
44,73400;-0,74545;-0,09147
44,74400;-0,74562;-0,09122
44,75400;-0,74579;-0,09160
44,76400;-0,74596;-0,09128
44,77400;-0,74613;-0,09159
44,78400;-0,74624;-0,09148
44,79400;-0,74641;-0,09172
44,80400;-0,74658;-0,09146
44,81400;-0,74675;-0,09186
44,82400;-0,74692;-0,09171
44,83400;-0,74709;-0,09172
44,84400;-0,74726;-0,09199
44,85400;-0,74749;-0,09177
44,86400;-0,74766;-0,09207
44,87400;-0,74783;-0,09187
44,88400;-0,74800;-0,09224
44,89400;-0,74817;-0,09197
44,90400;-0,74840;-0,09236
44,91400;-0,74857;-0,09214
44,92400;-0,74874;-0,09226
44,93400;-0,74891;-0,09230
44,94400;-0,74908;-0,09230
44,95400;-0,74919;-0,09248
44,96400;-0,74936;-0,09228
44,97400;-0,74953;-0,09265
44,98400;-0,74964;-0,09234
44,99400;-0,74981;-0,09292
45,00400;-0,74998;-0,09250
45,01400;-0,75015;-0,09295
45,02400;-0,75032;-0,09273
45,03400;-0,75049;-0,09289
45,04400;-0,75066;-0,09292
45,05400;-0,75083;-0,09298
45,06400;-0,75106;-0,09300
45,07400;-0,75123;-0,09300
45,08400;-0,75140;-0,09328
45,09400;-0,75157;-0,09302
45,10400;-0,75168;-0,09337
45,11400;-0,75185;-0,09310
45,12400;-0,75202;-0,09344
45,13400;-0,75219;-0,09323
45,14400;-0,75236;-0,09358
45,15400;-0,75253;-0,09331
45,16400;-0,75270;-0,09355
45,17400;-0,75293;-0,09359
45,18400;-0,75304;-0,09358
45,19400;-0,75321;-0,09377
45,20400;-0,75344;-0,09369
45,21400;-0,75361;-0,09379
45,22400;-0,75372;-0,09373
45,23400;-0,75389;-0,09405
45,24400;-0,75406;-0,09381
45,25400;-0,75423;-0,09404
45,26400;-0,75440;-0,09393
45,27400;-0,75457;-0,09420
45,28400;-0,75474;-0,09403
45,29400;-0,75491;-0,09427
45,30400;-0,75503;-0,09423
45,31400;-0,75520;-0,09419
45,32400;-0,75537;-0,09444
45,33400;-0,75548;-0,09436
45,34400;-0,75565;-0,09453
45,35400;-0,75582;-0,09451
45,36400;-0,75593;-0,09466
45,37400;-0,75610;-0,09458
45,38400;-0,75627;-0,09479
45,39400;-0,75644;-0,09462
45,40400;-0,75661;-0,09481
45,41400;-0,75678;-0,09478
45,42400;-0,75695;-0,09490
45,43400;-0,75707;-0,09497
45,44400;-0,75724;-0,09491
45,45400;-0,75735;-0,09499
45,46400;-0,75752;-0,09499
45,47400;-0,75769;-0,09522
45,48400;-0,75792;-0,09515
45,49400;-0,75809;-0,09527
45,50400;-0,75826;-0,09520
45,51400;-0,75843;-0,09533
45,52400;-0,75860;-0,09538
45,53400;-0,75882;-0,09552
45,54400;-0,75899;-0,09545
45,55400;-0,75916;-0,09542
45,56400;-0,75933;-0,09573
45,57400;-0,75950;-0,09558
45,58400;-0,75967;-0,09573
45,59400;-0,75984;-0,09572
45,60400;-0,76001;-0,09582
45,61400;-0,76013;-0,09581
45,62400;-0,76030;-0,09596
45,63400;-0,76047;-0,09597
45,64400;-0,76064;-0,09594
45,65400;-0,76075;-0,09616
45,66400;-0,76092;-0,09610
45,67400;-0,76115;-0,09639
45,68400;-0,76132;-0,09622
45,69400;-0,76149;-0,09641
45,70400;-0,76171;-0,09636
45,71400;-0,76188;-0,09652
45,72400;-0,76205;-0,09647
45,73400;-0,76222;-0,09649
45,74400;-0,76239;-0,09661
45,75400;-0,76256;-0,09660
45,76400;-0,76268;-0,09671
45,77400;-0,76290;-0,09676
45,78400;-0,76307;-0,09687
45,79400;-0,76324;-0,09672
45,80400;-0,76341;-0,09710
45,81400;-0,76358;-0,09691
45,82400;-0,76375;-0,09702
45,83400;-0,76392;-0,09722
45,84400;-0,76409;-0,09703
45,85400;-0,76421;-0,09723
45,86400;-0,76438;-0,09729
45,87400;-0,76455;-0,09736
45,88400;-0,76472;-0,09728
45,89400;-0,76489;-0,09748
45,90400;-0,76506;-0,09739
45,91400;-0,76523;-0,09762
45,92400;-0,76540;-0,09761
45,93400;-0,76557;-0,09759
45,94400;-0,76568;-0,09773
45,95400;-0,76585;-0,09772
45,96400;-0,76596;-0,09790
45,97400;-0,76613;-0,09774
45,98400;-0,76630;-0,09803
45,99400;-0,76647;-0,09783
46,00400;-0,76664;-0,09810
46,01400;-0,76681;-0,09813
46,02400;-0,76698;-0,09808
46,03400;-0,76715;-0,09816
46,04400;-0,76732;-0,09818
46,05400;-0,76749;-0,09830
46,06400;-0,76766;-0,09824
46,07400;-0,76783;-0,09848
46,08400;-0,76795;-0,09828
46,09400;-0,76812;-0,09855
46,10400;-0,76823;-0,09847
46,11400;-0,76840;-0,09863
46,12400;-0,76857;-0,09866
46,13400;-0,76874;-0,09870
46,14400;-0,76897;-0,09877
46,15400;-0,76914;-0,09875
46,16400;-0,76931;-0,09883
46,17400;-0,76948;-0,09887
46,18400;-0,76965;-0,09907
46,19400;-0,76982;-0,09888
46,20400;-0,77004;-0,09913
46,21400;-0,77016;-0,09905
46,22400;-0,77038;-0,09925
46,23400;-0,77055;-0,09925
46,24400;-0,77072;-0,09935
46,25400;-0,77084;-0,09934
46,26400;-0,77101;-0,09941
46,27400;-0,77118;-0,09950
46,28400;-0,77135;-0,09956
46,29400;-0,77152;-0,09950
46,30400;-0,77163;-0,09970
46,31400;-0,77180;-0,09974
46,32400;-0,77197;-0,09968
46,33400;-0,77214;-0,09995
46,34400;-0,77237;-0,09980
46,35400;-0,77254;-0,09993
46,36400;-0,77271;-0,10001
46,37400;-0,77288;-0,10003
46,38400;-0,77299;-0,09996
46,39400;-0,77316;-0,10024
46,40400;-0,77333;-0,10005
46,41400;-0,77350;-0,10036
46,42400;-0,77367;-0,10031
46,43400;-0,77384;-0,10043
46,44400;-0,77401;-0,10044
46,45400;-0,77418;-0,10054
46,46400;-0,77441;-0,10051
46,47400;-0,77458;-0,10060
46,48400;-0,77475;-0,10072
46,49400;-0,77492;-0,10067
46,50400;-0,77509;-0,10078
46,51400;-0,77526;-0,10081
46,52400;-0,77543;-0,10103
46,53400;-0,77560;-0,10090
46,54400;-0,77577;-0,10114
46,55400;-0,77588;-0,10095
46,56400;-0,77605;-0,10112
46,57400;-0,77622;-0,10122
46,58400;-0,77633;-0,10116
46,59400;-0,77650;-0,10126
46,60400;-0,77667;-0,10137
46,61400;-0,77684;-0,10138
46,62400;-0,77696;-0,10151
46,63400;-0,77713;-0,10157
46,64400;-0,77730;-0,10145
46,65400;-0,77747;-0,10169
46,66400;-0,77764;-0,10154
46,67400;-0,77781;-0,10175
46,68400;-0,77798;-0,10165
46,69400;-0,77815;-0,10187
46,70400;-0,77832;-0,10182
46,71400;-0,77849;-0,10201
46,72400;-0,77860;-0,10191
46,73400;-0,77877;-0,10205
46,74400;-0,77888;-0,10202
46,75400;-0,77905;-0,10214
46,76400;-0,77922;-0,10214
46,77400;-0,77939;-0,10218
46,78400;-0,77956;-0,10235
46,79400;-0,77979;-0,10231
46,80400;-0,77996;-0,10252
46,81400;-0,78013;-0,10243
46,82400;-0,78030;-0,10255
46,83400;-0,78047;-0,10244
46,84400;-0,78064;-0,10278
46,85400;-0,78081;-0,10250
46,86400;-0,78098;-0,10287
46,87400;-0,78115;-0,10272
46,88400;-0,78138;-0,10288
46,89400;-0,78155;-0,10288
46,90400;-0,78166;-0,10304
46,91400;-0,78183;-0,10291
46,92400;-0,78200;-0,10309
46,93400;-0,78217;-0,10319
46,94400;-0,78228;-0,10315
46,95400;-0,78251;-0,10335
46,96400;-0,78268;-0,10330
46,97400;-0,78285;-0,10340
46,98400;-0,78302;-0,10337
46,99400;-0,78319;-0,10365
47,00400;-0,78336;-0,10347
47,01400;-0,78353;-0,10373
47,02400;-0,78376;-0,10372
47,03400;-0,78387;-0,10371
47,04400;-0,78404;-0,10380
47,05400;-0,78421;-0,10387
47,06400;-0,78438;-0,10381
47,07400;-0,78455;-0,10401
47,08400;-0,78472;-0,10406
47,09400;-0,78489;-0,10398
47,10400;-0,78506;-0,10422
47,11400;-0,78523;-0,10411
47,12400;-0,78540;-0,10426
47,13400;-0,78557;-0,10429
47,14400;-0,78574;-0,10432
47,15400;-0,78591;-0,10436
47,16400;-0,78608;-0,10438
47,17400;-0,78625;-0,10451
47,18400;-0,78642;-0,10456
47,19400;-0,78659;-0,10473
47,20400;-0,78676;-0,10474
47,21400;-0,78693;-0,10475
47,22400;-0,78704;-0,10483
47,23400;-0,78721;-0,10481
47,24400;-0,78738;-0,10492
47,25400;-0,78750;-0,10494
47,26400;-0,78767;-0,10500
47,27400;-0,78784;-0,10498
47,28400;-0,78795;-0,10526
47,29400;-0,78812;-0,10510
47,30400;-0,78829;-0,10525
47,31400;-0,78846;-0,10541
47,32400;-0,78869;-0,10532
47,33400;-0,78886;-0,10554
47,34400;-0,78903;-0,10546
47,35400;-0,78920;-0,10556
47,36400;-0,78937;-0,10547
47,37400;-0,78948;-0,10578
47,38400;-0,78965;-0,10562
47,39400;-0,78976;-0,10585
47,40400;-0,78993;-0,10576
47,41400;-0,79010;-0,10595
47,42400;-0,79027;-0,10602
47,43400;-0,79044;-0,10602
47,44400;-0,79061;-0,10620
47,45400;-0,79078;-0,10598
47,46400;-0,79095;-0,10636
47,47400;-0,79112;-0,10614
47,48400;-0,79129;-0,10640
47,49400;-0,79146;-0,10625
47,50400;-0,79163;-0,10652
47,51400;-0,79180;-0,10641
47,52400;-0,79197;-0,10663
47,53400;-0,79214;-0,10658
47,54400;-0,79231;-0,10667
47,55400;-0,79243;-0,10678
47,56400;-0,79260;-0,10670
47,57400;-0,79277;-0,10703
47,58400;-0,79294;-0,10679
47,59400;-0,79305;-0,10712
47,60400;-0,79328;-0,10696
47,61400;-0,79345;-0,10728
47,62400;-0,79362;-0,10714
47,63400;-0,79384;-0,10730
47,64400;-0,79401;-0,10738
47,65400;-0,79418;-0,10742
47,66400;-0,79435;-0,10741
47,67400;-0,79452;-0,10741
47,68400;-0,79469;-0,10756
47,69400;-0,79481;-0,10742
47,70400;-0,79498;-0,10776
47,71400;-0,79515;-0,10765
47,72400;-0,79532;-0,10791
47,73400;-0,79549;-0,10791
47,74400;-0,79571;-0,10810
47,75400;-0,79588;-0,10800
47,76400;-0,79605;-0,10811
47,77400;-0,79622;-0,10807
47,78400;-0,79639;-0,10814
47,79400;-0,79656;-0,10833
47,80400;-0,79679;-0,10830
47,81400;-0,79690;-0,10848
47,82400;-0,79707;-0,10848
47,83400;-0,79724;-0,10867
47,84400;-0,79741;-0,10862
47,85400;-0,79758;-0,10880
47,86400;-0,79770;-0,10866
47,87400;-0,79787;-0,10878
47,88400;-0,79798;-0,10885
47,89400;-0,79815;-0,10897
47,90400;-0,79832;-0,10902
47,91400;-0,79849;-0,10901
47,92400;-0,79860;-0,10917
47,93400;-0,79877;-0,10908
47,94400;-0,79894;-0,10935
47,95400;-0,79911;-0,10920
47,96400;-0,79928;-0,10935
47,97400;-0,79945;-0,10939
47,98400;-0,79962;-0,10955
47,99400;-0,79979;-0,10963
48,00400;-0,79996;-0,10961
48,01400;-0,80013;-0,10979
48,02400;-0,80025;-0,10965
48,03400;-0,80036;-0,10998
48,04400;-0,80053;-0,10977
48,05400;-0,80070;-0,10998
48,06400;-0,80087;-0,10997
48,07400;-0,80104;-0,11016
48,08400;-0,80121;-0,11016
48,09400;-0,80144;-0,11035
48,10400;-0,80161;-0,11026
48,11400;-0,80178;-0,11021
48,12400;-0,80200;-0,11064
48,13400;-0,80217;-0,11026
48,14400;-0,80234;-0,11079
48,15400;-0,80251;-0,11051
48,16400;-0,80268;-0,11083
48,17400;-0,80285;-0,11064
48,18400;-0,80302;-0,11105
48,19400;-0,80319;-0,11082
48,20400;-0,80331;-0,11090
48,21400;-0,80348;-0,11110
48,22400;-0,80365;-0,11097
48,23400;-0,80382;-0,11134
48,24400;-0,80399;-0,11118
48,25400;-0,80416;-0,11146
48,26400;-0,80433;-0,11106
48,27400;-0,80450;-0,11172
48,28400;-0,80467;-0,11134
48,29400;-0,80489;-0,11170
48,30400;-0,80506;-0,11157
48,31400;-0,80523;-0,11167
48,32400;-0,80535;-0,11188
48,33400;-0,80552;-0,11179
48,34400;-0,80563;-0,11206
48,35400;-0,80586;-0,11173
48,36400;-0,80603;-0,11225
48,37400;-0,80614;-0,11195
48,38400;-0,80637;-0,11237
48,39400;-0,80654;-0,11214
48,40400;-0,80671;-0,11240
48,41400;-0,80688;-0,11240
48,42400;-0,80705;-0,11259
48,43400;-0,80722;-0,11267
48,44400;-0,80744;-0,11245
48,45400;-0,80761;-0,11289
48,46400;-0,80773;-0,11258
48,47400;-0,80790;-0,11305
48,48400;-0,80807;-0,11276
48,49400;-0,80824;-0,11310
48,50400;-0,80841;-0,11299
48,51400;-0,80858;-0,11332
48,52400;-0,80869;-0,11321
48,53400;-0,80886;-0,11332
48,54400;-0,80903;-0,11344
48,55400;-0,80914;-0,11336
48,56400;-0,80931;-0,11365
48,57400;-0,80948;-0,11354
48,58400;-0,80965;-0,11373
48,59400;-0,80982;-0,11349
48,60400;-0,80999;-0,11394
48,61400;-0,81016;-0,11368
48,62400;-0,81033;-0,11406
48,63400;-0,81050;-0,11393
48,64400;-0,81067;-0,11410
48,65400;-0,81084;-0,11413
48,66400;-0,81101;-0,11419
48,67400;-0,81113;-0,11428
48,68400;-0,81130;-0,11420
48,69400;-0,81147;-0,11451
48,70400;-0,81158;-0,11429
48,71400;-0,81175;-0,11475
48,72400;-0,81192;-0,11453
48,73400;-0,81215;-0,11491
48,74400;-0,81232;-0,11465
48,75400;-0,81249;-0,11501
48,76400;-0,81266;-0,11484
48,77400;-0,81283;-0,11505
48,78400;-0,81300;-0,11511
48,79400;-0,81317;-0,11505
48,80400;-0,81334;-0,11527
48,81400;-0,81351;-0,11530
48,82400;-0,81368;-0,11547
48,83400;-0,81385;-0,11534
48,84400;-0,81396;-0,11570
48,85400;-0,81413;-0,11541
48,86400;-0,81424;-0,11574
48,87400;-0,81441;-0,11568
48,88400;-0,81458;-0,11573
48,89400;-0,81475;-0,11595
48,90400;-0,81492;-0,11595
48,91400;-0,81509;-0,11618
48,92400;-0,81532;-0,11608
48,93400;-0,81549;-0,11642
48,94400;-0,81566;-0,11612
48,95400;-0,81583;-0,11646
48,96400;-0,81600;-0,11636
48,97400;-0,81617;-0,11652
48,98400;-0,81634;-0,11655
48,99400;-0,81651;-0,11673
49,00400;-0,81668;-0,11669
49,01400;-0,81685;-0,11680
49,02400;-0,81702;-0,11709
49,03400;-0,81719;-0,11687
49,04400;-0,81736;-0,11724
49,05400;-0,81759;-0,11706
49,06400;-0,81776;-0,11729
49,07400;-0,81793;-0,11721
49,08400;-0,81810;-0,11755
49,09400;-0,81827;-0,11735
49,10400;-0,81844;-0,11758
49,11400;-0,81861;-0,11760
49,12400;-0,81878;-0,11775
49,13400;-0,81895;-0,11785
49,14400;-0,81906;-0,11784
49,15400;-0,81923;-0,11796
49,16400;-0,81934;-0,11790
49,17400;-0,81951;-0,11831
49,18400;-0,81963;-0,11806
49,19400;-0,81980;-0,11837
49,20400;-0,81997;-0,11819
49,21400;-0,82014;-0,11839
49,22400;-0,82031;-0,11841
49,23400;-0,82048;-0,11864
49,24400;-0,82065;-0,11847
49,25400;-0,82082;-0,11873
49,26400;-0,82099;-0,11884
49,27400;-0,82116;-0,11884
49,28400;-0,82133;-0,11899
49,29400;-0,82150;-0,11890
49,30400;-0,82167;-0,11904
49,31400;-0,82178;-0,11896
49,32400;-0,82195;-0,11940
49,33400;-0,82206;-0,11913
49,34400;-0,82223;-0,11937
49,35400;-0,82240;-0,11946
49,36400;-0,82257;-0,11961
49,37400;-0,82280;-0,11951
49,38400;-0,82297;-0,11976
49,39400;-0,82314;-0,11969
49,40400;-0,82331;-0,11976
49,41400;-0,82348;-0,12018
49,42400;-0,82365;-0,11995
49,43400;-0,82382;-0,12022
49,44400;-0,82399;-0,12017
49,45400;-0,82416;-0,12038
49,46400;-0,82439;-0,12020
49,47400;-0,82456;-0,12057
49,48400;-0,82473;-0,12039
49,49400;-0,82484;-0,12059
49,50400;-0,82501;-0,12076
49,51400;-0,82518;-0,12080
49,52400;-0,82535;-0,12088
49,53400;-0,82552;-0,12082
49,54400;-0,82569;-0,12111
49,55400;-0,82586;-0,12088
49,56400;-0,82603;-0,12139
49,57400;-0,82620;-0,12103
49,58400;-0,82643;-0,12143
49,59400;-0,82654;-0,12133
49,60400;-0,82671;-0,12150
49,61400;-0,82688;-0,12153
49,62400;-0,82705;-0,12171
49,63400;-0,82722;-0,12163
49,64400;-0,82733;-0,12172
49,65400;-0,82750;-0,12205
49,66400;-0,82767;-0,12180
49,67400;-0,82784;-0,12219
49,68400;-0,82801;-0,12212
49,69400;-0,82824;-0,12242
49,70400;-0,82841;-0,12226
49,71400;-0,82858;-0,12263
49,72400;-0,82875;-0,12228
49,73400;-0,82892;-0,12261
49,74400;-0,82909;-0,12268
49,75400;-0,82926;-0,12281
49,76400;-0,82943;-0,12284
49,77400;-0,82960;-0,12294
49,78400;-0,82971;-0,12305
49,79400;-0,82988;-0,12297
49,80400;-0,83005;-0,12331
49,81400;-0,83017;-0,12301
49,82400;-0,83034;-0,12337
49,83400;-0,83051;-0,12317
49,84400;-0,83068;-0,12353
49,85400;-0,83085;-0,12343
49,86400;-0,83102;-0,12364
49,87400;-0,83119;-0,12355
49,88400;-0,83136;-0,12372
49,89400;-0,83153;-0,12387
49,90400;-0,83170;-0,12377
49,91400;-0,83187;-0,12413
49,92400;-0,83204;-0,12387
49,93400;-0,83221;-0,12425
49,94400;-0,83238;-0,12410
49,95400;-0,83249;-0,12450
49,96400;-0,83266;-0,12423
49,97400;-0,83277;-0,12451
49,98400;-0,83294;-0,12444
49,99400;-0,83311;-0,12464
50,00400;-0,83328;-0,12476
50,01400;-0,83345;-0,12471
50,02400;-0,83362;-0,12506
50,03400;-0,83379;-0,12482
50,04400;-0,83396;-0,12529
50,05400;-0,83413;-0,12495
50,06400;-0,83430;-0,12535
50,07400;-0,83447;-0,12510
50,08400;-0,83464;-0,12549
50,09400;-0,83481;-0,12543
50,10400;-0,83498;-0,12551
50,11400;-0,83515;-0,12570
50,12400;-0,83532;-0,12563
50,13400;-0,83549;-0,12599
50,14400;-0,83566;-0,12569
50,15400;-0,83578;-0,12618
50,16400;-0,83595;-0,12575
50,17400;-0,83612;-0,12627
50,18400;-0,83623;-0,12599
50,19400;-0,83640;-0,12630
50,20400;-0,83663;-0,12624
50,21400;-0,83680;-0,12653
50,22400;-0,83697;-0,12653
50,23400;-0,83714;-0,12663
50,24400;-0,83736;-0,12682
50,25400;-0,83753;-0,12664
50,26400;-0,83770;-0,12707
50,27400;-0,83787;-0,12680
50,28400;-0,83804;-0,12721
50,29400;-0,83821;-0,12706
50,30400;-0,83838;-0,12738
50,31400;-0,83855;-0,12726
50,32400;-0,83872;-0,12757
50,33400;-0,83889;-0,12750
50,34400;-0,83906;-0,12764
50,35400;-0,83923;-0,12770
50,36400;-0,83940;-0,12772
50,37400;-0,83957;-0,12795
50,38400;-0,83974;-0,12780
50,39400;-0,83991;-0,12814
50,40400;-0,84008;-0,12804
50,41400;-0,84025;-0,12828
50,42400;-0,84042;-0,12827
50,43400;-0,84059;-0,12857
50,44400;-0,84076;-0,12835
50,45400;-0,84088;-0,12863
50,46400;-0,84105;-0,12867
50,47400;-0,84122;-0,12861
50,48400;-0,84133;-0,12880
50,49400;-0,84150;-0,12881
50,50400;-0,84167;-0,12904
50,51400;-0,84184;-0,12907
50,52400;-0,84195;-0,12921
50,53400;-0,84212;-0,12902
50,54400;-0,84229;-0,12940
50,55400;-0,84246;-0,12932
50,56400;-0,84263;-0,12950
50,57400;-0,84280;-0,12945
50,58400;-0,84297;-0,12966
50,59400;-0,84314;-0,12973
50,60400;-0,84326;-0,12984
50,61400;-0,84343;-0,12997
50,62400;-0,84360;-0,12990
50,63400;-0,84371;-0,13011
50,64400;-0,84394;-0,13008
50,65400;-0,84411;-0,13031
50,66400;-0,84428;-0,13027
50,67400;-0,84445;-0,13049
50,68400;-0,84462;-0,13041
50,69400;-0,84479;-0,13061
50,70400;-0,84501;-0,13072
50,71400;-0,84518;-0,13080
50,72400;-0,84535;-0,13091
50,73400;-0,84552;-0,13092
50,74400;-0,84569;-0,13112
50,75400;-0,84586;-0,13117
50,76400;-0,84603;-0,13134
50,77400;-0,84620;-0,13125
50,78400;-0,84637;-0,13150
50,79400;-0,84654;-0,13151
50,80400;-0,84671;-0,13172
50,81400;-0,84683;-0,13170
50,82400;-0,84700;-0,13183
50,83400;-0,84717;-0,13188
50,84400;-0,84734;-0,13213
50,85400;-0,84751;-0,13213
50,86400;-0,84768;-0,13217
50,87400;-0,84785;-0,13225
50,88400;-0,84802;-0,13241
50,89400;-0,84824;-0,13250
50,90400;-0,84841;-0,13261
50,91400;-0,84853;-0,13263
50,92400;-0,84870;-0,13269
50,93400;-0,84887;-0,13282
50,94400;-0,84904;-0,13300
50,95400;-0,84915;-0,13297
50,96400;-0,84932;-0,13308
50,97400;-0,84955;-0,13321
50,98400;-0,84972;-0,13325
50,99400;-0,84989;-0,13340
51,00400;-0,85006;-0,13349
51,01400;-0,85023;-0,13342
51,02400;-0,85040;-0,13364
51,03400;-0,85057;-0,13377
51,04400;-0,85074;-0,13377
51,05400;-0,85091;-0,13403
51,06400;-0,85108;-0,13394
51,07400;-0,85125;-0,13412
51,08400;-0,85142;-0,13422
51,09400;-0,85159;-0,13439
51,10400;-0,85170;-0,13425
51,11400;-0,85187;-0,13448
51,12400;-0,85204;-0,13460
51,13400;-0,85215;-0,13471
51,14400;-0,85232;-0,13486
51,15400;-0,85249;-0,13481
51,16400;-0,85266;-0,13487
51,17400;-0,85283;-0,13497
51,18400;-0,85300;-0,13523
51,19400;-0,85317;-0,13499
51,20400;-0,85334;-0,13538
51,21400;-0,85351;-0,13531
51,22400;-0,85368;-0,13555
51,23400;-0,85385;-0,13564
51,24400;-0,85397;-0,13566
51,25400;-0,85414;-0,13566
51,26400;-0,85425;-0,13580
51,27400;-0,85442;-0,13601
51,28400;-0,85459;-0,13591
51,29400;-0,85476;-0,13620
51,30400;-0,85493;-0,13608
51,31400;-0,85510;-0,13638
51,32400;-0,85527;-0,13635
51,33400;-0,85544;-0,13655
51,34400;-0,85561;-0,13642
51,35400;-0,85584;-0,13668
51,36400;-0,85595;-0,13677
51,37400;-0,85618;-0,13673
51,38400;-0,85629;-0,13700
51,39400;-0,85646;-0,13693
51,40400;-0,85663;-0,13707
51,41400;-0,85680;-0,13723
51,42400;-0,85697;-0,13737
51,43400;-0,85714;-0,13726
51,44400;-0,85731;-0,13757
51,45400;-0,85742;-0,13750
51,46400;-0,85759;-0,13760
51,47400;-0,85771;-0,13785
51,48400;-0,85788;-0,13779
51,49400;-0,85805;-0,13795
51,50400;-0,85827;-0,13803
51,51400;-0,85844;-0,13824
51,52400;-0,85867;-0,13813
51,53400;-0,85884;-0,13841
51,54400;-0,85901;-0,13839
51,55400;-0,85918;-0,13849
51,56400;-0,85935;-0,13863
51,57400;-0,85952;-0,13871
51,58400;-0,85969;-0,13869
51,59400;-0,85986;-0,13885
51,60400;-0,86003;-0,13907
51,61400;-0,86020;-0,13900
51,62400;-0,86037;-0,13944
51,63400;-0,86054;-0,13927
51,64400;-0,86071;-0,13937
51,65400;-0,86094;-0,13953
51,66400;-0,86111;-0,13966
51,67400;-0,86128;-0,13956
51,68400;-0,86145;-0,13983
51,69400;-0,86162;-0,13987
51,70400;-0,86179;-0,13992
51,71400;-0,86190;-0,14026
51,72400;-0,86207;-0,14009
51,73400;-0,86224;-0,14035
51,74400;-0,86241;-0,14038
51,75400;-0,86252;-0,14060
51,76400;-0,86269;-0,14046
51,77400;-0,86281;-0,14070
51,78400;-0,86298;-0,14065
51,79400;-0,86315;-0,14084
51,80400;-0,86332;-0,14102
51,81400;-0,86349;-0,14097
51,82400;-0,86366;-0,14119
51,83400;-0,86377;-0,14113
51,84400;-0,86400;-0,14145
51,85400;-0,86417;-0,14128
51,86400;-0,86434;-0,14152
51,87400;-0,86451;-0,14155
51,88400;-0,86468;-0,14171
51,89400;-0,86479;-0,14186
51,90400;-0,86496;-0,14180
51,91400;-0,86507;-0,14190
51,92400;-0,86524;-0,14211
51,93400;-0,86541;-0,14228
51,94400;-0,86558;-0,14218
51,95400;-0,86575;-0,14243
51,96400;-0,86592;-0,14236
51,97400;-0,86615;-0,14257
51,98400;-0,86632;-0,14261
51,99400;-0,86649;-0,14272
52,00400;-0,86666;-0,14277
52,01400;-0,86683;-0,14289
52,02400;-0,86700;-0,14306
52,03400;-0,86717;-0,14317
52,04400;-0,86734;-0,14318
52,05400;-0,86751;-0,14334
52,06400;-0,86774;-0,14349
52,07400;-0,86785;-0,14349
52,08400;-0,86802;-0,14364
52,09400;-0,86819;-0,14365
52,10400;-0,86836;-0,14384
52,11400;-0,86853;-0,14396
52,12400;-0,86864;-0,14398
52,13400;-0,86881;-0,14419
52,14400;-0,86898;-0,14425
52,15400;-0,86915;-0,14425
52,16400;-0,86932;-0,14447
52,17400;-0,86949;-0,14447
52,18400;-0,86966;-0,14457
52,19400;-0,86983;-0,14470
52,20400;-0,87000;-0,14484
52,21400;-0,87017;-0,14485
52,22400;-0,87034;-0,14517
52,23400;-0,87051;-0,14503
52,24400;-0,87068;-0,14525
52,25400;-0,87085;-0,14522
52,26400;-0,87097;-0,14550
52,27400;-0,87114;-0,14545
52,28400;-0,87131;-0,14562
52,29400;-0,87148;-0,14571
52,30400;-0,87165;-0,14569
52,31400;-0,87182;-0,14605
52,32400;-0,87199;-0,14587
52,33400;-0,87221;-0,14626
52,34400;-0,87238;-0,14609
52,35400;-0,87255;-0,14641
52,36400;-0,87272;-0,14622
52,37400;-0,87284;-0,14672
52,38400;-0,87301;-0,14650
52,39400;-0,87318;-0,14670
52,40400;-0,87335;-0,14692
52,41400;-0,87352;-0,14684
52,42400;-0,87369;-0,14710
52,43400;-0,87386;-0,14697
52,44400;-0,87397;-0,14745
52,45400;-0,87414;-0,14697
52,46400;-0,87431;-0,14771
52,47400;-0,87448;-0,14733
52,48400;-0,87465;-0,14771
52,49400;-0,87482;-0,14759
52,50400;-0,87499;-0,14782
52,51400;-0,87516;-0,14789
52,52400;-0,87527;-0,14792
52,53400;-0,87544;-0,14821
52,54400;-0,87556;-0,14791
52,55400;-0,87573;-0,14858
52,56400;-0,87590;-0,14813
52,57400;-0,87607;-0,14883
52,58400;-0,87624;-0,14835
52,59400;-0,87646;-0,14892
52,60400;-0,87663;-0,14859
52,61400;-0,87680;-0,14903
52,62400;-0,87697;-0,14892
52,63400;-0,87714;-0,14895
52,64400;-0,87731;-0,14937
52,65400;-0,87748;-0,14910
52,66400;-0,87765;-0,14969
52,67400;-0,87782;-0,14931
52,68400;-0,87799;-0,14988
52,69400;-0,87816;-0,14933
52,70400;-0,87833;-0,15012
52,71400;-0,87850;-0,14964
52,72400;-0,87867;-0,15011
52,73400;-0,87884;-0,15012
52,74400;-0,87896;-0,15023
52,75400;-0,87913;-0,15034
52,76400;-0,87930;-0,15029
52,77400;-0,87941;-0,15068
52,78400;-0,87958;-0,15033
52,79400;-0,87975;-0,15101
52,80400;-0,87998;-0,15052
52,81400;-0,88015;-0,15111
52,82400;-0,88032;-0,15087
52,83400;-0,88049;-0,15128
52,84400;-0,88066;-0,15105
52,85400;-0,88088;-0,15134
52,86400;-0,88105;-0,15146
52,87400;-0,88122;-0,15137
52,88400;-0,88139;-0,15185
52,89400;-0,88151;-0,15149
52,90400;-0,88168;-0,15204
52,91400;-0,88185;-0,15185
52,92400;-0,88202;-0,15230
52,93400;-0,88219;-0,15209
52,94400;-0,88236;-0,15243
52,95400;-0,88253;-0,15233
52,96400;-0,88270;-0,15247
52,97400;-0,88287;-0,15271
52,98400;-0,88309;-0,15257
52,99400;-0,88326;-0,15289
53,00400;-0,88338;-0,15273
53,01400;-0,88355;-0,15312
53,02400;-0,88372;-0,15292
53,03400;-0,88389;-0,15339
53,04400;-0,88406;-0,15318
53,05400;-0,88423;-0,15344
53,06400;-0,88440;-0,15352
53,07400;-0,88451;-0,15347
53,08400;-0,88468;-0,15368
53,09400;-0,88485;-0,15371
53,10400;-0,88496;-0,15394
53,11400;-0,88513;-0,15371
53,12400;-0,88530;-0,15420
53,13400;-0,88547;-0,15395
53,14400;-0,88564;-0,15439
53,15400;-0,88581;-0,15426
53,16400;-0,88598;-0,15452
53,17400;-0,88615;-0,15450
53,18400;-0,88627;-0,15465
53,19400;-0,88644;-0,15474
53,20400;-0,88661;-0,15471
53,21400;-0,88672;-0,15502
53,22400;-0,88689;-0,15481
53,23400;-0,88706;-0,15543
53,24400;-0,88723;-0,15511
53,25400;-0,88746;-0,15551
53,26400;-0,88763;-0,15538
53,27400;-0,88780;-0,15580
53,28400;-0,88797;-0,15557
53,29400;-0,88819;-0,15587
53,30400;-0,88836;-0,15599
53,31400;-0,88853;-0,15586
53,32400;-0,88870;-0,15620
53,33400;-0,88887;-0,15614
53,34400;-0,88904;-0,15645
53,35400;-0,88921;-0,15632
53,36400;-0,88938;-0,15689
53,37400;-0,88955;-0,15644
53,38400;-0,88967;-0,15685
53,39400;-0,88984;-0,15680
53,40400;-0,89001;-0,15690
53,41400;-0,89012;-0,15703
53,42400;-0,89029;-0,15713
53,43400;-0,89046;-0,15738
53,44400;-0,89063;-0,15725
53,45400;-0,89080;-0,15772
53,46400;-0,89097;-0,15740
53,47400;-0,89114;-0,15782
53,48400;-0,89131;-0,15764
53,49400;-0,89148;-0,15795
53,50400;-0,89165;-0,15787
53,51400;-0,89182;-0,15811
53,52400;-0,89199;-0,15818
53,53400;-0,89216;-0,15822
53,54400;-0,89233;-0,15854
53,55400;-0,89250;-0,15836
53,56400;-0,89267;-0,15867
53,57400;-0,89284;-0,15860
53,58400;-0,89301;-0,15895
53,59400;-0,89318;-0,15883
53,60400;-0,89335;-0,15916
53,61400;-0,89352;-0,15905
53,62400;-0,89369;-0,15932
53,63400;-0,89386;-0,15948
53,64400;-0,89403;-0,15941
53,65400;-0,89420;-0,15965
53,66400;-0,89437;-0,15950
53,67400;-0,89454;-0,15989
53,68400;-0,89471;-0,15978
53,69400;-0,89488;-0,16014
53,70400;-0,89505;-0,15997
53,71400;-0,89522;-0,16033
53,72400;-0,89539;-0,16026
53,73400;-0,89550;-0,16047
53,74400;-0,89567;-0,16056
53,75400;-0,89584;-0,16064
53,76400;-0,89601;-0,16079
53,77400;-0,89618;-0,16080
53,78400;-0,89635;-0,16114
53,79400;-0,89652;-0,16085
53,80400;-0,89669;-0,16141
53,81400;-0,89686;-0,16128
53,82400;-0,89703;-0,16138
53,83400;-0,89720;-0,16152
53,84400;-0,89732;-0,16173
53,85400;-0,89743;-0,16152
53,86400;-0,89760;-0,16185
53,87400;-0,89777;-0,16196
53,88400;-0,89794;-0,16180
53,89400;-0,89811;-0,16227
53,90400;-0,89828;-0,16215
53,91400;-0,89845;-0,16236
53,92400;-0,89862;-0,16238
53,93400;-0,89879;-0,16262
53,94400;-0,89896;-0,16253
53,95400;-0,89913;-0,16283
53,96400;-0,89936;-0,16288
53,97400;-0,89953;-0,16290
53,98400;-0,89970;-0,16307
53,99400;-0,89987;-0,16326
54,00400;-0,90004;-0,16336
54,01400;-0,90021;-0,16342
54,02400;-0,90032;-0,16375
54,03400;-0,90049;-0,16352
54,04400;-0,90066;-0,16387
54,05400;-0,90077;-0,16383
54,06400;-0,90094;-0,16393
54,07400;-0,90106;-0,16415
54,08400;-0,90128;-0,16434
54,09400;-0,90145;-0,16437
54,10400;-0,90162;-0,16447
54,11400;-0,90179;-0,16466
54,12400;-0,90196;-0,16457
54,13400;-0,90219;-0,16488
54,14400;-0,90236;-0,16484
54,15400;-0,90253;-0,16493
54,16400;-0,90276;-0,16512
54,17400;-0,90293;-0,16526
54,18400;-0,90304;-0,16531
54,19400;-0,90321;-0,16531
54,20400;-0,90338;-0,16553
54,21400;-0,90355;-0,16548
54,22400;-0,90372;-0,16577
54,23400;-0,90389;-0,16579
54,24400;-0,90406;-0,16594
54,25400;-0,90423;-0,16600
54,26400;-0,90440;-0,16634
54,27400;-0,90457;-0,16627
54,28400;-0,90474;-0,16642
54,29400;-0,90491;-0,16647
54,30400;-0,90508;-0,16656
54,31400;-0,90525;-0,16679
54,32400;-0,90536;-0,16691
54,33400;-0,90553;-0,16701
54,34400;-0,90570;-0,16710
54,35400;-0,90587;-0,16731
54,36400;-0,90604;-0,16728
54,37400;-0,90616;-0,16751
54,38400;-0,90633;-0,16733
54,39400;-0,90650;-0,16766
54,40400;-0,90667;-0,16774
54,41400;-0,90678;-0,16786
54,42400;-0,90695;-0,16782
54,43400;-0,90712;-0,16814
54,44400;-0,90729;-0,16822
54,45400;-0,90746;-0,16814
54,46400;-0,90763;-0,16848
54,47400;-0,90780;-0,16843
54,48400;-0,90797;-0,16846
54,49400;-0,90814;-0,16854
54,50400;-0,90825;-0,16877
54,51400;-0,90842;-0,16868
54,52400;-0,90854;-0,16903
54,53400;-0,90871;-0,16917
54,54400;-0,90893;-0,16917
54,55400;-0,90910;-0,16930
54,56400;-0,90927;-0,16944
54,57400;-0,90944;-0,16940
54,58400;-0,90961;-0,16950
54,59400;-0,90984;-0,16980
54,60400;-0,91001;-0,16968
54,61400;-0,91018;-0,17002
54,62400;-0,91035;-0,17017
54,63400;-0,91052;-0,17016
54,64400;-0,91069;-0,17036
54,65400;-0,91086;-0,17056
54,66400;-0,91103;-0,17053
54,67400;-0,91120;-0,17068
54,68400;-0,91137;-0,17084
54,69400;-0,91148;-0,17078
54,70400;-0,91165;-0,17102
54,71400;-0,91182;-0,17114
54,72400;-0,91194;-0,17117
54,73400;-0,91211;-0,17132
54,74400;-0,91228;-0,17145
54,75400;-0,91245;-0,17159
54,76400;-0,91262;-0,17157
54,77400;-0,91279;-0,17187
54,78400;-0,91296;-0,17182
54,79400;-0,91318;-0,17197
54,80400;-0,91335;-0,17211
54,81400;-0,91352;-0,17219
54,82400;-0,91369;-0,17227
54,83400;-0,91386;-0,17249
54,84400;-0,91398;-0,17253
54,85400;-0,91415;-0,17266
54,86400;-0,91432;-0,17283
54,87400;-0,91449;-0,17287
54,88400;-0,91466;-0,17307
54,89400;-0,91483;-0,17301
54,90400;-0,91500;-0,17318
54,91400;-0,91517;-0,17336
54,92400;-0,91534;-0,17336
54,93400;-0,91551;-0,17358
54,94400;-0,91568;-0,17389
54,95400;-0,91585;-0,17366
54,96400;-0,91602;-0,17378
54,97400;-0,91619;-0,17412
54,98400;-0,91636;-0,17400
54,99400;-0,91653;-0,17428
55,00400;-0,91670;-0,17439
55,01400;-0,91687;-0,17434
55,02400;-0,91698;-0,17453
55,03400;-0,91715;-0,17478
55,04400;-0,91732;-0,17473
55,05400;-0,91749;-0,17477
55,06400;-0,91760;-0,17504
55,07400;-0,91783;-0,17522
55,08400;-0,91794;-0,17509
55,09400;-0,91811;-0,17535
55,10400;-0,91834;-0,17532
55,11400;-0,91851;-0,17546
55,12400;-0,91868;-0,17576
55,13400;-0,91879;-0,17577
55,14400;-0,91896;-0,17574
55,15400;-0,91908;-0,17598
55,16400;-0,91919;-0,17602
55,17400;-0,91942;-0,17605
55,18400;-0,91953;-0,17640
55,19400;-0,91976;-0,17623
55,20400;-0,91993;-0,17657
55,21400;-0,92010;-0,17664
55,22400;-0,92027;-0,17672
55,23400;-0,92049;-0,17686
55,24400;-0,92066;-0,17688
55,25400;-0,92083;-0,17708
55,26400;-0,92100;-0,17707
55,27400;-0,92117;-0,17734
55,28400;-0,92134;-0,17739
55,29400;-0,92151;-0,17756
55,30400;-0,92168;-0,17758
55,31400;-0,92185;-0,17785
55,32400;-0,92202;-0,17773
55,33400;-0,92219;-0,17798
55,34400;-0,92231;-0,17814
55,35400;-0,92248;-0,17807
55,36400;-0,92259;-0,17847
55,37400;-0,92276;-0,17830
55,38400;-0,92293;-0,17855
55,39400;-0,92310;-0,17857
55,40400;-0,92327;-0,17887
55,41400;-0,92350;-0,17882
55,42400;-0,92367;-0,17891
55,43400;-0,92384;-0,17899
55,44400;-0,92401;-0,17916
55,45400;-0,92423;-0,17926
55,46400;-0,92440;-0,17954
55,47400;-0,92457;-0,17971
55,48400;-0,92474;-0,17926
55,49400;-0,92486;-0,17989
55,50400;-0,92503;-0,17984
55,51400;-0,92520;-0,17994
55,52400;-0,92537;-0,18026
55,53400;-0,92554;-0,18033
55,54400;-0,92571;-0,18010
55,55400;-0,92588;-0,18073
55,56400;-0,92605;-0,18060
55,57400;-0,92622;-0,18050
55,58400;-0,92639;-0,18085
55,59400;-0,92656;-0,18089
55,60400;-0,92673;-0,18102
55,61400;-0,92690;-0,18123
55,62400;-0,92707;-0,18127
55,63400;-0,92718;-0,18120
55,64400;-0,92735;-0,18167
55,65400;-0,92752;-0,18156
55,66400;-0,92769;-0,18180
55,67400;-0,92786;-0,18163
55,68400;-0,92797;-0,18200
55,69400;-0,92814;-0,18201
55,70400;-0,92831;-0,18219
55,71400;-0,92843;-0,18221
55,72400;-0,92860;-0,18220
55,73400;-0,92877;-0,18242
55,74400;-0,92894;-0,18256
55,75400;-0,92911;-0,18276
55,76400;-0,92928;-0,18263
55,77400;-0,92945;-0,18296
55,78400;-0,92962;-0,18293
55,79400;-0,92979;-0,18323
55,80400;-0,92990;-0,18308
55,81400;-0,93007;-0,18327
55,82400;-0,93018;-0,18344
55,83400;-0,93041;-0,18342
55,84400;-0,93058;-0,18384
55,85400;-0,93075;-0,18372
55,86400;-0,93092;-0,18395
55,87400;-0,93115;-0,18399
55,88400;-0,93132;-0,18427
55,89400;-0,93149;-0,18414
55,90400;-0,93166;-0,18433
55,91400;-0,93188;-0,18442
55,92400;-0,93205;-0,18455
55,93400;-0,93222;-0,18488
55,94400;-0,93239;-0,18477
55,95400;-0,93256;-0,18507
55,96400;-0,93268;-0,18504
55,97400;-0,93285;-0,18531
55,98400;-0,93296;-0,18520
55,99400;-0,93313;-0,18554
56,00400;-0,93330;-0,18547
56,01400;-0,93347;-0,18563
56,02400;-0,93364;-0,18583
56,03400;-0,93381;-0,18594
56,04400;-0,93398;-0,18602
56,05400;-0,93415;-0,18618
56,06400;-0,93438;-0,18622
56,07400;-0,93455;-0,18632
56,08400;-0,93472;-0,18655
56,09400;-0,93489;-0,18650
56,10400;-0,93506;-0,18670
56,11400;-0,93523;-0,18685
56,12400;-0,93540;-0,18693
56,13400;-0,93551;-0,18698
56,14400;-0,93568;-0,18733
56,15400;-0,93585;-0,18724
56,16400;-0,93602;-0,18746
56,17400;-0,93619;-0,18761
56,18400;-0,93636;-0,18765
56,19400;-0,93653;-0,18771
56,20400;-0,93670;-0,18800
56,21400;-0,93687;-0,18778
56,22400;-0,93704;-0,18811
56,23400;-0,93721;-0,18822
56,24400;-0,93738;-0,18822
56,25400;-0,93755;-0,18849
56,26400;-0,93772;-0,18859
56,27400;-0,93789;-0,18866
56,28400;-0,93806;-0,18881
56,29400;-0,93823;-0,18900
56,30400;-0,93840;-0,18891
56,31400;-0,93857;-0,18920
56,32400;-0,93868;-0,18925
56,33400;-0,93885;-0,18936
56,34400;-0,93902;-0,18953
56,35400;-0,93919;-0,18963
56,36400;-0,93931;-0,18967
56,37400;-0,93948;-0,18985
56,38400;-0,93965;-0,18996
56,39400;-0,93982;-0,18991
56,40400;-0,93999;-0,19007
56,41400;-0,94016;-0,19039
56,42400;-0,94038;-0,19023
56,43400;-0,94050;-0,19048
56,44400;-0,94067;-0,19065
56,45400;-0,94084;-0,19062
56,46400;-0,94095;-0,19077
56,47400;-0,94112;-0,19103
56,48400;-0,94129;-0,19094
56,49400;-0,94146;-0,19111
56,50400;-0,94163;-0,19142
56,51400;-0,94180;-0,19129
56,52400;-0,94197;-0,19157
56,53400;-0,94214;-0,19170
56,54400;-0,94231;-0,19175
56,55400;-0,94248;-0,19178
56,56400;-0,94265;-0,19203
56,57400;-0,94282;-0,19195
56,58400;-0,94299;-0,19225
56,59400;-0,94316;-0,19241
56,60400;-0,94333;-0,19243
56,61400;-0,94350;-0,19265
56,62400;-0,94367;-0,19262
56,63400;-0,94378;-0,19284
56,64400;-0,94395;-0,19290
56,65400;-0,94412;-0,19308
56,66400;-0,94429;-0,19304
56,67400;-0,94446;-0,19326
56,68400;-0,94463;-0,19341
56,69400;-0,94480;-0,19351
56,70400;-0,94503;-0,19360
56,71400;-0,94520;-0,19374
56,72400;-0,94537;-0,19387
56,73400;-0,94554;-0,19397
56,74400;-0,94571;-0,19420
56,75400;-0,94594;-0,19415
56,76400;-0,94605;-0,19442
56,77400;-0,94622;-0,19446
56,78400;-0,94639;-0,19464
56,79400;-0,94656;-0,19480
56,80400;-0,94667;-0,19483
56,81400;-0,94684;-0,19489
56,82400;-0,94701;-0,19514
56,83400;-0,94724;-0,19516
56,84400;-0,94741;-0,19525
56,85400;-0,94752;-0,19552
56,86400;-0,94775;-0,19546
56,87400;-0,94792;-0,19580
56,88400;-0,94803;-0,19578
56,89400;-0,94820;-0,19591
56,90400;-0,94837;-0,19595
56,91400;-0,94854;-0,19616
56,92400;-0,94871;-0,19623
56,93400;-0,94888;-0,19635
56,94400;-0,94905;-0,19662
56,95400;-0,94922;-0,19664
56,96400;-0,94934;-0,19678
56,97400;-0,94951;-0,19685
56,98400;-0,94968;-0,19695
56,99400;-0,94979;-0,19699
57,00400;-0,94996;-0,19725
57,01400;-0,95013;-0,19729
57,02400;-0,95030;-0,19730
57,03400;-0,95047;-0,19759
57,04400;-0,95064;-0,19750
57,05400;-0,95081;-0,19775
57,06400;-0,95098;-0,19789
57,07400;-0,95115;-0,19792
57,08400;-0,95132;-0,19802
57,09400;-0,95143;-0,19818
57,10400;-0,95155;-0,19819
57,11400;-0,95172;-0,19825
57,12400;-0,95189;-0,19858
57,13400;-0,95206;-0,19847
57,14400;-0,95228;-0,19882
57,15400;-0,95245;-0,19888
57,16400;-0,95262;-0,19903
57,17400;-0,95279;-0,19904
57,18400;-0,95302;-0,19924
57,19400;-0,95319;-0,19925
57,20400;-0,95336;-0,19942
57,21400;-0,95353;-0,19964
57,22400;-0,95370;-0,19960
57,23400;-0,95387;-0,19988
57,24400;-0,95404;-0,19990
57,25400;-0,95427;-0,20009
57,26400;-0,95438;-0,20018
57,27400;-0,95455;-0,20034
57,28400;-0,95472;-0,20039
57,29400;-0,95489;-0,20052
57,30400;-0,95500;-0,20063
57,31400;-0,95517;-0,20077
57,32400;-0,95534;-0,20093
57,33400;-0,95551;-0,20099
57,34400;-0,95568;-0,20109
57,35400;-0,95585;-0,20122
57,36400;-0,95608;-0,20139
57,37400;-0,95625;-0,20152
57,38400;-0,95642;-0,20152
57,39400;-0,95659;-0,20173
57,40400;-0,95670;-0,20176
57,41400;-0,95687;-0,20184
57,42400;-0,95704;-0,20203
57,43400;-0,95716;-0,20208
57,44400;-0,95733;-0,20223
57,45400;-0,95750;-0,20245
57,46400;-0,95767;-0,20258
57,47400;-0,95784;-0,20262
57,48400;-0,95806;-0,20292
57,49400;-0,95823;-0,20282
57,50400;-0,95840;-0,20307
57,51400;-0,95857;-0,20309
57,52400;-0,95874;-0,20328
57,53400;-0,95891;-0,20328
57,54400;-0,95908;-0,20350
57,55400;-0,95925;-0,20354
57,56400;-0,95942;-0,20367
57,57400;-0,95959;-0,20391
57,58400;-0,95976;-0,20401
57,59400;-0,95993;-0,20402
57,60400;-0,96005;-0,20418
57,61400;-0,96022;-0,20426
57,62400;-0,96039;-0,20434
57,63400;-0,96050;-0,20459
57,64400;-0,96067;-0,20462
57,65400;-0,96084;-0,20472
57,66400;-0,96101;-0,20490
57,67400;-0,96118;-0,20501
57,68400;-0,96135;-0,20505
57,69400;-0,96152;-0,20516
57,70400;-0,96169;-0,20527
57,71400;-0,96186;-0,20537
57,72400;-0,96203;-0,20555
57,73400;-0,96214;-0,20567
57,74400;-0,96226;-0,20574
57,75400;-0,96243;-0,20591
57,76400;-0,96260;-0,20599
57,77400;-0,96277;-0,20611
57,78400;-0,96294;-0,20625
57,79400;-0,96311;-0,20629
57,80400;-0,96328;-0,20638
57,81400;-0,96345;-0,20658
57,82400;-0,96362;-0,20665
57,83400;-0,96384;-0,20683
57,84400;-0,96401;-0,20693
57,85400;-0,96418;-0,20708
57,86400;-0,96435;-0,20715
57,87400;-0,96452;-0,20735
57,88400;-0,96469;-0,20747
57,89400;-0,96486;-0,20747
57,90400;-0,96503;-0,20772
57,91400;-0,96520;-0,20773
57,92400;-0,96532;-0,20800
57,93400;-0,96549;-0,20795
57,94400;-0,96566;-0,20818
57,95400;-0,96583;-0,20822
57,96400;-0,96600;-0,20843
57,97400;-0,96617;-0,20843
57,98400;-0,96634;-0,20875
57,99400;-0,96651;-0,20881
58,00400;-0,96668;-0,20878
58,01400;-0,96690;-0,20911
58,02400;-0,96707;-0,20897
58,03400;-0,96724;-0,20928
58,04400;-0,96741;-0,20924
58,05400;-0,96758;-0,20946
58,06400;-0,96775;-0,20947
58,07400;-0,96792;-0,20988
58,08400;-0,96804;-0,20986
58,09400;-0,96821;-0,21005
58,10400;-0,96838;-0,21007
58,11400;-0,96860;-0,21026
58,12400;-0,96872;-0,21039
58,13400;-0,96894;-0,21033
58,14400;-0,96906;-0,21063
58,15400;-0,96923;-0,21054
58,16400;-0,96940;-0,21086
58,17400;-0,96957;-0,21094
58,18400;-0,96974;-0,21107
58,19400;-0,96991;-0,21103
58,20400;-0,97008;-0,21131
58,21400;-0,97025;-0,21133
58,22400;-0,97036;-0,21146
58,23400;-0,97053;-0,21152
58,24400;-0,97070;-0,21163
58,25400;-0,97087;-0,21188
58,26400;-0,97104;-0,21195
58,27400;-0,97115;-0,21214
58,28400;-0,97132;-0,21203
58,29400;-0,97144;-0,21229
58,30400;-0,97161;-0,21231
58,31400;-0,97178;-0,21237
58,32400;-0,97195;-0,21254
58,33400;-0,97212;-0,21262
58,34400;-0,97229;-0,21270
58,35400;-0,97246;-0,21294
58,36400;-0,97263;-0,21308
58,37400;-0,97280;-0,21309
58,38400;-0,97291;-0,21330
58,39400;-0,97308;-0,21330
58,40400;-0,97319;-0,21340
58,41400;-0,97342;-0,21362
58,42400;-0,97359;-0,21367
58,43400;-0,97376;-0,21387
58,44400;-0,97393;-0,21407
58,45400;-0,97416;-0,21416
58,46400;-0,97433;-0,21419
58,47400;-0,97450;-0,21427
58,48400;-0,97467;-0,21438
58,49400;-0,97484;-0,21455
58,50400;-0,97506;-0,21464
58,51400;-0,97523;-0,21483
58,52400;-0,97540;-0,21487
58,53400;-0,97557;-0,21511
58,54400;-0,97574;-0,21515
58,55400;-0,97586;-0,21529
58,56400;-0,97603;-0,21537
58,57400;-0,97620;-0,21562
58,58400;-0,97631;-0,21563
58,59400;-0,97648;-0,21576
58,60400;-0,97665;-0,21593
58,61400;-0,97682;-0,21579
58,62400;-0,97699;-0,21620
58,63400;-0,97716;-0,21610
58,64400;-0,97733;-0,21645
58,65400;-0,97750;-0,21632
58,66400;-0,97773;-0,21667
58,67400;-0,97790;-0,21658
58,68400;-0,97807;-0,21684
58,69400;-0,97818;-0,21682
58,70400;-0,97835;-0,21694
58,71400;-0,97852;-0,21713
58,72400;-0,97869;-0,21703
58,73400;-0,97886;-0,21753
58,74400;-0,97903;-0,21733
58,75400;-0,97920;-0,21778
58,76400;-0,97937;-0,21763
58,77400;-0,97954;-0,21800
58,78400;-0,97971;-0,21792
58,79400;-0,97988;-0,21813
58,80400;-0,98005;-0,21804
58,81400;-0,98022;-0,21830
58,82400;-0,98039;-0,21837
58,83400;-0,98056;-0,21848
58,84400;-0,98073;-0,21873
58,85400;-0,98090;-0,21863
58,86400;-0,98107;-0,21908
58,87400;-0,98124;-0,21884
58,88400;-0,98141;-0,21924
58,89400;-0,98158;-0,21920
58,90400;-0,98175;-0,21931
58,91400;-0,98186;-0,21937
58,92400;-0,98203;-0,21959
58,93400;-0,98220;-0,21968
58,94400;-0,98232;-0,21966
58,95400;-0,98249;-0,22003
58,96400;-0,98266;-0,21984
58,97400;-0,98283;-0,22024
58,98400;-0,98300;-0,22008
58,99400;-0,98317;-0,22035
59,00400;-0,98334;-0,22029
59,01400;-0,98351;-0,22064
59,02400;-0,98362;-0,22067
59,03400;-0,98379;-0,22074
59,04400;-0,98390;-0,22089
59,05400;-0,98407;-0,22096
59,06400;-0,98424;-0,22117
59,07400;-0,98441;-0,22113
59,08400;-0,98458;-0,22155
59,09400;-0,98475;-0,22118
59,10400;-0,98492;-0,22167
59,11400;-0,98515;-0,22162
59,12400;-0,98532;-0,22172
59,13400;-0,98549;-0,22183
59,14400;-0,98566;-0,22189
59,15400;-0,98583;-0,22207
59,16400;-0,98600;-0,22209
59,17400;-0,98617;-0,22247
59,18400;-0,98634;-0,22222
59,19400;-0,98645;-0,22274
59,20400;-0,98662;-0,22245
59,21400;-0,98679;-0,22297
59,22400;-0,98696;-0,22279
59,23400;-0,98708;-0,22308
59,24400;-0,98725;-0,22313
59,25400;-0,98742;-0,22325
59,26400;-0,98759;-0,22350
59,27400;-0,98781;-0,22337
59,28400;-0,98798;-0,22380
59,29400;-0,98815;-0,22357
59,30400;-0,98832;-0,22402
59,31400;-0,98855;-0,22375
59,32400;-0,98872;-0,22428
59,33400;-0,98889;-0,22401
59,34400;-0,98906;-0,22454
59,35400;-0,98917;-0,22447
59,36400;-0,98934;-0,22452
59,37400;-0,98951;-0,22485
59,38400;-0,98974;-0,22467
59,39400;-0,98991;-0,22515
59,40400;-0,99008;-0,22483
59,41400;-0,99025;-0,22529
59,42400;-0,99042;-0,22501
59,43400;-0,99059;-0,22558
59,44400;-0,99076;-0,22533
59,45400;-0,99093;-0,22580
59,46400;-0,99104;-0,22562
59,47400;-0,99121;-0,22588
59,48400;-0,99138;-0,22602
59,49400;-0,99155;-0,22599
59,50400;-0,99172;-0,22632
59,51400;-0,99189;-0,22600
59,52400;-0,99206;-0,22662
59,53400;-0,99223;-0,22637
59,54400;-0,99235;-0,22674
59,55400;-0,99252;-0,22660
59,56400;-0,99263;-0,22700
59,57400;-0,99280;-0,22683
59,58400;-0,99297;-0,22722
59,59400;-0,99308;-0,22714
59,60400;-0,99325;-0,22708
59,61400;-0,99342;-0,22754
59,62400;-0,99359;-0,22724
59,63400;-0,99376;-0,22783
59,64400;-0,99393;-0,22755
59,65400;-0,99410;-0,22793
59,66400;-0,99433;-0,22779
59,67400;-0,99450;-0,22824
59,68400;-0,99461;-0,22811
59,69400;-0,99478;-0,22825
59,70400;-0,99490;-0,22855
59,71400;-0,99507;-0,22839
59,72400;-0,99524;-0,22883
59,73400;-0,99541;-0,22861
59,74400;-0,99563;-0,22917
59,75400;-0,99580;-0,22869
59,76400;-0,99597;-0,22931
59,77400;-0,99614;-0,22908
59,78400;-0,99631;-0,22939
59,79400;-0,99648;-0,22956
59,80400;-0,99665;-0,22948
59,81400;-0,99682;-0,22961
59,82400;-0,99699;-0,22976
59,83400;-0,99716;-0,23013
59,84400;-0,99733;-0,22980
59,85400;-0,99750;-0,23046
59,86400;-0,99767;-0,23006
59,87400;-0,99784;-0,23063
59,88400;-0,99801;-0,23049
59,89400;-0,99813;-0,23071
59,90400;-0,99830;-0,23056
59,91400;-0,99847;-0,23091
59,92400;-0,99864;-0,23104
59,93400;-0,99881;-0,23093
59,94400;-0,99898;-0,23133
59,95400;-0,99915;-0,23101
59,96400;-0,99932;-0,23165
59,97400;-0,99949;-0,23130
59,98400;-0,99966;-0,23193
59,99400;-0,99983;-0,23140
60,00400;-1,00000;-0,23199
60,01400;-1,00011;-0,23195
60,02400;-1,00028;-0,23217
60,03400;-1,00051;-0,23228
60,04400;-1,00068;-0,23231
60,05400;-1,00085;-0,23270
60,06400;-1,00102;-0,23251
60,07400;-1,00119;-0,23297
60,08400;-1,00136;-0,23246
60,09400;-1,00153;-0,23329
60,10400;-1,00175;-0,23279
60,11400;-1,00192;-0,23335
60,12400;-1,00209;-0,23315
60,13400;-1,00226;-0,23347
60,14400;-1,00243;-0,23355
60,15400;-1,00255;-0,23367
60,16400;-1,00272;-0,23389
60,17400;-1,00289;-0,23373
60,18400;-1,00306;-0,23422
60,19400;-1,00317;-0,23380
60,20400;-1,00334;-0,23452
60,21400;-1,00351;-0,23406
60,22400;-1,00368;-0,23473
60,23400;-1,00379;-0,23438
60,24400;-1,00396;-0,23476
60,25400;-1,00413;-0,23473
60,26400;-1,00430;-0,23485
60,27400;-1,00447;-0,23512
60,28400;-1,00464;-0,23493
60,29400;-1,00481;-0,23538
60,30400;-1,00498;-0,23515
60,31400;-1,00515;-0,23568
60,32400;-1,00527;-0,23527
60,33400;-1,00544;-0,23586
60,34400;-1,00555;-0,23553
60,35400;-1,00572;-0,23595
60,36400;-1,00589;-0,23593
60,37400;-1,00606;-0,23607
60,38400;-1,00623;-0,23626
60,39400;-1,00640;-0,23632
60,40400;-1,00663;-0,23660
60,41400;-1,00680;-0,23638
60,42400;-1,00697;-0,23676
60,43400;-1,00714;-0,23663
60,44400;-1,00731;-0,23711
60,45400;-1,00748;-0,23700
60,46400;-1,00765;-0,23736
60,47400;-1,00782;-0,23721
60,48400;-1,00799;-0,23752
60,49400;-1,00816;-0,23757
60,50400;-1,00833;-0,23753
60,51400;-1,00850;-0,23787
60,52400;-1,00861;-0,23759
60,53400;-1,00878;-0,23814
60,54400;-1,00895;-0,23797
60,55400;-1,00912;-0,23836
60,56400;-1,00935;-0,23820
60,57400;-1,00952;-0,23857
60,58400;-1,00969;-0,23849
60,59400;-1,00986;-0,23873
60,60400;-1,01008;-0,23881
60,61400;-1,01025;-0,23880
60,62400;-1,01042;-0,23913
60,63400;-1,01059;-0,23902
60,64400;-1,01071;-0,23952
60,65400;-1,01088;-0,23912
60,66400;-1,01105;-0,23976
60,67400;-1,01122;-0,23946
60,68400;-1,01139;-0,23985
60,69400;-1,01156;-0,23989
60,70400;-1,01173;-0,23991
60,71400;-1,01190;-0,24006
60,72400;-1,01207;-0,24019
60,73400;-1,01224;-0,24049
60,74400;-1,01241;-0,24022
60,75400;-1,01258;-0,24077
60,76400;-1,01275;-0,24042
60,77400;-1,01292;-0,24093
60,78400;-1,01309;-0,24081
60,79400;-1,01320;-0,24106
60,80400;-1,01337;-0,24101
60,81400;-1,01354;-0,24126
60,82400;-1,01371;-0,24143
60,83400;-1,01382;-0,24131
60,84400;-1,01399;-0,24169
60,85400;-1,01416;-0,24133
60,86400;-1,01428;-0,24194
60,87400;-1,01445;-0,24173
60,88400;-1,01462;-0,24217
60,89400;-1,01479;-0,24192
60,90400;-1,01496;-0,24233
60,91400;-1,01513;-0,24223
60,92400;-1,01530;-0,24238
60,93400;-1,01547;-0,24261
60,94400;-1,01564;-0,24241
60,95400;-1,01581;-0,24286
60,96400;-1,01598;-0,24281
60,97400;-1,01615;-0,24323
60,98400;-1,01626;-0,24278
60,99400;-1,01643;-0,24343
61,00400;-1,01660;-0,24301
61,01400;-1,01677;-0,24345
61,02400;-1,01694;-0,24342
61,03400;-1,01711;-0,24355
61,04400;-1,01728;-0,24368
61,05400;-1,01745;-0,24389
61,06400;-1,01768;-0,24415
61,07400;-1,01785;-0,24401
61,08400;-1,01802;-0,24445
61,09400;-1,01819;-0,24405
61,10400;-1,01836;-0,24465
61,11400;-1,01853;-0,24440
61,12400;-1,01870;-0,24488
61,13400;-1,01887;-0,24458
61,14400;-1,01898;-0,24505
61,15400;-1,01915;-0,24493
61,16400;-1,01932;-0,24515
61,17400;-1,01943;-0,24540
61,18400;-1,01960;-0,24525
61,19400;-1,01977;-0,24554
61,20400;-1,01994;-0,24547
61,21400;-1,02011;-0,24581
61,22400;-1,02028;-0,24553
61,23400;-1,02045;-0,24609
61,24400;-1,02062;-0,24582
61,25400;-1,02079;-0,24632
61,26400;-1,02096;-0,24627
61,27400;-1,02113;-0,24639
61,28400;-1,02130;-0,24629
61,29400;-1,02147;-0,24647
61,30400;-1,02159;-0,24673
61,31400;-1,02176;-0,24660
61,32400;-1,02193;-0,24706
61,33400;-1,02210;-0,24683
61,34400;-1,02232;-0,24733
61,35400;-1,02249;-0,24719
61,36400;-1,02266;-0,24758
61,37400;-1,02283;-0,24730
61,38400;-1,02306;-0,24774
61,39400;-1,02323;-0,24773
61,40400;-1,02340;-0,24782
61,41400;-1,02357;-0,24804
61,42400;-1,02374;-0,24786
61,43400;-1,02391;-0,24826
61,44400;-1,02408;-0,24820
61,45400;-1,02425;-0,24860
61,46400;-1,02436;-0,24826
61,47400;-1,02453;-0,24879
61,48400;-1,02470;-0,24862
61,49400;-1,02482;-0,24889
61,50400;-1,02499;-0,24901
61,51400;-1,02516;-0,24905
61,52400;-1,02533;-0,24918
61,53400;-1,02550;-0,24928
61,54400;-1,02567;-0,24958
61,55400;-1,02584;-0,24929
61,56400;-1,02601;-0,24981
61,57400;-1,02618;-0,24958
61,58400;-1,02635;-0,24991
61,59400;-1,02652;-0,24989
61,60400;-1,02669;-0,25011
61,61400;-1,02680;-0,25004
61,62400;-1,02697;-0,25030
61,63400;-1,02708;-0,25045
61,64400;-1,02725;-0,25035
61,65400;-1,02742;-0,25076
61,66400;-1,02754;-0,25051
61,67400;-1,02776;-0,25092
61,68400;-1,02793;-0,25082
61,69400;-1,02810;-0,25102
61,70400;-1,02827;-0,25095
61,71400;-1,02844;-0,25128
61,72400;-1,02861;-0,25129
61,73400;-1,02884;-0,25142
61,74400;-1,02901;-0,25173
61,75400;-1,02918;-0,25162
61,76400;-1,02935;-0,25187
61,77400;-1,02952;-0,25188
61,78400;-1,02969;-0,25222
61,79400;-1,02986;-0,25188
61,80400;-1,02997;-0,25240
61,81400;-1,03014;-0,25224
61,82400;-1,03031;-0,25243
61,83400;-1,03043;-0,25253
61,84400;-1,03060;-0,25268
61,85400;-1,03082;-0,25278
61,86400;-1,03099;-0,25289
61,87400;-1,03116;-0,25316
61,88400;-1,03133;-0,25295
61,89400;-1,03156;-0,25346
61,90400;-1,03173;-0,25327
61,91400;-1,03190;-0,25360
61,92400;-1,03207;-0,25350
61,93400;-1,03218;-0,25384
61,94400;-1,03235;-0,25380
61,95400;-1,03252;-0,25397
61,96400;-1,03269;-0,25420
61,97400;-1,03292;-0,25399
61,98400;-1,03309;-0,25446
61,99400;-1,03326;-0,25426
62,00400;-1,03343;-0,25461
62,01400;-1,03360;-0,25447
62,02400;-1,03377;-0,25496
62,03400;-1,03394;-0,25464
62,04400;-1,03405;-0,25503
62,05400;-1,03422;-0,25516
62,06400;-1,03439;-0,25502
62,07400;-1,03456;-0,25552
62,08400;-1,03473;-0,25523
62,09400;-1,03490;-0,25563
62,10400;-1,03502;-0,25555
62,11400;-1,03519;-0,25592
62,12400;-1,03536;-0,25562
62,13400;-1,03553;-0,25608
62,14400;-1,03564;-0,25593
62,15400;-1,03581;-0,25611
62,16400;-1,03598;-0,25632
62,17400;-1,03615;-0,25622
62,18400;-1,03632;-0,25651
62,19400;-1,03649;-0,25648
62,20400;-1,03666;-0,25680
62,21400;-1,03683;-0,25661
62,22400;-1,03700;-0,25695
62,23400;-1,03717;-0,25695
62,24400;-1,03734;-0,25713
62,25400;-1,03751;-0,25722
62,26400;-1,03768;-0,25736
62,27400;-1,03779;-0,25734
62,28400;-1,03796;-0,25759
62,29400;-1,03813;-0,25776
62,30400;-1,03830;-0,25759
62,31400;-1,03847;-0,25789
62,32400;-1,03864;-0,25794
62,33400;-1,03881;-0,25803
62,34400;-1,03898;-0,25829
62,35400;-1,03915;-0,25830
62,36400;-1,03932;-0,25839
62,37400;-1,03949;-0,25856
62,38400;-1,03972;-0,25869
62,39400;-1,03989;-0,25871
62,40400;-1,04006;-0,25901
62,41400;-1,04023;-0,25899
62,42400;-1,04040;-0,25907
62,43400;-1,04051;-0,25937
62,44400;-1,04068;-0,25933
62,45400;-1,04085;-0,25942
62,46400;-1,04097;-0,25951
62,47400;-1,04114;-0,25963
62,48400;-1,04131;-0,25967
62,49400;-1,04142;-0,25990
62,50400;-1,04159;-0,25997
62,51400;-1,04176;-0,25993
62,52400;-1,04199;-0,26027
62,53400;-1,04216;-0,26026
62,54400;-1,04233;-0,26032
62,55400;-1,04250;-0,26045
62,56400;-1,04267;-0,26060
62,57400;-1,04278;-0,26057
62,58400;-1,04295;-0,26081
62,59400;-1,04312;-0,26083
62,60400;-1,04329;-0,26096
62,61400;-1,04346;-0,26115
62,62400;-1,04363;-0,26122
62,63400;-1,04380;-0,26136
62,64400;-1,04403;-0,26145
62,65400;-1,04420;-0,26160
62,66400;-1,04437;-0,26155
62,67400;-1,04454;-0,26184
62,68400;-1,04471;-0,26191
62,69400;-1,04488;-0,26191
62,70400;-1,04510;-0,26223
62,71400;-1,04527;-0,26228
62,72400;-1,04544;-0,26232
62,73400;-1,04561;-0,26252
62,74400;-1,04573;-0,26258
62,75400;-1,04590;-0,26261
62,76400;-1,04607;-0,26285
62,77400;-1,04618;-0,26285
62,78400;-1,04635;-0,26298
62,79400;-1,04652;-0,26316
62,80400;-1,04669;-0,26313
62,81400;-1,04686;-0,26327
62,82400;-1,04703;-0,26335
62,83400;-1,04720;-0,26358
62,84400;-1,04737;-0,26357
62,85400;-1,04754;-0,26383
62,86400;-1,04771;-0,26383
62,87400;-1,04794;-0,26391
62,88400;-1,04805;-0,26410
62,89400;-1,04822;-0,26414
62,90400;-1,04833;-0,26418
62,91400;-1,04850;-0,26427
62,92400;-1,04862;-0,26447
62,93400;-1,04879;-0,26438
62,94400;-1,04896;-0,26480
62,95400;-1,04907;-0,26462
62,96400;-1,04924;-0,26483
62,97400;-1,04941;-0,26498
62,98400;-1,04964;-0,26516
62,99400;-1,04981;-0,26505
63,00400;-1,04998;-0,26523
63,01400;-1,05015;-0,26538
63,02400;-1,05032;-0,26540
63,03400;-1,05049;-0,26574
63,04400;-1,05066;-0,26556
63,05400;-1,05083;-0,26589
63,06400;-1,05100;-0,26573
63,07400;-1,05117;-0,26612
63,08400;-1,05134;-0,26603
63,09400;-1,05151;-0,26634
63,10400;-1,05168;-0,26629
63,11400;-1,05179;-0,26642
63,12400;-1,05196;-0,26659
63,13400;-1,05213;-0,26647
63,14400;-1,05230;-0,26687
63,15400;-1,05247;-0,26666
63,16400;-1,05264;-0,26715
63,17400;-1,05281;-0,26685
63,18400;-1,05298;-0,26741
63,19400;-1,05315;-0,26715
63,20400;-1,05332;-0,26751
63,21400;-1,05355;-0,26742
63,22400;-1,05366;-0,26756
63,23400;-1,05383;-0,26767
63,24400;-1,05400;-0,26767
63,25400;-1,05417;-0,26811
63,26400;-1,05434;-0,26774
63,27400;-1,05451;-0,26846
63,28400;-1,05468;-0,26794
63,29400;-1,05485;-0,26862
63,30400;-1,05502;-0,26830
63,31400;-1,05519;-0,26866
63,32400;-1,05542;-0,26858
63,33400;-1,05559;-0,26878
63,34400;-1,05576;-0,26898
63,35400;-1,05587;-0,26883
63,36400;-1,05604;-0,26933
63,37400;-1,05621;-0,26895
63,38400;-1,05638;-0,26962
63,39400;-1,05655;-0,26906
63,40400;-1,05666;-0,26972
63,41400;-1,05683;-0,26929
63,42400;-1,05700;-0,26979
63,43400;-1,05717;-0,26983
63,44400;-1,05729;-0,26993
63,45400;-1,05746;-0,27018
63,46400;-1,05763;-0,27001
63,47400;-1,05780;-0,27048
63,48400;-1,05797;-0,27009
63,49400;-1,05814;-0,27072
63,50400;-1,05836;-0,27024
63,51400;-1,05848;-0,27078
63,52400;-1,05870;-0,27057
63,53400;-1,05882;-0,27096
63,54400;-1,05899;-0,27091
63,55400;-1,05916;-0,27095
63,56400;-1,05927;-0,27128
63,57400;-1,05944;-0,27102
63,58400;-1,05961;-0,27157
63,59400;-1,05972;-0,27120
63,60400;-1,05995;-0,27177
63,61400;-1,06006;-0,27148
63,62400;-1,06029;-0,27191
63,63400;-1,06046;-0,27192
63,64400;-1,06063;-0,27209
63,65400;-1,06080;-0,27212
63,66400;-1,06097;-0,27216
63,67400;-1,06114;-0,27240
63,68400;-1,06131;-0,27234
63,69400;-1,06148;-0,27271
63,70400;-1,06165;-0,27244
63,71400;-1,06182;-0,27282
63,72400;-1,06199;-0,27277
63,73400;-1,06216;-0,27300
63,74400;-1,06233;-0,27307
63,75400;-1,06244;-0,27310
63,76400;-1,06261;-0,27326
63,77400;-1,06278;-0,27335
63,78400;-1,06290;-0,27351
63,79400;-1,06307;-0,27338
63,80400;-1,06324;-0,27366
63,81400;-1,06341;-0,27361
63,82400;-1,06363;-0,27394
63,83400;-1,06380;-0,27391
63,84400;-1,06397;-0,27404
63,85400;-1,06414;-0,27415
63,86400;-1,06437;-0,27423
63,87400;-1,06448;-0,27461
63,88400;-1,06465;-0,27438
63,89400;-1,06482;-0,27477
63,90400;-1,06499;-0,27466
63,91400;-1,06516;-0,27492
63,92400;-1,06533;-0,27491
63,93400;-1,06550;-0,27513
63,94400;-1,06573;-0,27507
63,95400;-1,06590;-0,27534
63,96400;-1,06607;-0,27543
63,97400;-1,06624;-0,27549
63,98400;-1,06641;-0,27572
63,99400;-1,06658;-0,27559
64,00400;-1,06675;-0,27594
64,01400;-1,06692;-0,27580
64,02400;-1,06709;-0,27614
64,03400;-1,06726;-0,27600
64,04401;-1,06743;-0,27634
64,05400;-1,06754;-0,27628
64,06400;-1,06771;-0,27645
64,07400;-1,06788;-0,27655
64,08400;-1,06800;-0,27657
64,09400;-1,06817;-0,27683
64,10400;-1,06834;-0,27673
64,11401;-1,06851;-0,27712
64,12400;-1,06868;-0,27686
64,13400;-1,06885;-0,27722
64,14400;-1,06902;-0,27714
64,15400;-1,06919;-0,27735
64,16400;-1,06936;-0,27743
64,17400;-1,06953;-0,27765
64,18400;-1,06970;-0,27766
64,19400;-1,06981;-0,27776
64,20400;-1,06992;-0,27792
64,21400;-1,07009;-0,27785
64,22401;-1,07026;-0,27814
64,23400;-1,07038;-0,27805
64,24400;-1,07055;-0,27830
64,25400;-1,07072;-0,27826
64,26400;-1,07094;-0,27846
64,27400;-1,07111;-0,27859
64,28400;-1,07128;-0,27866
64,29401;-1,07145;-0,27878
64,30400;-1,07168;-0,27889
64,31400;-1,07185;-0,27905
64,32400;-1,07202;-0,27906
64,33400;-1,07219;-0,27932
64,34400;-1,07236;-0,27922
64,35400;-1,07253;-0,27948
64,36401;-1,07270;-0,27957
64,37400;-1,07287;-0,27970
64,38400;-1,07304;-0,27982
64,39400;-1,07321;-0,27986
64,40400;-1,07338;-0,28001
64,41400;-1,07355;-0,28002
64,42400;-1,07366;-0,28026
64,43400;-1,07383;-0,28016
64,44400;-1,07400;-0,28044
64,45400;-1,07417;-0,28046
64,46400;-1,07434;-0,28068
64,47401;-1,07451;-0,28068
64,48400;-1,07474;-0,28085
64,49400;-1,07491;-0,28087
64,50400;-1,07508;-0,28104
64,51400;-1,07525;-0,28121
64,52400;-1,07536;-0,28106
64,53400;-1,07553;-0,28137
64,54401;-1,07570;-0,28137
64,55400;-1,07582;-0,28164
64,56400;-1,07599;-0,28152
64,57400;-1,07616;-0,28186
64,58400;-1,07638;-0,28174
64,59400;-1,07655;-0,28195
64,60400;-1,07672;-0,28203
64,61401;-1,07689;-0,28206
64,62400;-1,07706;-0,28220
64,63400;-1,07723;-0,28235
64,64400;-1,07740;-0,28241
64,65400;-1,07757;-0,28243
64,66400;-1,07774;-0,28276
64,67400;-1,07791;-0,28258
64,68400;-1,07808;-0,28296
64,69400;-1,07825;-0,28296
64,70400;-1,07837;-0,28308
64,71400;-1,07854;-0,28318
64,72401;-1,07871;-0,28329
64,73400;-1,07888;-0,28331
64,74400;-1,07899;-0,28342
64,75400;-1,07916;-0,28367
64,76400;-1,07933;-0,28352
64,77400;-1,07950;-0,28394
64,78400;-1,07967;-0,28388
64,79401;-1,07984;-0,28396
64,80400;-1,08001;-0,28407
64,81400;-1,08018;-0,28418
64,82400;-1,08035;-0,28418
64,83400;-1,08052;-0,28439
64,84400;-1,08063;-0,28445
64,85400;-1,08080;-0,28438
64,86401;-1,08097;-0,28475
64,87400;-1,08109;-0,28453
64,88400;-1,08126;-0,28491
64,89400;-1,08143;-0,28487
64,90400;-1,08160;-0,28511
64,91400;-1,08182;-0,28507
64,92400;-1,08199;-0,28530
64,93400;-1,08216;-0,28521
64,94400;-1,08233;-0,28541
64,95400;-1,08250;-0,28550
64,96400;-1,08267;-0,28558
64,97401;-1,08284;-0,28578
64,98400;-1,08301;-0,28577
64,99400;-1,08318;-0,28616
65,00400;-1,08335;-0,28594
65,01400;-1,08352;-0,28629
65,02400;-1,08369;-0,28618
65,03400;-1,08386;-0,28650
65,04401;-1,08398;-0,28642
65,05400;-1,08415;-0,28664
65,06400;-1,08426;-0,28654
65,07400;-1,08443;-0,28667
65,08400;-1,08460;-0,28697
65,09400;-1,08477;-0,28687
65,10400;-1,08494;-0,28715
65,11401;-1,08511;-0,28701
65,12400;-1,08528;-0,28733
65,13400;-1,08551;-0,28716
65,14400;-1,08568;-0,28755
65,15400;-1,08585;-0,28743
65,16400;-1,08602;-0,28764
65,17400;-1,08619;-0,28774
65,18400;-1,08636;-0,28782
65,19400;-1,08653;-0,28802
65,20400;-1,08664;-0,28800
65,21400;-1,08687;-0,28821
65,22401;-1,08704;-0,28820
65,23400;-1,08721;-0,28854
65,24400;-1,08738;-0,28839
65,25400;-1,08755;-0,28871
65,26400;-1,08772;-0,28859
65,27400;-1,08789;-0,28880
65,28400;-1,08806;-0,28883
65,29401;-1,08828;-0,28908
65,30400;-1,08840;-0,28903
65,31400;-1,08857;-0,28920
65,32400;-1,08874;-0,28937
65,33400;-1,08891;-0,28926
65,34400;-1,08908;-0,28961
65,35400;-1,08919;-0,28947
65,36401;-1,08936;-0,28974
65,37400;-1,08953;-0,28977
65,38400;-1,08964;-0,28998
65,39400;-1,08981;-0,28997
65,40400;-1,08998;-0,29020
65,41400;-1,09015;-0,29011
65,42400;-1,09032;-0,29027
65,43400;-1,09049;-0,29040
65,44400;-1,09066;-0,29049
65,45400;-1,09083;-0,29057
65,46400;-1,09100;-0,29066
65,47401;-1,09112;-0,29084
65,48400;-1,09129;-0,29084
65,49400;-1,09146;-0,29103
65,50400;-1,09157;-0,29100
65,51400;-1,09174;-0,29103
65,52400;-1,09191;-0,29123
65,53400;-1,09202;-0,29132
65,54401;-1,09225;-0,29140
65,55400;-1,09242;-0,29149
65,56400;-1,09259;-0,29168
65,57401;-1,09276;-0,29166
65,58400;-1,09299;-0,29198
65,59400;-1,09316;-0,29183
65,60400;-1,09333;-0,29202
65,61401;-1,09350;-0,29203
65,62400;-1,09367;-0,29225
65,63400;-1,09384;-0,29233
65,64401;-1,09401;-0,29236
65,65400;-1,09423;-0,29263
65,66400;-1,09435;-0,29255
65,67400;-1,09457;-0,29288
65,68401;-1,09469;-0,29273
65,69400;-1,09486;-0,29298
65,70400;-1,09503;-0,29286
65,71401;-1,09520;-0,29335
65,72401;-1,09531;-0,29313
65,73400;-1,09548;-0,29340
65,74400;-1,09565;-0,29340
65,75401;-1,09582;-0,29355
65,76400;-1,09599;-0,29364
65,77400;-1,09616;-0,29364
65,78401;-1,09633;-0,29383
65,79401;-1,09656;-0,29377
65,80400;-1,09673;-0,29409
65,81400;-1,09690;-0,29404
65,82401;-1,09707;-0,29428
65,83400;-1,09724;-0,29419
65,84400;-1,09735;-0,29452
65,85400;-1,09752;-0,29443
65,86401;-1,09769;-0,29457
65,87400;-1,09786;-0,29473
65,88400;-1,09803;-0,29467
65,89401;-1,09820;-0,29501
65,90400;-1,09837;-0,29491
65,91400;-1,09854;-0,29521
65,92400;-1,09871;-0,29510
65,93401;-1,09888;-0,29530
65,94400;-1,09905;-0,29527
65,95400;-1,09916;-0,29545
65,96401;-1,09939;-0,29555
65,97401;-1,09950;-0,29560
65,98400;-1,09967;-0,29592
65,99400;-1,09984;-0,29578
66,00401;-1,10001;-0,29619
66,01400;-1,10018;-0,29595
66,02400;-1,10035;-0,29629
66,03401;-1,10047;-0,29615
66,04401;-1,10064;-0,29635
66,05400;-1,10081;-0,29642
66,06400;-1,10098;-0,29650
66,07401;-1,10115;-0,29661
66,08400;-1,10132;-0,29661
66,09400;-1,10143;-0,29694
66,10400;-1,10166;-0,29685
66,11401;-1,10183;-0,29715
66,12400;-1,10194;-0,29696
66,13400;-1,10211;-0,29718
66,14401;-1,10222;-0,29710
66,15400;-1,10239;-0,29741
66,16400;-1,10256;-0,29749
66,17400;-1,10273;-0,29757
66,18401;-1,10290;-0,29775
66,19400;-1,10307;-0,29769
66,20400;-1,10330;-0,29788
66,21401;-1,10347;-0,29780
66,22401;-1,10370;-0,29806
66,23400;-1,10387;-0,29805
66,24400;-1,10404;-0,29824
66,25401;-1,10421;-0,29825
66,26400;-1,10438;-0,29859
66,27400;-1,10455;-0,29845
66,28401;-1,10472;-0,29865
66,29401;-1,10483;-0,29881
66,30400;-1,10500;-0,29871
66,31400;-1,10517;-0,29897
66,32401;-1,10534;-0,29898
66,33400;-1,10551;-0,29919
66,34400;-1,10568;-0,29917
66,35400;-1,10579;-0,29934
66,36401;-1,10591;-0,29932
66,37400;-1,10608;-0,29949
66,38400;-1,10625;-0,29956
66,39401;-1,10642;-0,29968
66,40401;-1,10659;-0,29970
66,41400;-1,10681;-0,29978
66,42400;-1,10698;-0,30009
66,43401;-1,10715;-0,29995
66,44400;-1,10738;-0,30022
66,45400;-1,10755;-0,30016
66,46401;-1,10772;-0,30028
66,47401;-1,10789;-0,30066
66,48400;-1,10806;-0,30052
66,49400;-1,10817;-0,30057
66,50401;-1,10834;-0,30093
66,51400;-1,10851;-0,30085
66,52400;-1,10868;-0,30083
66,53401;-1,10885;-0,30115
66,54401;-1,10902;-0,30089
66,55400;-1,10919;-0,30117
66,56400;-1,10936;-0,30147
66,57401;-1,10953;-0,30110
66,58400;-1,10970;-0,30164
66,59400;-1,10987;-0,30162
66,60400;-1,11004;-0,30148
66,61401;-1,11021;-0,30188
66,62400;-1,11038;-0,30200
66,63400;-1,11055;-0,30180
66,64401;-1,11072;-0,30221
66,65401;-1,11089;-0,30214
66,66400;-1,11106;-0,30223
66,67400;-1,11118;-0,30243
66,68401;-1,11135;-0,30229
66,69400;-1,11152;-0,30255
66,70400;-1,11163;-0,30264
66,71401;-1,11180;-0,30280
66,72401;-1,11197;-0,30274
66,73400;-1,11214;-0,30286
66,74400;-1,11231;-0,30290
66,75401;-1,11242;-0,30313
66,76400;-1,11259;-0,30304
66,77400;-1,11276;-0,30338
66,78401;-1,11293;-0,30315
66,79401;-1,11310;-0,30342
66,80400;-1,11322;-0,30346
66,81400;-1,11339;-0,30351
66,82401;-1,11356;-0,30366
66,83400;-1,11373;-0,30378
66,84400;-1,11390;-0,30389
66,85400;-1,11407;-0,30397
66,86401;-1,11429;-0,30409
66,87400;-1,11446;-0,30394
66,88400;-1,11463;-0,30440
66,89401;-1,11480;-0,30414
66,90401;-1,11503;-0,30455
66,91400;-1,11520;-0,30444
66,92400;-1,11537;-0,30467
66,93401;-1,11554;-0,30463
66,94400;-1,11571;-0,30485
66,95400;-1,11588;-0,30490
66,96401;-1,11605;-0,30494
66,97401;-1,11622;-0,30516
66,98400;-1,11639;-0,30512
66,99400;-1,11650;-0,30537
67,00401;-1,11667;-0,30528
67,01400;-1,11679;-0,30571
67,02400;-1,11696;-0,30537
67,03401;-1,11713;-0,30583
67,04401;-1,11730;-0,30572
67,05400;-1,11747;-0,30588
67,06400;-1,11764;-0,30593
67,07401;-1,11781;-0,30599
67,08400;-1,11798;-0,30612
67,09400;-1,11815;-0,30620
67,10400;-1,11837;-0,30644
67,11401;-1,11854;-0,30622
67,12400;-1,11871;-0,30670
67,13400;-1,11888;-0,30641
67,14401;-1,11900;-0,30683
67,15401;-1,11917;-0,30662
67,16400;-1,11934;-0,30698
67,17400;-1,11951;-0,30691
67,18401;-1,11968;-0,30714
67,19400;-1,11985;-0,30728
67,20400;-1,12002;-0,30722
67,21401;-1,12019;-0,30745
67,22401;-1,12036;-0,30734
67,23400;-1,12053;-0,30769
67,24400;-1,12070;-0,30742
67,25401;-1,12087;-0,30790
67,26400;-1,12104;-0,30763
67,27400;-1,12121;-0,30808
67,28401;-1,12138;-0,30792
67,29401;-1,12155;-0,30815
67,30400;-1,12172;-0,30813
67,31400;-1,12189;-0,30826
67,32401;-1,12206;-0,30841
67,33400;-1,12217;-0,30838
67,34400;-1,12234;-0,30867
67,35400;-1,12251;-0,30845
67,36401;-1,12268;-0,30888
67,37400;-1,12285;-0,30863
67,38400;-1,12302;-0,30906
67,39401;-1,12319;-0,30882
67,40401;-1,12336;-0,30925
67,41400;-1,12353;-0,30900
67,42400;-1,12370;-0,30947
67,43401;-1,12381;-0,30931
67,44400;-1,12398;-0,30945
67,45400;-1,12410;-0,30956
67,46401;-1,12427;-0,30954
67,47401;-1,12444;-0,30983
67,48400;-1,12461;-0,30971
67,49400;-1,12478;-0,31010
67,50401;-1,12495;-0,30982
67,51400;-1,12512;-0,31036
67,52400;-1,12529;-0,30998
67,53401;-1,12546;-0,31040
67,54401;-1,12563;-0,31020
67,55400;-1,12585;-0,31061
67,56400;-1,12602;-0,31047
67,57401;-1,12619;-0,31069
67,58400;-1,12636;-0,31080
67,59400;-1,12653;-0,31077
67,60400;-1,12670;-0,31111
67,61401;-1,12687;-0,31096
67,62400;-1,12699;-0,31118
67,63400;-1,12716;-0,31107
67,64401;-1,12733;-0,31139
67,65401;-1,12744;-0,31131
67,66400;-1,12761;-0,31154
67,67400;-1,12778;-0,31150
67,68401;-1,12795;-0,31171
67,69400;-1,12812;-0,31179
67,70400;-1,12829;-0,31185
67,71401;-1,12846;-0,31213
67,72401;-1,12869;-0,31184
67,73400;-1,12886;-0,31225
67,74400;-1,12903;-0,31205
67,75401;-1,12925;-0,31232
67,76400;-1,12942;-0,31238
67,77400;-1,12959;-0,31251
67,78401;-1,12971;-0,31269
67,79401;-1,12988;-0,31264
67,80400;-1,13005;-0,31286
67,81400;-1,13022;-0,31281
67,82401;-1,13039;-0,31304
67,83400;-1,13050;-0,31304
67,84400;-1,13067;-0,31326
67,85400;-1,13090;-0,31323
67,86401;-1,13107;-0,31344
67,87400;-1,13118;-0,31347
67,88400;-1,13141;-0,31352
67,89401;-1,13158;-0,31371
67,90401;-1,13175;-0,31361
67,91400;-1,13186;-0,31385
67,92400;-1,13203;-0,31383
67,93401;-1,13220;-0,31397
67,94400;-1,13237;-0,31405
67,95400;-1,13254;-0,31410
67,96401;-1,13265;-0,31426
67,97401;-1,13282;-0,31419
67,98400;-1,13299;-0,31445
67,99400;-1,13316;-0,31437
68,00401;-1,13328;-0,31466
68,01400;-1,13345;-0,31454
68,02400;-1,13362;-0,31479
68,03401;-1,13379;-0,31472
68,04401;-1,13396;-0,31497
68,05400;-1,13413;-0,31504
68,06400;-1,13430;-0,31496
68,07401;-1,13447;-0,31531
68,08400;-1,13464;-0,31517
68,09400;-1,13475;-0,31547
68,10400;-1,13492;-0,31522
68,11401;-1,13509;-0,31562
68,12400;-1,13520;-0,31543
68,13400;-1,13537;-0,31583
68,14401;-1,13560;-0,31571
68,15401;-1,13577;-0,31591
68,16400;-1,13594;-0,31595
68,17400;-1,13611;-0,31606
68,18401;-1,13634;-0,31620
68,19400;-1,13651;-0,31616
68,20400;-1,13668;-0,31648
68,21401;-1,13685;-0,31630
68,22401;-1,13702;-0,31672
68,23400;-1,13719;-0,31656
68,24400;-1,13741;-0,31683
68,25401;-1,13758;-0,31666
68,26400;-1,13770;-0,31703
68,27400;-1,13787;-0,31694
68,28401;-1,13804;-0,31712
68,29401;-1,13815;-0,31722
68,30400;-1,13832;-0,31720
68,31400;-1,13849;-0,31739
68,32401;-1,13860;-0,31738
68,33400;-1,13877;-0,31759
68,34400;-1,13894;-0,31747
68,35400;-1,13911;-0,31777
68,36401;-1,13928;-0,31771
68,37400;-1,13951;-0,31784
68,38400;-1,13968;-0,31791
68,39401;-1,13985;-0,31815
68,40401;-1,14002;-0,31801
68,41400;-1,14019;-0,31821
68,42400;-1,14036;-0,31839
68,43401;-1,14053;-0,31833
68,44400;-1,14064;-0,31847
68,45400;-1,14081;-0,31863
68,46401;-1,14098;-0,31861
68,47401;-1,14115;-0,31887
68,48400;-1,14132;-0,31890
68,49400;-1,14149;-0,31889
68,50401;-1,14166;-0,31906
68,51400;-1,14183;-0,31903
68,52400;-1,14200;-0,31914
68,53401;-1,14217;-0,31933
68,54401;-1,14234;-0,31931
68,55400;-1,14251;-0,31955
68,56400;-1,14268;-0,31953
68,57401;-1,14285;-0,31958
68,58400;-1,14302;-0,31980
68,59400;-1,14319;-0,31979
68,60400;-1,14336;-0,31998
68,61401;-1,14353;-0,32000
68,62400;-1,14365;-0,32012
68,63400;-1,14382;-0,32020
68,64401;-1,14399;-0,32026
68,65401;-1,14416;-0,32029
68,66400;-1,14433;-0,32045
68,67400;-1,14450;-0,32050
68,68401;-1,14467;-0,32063
68,69400;-1,14484;-0,32069
68,70400;-1,14501;-0,32068
68,71401;-1,14518;-0,32100
68,72401;-1,14535;-0,32095
68,73400;-1,14552;-0,32101
68,74400;-1,14563;-0,32101
68,75401;-1,14574;-0,32113
68,76400;-1,14591;-0,32121
68,77400;-1,14608;-0,32138
68,78401;-1,14625;-0,32147
68,79401;-1,14642;-0,32152
68,80400;-1,14659;-0,32161
68,81400;-1,14676;-0,32173
68,82401;-1,14699;-0,32180
68,83400;-1,14716;-0,32176
68,84400;-1,14733;-0,32206
68,85400;-1,14750;-0,32204
68,86401;-1,14767;-0,32230
68,87400;-1,14784;-0,32237
68,88400;-1,14801;-0,32241
68,89401;-1,14818;-0,32252
68,90401;-1,14835;-0,32263
68,91400;-1,14852;-0,32264
68,92400;-1,14869;-0,32269
68,93401;-1,14886;-0,32288
68,94400;-1,14903;-0,32280
68,95400;-1,14914;-0,32314
68,96401;-1,14931;-0,32300
68,97401;-1,14948;-0,32318
68,98400;-1,14965;-0,32323
68,99400;-1,14982;-0,32337
69,00401;-1,14999;-0,32347
69,01400;-1,15022;-0,32343
69,02400;-1,15039;-0,32354
69,03401;-1,15056;-0,32362
69,04401;-1,15073;-0,32386
69,05400;-1,15090;-0,32377
69,06400;-1,15107;-0,32404
69,07401;-1,15124;-0,32388
69,08400;-1,15141;-0,32415
69,09400;-1,15152;-0,32424
69,10400;-1,15169;-0,32437
69,11401;-1,15186;-0,32441
69,12400;-1,15203;-0,32453
69,13400;-1,15220;-0,32469
69,14401;-1,15237;-0,32461
69,15401;-1,15254;-0,32489
69,16400;-1,15271;-0,32470
69,17400;-1,15288;-0,32506
69,18401;-1,15305;-0,32502
69,19400;-1,15322;-0,32528
69,20400;-1,15339;-0,32524
69,21401;-1,15356;-0,32540
69,22401;-1,15373;-0,32547
69,23400;-1,15385;-0,32550
69,24400;-1,15402;-0,32561
69,25401;-1,15419;-0,32546
69,26400;-1,15436;-0,32583
69,27400;-1,15453;-0,32567
69,28401;-1,15464;-0,32604
69,29401;-1,15481;-0,32591
69,30400;-1,15492;-0,32613
69,31400;-1,15509;-0,32612
69,32401;-1,15526;-0,32620
69,33400;-1,15543;-0,32631
69,34400;-1,15560;-0,32628
69,35400;-1,15577;-0,32647
69,36401;-1,15594;-0,32642
69,37400;-1,15611;-0,32676
69,38400;-1,15628;-0,32654
69,39401;-1,15645;-0,32689
69,40401;-1,15657;-0,32679
69,41400;-1,15674;-0,32697
69,42400;-1,15691;-0,32697
69,43401;-1,15708;-0,32713
69,44400;-1,15725;-0,32719
69,45400;-1,15747;-0,32716
69,46401;-1,15764;-0,32746
69,47401;-1,15781;-0,32737
69,48400;-1,15798;-0,32775
69,49400;-1,15821;-0,32758
69,50401;-1,15838;-0,32778
69,51400;-1,15855;-0,32776
69,52400;-1,15872;-0,32792
69,53401;-1,15889;-0,32801
69,54401;-1,15906;-0,32806
69,55400;-1,15923;-0,32816
69,56400;-1,15934;-0,32821
69,57401;-1,15951;-0,32847
69,58400;-1,15963;-0,32840
69,59400;-1,15980;-0,32861
69,60400;-1,15997;-0,32852
69,61401;-1,16014;-0,32885
69,62400;-1,16031;-0,32880
69,63400;-1,16048;-0,32893
69,64401;-1,16065;-0,32893
69,65401;-1,16087;-0,32895
69,66400;-1,16104;-0,32913
69,67400;-1,16121;-0,32927
69,68401;-1,16138;-0,32924
69,69400;-1,16155;-0,32937
69,70400;-1,16172;-0,32944
69,71401;-1,16189;-0,32961
69,72401;-1,16206;-0,32966
69,73400;-1,16218;-0,32965
69,74400;-1,16235;-0,32972
69,75401;-1,16252;-0,32986
69,76400;-1,16269;-0,32996
69,77400;-1,16286;-0,33006
69,78401;-1,16303;-0,33018
69,79401;-1,16320;-0,33014
69,80400;-1,16337;-0,33038
69,81400;-1,16354;-0,33033
69,82401;-1,16371;-0,33048
69,83400;-1,16388;-0,33042
69,84400;-1,16405;-0,33065
69,85400;-1,16422;-0,33070
69,86401;-1,16439;-0,33082
69,87400;-1,16456;-0,33083
69,88400;-1,16473;-0,33095
69,89401;-1,16490;-0,33109
69,90401;-1,16507;-0,33118
69,91400;-1,16524;-0,33137
69,92400;-1,16535;-0,33129
69,93401;-1,16552;-0,33142
69,94400;-1,16569;-0,33140
69,95400;-1,16586;-0,33157
69,96401;-1,16603;-0,33157
69,97401;-1,16614;-0,33171
69,98400;-1,16631;-0,33171
69,99400;-1,16648;-0,33196
70,00401;-1,16665;-0,33187
70,01400;-1,16682;-0,33209
70,02400;-1,16699;-0,33205
70,03401;-1,16716;-0,33210
70,04401;-1,16728;-0,33220
70,05400;-1,16745;-0,33224
70,06400;-1,16762;-0,33238
70,07401;-1,16773;-0,33235
70,08400;-1,16790;-0,33256
70,09400;-1,16807;-0,33261
70,10400;-1,16824;-0,33279
70,11401;-1,16847;-0,33278
70,12400;-1,16864;-0,33293
70,13400;-1,16881;-0,33293
70,14401;-1,16898;-0,33308
70,15401;-1,16915;-0,33306
70,16400;-1,16932;-0,33312
70,17400;-1,16949;-0,33328
70,18401;-1,16966;-0,33324
70,19400;-1,16983;-0,33367
70,20400;-1,17000;-0,33346
70,21401;-1,17017;-0,33373
70,22401;-1,17034;-0,33369
70,23400;-1,17051;-0,33381
70,24400;-1,17062;-0,33381
70,25401;-1,17079;-0,33394
70,26400;-1,17096;-0,33391
70,27400;-1,17113;-0,33415
70,28401;-1,17130;-0,33418
70,29401;-1,17147;-0,33424
70,30400;-1,17170;-0,33443
70,31400;-1,17187;-0,33435
70,32401;-1,17204;-0,33458
70,33400;-1,17226;-0,33459
70,34400;-1,17243;-0,33466
70,35400;-1,17260;-0,33469
70,36401;-1,17272;-0,33481
70,37400;-1,17289;-0,33485
70,38400;-1,17306;-0,33509
70,39401;-1,17323;-0,33504
70,40401;-1,17334;-0,33522
70,41400;-1,17351;-0,33516
70,42400;-1,17368;-0,33537
70,43401;-1,17385;-0,33543
70,44400;-1,17402;-0,33542
70,45400;-1,17419;-0,33547
70,46401;-1,17436;-0,33549
70,47401;-1,17453;-0,33571
70,48400;-1,17470;-0,33569
70,49400;-1,17487;-0,33587
70,50401;-1,17504;-0,33590
70,51400;-1,17521;-0,33606
70,52400;-1,17538;-0,33610
70,53401;-1,17555;-0,33629
70,54401;-1,17572;-0,33616
70,55400;-1,17583;-0,33637
70,56400;-1,17600;-0,33640
70,57401;-1,17617;-0,33644
70,58400;-1,17629;-0,33657
70,59400;-1,17646;-0,33656
70,60400;-1,17663;-0,33679
70,61401;-1,17680;-0,33681
70,62400;-1,17691;-0,33692
70,63400;-1,17714;-0,33685
70,64401;-1,17725;-0,33703
70,65401;-1,17748;-0,33701
70,66400;-1,17765;-0,33720
70,67400;-1,17782;-0,33724
70,68401;-1,17799;-0,33722
70,69400;-1,17810;-0,33743
70,70400;-1,17827;-0,33743
70,71401;-1,17838;-0,33763
70,72401;-1,17855;-0,33748
70,73400;-1,17872;-0,33774
70,74400;-1,17895;-0,33779
70,75401;-1,17912;-0,33787
70,76400;-1,17929;-0,33802
70,77400;-1,17952;-0,33794
70,78401;-1,17969;-0,33811
70,79401;-1,17986;-0,33811
70,80400;-1,18003;-0,33834
70,81400;-1,18020;-0,33824
70,82401;-1,18037;-0,33850
70,83400;-1,18054;-0,33844
70,84400;-1,18071;-0,33866
70,85400;-1,18088;-0,33872
70,86401;-1,18105;-0,33868
70,87400;-1,18116;-0,33888
70,88400;-1,18133;-0,33883
70,89401;-1,18150;-0,33907
70,90401;-1,18167;-0,33900
70,91400;-1,18184;-0,33925
70,92400;-1,18195;-0,33915
70,93401;-1,18212;-0,33933
70,94400;-1,18229;-0,33946
70,95400;-1,18246;-0,33957
70,96401;-1,18269;-0,33958
70,97401;-1,18286;-0,33964
70,98400;-1,18303;-0,33966
70,99400;-1,18320;-0,33973
71,00401;-1,18337;-0,33990
71,01400;-1,18348;-0,33985
71,02400;-1,18365;-0,34005
71,03401;-1,18382;-0,34010
71,04401;-1,18399;-0,34017
71,05400;-1,18416;-0,34033
71,06400;-1,18433;-0,34023
71,07401;-1,18450;-0,34042
71,08400;-1,18467;-0,34045
71,09400;-1,18484;-0,34058
71,10400;-1,18501;-0,34069
71,11401;-1,18524;-0,34075
71,12400;-1,18541;-0,34084
71,13400;-1,18558;-0,34092
71,14401;-1,18575;-0,34106
71,15401;-1,18592;-0,34111
71,16400;-1,18609;-0,34111
71,17400;-1,18626;-0,34111
71,18401;-1,18643;-0,34143
71,19400;-1,18660;-0,34135
71,20400;-1,18671;-0,34151
71,21401;-1,18688;-0,34151
71,22401;-1,18705;-0,34151
71,23400;-1,18717;-0,34180
71,24400;-1,18734;-0,34175
71,25401;-1,18751;-0,34181
71,26400;-1,18762;-0,34179
71,27400;-1,18779;-0,34189
71,28401;-1,18796;-0,34202
71,29401;-1,18813;-0,34221
71,30400;-1,18830;-0,34214
71,31400;-1,18847;-0,34230
71,32401;-1,18864;-0,34237
71,33400;-1,18875;-0,34245
71,34400;-1,18887;-0,34243
71,35400;-1,18904;-0,34254
71,36401;-1,18921;-0,34263
71,37400;-1,18938;-0,34269
71,38400;-1,18955;-0,34286
71,39401;-1,18972;-0,34294
71,40401;-1,18989;-0,34291
71,41400;-1,19011;-0,34294
71,42400;-1,19028;-0,34324
71,43401;-1,19045;-0,34302
71,44400;-1,19062;-0,34337
71,45400;-1,19085;-0,34328
71,46401;-1,19096;-0,34345
71,47401;-1,19119;-0,34347
71,48400;-1,19136;-0,34367
71,49400;-1,19153;-0,34371
71,50401;-1,19170;-0,34374
71,51400;-1,19181;-0,34392
71,52400;-1,19198;-0,34379
71,53401;-1,19215;-0,34406
71,54401;-1,19232;-0,34401
71,55400;-1,19249;-0,34426
71,56400;-1,19266;-0,34411
71,57401;-1,19283;-0,34446
71,58400;-1,19300;-0,34434
71,59400;-1,19317;-0,34448
71,60400;-1,19334;-0,34464
71,61401;-1,19351;-0,34451
71,62400;-1,19368;-0,34474
71,63400;-1,19391;-0,34473
71,64401;-1,19408;-0,34492
71,65401;-1,19419;-0,34477
71,66400;-1,19436;-0,34518
71,67400;-1,19453;-0,34496
71,68401;-1,19470;-0,34536
71,69400;-1,19487;-0,34522
71,70400;-1,19504;-0,34535
71,71401;-1,19521;-0,34538
71,72401;-1,19538;-0,34543
71,73400;-1,19555;-0,34565
71,74400;-1,19572;-0,34559
71,75401;-1,19589;-0,34578
71,76400;-1,19606;-0,34563
71,77400;-1,19623;-0,34592
71,78401;-1,19640;-0,34581
71,79401;-1,19652;-0,34609
71,80400;-1,19669;-0,34597
71,81400;-1,19686;-0,34622
71,82401;-1,19703;-0,34621
71,83400;-1,19720;-0,34634
71,84400;-1,19737;-0,34644
71,85400;-1,19754;-0,34631
71,86401;-1,19765;-0,34655
71,87400;-1,19782;-0,34643
71,88400;-1,19799;-0,34669
71,89401;-1,19810;-0,34653
71,90401;-1,19827;-0,34687
71,91400;-1,19844;-0,34660
71,92400;-1,19861;-0,34705
71,93401;-1,19878;-0,34696
71,94400;-1,19895;-0,34713
71,95400;-1,19912;-0,34716
71,96401;-1,19929;-0,34719
71,97401;-1,19946;-0,34728
71,98400;-1,19958;-0,34722
71,99400;-1,19975;-0,34759
72,00401;-1,19992;-0,34735
72,01400;-1,20009;-0,34771
72,02400;-1,20026;-0,34761
72,03401;-1,20043;-0,34800
72,04401;-1,20060;-0,34768
72,05400;-1,20082;-0,34807
72,06400;-1,20099;-0,34784
72,07401;-1,20116;-0,34798
72,08400;-1,20133;-0,34829
72,09400;-1,20150;-0,34818
72,10400;-1,20167;-0,34837
72,11401;-1,20184;-0,34833
72,12400;-1,20201;-0,34860
72,13400;-1,20218;-0,34842
72,14401;-1,20235;-0,34877
72,15401;-1,20252;-0,34849
72,16400;-1,20264;-0,34886
72,17400;-1,20281;-0,34874
72,18401;-1,20298;-0,34895
72,19400;-1,20315;-0,34897
72,20400;-1,20326;-0,34895
72,21401;-1,20343;-0,34913
72,22401;-1,20360;-0,34907
72,23400;-1,20383;-0,34936
72,24400;-1,20400;-0,34919
72,25401;-1,20417;-0,34945
72,26400;-1,20434;-0,34937
72,27400;-1,20456;-0,34964
72,28401;-1,20473;-0,34965
72,29401;-1,20485;-0,34979
72,30400;-1,20502;-0,34974
72,31400;-1,20519;-0,34973
72,32401;-1,20536;-0,35012
72,33400;-1,20553;-0,34989
72,34400;-1,20570;-0,35025
72,35400;-1,20587;-0,35002
72,36401;-1,20604;-0,35041
72,37400;-1,20626;-0,35032
72,38400;-1,20643;-0,35050
72,39401;-1,20660;-0,35035
72,40401;-1,20677;-0,35053
72,41400;-1,20694;-0,35061
72,42400;-1,20711;-0,35061
72,43401;-1,20723;-0,35083
72,44400;-1,20740;-0,35065
72,45400;-1,20757;-0,35104
72,46401;-1,20774;-0,35090
72,47401;-1,20791;-0,35119
72,48400;-1,20808;-0,35104
72,49400;-1,20825;-0,35128
72,50401;-1,20836;-0,35123
72,51400;-1,20853;-0,35137
72,52400;-1,20870;-0,35143
72,53401;-1,20881;-0,35137
72,54401;-1,20898;-0,35166
72,55400;-1,20915;-0,35153
72,56400;-1,20932;-0,35179
72,57401;-1,20944;-0,35165
72,58400;-1,20961;-0,35187
72,59400;-1,20978;-0,35174
72,60400;-1,20995;-0,35204
72,61401;-1,21012;-0,35202
72,62400;-1,21029;-0,35210
72,63400;-1,21040;-0,35219
72,64401;-1,21057;-0,35217
72,65401;-1,21074;-0,35228
72,66400;-1,21085;-0,35232
72,67400;-1,21108;-0,35250
72,68401;-1,21125;-0,35244
72,69400;-1,21142;-0,35270
72,70400;-1,21159;-0,35269
72,71401;-1,21176;-0,35284
72,72401;-1,21199;-0,35289
72,73400;-1,21216;-0,35292
72,74400;-1,21233;-0,35296
72,75401;-1,21250;-0,35307
72,76400;-1,21267;-0,35319
72,77400;-1,21284;-0,35313
72,78401;-1,21301;-0,35337
72,79401;-1,21318;-0,35325
72,80400;-1,21335;-0,35347
72,81400;-1,21346;-0,35348
72,82401;-1,21363;-0,35354
72,83401;-1,21380;-0,35361
72,84400;-1,21397;-0,35370
72,85400;-1,21414;-0,35378
72,86401;-1,21431;-0,35381
72,87400;-1,21448;-0,35398
72,88400;-1,21465;-0,35389
72,89401;-1,21488;-0,35408
72,90401;-1,21505;-0,35410
72,91400;-1,21522;-0,35424
72,92400;-1,21539;-0,35421
72,93401;-1,21556;-0,35444
72,94400;-1,21573;-0,35438
72,95400;-1,21590;-0,35454
72,96401;-1,21607;-0,35456
72,97401;-1,21624;-0,35460
72,98400;-1,21641;-0,35480
72,99400;-1,21658;-0,35480
73,00401;-1,21675;-0,35499
73,01400;-1,21692;-0,35481
73,02400;-1,21709;-0,35510
73,03401;-1,21726;-0,35502
73,04401;-1,21743;-0,35523
73,05400;-1,21760;-0,35517
73,06400;-1,21777;-0,35528
73,07401;-1,21788;-0,35540
73,08401;-1,21805;-0,35547
73,09400;-1,21822;-0,35562
73,10400;-1,21839;-0,35550
73,11401;-1,21856;-0,35575
73,12400;-1,21873;-0,35565
73,13400;-1,21890;-0,35590
73,14401;-1,21901;-0,35569
73,15401;-1,21918;-0,35590
73,16400;-1,21935;-0,35601
73,17400;-1,21947;-0,35601
73,18401;-1,21964;-0,35617
73,19400;-1,21981;-0,35605
73,20400;-1,21998;-0,35629
73,21401;-1,22015;-0,35625
73,22401;-1,22032;-0,35651
73,23400;-1,22049;-0,35637
73,24400;-1,22066;-0,35656
73,25401;-1,22083;-0,35651
73,26400;-1,22100;-0,35671
73,27400;-1,22117;-0,35673
73,28401;-1,22128;-0,35669
73,29401;-1,22145;-0,35683
73,30400;-1,22162;-0,35683
73,31400;-1,22179;-0,35705
73,32401;-1,22196;-0,35690
73,33401;-1,22213;-0,35721
73,34400;-1,22230;-0,35707
73,35400;-1,22247;-0,35741
73,36401;-1,22264;-0,35736
73,37400;-1,22281;-0,35740
73,38400;-1,22298;-0,35746
73,39401;-1,22315;-0,35748
73,40401;-1,22332;-0,35757
73,41400;-1,22349;-0,35757
73,42400;-1,22366;-0,35779
73,43401;-1,22383;-0,35777
73,44400;-1,22400;-0,35806
73,45400;-1,22417;-0,35793
73,46401;-1,22434;-0,35814
73,47401;-1,22451;-0,35802
73,48400;-1,22468;-0,35809
73,49400;-1,22479;-0,35819
73,50401;-1,22496;-0,35813
73,51400;-1,22513;-0,35846
73,52400;-1,22530;-0,35834
73,53401;-1,22547;-0,35860
73,54401;-1,22564;-0,35846
73,55400;-1,22581;-0,35867
73,56400;-1,22604;-0,35862
73,57401;-1,22615;-0,35874
73,58401;-1,22632;-0,35869
73,59400;-1,22649;-0,35879
73,60400;-1,22666;-0,35900
73,61401;-1,22683;-0,35889
73,62400;-1,22700;-0,35928
73,63400;-1,22717;-0,35906
73,64401;-1,22734;-0,35936
73,65401;-1,22751;-0,35918
73,66400;-1,22774;-0,35941
73,67400;-1,22791;-0,35929
73,68401;-1,22808;-0,35945
73,69400;-1,22825;-0,35948
73,70400;-1,22842;-0,35958
73,71401;-1,22859;-0,35971
73,72401;-1,22876;-0,35959
73,73400;-1,22893;-0,35991
73,74400;-1,22904;-0,35967
73,75401;-1,22921;-0,36004
73,76400;-1,22938;-0,35982
73,77400;-1,22955;-0,36013
73,78401;-1,22967;-0,36009
73,79401;-1,22984;-0,36026
73,80400;-1,23001;-0,36010
73,81400;-1,23018;-0,36035
73,82401;-1,23029;-0,36035
73,83401;-1,23046;-0,36030
73,84400;-1,23063;-0,36063
73,85400;-1,23080;-0,36033
73,86401;-1,23097;-0,36065
73,87400;-1,23114;-0,36059
73,88400;-1,23131;-0,36081
73,89401;-1,23148;-0,36069
73,90401;-1,23165;-0,36083
73,91400;-1,23182;-0,36078
73,92400;-1,23193;-0,36091
73,93401;-1,23205;-0,36090
73,94400;-1,23222;-0,36103
73,95400;-1,23239;-0,36113
73,96401;-1,23256;-0,36118
73,97401;-1,23273;-0,36141
73,98400;-1,23290;-0,36119
73,99400;-1,23312;-0,36152
74,00401;-1,23329;-0,36134
74,01400;-1,23346;-0,36141
74,02400;-1,23363;-0,36158
74,03401;-1,23380;-0,36163
74,04401;-1,23397;-0,36169
74,05400;-1,23414;-0,36188
74,06400;-1,23431;-0,36184
74,07401;-1,23448;-0,36192
74,08401;-1,23471;-0,36220
74,09400;-1,23488;-0,36200
74,10400;-1,23499;-0,36205
74,11401;-1,23516;-0,36188
74,12400;-1,23533;-0,36228
74,13400;-1,23550;-0,36218
74,14401;-1,23567;-0,36251
74,15401;-1,23584;-0,36249
74,16400;-1,23601;-0,36253
74,17400;-1,23624;-0,36248
74,18401;-1,23641;-0,36264
74,19400;-1,23658;-0,36261
74,20400;-1,23675;-0,36263
74,21401;-1,23692;-0,36293
74,22401;-1,23709;-0,36271
74,23400;-1,23726;-0,36306
74,24400;-1,23737;-0,36295
74,25401;-1,23754;-0,36308
74,26400;-1,23771;-0,36311
74,27400;-1,23788;-0,36322
74,28401;-1,23805;-0,36311
74,29401;-1,23822;-0,36335
74,30400;-1,23839;-0,36344
74,31400;-1,23856;-0,36336
74,32401;-1,23873;-0,36368
74,33401;-1,23890;-0,36352
74,34400;-1,23907;-0,36371
74,35400;-1,23924;-0,36362
74,36401;-1,23941;-0,36373
74,37400;-1,23958;-0,36367
74,38400;-1,23975;-0,36381
74,39401;-1,23992;-0,36395
74,40401;-1,24004;-0,36388
74,41400;-1,24021;-0,36412
74,42400;-1,24038;-0,36402
74,43401;-1,24055;-0,36422
74,44400;-1,24066;-0,36399
74,45400;-1,24083;-0,36436
74,46401;-1,24100;-0,36411
74,47401;-1,24117;-0,36446
74,48400;-1,24128;-0,36439
74,49400;-1,24151;-0,36451
74,50401;-1,24162;-0,36461
74,51400;-1,24185;-0,36452
74,52400;-1,24202;-0,36471
74,53401;-1,24219;-0,36459
74,54401;-1,24236;-0,36484
74,55400;-1,24253;-0,36465
74,56400;-1,24270;-0,36497
74,57401;-1,24287;-0,36482
74,58401;-1,24298;-0,36504
74,59400;-1,24315;-0,36503
74,60400;-1,24327;-0,36508
74,61401;-1,24344;-0,36520
74,62400;-1,24361;-0,36512
74,63400;-1,24378;-0,36536
74,64401;-1,24400;-0,36524
74,65401;-1,24417;-0,36550
74,66400;-1,24429;-0,36536
74,67400;-1,24451;-0,36568
74,68401;-1,24468;-0,36543
74,69400;-1,24480;-0,36570
74,70400;-1,24497;-0,36562
74,71401;-1,24514;-0,36575
74,72401;-1,24531;-0,36587
74,73400;-1,24548;-0,36592
74,74400;-1,24565;-0,36598
74,75401;-1,24582;-0,36602
74,76400;-1,24593;-0,36612
74,77400;-1,24610;-0,36598
74,78401;-1,24627;-0,36628
74,79401;-1,24644;-0,36612
74,80400;-1,24661;-0,36639
74,81400;-1,24678;-0,36632
74,82401;-1,24695;-0,36640
74,83401;-1,24718;-0,36649
74,84400;-1,24735;-0,36659
74,85400;-1,24752;-0,36671
74,86401;-1,24769;-0,36659
74,87400;-1,24786;-0,36680
74,88400;-1,24803;-0,36667
74,89401;-1,24814;-0,36695
74,90401;-1,24831;-0,36675
74,91400;-1,24848;-0,36709
74,92400;-1,24865;-0,36703
74,93401;-1,24882;-0,36720
74,94400;-1,24905;-0,36730
74,95400;-1,24922;-0,36720
74,96401;-1,24939;-0,36731
74,97401;-1,24956;-0,36725
74,98400;-1,24978;-0,36751
74,99400;-1,24995;-0,36742
75,00401;-1,25012;-0,36765
75,01400;-1,25029;-0,36753
75,02400;-1,25046;-0,36776
75,03401;-1,25063;-0,36774
75,04401;-1,25075;-0,36793
75,05400;-1,25092;-0,36788
75,06400;-1,25103;-0,36788
75,07401;-1,25120;-0,36808
75,08401;-1,25137;-0,36788
75,09400;-1,25148;-0,36822
75,10400;-1,25165;-0,36804
75,11401;-1,25182;-0,36823
75,12400;-1,25199;-0,36820
75,13400;-1,25216;-0,36848
75,14401;-1,25228;-0,36822
75,15401;-1,25245;-0,36848
75,16400;-1,25262;-0,36846
75,17400;-1,25279;-0,36850
75,18401;-1,25296;-0,36873
75,19400;-1,25313;-0,36854
75,20400;-1,25330;-0,36881
75,21401;-1,25347;-0,36858
75,22401;-1,25358;-0,36891
75,23400;-1,25375;-0,36874
75,24400;-1,25392;-0,36895
75,25401;-1,25403;-0,36884
75,26400;-1,25420;-0,36907
75,27400;-1,25437;-0,36900
75,28401;-1,25460;-0,36918
75,29401;-1,25477;-0,36913
75,30400;-1,25494;-0,36903
75,31400;-1,25511;-0,36937
75,32401;-1,25534;-0,36917
75,33401;-1,25551;-0,36958
75,34400;-1,25568;-0,36924
75,35400;-1,25585;-0,36958
75,36401;-1,25602;-0,36943
75,37400;-1,25619;-0,36965
75,38400;-1,25636;-0,36958
75,39401;-1,25653;-0,36973
75,40401;-1,25664;-0,36959
75,41400;-1,25681;-0,36981
75,42400;-1,25698;-0,36998
75,43401;-1,25715;-0,36973
75,44400;-1,25732;-0,37011
75,45400;-1,25749;-0,36983
75,46401;-1,25766;-0,37023
75,47401;-1,25789;-0,37005
75,48400;-1,25806;-0,37023
75,49400;-1,25823;-0,37009
75,50401;-1,25840;-0,37033
75,51400;-1,25857;-0,37024
75,52400;-1,25874;-0,37048
75,53401;-1,25885;-0,37044
75,54401;-1,25902;-0,37043
75,55400;-1,25919;-0,37067
75,56400;-1,25936;-0,37051
75,57401;-1,25953;-0,37077
75,58401;-1,25970;-0,37055
75,59400;-1,25993;-0,37082
75,60400;-1,26010;-0,37073
75,61401;-1,26027;-0,37100
75,62400;-1,26044;-0,37073
75,63400;-1,26061;-0,37105
75,64401;-1,26078;-0,37088
75,65401;-1,26095;-0,37114
75,66400;-1,26106;-0,37114
75,67400;-1,26123;-0,37116
75,68401;-1,26140;-0,37125
75,69400;-1,26157;-0,37118
75,70400;-1,26174;-0,37149
75,71401;-1,26191;-0,37123
75,72401;-1,26202;-0,37152
75,73400;-1,26219;-0,37137
75,74400;-1,26236;-0,37166
75,75401;-1,26248;-0,37143
75,76400;-1,26265;-0,37175
75,77400;-1,26282;-0,37152
75,78401;-1,26299;-0,37174
75,79401;-1,26316;-0,37174
75,80400;-1,26333;-0,37177
75,81400;-1,26350;-0,37193
75,82401;-1,26367;-0,37179
75,83401;-1,26384;-0,37208
75,84400;-1,26401;-0,37194
75,85400;-1,26418;-0,37217
75,86401;-1,26435;-0,37202
75,87400;-1,26446;-0,37225
75,88400;-1,26463;-0,37204
75,89401;-1,26480;-0,37230
75,90401;-1,26497;-0,37226
75,91400;-1,26508;-0,37234
75,92400;-1,26531;-0,37247
75,93401;-1,26548;-0,37243
75,94400;-1,26565;-0,37254
75,95400;-1,26582;-0,37251
75,96401;-1,26599;-0,37279
75,97401;-1,26616;-0,37250
75,98400;-1,26633;-0,37279
75,99400;-1,26650;-0,37258
76,00401;-1,26667;-0,37282
76,01400;-1,26684;-0,37285
76,02400;-1,26695;-0,37285
76,03401;-1,26712;-0,37294
76,04401;-1,26729;-0,37302
76,05400;-1,26746;-0,37316
76,06400;-1,26758;-0,37301
76,07401;-1,26775;-0,37318
76,08401;-1,26792;-0,37304
76,09400;-1,26809;-0,37335
76,10400;-1,26826;-0,37318
76,11401;-1,26843;-0,37348
76,12400;-1,26860;-0,37332
76,13400;-1,26882;-0,37341
76,14401;-1,26899;-0,37356
76,15401;-1,26916;-0,37342
76,16400;-1,26933;-0,37357
76,17400;-1,26950;-0,37354
76,18401;-1,26962;-0,37357
76,19400;-1,26979;-0,37368
76,20400;-1,26996;-0,37384
76,21401;-1,27013;-0,37375
76,22401;-1,27030;-0,37407
76,23400;-1,27052;-0,37383
76,24400;-1,27069;-0,37402
76,25401;-1,27086;-0,37400
76,26400;-1,27103;-0,37393
76,27400;-1,27120;-0,37422
76,28401;-1,27143;-0,37414
76,29401;-1,27160;-0,37427
76,30400;-1,27177;-0,37426
76,31400;-1,27194;-0,37440
76,32401;-1,27211;-0,37434
76,33401;-1,27228;-0,37444
76,34400;-1,27239;-0,37440
76,35400;-1,27256;-0,37447
76,36401;-1,27268;-0,37456
76,37400;-1,27285;-0,37457
76,38400;-1,27302;-0,37467
76,39401;-1,27313;-0,37456
76,40401;-1,27330;-0,37483
76,41400;-1,27347;-0,37461
76,42400;-1,27364;-0,37494
76,43401;-1,27381;-0,37476
76,44400;-1,27398;-0,37491
76,45400;-1,27415;-0,37490
76,46401;-1,27432;-0,37505
76,47401;-1,27449;-0,37499
76,48400;-1,27466;-0,37505
76,49400;-1,27483;-0,37514
76,50401;-1,27500;-0,37504
76,51400;-1,27511;-0,37525
76,52400;-1,27528;-0,37510
76,53401;-1,27540;-0,37533
76,54401;-1,27557;-0,37528
76,55400;-1,27574;-0,37546
76,56400;-1,27591;-0,37539
76,57401;-1,27613;-0,37546
76,58401;-1,27630;-0,37545
76,59400;-1,27647;-0,37554
76,60400;-1,27664;-0,37559
76,61401;-1,27681;-0,37554
76,62400;-1,27698;-0,37574
76,63400;-1,27715;-0,37567
76,64401;-1,27732;-0,37580
76,65401;-1,27749;-0,37583
76,66400;-1,27772;-0,37588
76,67400;-1,27789;-0,37585
76,68401;-1,27806;-0,37601
76,69400;-1,27817;-0,37597
76,70400;-1,27834;-0,37605
76,71401;-1,27851;-0,37603
76,72401;-1,27868;-0,37612
76,73400;-1,27885;-0,37618
76,74400;-1,27902;-0,37619
76,75401;-1,27919;-0,37622
76,76400;-1,27936;-0,37624
76,77400;-1,27953;-0,37631
76,78401;-1,27970;-0,37628
76,79401;-1,27987;-0,37637
76,80400;-1,28004;-0,37636
76,81400;-1,28021;-0,37654
76,82401;-1,28038;-0,37644
76,83401;-1,28050;-0,37666
76,84400;-1,28067;-0,37651
76,85400;-1,28084;-0,37670
76,86401;-1,28101;-0,37664
76,87400;-1,28118;-0,37673
76,88400;-1,28135;-0,37678
76,89401;-1,28152;-0,37680
76,90401;-1,28174;-0,37693
76,91400;-1,28191;-0,37674
76,92400;-1,28208;-0,37703
76,93401;-1,28225;-0,37682
76,94400;-1,28242;-0,37717
76,95400;-1,28259;-0,37698
76,96401;-1,28276;-0,37719
76,97401;-1,28293;-0,37710
76,98400;-1,28305;-0,37712
76,99400;-1,28322;-0,37726
77,00401;-1,28339;-0,37712
77,01400;-1,28350;-0,37730
77,02400;-1,28367;-0,37718
77,03401;-1,28384;-0,37755
77,04401;-1,28395;-0,37719
77,05400;-1,28412;-0,37768
77,06400;-1,28429;-0,37743
77,07401;-1,28446;-0,37759
77,08401;-1,28463;-0,37752
77,09400;-1,28480;-0,37764
77,10400;-1,28497;-0,37754
77,11401;-1,28514;-0,37761
77,12400;-1,28531;-0,37780
77,13400;-1,28548;-0,37765
77,14401;-1,28565;-0,37790
77,15401;-1,28582;-0,37775
77,16400;-1,28594;-0,37794
77,17400;-1,28611;-0,37778
77,18401;-1,28628;-0,37805
77,19400;-1,28639;-0,37788
77,20400;-1,28656;-0,37806
77,21401;-1,28673;-0,37814
77,22401;-1,28696;-0,37818
77,23400;-1,28713;-0,37826
77,24400;-1,28730;-0,37825
77,25401;-1,28747;-0,37829
77,26400;-1,28764;-0,37823
77,27400;-1,28781;-0,37834
77,28401;-1,28798;-0,37820
77,29401;-1,28815;-0,37837
77,30400;-1,28832;-0,37845
77,31400;-1,28849;-0,37852
77,32401;-1,28866;-0,37859
77,33401;-1,28883;-0,37852
77,34400;-1,28900;-0,37863
77,35400;-1,28911;-0,37855
77,36401;-1,28928;-0,37870
77,37400;-1,28945;-0,37858
77,38400;-1,28956;-0,37874
77,39401;-1,28973;-0,37871
77,40401;-1,28990;-0,37880
77,41400;-1,29013;-0,37890
77,42400;-1,29030;-0,37887
77,43401;-1,29047;-0,37901
77,44400;-1,29070;-0,37897
77,45400;-1,29087;-0,37908
77,46401;-1,29104;-0,37890
77,47401;-1,29121;-0,37922
77,48400;-1,29138;-0,37897
77,49400;-1,29155;-0,37927
77,50401;-1,29166;-0,37918
77,51400;-1,29189;-0,37921
77,52400;-1,29206;-0,37936
77,53401;-1,29223;-0,37929
77,54401;-1,29240;-0,37943
77,55400;-1,29257;-0,37929
77,56400;-1,29274;-0,37952
77,57401;-1,29291;-0,37938
77,58401;-1,29308;-0,37961
77,59400;-1,29325;-0,37945
77,60400;-1,29342;-0,37977
77,61401;-1,29359;-0,37945
77,62400;-1,29376;-0,37975
77,63400;-1,29393;-0,37975
77,64401;-1,29404;-0,37959
77,65401;-1,29421;-0,37995
77,66400;-1,29438;-0,37968
77,67400;-1,29455;-0,37991
77,68401;-1,29466;-0,37979
77,69400;-1,29483;-0,38012
77,70400;-1,29500;-0,37983
77,71401;-1,29512;-0,38017
77,72401;-1,29529;-0,37991
77,73400;-1,29546;-0,38017
77,74400;-1,29563;-0,38011
77,75401;-1,29580;-0,38012
77,76400;-1,29597;-0,38022
77,77400;-1,29614;-0,37995
77,78401;-1,29631;-0,38050
77,79401;-1,29648;-0,38006
77,80400;-1,29659;-0,38047
77,81400;-1,29676;-0,38017
77,82401;-1,29693;-0,38050
77,83401;-1,29710;-0,38039
77,84400;-1,29721;-0,38061
77,85400;-1,29744;-0,38043
77,86401;-1,29761;-0,38055
77,87400;-1,29778;-0,38061
77,88400;-1,29795;-0,38044
77,89401;-1,29812;-0,38087
77,90401;-1,29829;-0,38042
77,91400;-1,29852;-0,38079
77,92400;-1,29869;-0,38063
77,93401;-1,29886;-0,38084
77,94400;-1,29903;-0,38079
77,95400;-1,29920;-0,38088
77,96401;-1,29937;-0,38091
77,97401;-1,29954;-0,38089
77,98400;-1,29971;-0,38111
77,99400;-1,29988;-0,38087
78,00401;-1,30005;-0,38113
78,01400;-1,30022;-0,38088
78,02400;-1,30033;-0,38120
78,03401;-1,30050;-0,38105
78,04401;-1,30067;-0,38114
78,05400;-1,30084;-0,38115
78,06400;-1,30101;-0,38115
78,07401;-1,30118;-0,38132
78,08401;-1,30135;-0,38120
78,09400;-1,30158;-0,38139
78,10400;-1,30175;-0,38117
78,11401;-1,30186;-0,38154
78,12400;-1,30203;-0,38129
78,13400;-1,30220;-0,38157
78,14401;-1,30231;-0,38134
78,15401;-1,30248;-0,38157
78,16400;-1,30265;-0,38153
78,17400;-1,30282;-0,38165
78,18401;-1,30305;-0,38164
78,19400;-1,30322;-0,38157
78,20400;-1,30339;-0,38176
78,21401;-1,30356;-0,38169
78,22401;-1,30373;-0,38189
78,23400;-1,30390;-0,38178
78,24400;-1,30407;-0,38189
78,25401;-1,30424;-0,38176
78,26400;-1,30441;-0,38198
78,27400;-1,30458;-0,38180
78,28401;-1,30475;-0,38188
78,29401;-1,30492;-0,38192
78,30400;-1,30509;-0,38202
78,31400;-1,30520;-0,38207
78,32401;-1,30537;-0,38208
78,33401;-1,30554;-0,38215
78,34400;-1,30571;-0,38217
78,35400;-1,30583;-0,38232
78,36401;-1,30600;-0,38229
78,37400;-1,30617;-0,38238
78,38400;-1,30634;-0,38214
78,39401;-1,30651;-0,38232
78,40401;-1,30668;-0,38234
78,41400;-1,30685;-0,38245
78,42400;-1,30702;-0,38247
78,43401;-1,30719;-0,38250
78,44400;-1,30730;-0,38251
78,45400;-1,30747;-0,38241
78,46401;-1,30764;-0,38257
78,47401;-1,30781;-0,38242
78,48400;-1,30792;-0,38260
78,49400;-1,30809;-0,38253
78,50401;-1,30826;-0,38279
78,51400;-1,30843;-0,38264
78,52400;-1,30860;-0,38280
78,53401;-1,30877;-0,38272
78,54401;-1,30894;-0,38267
78,55400;-1,30911;-0,38285
78,56400;-1,30928;-0,38272
78,57401;-1,30945;-0,38302
78,58401;-1,30962;-0,38270
78,59400;-1,30979;-0,38307
78,60400;-1,30996;-0,38276
78,61401;-1,31013;-0,38318
78,62400;-1,31030;-0,38283
78,63400;-1,31047;-0,38317
78,64401;-1,31059;-0,38299
78,65401;-1,31076;-0,38317
78,66400;-1,31093;-0,38306
78,67400;-1,31104;-0,38308
78,68401;-1,31121;-0,38320
78,69400;-1,31138;-0,38312
78,70400;-1,31161;-0,38347
78,71401;-1,31178;-0,38315
78,72401;-1,31195;-0,38347
78,73400;-1,31212;-0,38321
78,74400;-1,31234;-0,38356
78,75401;-1,31251;-0,38328
78,76400;-1,31268;-0,38357
78,77400;-1,31285;-0,38332
78,78401;-1,31302;-0,38363
78,79401;-1,31319;-0,38349
78,80400;-1,31331;-0,38363
78,81400;-1,31348;-0,38366
78,82401;-1,31370;-0,38355
78,83401;-1,31387;-0,38383
78,84400;-1,31404;-0,38361
78,85400;-1,31421;-0,38388
78,86401;-1,31438;-0,38363
78,87400;-1,31455;-0,38396
78,88400;-1,31472;-0,38378
78,89401;-1,31489;-0,38402
78,90401;-1,31506;-0,38374
78,91400;-1,31523;-0,38405
78,92400;-1,31540;-0,38390
78,93401;-1,31557;-0,38395
78,94400;-1,31574;-0,38415
78,95400;-1,31586;-0,38386
78,96401;-1,31603;-0,38426
78,97401;-1,31620;-0,38405
78,98400;-1,31631;-0,38422
78,99400;-1,31648;-0,38407
79,00401;-1,31665;-0,38427
79,01400;-1,31682;-0,38408
79,02400;-1,31693;-0,38445
79,03401;-1,31710;-0,38417
79,04401;-1,31727;-0,38425
79,05400;-1,31750;-0,38445
79,06400;-1,31767;-0,38415
79,07401;-1,31784;-0,38456
79,08401;-1,31801;-0,38413
79,09400;-1,31812;-0,38449
79,10400;-1,31829;-0,38425
79,11401;-1,31841;-0,38465
79,12400;-1,31858;-0,38434
79,13400;-1,31875;-0,38462
79,14401;-1,31892;-0,38446
79,15401;-1,31909;-0,38469
79,16400;-1,31926;-0,38471
79,17400;-1,31943;-0,38451
79,18401;-1,31965;-0,38485
79,19400;-1,31982;-0,38442
79,20400;-1,31999;-0,38498
79,21401;-1,32016;-0,38458
79,22401;-1,32033;-0,38491
79,23400;-1,32050;-0,38478
79,24400;-1,32067;-0,38503
79,25401;-1,32084;-0,38482
79,26401;-1,32101;-0,38502
79,27400;-1,32118;-0,38492
79,28401;-1,32135;-0,38492
79,29401;-1,32152;-0,38510
79,30400;-1,32169;-0,38489
79,31400;-1,32186;-0,38522
79,32401;-1,32198;-0,38496
79,33401;-1,32215;-0,38532
79,34400;-1,32232;-0,38503
79,35400;-1,32249;-0,38535
79,36401;-1,32266;-0,38519
79,37400;-1,32283;-0,38539
79,38400;-1,32300;-0,38515
79,39401;-1,32317;-0,38537
79,40401;-1,32334;-0,38532
79,41400;-1,32351;-0,38534
79,42400;-1,32368;-0,38551
79,43401;-1,32385;-0,38522
79,44400;-1,32402;-0,38559
79,45400;-1,32419;-0,38535
79,46401;-1,32430;-0,38560
79,47401;-1,32447;-0,38545
79,48400;-1,32464;-0,38562
79,49400;-1,32481;-0,38556
79,50401;-1,32504;-0,38572
79,51401;-1,32515;-0,38559
79,52400;-1,32532;-0,38561
79,53401;-1,32549;-0,38581
79,54401;-1,32572;-0,38558
79,55400;-1,32583;-0,38590
79,56400;-1,32600;-0,38555
79,57401;-1,32617;-0,38598
79,58401;-1,32634;-0,38569
79,59400;-1,32651;-0,38592
79,60400;-1,32668;-0,38592
79,61401;-1,32685;-0,38589
79,62400;-1,32696;-0,38593
79,63400;-1,32713;-0,38585
79,64401;-1,32730;-0,38602
79,65401;-1,32747;-0,38578
79,66400;-1,32759;-0,38615
79,67400;-1,32776;-0,38585
79,68401;-1,32793;-0,38623
79,69400;-1,32810;-0,38599
79,70400;-1,32832;-0,38622
79,71401;-1,32844;-0,38611
79,72401;-1,32861;-0,38609
79,73400;-1,32878;-0,38620
79,74400;-1,32889;-0,38613
79,75401;-1,32906;-0,38630
79,76401;-1,32923;-0,38615
79,77400;-1,32940;-0,38646
79,78401;-1,32957;-0,38617
79,79401;-1,32974;-0,38652
79,80400;-1,32997;-0,38625
79,81400;-1,33014;-0,38651
79,82401;-1,33031;-0,38634
79,83401;-1,33048;-0,38653
79,84400;-1,33065;-0,38653
79,85400;-1,33082;-0,38651
79,86401;-1,33099;-0,38663
79,87400;-1,33116;-0,38652
79,88400;-1,33133;-0,38667
79,89401;-1,33150;-0,38643
79,90401;-1,33167;-0,38677
79,91400;-1,33184;-0,38649
79,92400;-1,33201;-0,38685
79,93401;-1,33212;-0,38662
79,94400;-1,33229;-0,38678
79,95400;-1,33240;-0,38675
79,96401;-1,33257;-0,38675
79,97401;-1,33274;-0,38678
79,98400;-1,33291;-0,38677
79,99400;-1,33308;-0,38683
80,00401;-1,33325;-0,38677
80,01401;-1,33348;-0,38695
80,02400;-1,33365;-0,38686
80,03401;-1,33382;-0,38702
80,04401;-1,33399;-0,38701
80,05400;-1,33422;-0,38703
80,06400;-1,33439;-0,38701
80,07401;-1,33456;-0,38703
80,08401;-1,33473;-0,38708
80,09400;-1,33484;-0,38706
80,10400;-1,33501;-0,38709
80,11401;-1,33518;-0,38721
80,12400;-1,33535;-0,38721
80,13400;-1,33552;-0,38719
80,14401;-1,33569;-0,38733
80,15401;-1,33586;-0,38726
80,16400;-1,33609;-0,38725
80,17400;-1,33626;-0,38736
80,18401;-1,33643;-0,38726
80,19400;-1,33654;-0,38732
80,20400;-1,33671;-0,38732
80,21401;-1,33688;-0,38742
80,22401;-1,33705;-0,38739
80,23400;-1,33722;-0,38753
80,24400;-1,33739;-0,38748
80,25401;-1,33756;-0,38743
80,26401;-1,33767;-0,38759
80,27400;-1,33784;-0,38747
80,28401;-1,33801;-0,38754
80,29401;-1,33813;-0,38748
80,30400;-1,33830;-0,38757
80,31400;-1,33847;-0,38750
80,32401;-1,33864;-0,38777
80,33401;-1,33881;-0,38758
80,34400;-1,33892;-0,38772
80,35400;-1,33915;-0,38769
80,36401;-1,33926;-0,38764
80,37400;-1,33943;-0,38784
80,38400;-1,33960;-0,38771
80,39401;-1,33977;-0,38785
80,40401;-1,33988;-0,38771
80,41400;-1,34005;-0,38791
80,42400;-1,34022;-0,38768
80,43401;-1,34039;-0,38798
80,44400;-1,34056;-0,38788
80,45400;-1,34073;-0,38808
80,46401;-1,34096;-0,38795
80,47401;-1,34113;-0,38815
80,48400;-1,34130;-0,38798
80,49400;-1,34147;-0,38803
80,50401;-1,34170;-0,38809
80,51401;-1,34187;-0,38799
80,52400;-1,34204;-0,38817
80,53401;-1,34221;-0,38814
80,54401;-1,34238;-0,38824
80,55400;-1,34255;-0,38810
80,56400;-1,34272;-0,38838
80,57401;-1,34289;-0,38796
80,58401;-1,34300;-0,38842
80,59400;-1,34317;-0,38816
80,60400;-1,34334;-0,38827
80,61401;-1,34345;-0,38828
80,62400;-1,34362;-0,38823
80,63400;-1,34379;-0,38840
80,64401;-1,34396;-0,38831
80,65401;-1,34413;-0,38847
80,66400;-1,34430;-0,38826
80,67400;-1,34447;-0,38857
80,68401;-1,34464;-0,38829
80,69400;-1,34481;-0,38857
80,70400;-1,34498;-0,38834
80,71401;-1,34515;-0,38858
80,72401;-1,34532;-0,38850
80,73400;-1,34549;-0,38859
80,74400;-1,34566;-0,38867
80,75401;-1,34583;-0,38843
80,76401;-1,34600;-0,38870
80,77400;-1,34617;-0,38851
80,78401;-1,34634;-0,38872
80,79401;-1,34651;-0,38864
80,80400;-1,34668;-0,38876
80,81400;-1,34685;-0,38857
80,82401;-1,34702;-0,38887
80,83401;-1,34719;-0,38880
80,84400;-1,34736;-0,38878
80,85400;-1,34753;-0,38892
80,86401;-1,34770;-0,38873
80,87400;-1,34787;-0,38896
80,88400;-1,34804;-0,38879
80,89401;-1,34821;-0,38892
80,90401;-1,34838;-0,38881
80,91400;-1,34855;-0,38895
80,92400;-1,34872;-0,38895
80,93401;-1,34889;-0,38898
80,94400;-1,34901;-0,38902
80,95400;-1,34918;-0,38897
80,96401;-1,34935;-0,38914
80,97401;-1,34952;-0,38893
80,98400;-1,34969;-0,38917
80,99400;-1,34986;-0,38906
81,00401;-1,35003;-0,38918
81,01401;-1,35020;-0,38913
81,02400;-1,35037;-0,38921
81,03401;-1,35054;-0,38922
81,04401;-1,35065;-0,38913
81,05400;-1,35076;-0,38921
81,06400;-1,35093;-0,38912
81,07401;-1,35110;-0,38921
81,08401;-1,35127;-0,38921
81,09400;-1,35139;-0,38933
81,10400;-1,35161;-0,38922
81,11401;-1,35178;-0,38946
81,12400;-1,35195;-0,38938
81,13400;-1,35212;-0,38939
81,14401;-1,35229;-0,38935
81,15401;-1,35246;-0,38936
81,16400;-1,35263;-0,38943
81,17400;-1,35280;-0,38939
81,18401;-1,35297;-0,38952
81,19400;-1,35314;-0,38937
81,20400;-1,35331;-0,38955
81,21401;-1,35348;-0,38943
81,22401;-1,35365;-0,38961
81,23400;-1,35382;-0,38935
81,24400;-1,35394;-0,38952
81,25401;-1,35411;-0,38951
81,26401;-1,35422;-0,38968
81,27400;-1,35439;-0,38958
81,28401;-1,35456;-0,38961
81,29401;-1,35473;-0,38971
81,30400;-1,35496;-0,38964
81,31400;-1,35513;-0,38981
81,32401;-1,35530;-0,38964
81,33401;-1,35552;-0,38971
81,34400;-1,35569;-0,38973
81,35400;-1,35586;-0,38983
81,36401;-1,35603;-0,38972
81,37400;-1,35620;-0,38984
81,38400;-1,35637;-0,38980
81,39401;-1,35654;-0,38985
81,40401;-1,35671;-0,38994
81,41400;-1,35688;-0,38974
81,42400;-1,35705;-0,38993
81,43401;-1,35722;-0,38988
81,44400;-1,35739;-0,39001
81,45400;-1,35756;-0,39000
81,46401;-1,35773;-0,38999
81,47401;-1,35790;-0,38998
81,48400;-1,35807;-0,39000
81,49400;-1,35824;-0,39008
81,50401;-1,35841;-0,38997
81,51401;-1,35858;-0,39004
81,52400;-1,35870;-0,38986
81,53401;-1,35887;-0,39022
81,54401;-1,35904;-0,39000
81,55400;-1,35921;-0,39025
81,56400;-1,35938;-0,39000
81,57401;-1,35949;-0,39013
81,58401;-1,35966;-0,39010
81,59400;-1,35983;-0,39016
81,60400;-1,36000;-0,39021
81,61401;-1,36011;-0,39007
81,62400;-1,36028;-0,39027
81,63400;-1,36045;-0,39015
81,64401;-1,36062;-0,39048
81,65401;-1,36079;-0,39019
81,66400;-1,36096;-0,39040
81,67400;-1,36113;-0,39019
81,68401;-1,36130;-0,39050
81,69400;-1,36142;-0,39031
81,70400;-1,36159;-0,39034
81,71401;-1,36176;-0,39035
81,72401;-1,36187;-0,39029
81,73400;-1,36204;-0,39054
81,74400;-1,36227;-0,39043
81,75401;-1,36244;-0,39058
81,76401;-1,36261;-0,39035
81,77400;-1,36278;-0,39055
81,78401;-1,36300;-0,39040
81,79401;-1,36317;-0,39053
81,80400;-1,36334;-0,39052
81,81400;-1,36351;-0,39049
81,82401;-1,36368;-0,39057
81,83401;-1,36385;-0,39063
81,84400;-1,36402;-0,39066
81,85400;-1,36425;-0,39055
81,86401;-1,36436;-0,39074
81,87400;-1,36453;-0,39053
81,88400;-1,36470;-0,39077
81,89401;-1,36487;-0,39065
81,90401;-1,36499;-0,39063
81,91400;-1,36516;-0,39065
81,92400;-1,36527;-0,39067
81,93401;-1,36544;-0,39082
81,94400;-1,36561;-0,39075
81,95400;-1,36578;-0,39083
81,96401;-1,36595;-0,39071
81,97401;-1,36612;-0,39093
81,98400;-1,36635;-0,39078
81,99400;-1,36652;-0,39093
82,00401;-1,36669;-0,39070
82,01401;-1,36686;-0,39085
82,02400;-1,36703;-0,39085
82,03401;-1,36720;-0,39094
82,04401;-1,36731;-0,39089
82,05400;-1,36748;-0,39086
82,06400;-1,36765;-0,39102
82,07401;-1,36782;-0,39091
82,08401;-1,36799;-0,39120
82,09400;-1,36816;-0,39083
82,10400;-1,36833;-0,39114
82,11401;-1,36850;-0,39089
82,12400;-1,36867;-0,39121
82,13400;-1,36884;-0,39098
82,14401;-1,36901;-0,39120
82,15401;-1,36918;-0,39099
82,16400;-1,36935;-0,39123
82,17400;-1,36952;-0,39112
82,18401;-1,36969;-0,39109
82,19400;-1,36986;-0,39116
82,20400;-1,37003;-0,39104
82,21401;-1,37020;-0,39135
82,22401;-1,37037;-0,39101
82,23400;-1,37048;-0,39139
82,24400;-1,37065;-0,39105
82,25401;-1,37082;-0,39141
82,26401;-1,37099;-0,39115
82,27400;-1,37116;-0,39134
82,28401;-1,37133;-0,39120
82,29401;-1,37150;-0,39132
82,30400;-1,37167;-0,39135
82,31400;-1,37184;-0,39125
82,32401;-1,37201;-0,39144
82,33401;-1,37218;-0,39122
82,34400;-1,37230;-0,39152
82,35400;-1,37241;-0,39124
82,36401;-1,37258;-0,39148
82,37400;-1,37275;-0,39127
82,38400;-1,37292;-0,39149
82,39401;-1,37309;-0,39144
82,40401;-1,37326;-0,39156
82,41400;-1,37343;-0,39148
82,42400;-1,37366;-0,39149
82,43401;-1,37383;-0,39161
82,44400;-1,37400;-0,39148
82,45400;-1,37417;-0,39157
82,46401;-1,37434;-0,39156
82,47401;-1,37451;-0,39155
82,48400;-1,37468;-0,39158
82,49400;-1,37485;-0,39170
82,50401;-1,37502;-0,39163
82,51401;-1,37519;-0,39168
82,52400;-1,37536;-0,39173
82,53401;-1,37553;-0,39161
82,54401;-1,37570;-0,39179
82,55400;-1,37581;-0,39169
82,56400;-1,37598;-0,39172
82,57401;-1,37609;-0,39171
82,58401;-1,37626;-0,39181
82,59400;-1,37649;-0,39174
82,60400;-1,37666;-0,39189
82,61401;-1,37683;-0,39187
82,62400;-1,37700;-0,39180
82,63400;-1,37717;-0,39190
82,64401;-1,37740;-0,39185
82,65401;-1,37757;-0,39193
82,66400;-1,37774;-0,39177
82,67400;-1,37791;-0,39198
82,68401;-1,37808;-0,39176
82,69400;-1,37819;-0,39198
82,70400;-1,37836;-0,39187
82,71401;-1,37853;-0,39198
82,72401;-1,37870;-0,39196
82,73400;-1,37887;-0,39204
82,74400;-1,37904;-0,39205
82,75401;-1,37921;-0,39210
82,76401;-1,37938;-0,39203
82,77400;-1,37955;-0,39192
82,78401;-1,37972;-0,39208
82,79401;-1,37989;-0,39190
82,80400;-1,38006;-0,39217
82,81400;-1,38023;-0,39199
82,82401;-1,38034;-0,39223
82,83401;-1,38051;-0,39209
82,84400;-1,38068;-0,39222
82,85400;-1,38085;-0,39209
82,86401;-1,38102;-0,39219
82,87400;-1,38119;-0,39215
82,88400;-1,38131;-0,39217
82,89401;-1,38148;-0,39221
82,90401;-1,38165;-0,39216
82,91400;-1,38176;-0,39229
82,92400;-1,38193;-0,39215
82,93401;-1,38210;-0,39234
82,94400;-1,38227;-0,39223
82,95400;-1,38244;-0,39233
82,96401;-1,38261;-0,39224
82,97401;-1,38278;-0,39235
82,98400;-1,38295;-0,39220
82,99400;-1,38312;-0,39225
83,00401;-1,38323;-0,39233
83,01401;-1,38340;-0,39227
83,02400;-1,38352;-0,39244
83,03401;-1,38374;-0,39226
83,04401;-1,38391;-0,39251
83,05400;-1,38408;-0,39230
83,06400;-1,38431;-0,39253
83,07401;-1,38448;-0,39227
83,08401;-1,38465;-0,39248
83,09400;-1,38482;-0,39239
83,10400;-1,38505;-0,39258
83,11401;-1,38522;-0,39241
83,12400;-1,38539;-0,39247
83,13400;-1,38556;-0,39242
83,14401;-1,38573;-0,39248
83,15401;-1,38590;-0,39265
83,16400;-1,38607;-0,39238
83,17400;-1,38618;-0,39255
83,18401;-1,38635;-0,39239
83,19400;-1,38646;-0,39258
83,20400;-1,38663;-0,39252
83,21401;-1,38680;-0,39262
83,22401;-1,38697;-0,39253
83,23400;-1,38714;-0,39274
83,24400;-1,38731;-0,39268
83,25401;-1,38748;-0,39269
83,26401;-1,38771;-0,39273
83,27400;-1,38788;-0,39266
83,28401;-1,38805;-0,39273
83,29401;-1,38822;-0,39268
83,30400;-1,38839;-0,39271
83,31400;-1,38856;-0,39263
83,32401;-1,38873;-0,39268
83,33401;-1,38884;-0,39260
83,34400;-1,38901;-0,39292
83,35400;-1,38918;-0,39268
83,36401;-1,38935;-0,39282
83,37400;-1,38952;-0,39274
83,38400;-1,38969;-0,39273
83,39401;-1,38986;-0,39279
83,40401;-1,39003;-0,39265
83,41400;-1,39020;-0,39275
83,42400;-1,39037;-0,39275
83,43401;-1,39054;-0,39287
83,44400;-1,39071;-0,39280
83,45400;-1,39088;-0,39280
83,46401;-1,39105;-0,39271
83,47401;-1,39122;-0,39278
83,48400;-1,39139;-0,39279
83,49400;-1,39156;-0,39282
83,50401;-1,39173;-0,39292
83,51401;-1,39190;-0,39264
83,52400;-1,39202;-0,39294
83,53401;-1,39219;-0,39280
83,54401;-1,39236;-0,39287
83,55400;-1,39253;-0,39291
83,56400;-1,39264;-0,39288
83,57401;-1,39281;-0,39288
83,58401;-1,39298;-0,39304
83,59400;-1,39315;-0,39299
83,60400;-1,39332;-0,39287
83,61401;-1,39349;-0,39305
83,62400;-1,39366;-0,39281
83,63400;-1,39383;-0,39311
83,64401;-1,39400;-0,39288
83,65401;-1,39411;-0,39287
83,66400;-1,39428;-0,39282
83,67400;-1,39445;-0,39285
83,68401;-1,39457;-0,39306
83,69400;-1,39474;-0,39298
83,70400;-1,39491;-0,39293
83,71401;-1,39513;-0,39300
83,72401;-1,39530;-0,39304
83,73400;-1,39547;-0,39301
83,74400;-1,39564;-0,39310
83,75401;-1,39581;-0,39283
83,76401;-1,39598;-0,39304
83,77400;-1,39615;-0,39300
83,78401;-1,39632;-0,39299
83,79401;-1,39649;-0,39310
83,80400;-1,39666;-0,39291
83,81400;-1,39683;-0,39301
83,82401;-1,39700;-0,39307
83,83401;-1,39717;-0,39300
83,84400;-1,39729;-0,39307
83,85400;-1,39746;-0,39316
83,86401;-1,39763;-0,39297
83,87400;-1,39780;-0,39316
83,88400;-1,39797;-0,39303
83,89401;-1,39814;-0,39309
83,90401;-1,39836;-0,39305
83,91400;-1,39853;-0,39312
83,92400;-1,39870;-0,39313
83,93401;-1,39887;-0,39316
83,94400;-1,39904;-0,39314
83,95400;-1,39921;-0,39322
83,96401;-1,39938;-0,39313
83,97401;-1,39955;-0,39317
83,98400;-1,39972;-0,39326
83,99400;-1,39989;-0,39303
84,00401;-1,40006;-0,39323
84,01401;-1,40023;-0,39319
84,02400;-1,40040;-0,39320
84,03401;-1,40057;-0,39322
84,04401;-1,40074;-0,39319
84,05400;-1,40086;-0,39317
84,06400;-1,40103;-0,39322
84,07401;-1,40120;-0,39313
84,08401;-1,40137;-0,39318
84,09400;-1,40154;-0,39331
84,10400;-1,40171;-0,39303
84,11401;-1,40188;-0,39328
84,12400;-1,40205;-0,39321
84,13400;-1,40222;-0,39308
84,14401;-1,40239;-0,39329
84,15401;-1,40256;-0,39324
84,16400;-1,40267;-0,39313
84,17400;-1,40284;-0,39329
84,18401;-1,40301;-0,39313
84,19400;-1,40318;-0,39325
84,20400;-1,40335;-0,39323
84,21401;-1,40346;-0,39313
84,22401;-1,40363;-0,39329
84,23400;-1,40380;-0,39324
84,24400;-1,40397;-0,39320
84,25401;-1,40414;-0,39331
84,26401;-1,40431;-0,39316
84,27400;-1,40448;-0,39323
84,28401;-1,40465;-0,39329
84,29401;-1,40477;-0,39307
84,30400;-1,40494;-0,39335
84,31400;-1,40511;-0,39317
84,32401;-1,40528;-0,39326
84,33401;-1,40545;-0,39322
84,34400;-1,40562;-0,39320
84,35400;-1,40579;-0,39329
84,36401;-1,40596;-0,39332
84,37400;-1,40618;-0,39321
84,38400;-1,40635;-0,39329
84,39401;-1,40652;-0,39327
84,40401;-1,40669;-0,39319
84,41400;-1,40686;-0,39336
84,42400;-1,40703;-0,39315
84,43401;-1,40726;-0,39334
84,44400;-1,40737;-0,39331
84,45400;-1,40754;-0,39336
84,46401;-1,40771;-0,39336
84,47401;-1,40788;-0,39326
84,48400;-1,40805;-0,39331
84,49400;-1,40817;-0,39335
84,50401;-1,40834;-0,39329
84,51401;-1,40851;-0,39324
84,52400;-1,40868;-0,39326
84,53401;-1,40885;-0,39321
84,54401;-1,40902;-0,39342
84,55400;-1,40919;-0,39319
84,56400;-1,40936;-0,39332
84,57401;-1,40953;-0,39322
84,58401;-1,40970;-0,39328
84,59400;-1,40987;-0,39340
84,60400;-1,41004;-0,39319
84,61401;-1,41021;-0,39321
84,62400;-1,41038;-0,39320
84,63400;-1,41049;-0,39330
84,64401;-1,41066;-0,39323
84,65401;-1,41083;-0,39334
84,66400;-1,41100;-0,39323
84,67400;-1,41117;-0,39332
84,68401;-1,41140;-0,39336
84,69400;-1,41157;-0,39320
84,70400;-1,41174;-0,39336
84,71401;-1,41191;-0,39310
84,72401;-1,41208;-0,39332
84,73400;-1,41225;-0,39323
84,74400;-1,41242;-0,39334
84,75401;-1,41259;-0,39317
84,76401;-1,41276;-0,39338
84,77400;-1,41293;-0,39322
84,78401;-1,41310;-0,39322
84,79401;-1,41327;-0,39321
84,80400;-1,41344;-0,39305
84,81400;-1,41355;-0,39317
84,82401;-1,41372;-0,39309
84,83401;-1,41383;-0,39341
84,84400;-1,41400;-0,39315
84,85400;-1,41417;-0,39337
84,86401;-1,41434;-0,39324
84,87400;-1,41451;-0,39328
84,88400;-1,41468;-0,39318
84,89401;-1,41485;-0,39315
84,90401;-1,41502;-0,39303
84,91400;-1,41519;-0,39313
84,92400;-1,41531;-0,39324
84,93401;-1,41548;-0,39301
84,94400;-1,41559;-0,39334
84,95400;-1,41576;-0,39300
84,96401;-1,41593;-0,39328
84,97401;-1,41604;-0,39318
84,98400;-1,41627;-0,39325
84,99400;-1,41644;-0,39307
85,00401;-1,41661;-0,39321
85,01401;-1,41678;-0,39314
85,02400;-1,41695;-0,39318
85,03401;-1,41718;-0,39324
85,04401;-1,41735;-0,39307
85,05400;-1,41752;-0,39327
85,06400;-1,41769;-0,39301
85,07401;-1,41786;-0,39333
85,08401;-1,41803;-0,39291
85,09400;-1,41820;-0,39321
85,10400;-1,41837;-0,39299
85,11401;-1,41854;-0,39315
85,12400;-1,41871;-0,39299
85,13400;-1,41882;-0,39314
85,14401;-1,41899;-0,39298
85,15401;-1,41916;-0,39300
85,16400;-1,41933;-0,39316
85,17400;-1,41950;-0,39280
85,18401;-1,41967;-0,39324
85,19400;-1,41984;-0,39278
85,20400;-1,42001;-0,39320
85,21401;-1,42018;-0,39286
85,22401;-1,42035;-0,39321
85,23400;-1,42058;-0,39283
85,24400;-1,42075;-0,39319
85,25401;-1,42086;-0,39301
85,26401;-1,42103;-0,39297
85,27400;-1,42120;-0,39306
85,28401;-1,42137;-0,39274
85,29401;-1,42154;-0,39310
85,30400;-1,42171;-0,39276
85,31400;-1,42188;-0,39332
85,32401;-1,42205;-0,39266
85,33401;-1,42222;-0,39300
85,34400;-1,42239;-0,39272
85,35400;-1,42256;-0,39307
85,36401;-1,42273;-0,39272
85,37400;-1,42290;-0,39303
85,38400;-1,42307;-0,39282
85,39401;-1,42324;-0,39276
85,40401;-1,42341;-0,39300
85,41400;-1,42352;-0,39261
85,42400;-1,42369;-0,39293
85,43401;-1,42386;-0,39257
85,44400;-1,42403;-0,39300
85,45400;-1,42420;-0,39266
85,46401;-1,42437;-0,39293
85,47401;-1,42449;-0,39262
85,48400;-1,42466;-0,39284
85,49400;-1,42477;-0,39265
85,50401;-1,42494;-0,39279
85,51401;-1,42511;-0,39270
85,52400;-1,42528;-0,39263
85,53401;-1,42545;-0,39289
85,54401;-1,42562;-0,39259
85,55400;-1,42579;-0,39281
85,56400;-1,42596;-0,39251
85,57401;-1,42613;-0,39272
85,58401;-1,42624;-0,39231
85,59400;-1,42641;-0,39266
85,60400;-1,42653;-0,39243
85,61401;-1,42670;-0,39259
85,62400;-1,42692;-0,39260
85,63400;-1,42709;-0,39261
85,64401;-1,42726;-0,39260
85,65401;-1,42749;-0,39247
85,66400;-1,42766;-0,39263
85,67400;-1,42783;-0,39219
85,68401;-1,42800;-0,39263
85,69401;-1,42817;-0,39219
85,70400;-1,42840;-0,39249
85,71401;-1,42857;-0,39232
85,72401;-1,42874;-0,39244
85,73400;-1,42891;-0,39230
85,74400;-1,42908;-0,39239
85,75401;-1,42919;-0,39229
85,76401;-1,42936;-0,39220
85,77400;-1,42953;-0,39234
85,78401;-1,42964;-0,39210
85,79401;-1,42981;-0,39238
85,80400;-1,42993;-0,39207
85,81400;-1,43010;-0,39237
85,82401;-1,43032;-0,39209
85,83401;-1,43049;-0,39229
85,84400;-1,43066;-0,39214
85,85400;-1,43083;-0,39213
85,86401;-1,43100;-0,39205
85,87400;-1,43123;-0,39205
85,88400;-1,43134;-0,39201
85,89401;-1,43151;-0,39201
85,90401;-1,43168;-0,39204
85,91400;-1,43185;-0,39183
85,92400;-1,43202;-0,39209
85,93401;-1,43219;-0,39187
85,94401;-1,43236;-0,39192
85,95400;-1,43253;-0,39187
85,96401;-1,43270;-0,39178
85,97401;-1,43287;-0,39183
85,98400;-1,43304;-0,39178
85,99400;-1,43321;-0,39178
86,00401;-1,43338;-0,39170
86,01401;-1,43355;-0,39170
86,02400;-1,43372;-0,39166
86,03401;-1,43389;-0,39178
86,04401;-1,43406;-0,39158
86,05400;-1,43423;-0,39164
86,06400;-1,43440;-0,39155
86,07401;-1,43457;-0,39150
86,08401;-1,43474;-0,39162
86,09400;-1,43491;-0,39129
86,10400;-1,43508;-0,39144
86,11401;-1,43520;-0,39143
86,12400;-1,43537;-0,39135
86,13400;-1,43548;-0,39134
86,14401;-1,43565;-0,39137
86,15401;-1,43582;-0,39117
86,16400;-1,43599;-0,39128
86,17400;-1,43616;-0,39115
86,18401;-1,43627;-0,39103
86,19401;-1,43644;-0,39120
86,20400;-1,43661;-0,39101
86,21401;-1,43678;-0,39116
86,22401;-1,43695;-0,39088
86,23400;-1,43707;-0,39100
86,24400;-1,43724;-0,39081
86,25401;-1,43735;-0,39091
86,26401;-1,43752;-0,39081
86,27400;-1,43769;-0,39087
86,28401;-1,43792;-0,39073
86,29401;-1,43809;-0,39085
86,30400;-1,43826;-0,39083
86,31400;-1,43843;-0,39060
86,32401;-1,43860;-0,39086
86,33401;-1,43882;-0,39035
86,34400;-1,43899;-0,39071
86,35400;-1,43916;-0,39030
86,36401;-1,43933;-0,39045
86,37400;-1,43950;-0,39025
86,38400;-1,43962;-0,39036
86,39401;-1,43979;-0,39013
86,40401;-1,43996;-0,39028
86,41400;-1,44013;-0,39026
86,42400;-1,44024;-0,38999
86,43401;-1,44041;-0,39029
86,44401;-1,44058;-0,38986
86,45400;-1,44075;-0,39019
86,46401;-1,44092;-0,38976
86,47401;-1,44109;-0,39007
86,48400;-1,44132;-0,38964
86,49400;-1,44149;-0,38980
86,50401;-1,44166;-0,38965
86,51401;-1,44188;-0,38956
86,52400;-1,44205;-0,38948
86,53401;-1,44222;-0,38936
86,54401;-1,44234;-0,38944
86,55400;-1,44251;-0,38912
86,56400;-1,44268;-0,38950
86,57401;-1,44285;-0,38888
86,58401;-1,44302;-0,38925
86,59400;-1,44324;-0,38880
86,60400;-1,44341;-0,38897
86,61401;-1,44358;-0,38861
86,62400;-1,44375;-0,38869
86,63400;-1,44392;-0,38852
86,64401;-1,44409;-0,38840
86,65401;-1,44426;-0,38844
86,66400;-1,44443;-0,38813
86,67400;-1,44455;-0,38823
86,68401;-1,44472;-0,38775
86,69401;-1,44489;-0,38802
86,70400;-1,44506;-0,38747
86,71401;-1,44523;-0,38763
86,72401;-1,44540;-0,38722
86,73400;-1,44551;-0,38730
86,74400;-1,44568;-0,38694
86,75401;-1,44585;-0,38674
86,76401;-1,44596;-0,38655
86,77400;-1,44613;-0,38618
86,78401;-1,44630;-0,38606
86,79401;-1,44647;-0,38548
86,80400;-1,44664;-0,38516
86,81400;-1,44681;-0,38429
86,82401;-1,44698;-0,38346
86,83401;-1,44715;-0,37385
86,84400;-1,44732;-0,35547
86,85400;-1,44749;-0,34160
86,86401;-1,44766;-0,33107
86,87400;-1,44783;-0,32478
86,88400;-1,44795;-0,32338
86,89401;-1,44812;-0,32080
86,90401;-1,44823;-0,32344
86,91400;-1,44840;-0,32153
86,92400;-1,44857;-0,32476
86,93401;-1,44874;-0,32249
86,94401;-1,44897;-0,32512
86,95400;-1,44914;-0,32322
86,96401;-1,44931;-0,32463
86,97401;-1,44948;-0,32362
86,98400;-1,44970;-0,32387
86,99400;-1,44982;-0,32394
87,00401;-1,45004;-0,32317
87,01401;-1,45021;-0,32458
87,02400;-1,45038;-0,32257
87,03401;-1,45055;-0,32471
87,04401;-1,45072;-0,32250
87,05400;-1,45089;-0,32458
87,06400;-1,45106;-0,32254
87,07401;-1,45118;-0,32433
87,08401;-1,45135;-0,32275
87,09400;-1,45152;-0,32374
87,10400;-1,45169;-0,32345
87,11401;-1,45186;-0,32316
87,12400;-1,45203;-0,32387
87,13400;-1,45220;-0,32278
87,14401;-1,45237;-0,32428
87,15401;-1,45254;-0,32229
87,16400;-1,45271;-0,32434
87,17400;-1,45288;-0,32218
87,18401;-1,45305;-0,32396
87,19401;-1,45316;-0,32250
87,20400;-1,45333;-0,32379
87,21401;-1,45350;-0,32280
87,22401;-1,45367;-0,32335
87,23400;-1,45384;-0,32340
87,24400;-1,45407;-0,32276
87,25401;-1,45424;-0,32374
87,26401;-1,45441;-0,32244
87,27400;-1,45458;-0,32385
87,28401;-1,45475;-0,32225
87,29401;-1,45492;-0,32387
87,30400;-1,45509;-0,32236
87,31400;-1,45526;-0,32361
87,32401;-1,45543;-0,32261
87,33401;-1,45560;-0,32333
87,34400;-1,45577;-0,32285
87,35400;-1,45588;-0,32288
87,36401;-1,45605;-0,32322
87,37400;-1,45622;-0,32248
87,38400;-1,45639;-0,32343
87,39401;-1,45650;-0,32245
87,40401;-1,45667;-0,32357
87,41400;-1,45684;-0,32232
87,42400;-1,45701;-0,32348
87,43401;-1,45713;-0,32237
87,44401;-1,45730;-0,32320
87,45400;-1,45747;-0,32260
87,46401;-1,45764;-0,32289
87,47401;-1,45781;-0,32280
87,48400;-1,45798;-0,32272
87,49400;-1,45815;-0,32312
87,50401;-1,45832;-0,32240
87,51401;-1,45849;-0,32309
87,52400;-1,45860;-0,32230
87,53401;-1,45877;-0,32308
87,54401;-1,45888;-0,32225
87,55400;-1,45905;-0,32310
87,56400;-1,45922;-0,32234
87,57401;-1,45939;-0,32298
87,58401;-1,45956;-0,32269
87,59400;-1,45973;-0,32270
87,60400;-1,45996;-0,32273
87,61401;-1,46013;-0,32243
87,62400;-1,46030;-0,32286
87,63400;-1,46047;-0,32231
87,64401;-1,46064;-0,32294
87,65401;-1,46081;-0,32220
87,66400;-1,46098;-0,32286
87,67400;-1,46115;-0,32220
87,68401;-1,46132;-0,32284
87,69401;-1,46149;-0,32227
87,70400;-1,46166;-0,32250
87,71401;-1,46183;-0,32234
87,72401;-1,46200;-0,32231
87,73400;-1,46211;-0,32255
87,74400;-1,46228;-0,32215
87,75401;-1,46245;-0,32269
87,76401;-1,46262;-0,32206
87,77400;-1,46279;-0,32273
87,78401;-1,46302;-0,32208
87,79401;-1,46319;-0,32258
87,80400;-1,46336;-0,32203
87,81400;-1,46359;-0,32243
87,82401;-1,46376;-0,32223
87,83401;-1,46387;-0,32228
87,84400;-1,46404;-0,32234
87,85400;-1,46421;-0,32205
87,86401;-1,46438;-0,32242
87,87400;-1,46455;-0,32188
87,88400;-1,46472;-0,32249
87,89401;-1,46489;-0,32163
87,90401;-1,46506;-0,32246
87,91400;-1,46523;-0,32186
87,92400;-1,46540;-0,32232
87,93401;-1,46557;-0,32193
87,94401;-1,46574;-0,32208
87,95400;-1,46591;-0,32200
87,96401;-1,46608;-0,32198
87,97401;-1,46625;-0,32205
87,98400;-1,46642;-0,32173
87,99400;-1,46659;-0,32206
88,00401;-1,46676;-0,32161
88,01401;-1,46687;-0,32216
88,02400;-1,46704;-0,32154
88,03401;-1,46721;-0,32199
88,04401;-1,46733;-0,32157
88,05400;-1,46750;-0,32184
88,06400;-1,46767;-0,32167
88,07401;-1,46778;-0,32168
88,08401;-1,46795;-0,32171
88,09400;-1,46812;-0,32159
88,10400;-1,46829;-0,32172
88,11401;-1,46846;-0,32145
88,12400;-1,46863;-0,32167
88,13400;-1,46880;-0,32128
88,14401;-1,46903;-0,32168
88,15401;-1,46920;-0,32125
88,16400;-1,46937;-0,32153
88,17400;-1,46948;-0,32125
88,18401;-1,46965;-0,32134
88,19401;-1,46976;-0,32121
88,20400;-1,46993;-0,32127
88,21401;-1,47010;-0,32116
88,22401;-1,47027;-0,32109
88,23400;-1,47044;-0,32118
88,24400;-1,47067;-0,32090
88,25401;-1,47084;-0,32109
88,26401;-1,47101;-0,32072
88,27400;-1,47118;-0,32095
88,28401;-1,47135;-0,32061
88,29401;-1,47152;-0,32072
88,30400;-1,47169;-0,32047
88,31400;-1,47186;-0,32049
88,32401;-1,47203;-0,32028
88,33401;-1,47220;-0,32019
88,34400;-1,47237;-0,32004
88,35400;-1,47248;-0,31969
88,36401;-1,47265;-0,31969
88,37400;-1,47282;-0,31862
88,38400;-1,47294;-0,30925
88,39401;-1,47311;-0,29181
88,40401;-1,47328;-0,27843
88,41400;-1,47345;-0,26895
88,42400;-1,47367;-0,26279
88,43401;-1,47384;-0,26196
88,44401;-1,47401;-0,25943
88,45400;-1,47418;-0,26233
88,46401;-1,47435;-0,26019
88,47401;-1,47452;-0,26352
88,48400;-1,47469;-0,26108
88,49400;-1,47481;-0,26392
88,50401;-1,47498;-0,26175
88,51401;-1,47515;-0,26326
88,52400;-1,47532;-0,26236
88,53401;-1,47549;-0,26249
88,54401;-1,47571;-0,26298
88,55400;-1,47588;-0,26189
88,56400;-1,47605;-0,26342
88,56600;-1,47611;-0,26378
88,56800;-1,47617;-0,26357
88,57800;-1,47628;-0,26162
88,58801;-1,47634;-0,26297
88,59801;-1,47634;-0,26198
88,60800;-1,47634;-0,26208
88,61800;-1,47634;-0,26259
88,62801;-1,47634;-0,26165
88,63800;-1,47622;-0,26310
88,64800;-1,47617;-0,26125
88,65801;-1,47617;-0,26332
88,66801;-1,47611;-0,26114
88,67800;-1,47600;-0,26326
88,68800;-1,47594;-0,26122
88,69801;-1,47588;-0,26288
88,70801;-1,47583;-0,26147
88,71800;-1,47571;-0,26248
88,72801;-1,47554;-0,26202
88,73801;-1,47537;-0,26182
88,74800;-1,47520;-0,26241
88,75800;-1,47498;-0,26128
88,76801;-1,47469;-0,26265
88,77801;-1,47447;-0,26100
88,78800;-1,47418;-0,26270
88,79801;-1,47384;-0,26079
88,80801;-1,47356;-0,26272
88,81800;-1,47322;-0,26100
88,82800;-1,47288;-0,26239
88,83801;-1,47260;-0,26124
88,84801;-1,47226;-0,26203
88,85800;-1,47203;-0,26176
88,86800;-1,47175;-0,26156
88,87801;-1,47146;-0,26222
88,88800;-1,47118;-0,26094
88,89800;-1,47095;-0,26241
88,90801;-1,47073;-0,26089
88,91801;-1,47050;-0,26239
88,92800;-1,47027;-0,26072
88,93800;-1,47005;-0,26242
88,94801;-1,46982;-0,26087
88,95801;-1,46965;-0,26215
88,96800;-1,46948;-0,26120
88,97801;-1,46925;-0,26157
88,98801;-1,46908;-0,26144
88,99800;-1,46891;-0,26116
89,00800;-1,46874;-0,26183
89,01801;-1,46857;-0,26084
89,02801;-1,46840;-0,26200
89,03800;-1,46823;-0,26070
89,04801;-1,46806;-0,26201
89,05801;-1,46789;-0,26062
89,06800;-1,46772;-0,26190
89,07800;-1,46755;-0,26070
89,08801;-1,46738;-0,26157
89,09801;-1,46721;-0,26095
89,10800;-1,46704;-0,26130
89,11800;-1,46687;-0,26121
89,12801;-1,46670;-0,26100
89,13800;-1,46653;-0,26136
89,14800;-1,46636;-0,26068
89,15801;-1,46619;-0,26157
89,16801;-1,46602;-0,26059
89,17800;-1,46591;-0,26164
89,18800;-1,46574;-0,26057
89,19801;-1,46557;-0,26156
89,20801;-1,46540;-0,26074
89,21800;-1,46523;-0,26134
89,22801;-1,46500;-0,26080
89,23801;-1,46483;-0,26097
89,24800;-1,46466;-0,26104
89,25800;-1,46449;-0,26076
89,26801;-1,46432;-0,26124
89,27801;-1,46410;-0,26047
89,28800;-1,46398;-0,26140
89,29801;-1,46376;-0,26046
89,30801;-1,46359;-0,26127
89,31800;-1,46342;-0,26034
89,32800;-1,46330;-0,26117
89,33801;-1,46313;-0,26049
89,34801;-1,46296;-0,26101
89,35800;-1,46279;-0,26077
89,36800;-1,46262;-0,26071
89,37801;-1,46245;-0,26095
89,38800;-1,46228;-0,26065
89,39800;-1,46211;-0,26089
89,40801;-1,46194;-0,26030
89,41801;-1,46177;-0,26099
89,42800;-1,46160;-0,26024
89,43800;-1,46143;-0,26103
89,44801;-1,46126;-0,26042
89,45801;-1,46115;-0,26088
89,46800;-1,46098;-0,26060
89,47801;-1,46081;-0,26082
89,48801;-1,46064;-0,26066
89,49800;-1,46053;-0,26043
89,50800;-1,46036;-0,26069
89,51801;-1,46019;-0,26030
89,52801;-1,46002;-0,26077
89,53800;-1,45985;-0,26031
89,54801;-1,45968;-0,26080
89,55801;-1,45956;-0,26024
89,56800;-1,45939;-0,26087
89,57800;-1,45922;-0,26043
89,58801;-1,45905;-0,26060
89,59801;-1,45888;-0,26037
89,60800;-1,45871;-0,26042
89,61800;-1,45854;-0,26054
89,62801;-1,45837;-0,26037
89,63800;-1,45820;-0,26066
89,64800;-1,45809;-0,26024
89,65801;-1,45792;-0,26071
89,66801;-1,45775;-0,26022
89,67800;-1,45758;-0,26062
89,68800;-1,45741;-0,25999
89,69801;-1,45724;-0,26049
89,70801;-1,45707;-0,26022
89,71800;-1,45690;-0,26038
89,72801;-1,45673;-0,26039
89,73801;-1,45656;-0,26033
89,74800;-1,45639;-0,26033
89,75800;-1,45622;-0,26021
89,76801;-1,45599;-0,26042
89,77801;-1,45582;-0,25993
89,78800;-1,45565;-0,26038
89,79801;-1,45554;-0,25999
89,80801;-1,45537;-0,26039
89,81800;-1,45520;-0,26012
89,82800;-1,45503;-0,26033
89,83801;-1,45486;-0,26014
89,84801;-1,45469;-0,26018
89,85800;-1,45452;-0,26022
89,86800;-1,45435;-0,26010
89,87801;-1,45418;-0,26020
89,88800;-1,45395;-0,26002
89,89800;-1,45384;-0,26018
89,90801;-1,45361;-0,26000
89,91801;-1,45344;-0,26032
89,92800;-1,45327;-0,25981
89,93800;-1,45310;-0,26020
89,94801;-1,45293;-0,25997
89,95801;-1,45276;-0,26001
89,96800;-1,45265;-0,26010
89,97801;-1,45248;-0,26000
89,98801;-1,45231;-0,26000
89,99800;-1,45214;-0,25998
90,00800;-1,45203;-0,26013
90,01801;-1,45186;-0,25985
90,02801;-1,45169;-0,26014
90,03800;-1,45152;-0,25965
90,04801;-1,45135;-0,25998
90,05801;-1,45112;-0,25975
90,06800;-1,45095;-0,25991
90,07800;-1,45078;-0,25986
90,08801;-1,45061;-0,25983
90,09801;-1,45044;-0,25995
90,10800;-1,45033;-0,25992
90,11800;-1,45016;-0,25996
90,12801;-1,44999;-0,25965
90,13800;-1,44982;-0,25995
90,14800;-1,44959;-0,25960
90,15801;-1,44948;-0,25996
90,16801;-1,44931;-0,25964
90,17800;-1,44914;-0,25991
90,18800;-1,44897;-0,25971
90,19801;-1,44880;-0,25982
90,20801;-1,44863;-0,25978
90,21800;-1,44846;-0,25967
90,22801;-1,44829;-0,25967
90,23801;-1,44812;-0,25971
90,24800;-1,44795;-0,25985
90,25800;-1,44778;-0,25956
90,26801;-1,44766;-0,25984
90,27801;-1,44749;-0,25952
90,28800;-1,44732;-0,25975
90,29801;-1,44715;-0,25962
90,30801;-1,44698;-0,25964
90,31800;-1,44681;-0,25953
90,32800;-1,44664;-0,25963
90,33801;-1,44653;-0,25968
90,34801;-1,44636;-0,25957
90,35800;-1,44619;-0,25970
90,36800;-1,44602;-0,25948
90,37801;-1,44585;-0,25961
90,38800;-1,44568;-0,25953
90,39800;-1,44551;-0,25963
90,40801;-1,44534;-0,25939
90,41801;-1,44517;-0,25958
90,42800;-1,44500;-0,25948
90,43800;-1,44483;-0,25953
90,44801;-1,44466;-0,25956
90,45801;-1,44449;-0,25951
90,46800;-1,44432;-0,25942
90,47801;-1,44421;-0,25955
90,48801;-1,44404;-0,25947
90,49800;-1,44387;-0,25938
90,50800;-1,44370;-0,25949
90,51801;-1,44353;-0,25929
90,52801;-1,44336;-0,25953
90,53800;-1,44319;-0,25940
90,54801;-1,44302;-0,25947
90,55801;-1,44279;-0,25933
90,56800;-1,44262;-0,25948
90,57800;-1,44245;-0,25936
90,58801;-1,44228;-0,25945
90,59801;-1,44211;-0,25928
90,60800;-1,44194;-0,25934
90,61800;-1,44177;-0,25927
90,62801;-1,44160;-0,25939
90,63801;-1,44143;-0,25943
90,64800;-1,44132;-0,25931
90,65801;-1,44115;-0,25941
90,66801;-1,44098;-0,25918
90,67800;-1,44081;-0,25931
90,68800;-1,44064;-0,25920
90,69801;-1,44047;-0,25926
90,70801;-1,44024;-0,25906
90,71800;-1,44007;-0,25930
90,72801;-1,43996;-0,25916
90,73801;-1,43979;-0,25927
90,74800;-1,43962;-0,25923
90,75800;-1,43945;-0,25910
90,76801;-1,43933;-0,25922
90,77801;-1,43916;-0,25916
90,78800;-1,43899;-0,25925
90,79801;-1,43882;-0,25904
90,80801;-1,43865;-0,25921
90,81800;-1,43848;-0,25905
90,82800;-1,43837;-0,25922
90,83801;-1,43820;-0,25904
90,84801;-1,43803;-0,25913
90,85800;-1,43786;-0,25895
90,86800;-1,43769;-0,25915
90,87801;-1,43752;-0,25911
90,88801;-1,43741;-0,25904
90,89800;-1,43724;-0,25910
90,90801;-1,43707;-0,25900
90,91801;-1,43690;-0,25906
90,92800;-1,43673;-0,25897
90,93800;-1,43656;-0,25914
90,94801;-1,43639;-0,25891
90,95801;-1,43622;-0,25915
90,96800;-1,43605;-0,25897
90,97801;-1,43588;-0,25910
90,98801;-1,43571;-0,25898
90,99800;-1,43554;-0,25907
91,00800;-1,43537;-0,25896
91,01801;-1,43520;-0,25895
91,02801;-1,43503;-0,25892
91,03800;-1,43486;-0,25886
91,04801;-1,43469;-0,25896
91,05801;-1,43452;-0,25888
91,06800;-1,43435;-0,25898
91,07800;-1,43418;-0,25886
91,08801;-1,43401;-0,25896
91,09801;-1,43384;-0,25879
91,10800;-1,43367;-0,25888
91,11800;-1,43350;-0,25877
91,12801;-1,43333;-0,25878
91,13801;-1,43316;-0,25885
91,14800;-1,43299;-0,25879
91,15801;-1,43282;-0,25884
91,16801;-1,43265;-0,25874
91,17800;-1,43248;-0,25877
91,18800;-1,43231;-0,25869
91,19801;-1,43214;-0,25878
91,20801;-1,43197;-0,25870
91,21800;-1,43180;-0,25871
91,22801;-1,43163;-0,25876
91,23801;-1,43146;-0,25875
91,24800;-1,43129;-0,25879
91,25800;-1,43112;-0,25873
91,26801;-1,43095;-0,25869
91,27801;-1,43078;-0,25867
91,28800;-1,43066;-0,25870
91,29801;-1,43049;-0,25864
91,30801;-1,43032;-0,25867
91,31800;-1,43015;-0,25868
91,32800;-1,42998;-0,25862
91,33801;-1,42981;-0,25874
91,34801;-1,42964;-0,25863
91,35800;-1,42947;-0,25871
91,36800;-1,42930;-0,25861
91,37801;-1,42913;-0,25867
91,38801;-1,42896;-0,25862
91,39800;-1,42879;-0,25866
91,40801;-1,42862;-0,25860
91,41801;-1,42845;-0,25855
91,42800;-1,42828;-0,25859
91,43800;-1,42817;-0,25856
91,44801;-1,42794;-0,25856
91,45801;-1,42777;-0,25854
91,46800;-1,42760;-0,25858
91,47801;-1,42749;-0,25847
91,48801;-1,42732;-0,25855
91,49800;-1,42709;-0,25847
91,50800;-1,42698;-0,25848
91,51801;-1,42681;-0,25850
91,52801;-1,42664;-0,25845
91,53800;-1,42647;-0,25843
91,54801;-1,42630;-0,25850
91,55801;-1,42613;-0,25839
91,56800;-1,42596;-0,25859
91,57800;-1,42579;-0,25848
91,58801;-1,42562;-0,25847
91,59801;-1,42551;-0,25839
91,60800;-1,42534;-0,25841
91,61800;-1,42517;-0,25834
91,62801;-1,42500;-0,25843
91,63801;-1,42488;-0,25840
91,64800;-1,42471;-0,25834
91,65801;-1,42454;-0,25858
91,66801;-1,42437;-0,25834
91,67800;-1,42420;-0,25848
91,68800;-1,42409;-0,25828
91,69801;-1,42386;-0,25835
91,70801;-1,42375;-0,25818
91,71800;-1,42352;-0,25844
91,72801;-1,42335;-0,25828
91,73801;-1,42324;-0,25830
91,74800;-1,42307;-0,25846
91,75800;-1,42290;-0,25834
91,76801;-1,42273;-0,25836
91,77801;-1,42256;-0,25825
91,78800;-1,42239;-0,25831
91,79801;-1,42222;-0,25808
91,80801;-1,42205;-0,25838
91,81800;-1,42188;-0,25817
91,82800;-1,42171;-0,25817
91,83801;-1,42148;-0,25819
91,84801;-1,42131;-0,25831
91,85800;-1,42114;-0,25824
91,86800;-1,42097;-0,25828
91,87801;-1,42080;-0,25818
91,88801;-1,42069;-0,25817
91,89800;-1,42046;-0,25824
91,90801;-1,42029;-0,25816
91,91801;-1,42018;-0,25821
91,92800;-1,42001;-0,25814
91,93800;-1,41984;-0,25823
91,94801;-1,41967;-0,25812
91,95801;-1,41950;-0,25818
91,96800;-1,41933;-0,25809
91,97801;-1,41916;-0,25812
91,98801;-1,41899;-0,25806
91,99800;-1,41882;-0,25816
92,00800;-1,41865;-0,25808
92,01801;-1,41848;-0,25821
92,02801;-1,41831;-0,25805
92,03800;-1,41814;-0,25804
92,04801;-1,41797;-0,25811
92,05801;-1,41786;-0,25808
92,06800;-1,41769;-0,25806
92,07800;-1,41752;-0,25801
92,08801;-1,41735;-0,25799
92,09801;-1,41718;-0,25801
92,10800;-1,41701;-0,25806
92,11800;-1,41684;-0,25797
92,12801;-1,41667;-0,25797
92,13801;-1,41650;-0,25796
92,14800;-1,41633;-0,25798
92,15801;-1,41621;-0,25802
92,16801;-1,41604;-0,25792
92,17800;-1,41587;-0,25800
92,18800;-1,41570;-0,25804
92,19801;-1,41553;-0,25797
92,20801;-1,41536;-0,25790
92,21800;-1,41519;-0,25792
92,22801;-1,41508;-0,25787
92,23801;-1,41491;-0,25791
92,24800;-1,41474;-0,25797
92,25800;-1,41457;-0,25787
92,26801;-1,41440;-0,25790
92,27801;-1,41423;-0,25785
92,28800;-1,41406;-0,25784
92,29801;-1,41389;-0,25774
92,30801;-1,41372;-0,25782
92,31800;-1,41355;-0,25776
92,32800;-1,41332;-0,25785
92,33801;-1,41321;-0,25789
92,34801;-1,41298;-0,25780
92,35800;-1,41281;-0,25782
92,36800;-1,41264;-0,25780
92,37801;-1,41247;-0,25776
92,38801;-1,41230;-0,25759
92,39800;-1,41213;-0,25789
92,40801;-1,41196;-0,25755
92,41801;-1,41179;-0,25784
92,42800;-1,41162;-0,25771
92,43800;-1,41145;-0,25770
92,44801;-1,41128;-0,25770
92,45801;-1,41111;-0,25775
92,46800;-1,41094;-0,25769
92,47801;-1,41077;-0,25768
92,48801;-1,41060;-0,25772
92,49800;-1,41043;-0,25758
92,50800;-1,41026;-0,25772
92,51801;-1,41009;-0,25759
92,52801;-1,40998;-0,25773
92,53800;-1,40981;-0,25751
92,54801;-1,40964;-0,25768
92,55801;-1,40947;-0,25760
92,56800;-1,40930;-0,25757
92,57800;-1,40913;-0,25765
92,58801;-1,40896;-0,25759
92,59801;-1,40885;-0,25752
92,60800;-1,40868;-0,25765
92,61800;-1,40851;-0,25752
92,62801;-1,40834;-0,25756
92,63801;-1,40817;-0,25762
92,64800;-1,40800;-0,25749
92,65801;-1,40783;-0,25760
92,66801;-1,40766;-0,25751
92,67800;-1,40749;-0,25755
92,68800;-1,40732;-0,25750
92,69801;-1,40715;-0,25759
92,70801;-1,40698;-0,25745
92,71800;-1,40681;-0,25763
92,72801;-1,40664;-0,25737
92,73801;-1,40647;-0,25750
92,74800;-1,40630;-0,25742
92,75800;-1,40613;-0,25743
92,76801;-1,40596;-0,25748
92,77801;-1,40579;-0,25742
92,78800;-1,40562;-0,25741
92,79801;-1,40545;-0,25735
92,80801;-1,40528;-0,25752
92,81800;-1,40511;-0,25731
92,82800;-1,40494;-0,25745
92,83801;-1,40477;-0,25727
92,84801;-1,40465;-0,25750
92,85800;-1,40448;-0,25730
92,86800;-1,40431;-0,25745
92,87801;-1,40414;-0,25729
92,88801;-1,40397;-0,25723
92,89800;-1,40386;-0,25735
92,90801;-1,40369;-0,25732
92,91801;-1,40352;-0,25735
92,92800;-1,40335;-0,25721
92,93800;-1,40318;-0,25743
92,94801;-1,40301;-0,25725
92,95801;-1,40284;-0,25746
92,96800;-1,40267;-0,25723
92,97801;-1,40250;-0,25725
92,98801;-1,40239;-0,25725
92,99800;-1,40222;-0,25735
93,00800;-1,40205;-0,25720
93,01801;-1,40188;-0,25730
93,02801;-1,40171;-0,25730
93,03800;-1,40154;-0,25727
93,04801;-1,40137;-0,25736
93,05801;-1,40120;-0,25723
93,06800;-1,40103;-0,25719
93,07800;-1,40086;-0,25720
93,08801;-1,40069;-0,25722
93,09801;-1,40057;-0,25711
93,10800;-1,40035;-0,25721
93,11800;-1,40018;-0,25712
93,12801;-1,40001;-0,25712
93,13801;-1,39984;-0,25718
93,14800;-1,39967;-0,25720
93,15801;-1,39950;-0,25705
93,16801;-1,39933;-0,25717
93,17800;-1,39916;-0,25714
93,18800;-1,39899;-0,25707
93,19801;-1,39882;-0,25711
93,20801;-1,39865;-0,25703
93,21800;-1,39848;-0,25707
93,22801;-1,39831;-0,25709
93,23801;-1,39814;-0,25721
93,24800;-1,39797;-0,25695
93,25800;-1,39780;-0,25712
93,26801;-1,39763;-0,25697
93,27801;-1,39746;-0,25705
93,28800;-1,39729;-0,25702
93,29801;-1,39712;-0,25708
93,30801;-1,39700;-0,25691
93,31800;-1,39683;-0,25718
93,32800;-1,39666;-0,25702
93,33801;-1,39649;-0,25702
93,34801;-1,39632;-0,25709
93,35800;-1,39615;-0,25688
93,36800;-1,39598;-0,25700
93,37801;-1,39581;-0,25691
93,38801;-1,39564;-0,25699
93,39800;-1,39547;-0,25678
93,40801;-1,39536;-0,25698
93,41801;-1,39519;-0,25685
93,42800;-1,39502;-0,25705
93,43800;-1,39485;-0,25684
93,44801;-1,39468;-0,25697
93,45801;-1,39451;-0,25690
93,46800;-1,39434;-0,25686
93,47801;-1,39417;-0,25696
93,48801;-1,39400;-0,25681
93,49800;-1,39383;-0,25692
93,50800;-1,39366;-0,25675
93,51801;-1,39349;-0,25690
93,52801;-1,39332;-0,25679
93,53800;-1,39321;-0,25689
93,54801;-1,39304;-0,25671
93,55801;-1,39287;-0,25687
93,56800;-1,39270;-0,25675
93,57800;-1,39253;-0,25684
93,58801;-1,39236;-0,25688
93,59801;-1,39219;-0,25673
93,60800;-1,39202;-0,25687
93,61800;-1,39185;-0,25679
93,62801;-1,39168;-0,25682
93,63801;-1,39151;-0,25663
93,64800;-1,39134;-0,25679
93,65801;-1,39117;-0,25664
93,66801;-1,39100;-0,25687
93,67800;-1,39083;-0,25675
93,68800;-1,39066;-0,25683
93,69801;-1,39049;-0,25671
93,70801;-1,39032;-0,25664
93,71800;-1,39015;-0,25682
93,72801;-1,39003;-0,25659
93,73801;-1,38986;-0,25680
93,74800;-1,38969;-0,25657
93,75800;-1,38947;-0,25676
93,76801;-1,38935;-0,25661
93,77801;-1,38918;-0,25686
93,78800;-1,38901;-0,25650
93,79801;-1,38884;-0,25678
93,80801;-1,38867;-0,25663
93,81800;-1,38850;-0,25655
93,82800;-1,38833;-0,25668
93,83801;-1,38816;-0,25646
93,84801;-1,38799;-0,25669
93,85800;-1,38782;-0,25652
93,86800;-1,38765;-0,25676
93,87801;-1,38754;-0,25643
93,88801;-1,38737;-0,25679
93,89800;-1,38720;-0,25639
93,90801;-1,38703;-0,25669
93,91801;-1,38686;-0,25640
93,92800;-1,38669;-0,25654
93,93800;-1,38652;-0,25659
93,94801;-1,38635;-0,25651
93,95801;-1,38618;-0,25664
93,96800;-1,38601;-0,25633
93,97801;-1,38584;-0,25667
93,98801;-1,38567;-0,25629
93,99800;-1,38550;-0,25673
94,00800;-1,38533;-0,25627
94,01801;-1,38516;-0,25665
94,02801;-1,38505;-0,25636
94,03800;-1,38482;-0,25659
94,04801;-1,38465;-0,25635
94,05801;-1,38448;-0,25636
94,06800;-1,38431;-0,25652
94,07800;-1,38414;-0,25628
94,08801;-1,38397;-0,25653
94,09801;-1,38386;-0,25626
94,10800;-1,38369;-0,25643
94,11800;-1,38352;-0,25627
94,12801;-1,38335;-0,25664
94,13801;-1,38318;-0,25617
94,14800;-1,38301;-0,25658
94,15801;-1,38284;-0,25636
94,16801;-1,38272;-0,25633
94,17800;-1,38255;-0,25653
94,18800;-1,38238;-0,25629
94,19801;-1,38227;-0,25635
94,20801;-1,38210;-0,25639
94,21800;-1,38193;-0,25634
94,22801;-1,38176;-0,25631
94,23801;-1,38159;-0,25638
94,24800;-1,38142;-0,25617
94,25800;-1,38125;-0,25634
94,26801;-1,38108;-0,25630
94,27801;-1,38091;-0,25621
94,28800;-1,38074;-0,25630
94,29801;-1,38057;-0,25628
94,30801;-1,38040;-0,25620
94,31800;-1,38017;-0,25627
94,32800;-1,38006;-0,25629
94,33801;-1,37989;-0,25637
94,34801;-1,37972;-0,25625
94,35800;-1,37955;-0,25627
94,36800;-1,37938;-0,25620
94,37801;-1,37921;-0,25620
94,38801;-1,37904;-0,25627
94,39800;-1,37887;-0,25617
94,40801;-1,37870;-0,25619
94,41801;-1,37853;-0,25623
94,42800;-1,37836;-0,25629
94,43800;-1,37819;-0,25622
94,44801;-1,37802;-0,25632
94,45801;-1,37785;-0,25624
94,46800;-1,37768;-0,25619
94,47801;-1,37751;-0,25618
94,48801;-1,37734;-0,25620
94,49800;-1,37717;-0,25603
94,50800;-1,37700;-0,25600
94,51801;-1,37683;-0,25617
94,52801;-1,37666;-0,25610
94,53800;-1,37649;-0,25615
94,54801;-1,37632;-0,25621
94,55801;-1,37615;-0,25610
94,56800;-1,37598;-0,25613
94,57800;-1,37581;-0,25619
94,58801;-1,37564;-0,25598
94,59801;-1,37547;-0,25602
94,60800;-1,37536;-0,25603
94,61800;-1,37519;-0,25604
94,62801;-1,37502;-0,25598
94,63801;-1,37485;-0,25606
94,64800;-1,37473;-0,25608
94,65801;-1,37456;-0,25608
94,66801;-1,37439;-0,25611
94,67800;-1,37422;-0,25607
94,68800;-1,37405;-0,25603
94,69801;-1,37388;-0,25599
94,70801;-1,37371;-0,25608
94,71800;-1,37354;-0,25594
94,72801;-1,37337;-0,25609
94,73801;-1,37320;-0,25590
94,74800;-1,37303;-0,25606
94,75800;-1,37286;-0,25600
94,76801;-1,37269;-0,25603
94,77801;-1,37252;-0,25593
94,78800;-1,37235;-0,25600
94,79801;-1,37218;-0,25591
94,80801;-1,37207;-0,25594
94,81800;-1,37190;-0,25604
94,82800;-1,37173;-0,25596
94,83801;-1,37156;-0,25603
94,84801;-1,37139;-0,25594
94,85800;-1,37122;-0,25599
94,86800;-1,37105;-0,25589
94,87801;-1,37088;-0,25598
94,88801;-1,37071;-0,25591
94,89800;-1,37054;-0,25582
94,90801;-1,37037;-0,25598
94,91801;-1,37020;-0,25589
94,92800;-1,37003;-0,25595
94,93800;-1,36980;-0,25589
94,94801;-1,36963;-0,25588
94,95801;-1,36946;-0,25583
94,96800;-1,36935;-0,25600
94,97801;-1,36918;-0,25580
94,98801;-1,36901;-0,25592
94,99800;-1,36884;-0,25584
95,00800;-1,36867;-0,25586
95,01801;-1,36856;-0,25588
95,02801;-1,36839;-0,25582
95,03800;-1,36822;-0,25578
95,04801;-1,36805;-0,25578
95,05801;-1,36788;-0,25582
95,06800;-1,36771;-0,25582
95,07800;-1,36754;-0,25582
95,08801;-1,36737;-0,25574
95,09801;-1,36720;-0,25586
95,10800;-1,36703;-0,25573
95,11800;-1,36686;-0,25582
95,12801;-1,36669;-0,25583
95,13801;-1,36652;-0,25579
95,14800;-1,36635;-0,25575
95,15801;-1,36623;-0,25585
95,16801;-1,36606;-0,25571
95,17800;-1,36589;-0,25584
95,18800;-1,36572;-0,25573
95,19801;-1,36555;-0,25574
95,20801;-1,36538;-0,25575
95,21800;-1,36521;-0,25564
95,22801;-1,36504;-0,25582
95,23801;-1,36487;-0,25566
95,24800;-1,36470;-0,25577
95,25800;-1,36453;-0,25577
95,26801;-1,36436;-0,25572
95,27801;-1,36419;-0,25569
95,28800;-1,36402;-0,25575
95,29801;-1,36391;-0,25557
95,30801;-1,36374;-0,25560
95,31800;-1,36357;-0,25574
95,32800;-1,36340;-0,25562
95,33801;-1,36323;-0,25580
95,34801;-1,36306;-0,25565
95,35800;-1,36289;-0,25574
95,36800;-1,36272;-0,25564
95,37801;-1,36255;-0,25567
95,38801;-1,36238;-0,25559
95,39800;-1,36221;-0,25556
95,40801;-1,36204;-0,25568
95,41801;-1,36187;-0,25557
95,42800;-1,36170;-0,25578
95,43800;-1,36153;-0,25551
95,44801;-1,36136;-0,25581
95,45801;-1,36119;-0,25556
95,46800;-1,36108;-0,25573
95,47801;-1,36091;-0,25550
95,48801;-1,36074;-0,25558
95,49800;-1,36057;-0,25547
95,50800;-1,36040;-0,25557
95,51801;-1,36023;-0,25563
95,52801;-1,36006;-0,25542
95,53800;-1,35989;-0,25576
95,54801;-1,35972;-0,25542
95,55801;-1,35955;-0,25578
95,56800;-1,35938;-0,25540
95,57800;-1,35921;-0,25574
95,58801;-1,35904;-0,25538
95,59801;-1,35887;-0,25571
95,60800;-1,35870;-0,25538
95,61800;-1,35853;-0,25559
95,62801;-1,35836;-0,25541
95,63801;-1,35819;-0,25548
95,64800;-1,35802;-0,25561
95,65801;-1,35785;-0,25534
95,66801;-1,35768;-0,25577
95,67800;-1,35751;-0,25519
95,68800;-1,35734;-0,25580
95,69801;-1,35717;-0,25526
95,70801;-1,35700;-0,25574
95,71800;-1,35683;-0,25530
95,72801;-1,35666;-0,25564
95,73801;-1,35643;-0,25532
95,74800;-1,35626;-0,25558
95,75800;-1,35609;-0,25549
95,76801;-1,35598;-0,25541
95,77801;-1,35575;-0,25563
95,78800;-1,35564;-0,25521
95,79801;-1,35547;-0,25581
95,80801;-1,35530;-0,25508
95,81800;-1,35513;-0,25572
95,82800;-1,35496;-0,25514
95,83801;-1,35479;-0,25560
95,84801;-1,35462;-0,25527
95,85800;-1,35450;-0,25560
95,86800;-1,35433;-0,25529
95,87801;-1,35416;-0,25547
95,88801;-1,35399;-0,25542
95,89800;-1,35382;-0,25527
95,90801;-1,35365;-0,25560
95,91801;-1,35348;-0,25511
95,92800;-1,35337;-0,25563
95,93800;-1,35320;-0,25508
95,94801;-1,35303;-0,25563
95,95801;-1,35286;-0,25511
95,96800;-1,35269;-0,25556
95,97801;-1,35252;-0,25506
95,98801;-1,35235;-0,25550
95,99800;-1,35224;-0,25514
96,00800;-1,35207;-0,25534
96,01801;-1,35190;-0,25527
96,02801;-1,35173;-0,25513
96,03800;-1,35156;-0,25550
96,04801;-1,35139;-0,25515
96,05801;-1,35122;-0,25552
96,06800;-1,35105;-0,25499
96,07800;-1,35088;-0,25556
96,08801;-1,35071;-0,25499
96,09801;-1,35054;-0,25560
96,10800;-1,35037;-0,25508
96,11800;-1,35025;-0,25540
96,12801;-1,35008;-0,25520
96,13801;-1,34991;-0,25537
96,14800;-1,34974;-0,25540
96,15801;-1,34957;-0,25517
96,16801;-1,34940;-0,25553
96,17800;-1,34923;-0,25502
96,18800;-1,34906;-0,25553
96,19801;-1,34889;-0,25506
96,20801;-1,34867;-0,25551
96,21800;-1,34850;-0,25499
96,22801;-1,34833;-0,25547
96,23801;-1,34816;-0,25505
96,24800;-1,34799;-0,25541
96,25800;-1,34782;-0,25520
96,26801;-1,34765;-0,25519
96,27801;-1,34748;-0,25538
96,28800;-1,34736;-0,25515
96,29801;-1,34719;-0,25539
96,30801;-1,34702;-0,25493
96,31800;-1,34685;-0,25535
96,32800;-1,34668;-0,25492
96,33801;-1,34651;-0,25533
96,34801;-1,34634;-0,25495
96,35800;-1,34617;-0,25531
96,36800;-1,34600;-0,25506
96,37801;-1,34583;-0,25531
96,38801;-1,34566;-0,25508
96,39800;-1,34549;-0,25504
96,40801;-1,34532;-0,25517
96,41801;-1,34515;-0,25494
96,42800;-1,34498;-0,25528
96,43800;-1,34481;-0,25495
96,44801;-1,34464;-0,25532
96,45801;-1,34447;-0,25498
96,46800;-1,34430;-0,25541
96,47801;-1,34413;-0,25492
96,48801;-1,34396;-0,25527
96,49800;-1,34379;-0,25494
96,50800;-1,34368;-0,25518
96,51801;-1,34351;-0,25513
96,52801;-1,34328;-0,25506
96,53800;-1,34317;-0,25518
96,54801;-1,34300;-0,25492
96,55801;-1,34283;-0,25522
96,56800;-1,34266;-0,25477
96,57800;-1,34249;-0,25523
96,58801;-1,34232;-0,25476
96,59801;-1,34215;-0,25526
96,60800;-1,34204;-0,25483
96,61800;-1,34187;-0,25517
96,62801;-1,34170;-0,25490
96,63801;-1,34153;-0,25501
96,64800;-1,34136;-0,25501
96,65801;-1,34119;-0,25489
96,66801;-1,34102;-0,25516
96,67800;-1,34085;-0,25483
96,68800;-1,34068;-0,25528
96,69801;-1,34051;-0,25466
96,70801;-1,34034;-0,25525
96,71800;-1,34017;-0,25467
96,72801;-1,34000;-0,25511
96,73801;-1,33983;-0,25487
96,74800;-1,33971;-0,25494
96,75800;-1,33954;-0,25491
96,76801;-1,33937;-0,25498
96,77801;-1,33920;-0,25498
96,78800;-1,33903;-0,25473
96,79801;-1,33892;-0,25511
96,80801;-1,33875;-0,25464
96,81800;-1,33858;-0,25514
96,82800;-1,33841;-0,25473
96,83801;-1,33824;-0,25501
96,84801;-1,33807;-0,25482
96,85800;-1,33784;-0,25501
96,86800;-1,33767;-0,25491
96,87801;-1,33750;-0,25494
96,88801;-1,33733;-0,25488
96,89800;-1,33716;-0,25477
96,90801;-1,33699;-0,25503
96,91801;-1,33682;-0,25466
96,92800;-1,33671;-0,25502
96,93800;-1,33654;-0,25469
96,94801;-1,33637;-0,25507
96,95801;-1,33620;-0,25477
96,96800;-1,33603;-0,25493
96,97801;-1,33580;-0,25478
96,98801;-1,33563;-0,25478
96,99800;-1,33546;-0,25475
97,00800;-1,33529;-0,25483
97,01801;-1,33512;-0,25474
97,02801;-1,33495;-0,25465
97,03800;-1,33478;-0,25498
97,04801;-1,33461;-0,25461
97,05801;-1,33444;-0,25489
97,06801;-1,33427;-0,25469
97,07800;-1,33410;-0,25489
97,08801;-1,33393;-0,25469
97,09801;-1,33376;-0,25486
97,10800;-1,33359;-0,25460
97,11800;-1,33348;-0,25482
97,12801;-1,33331;-0,25471
97,13801;-1,33314;-0,25471
97,14800;-1,33297;-0,25483
97,15801;-1,33280;-0,25463
97,16801;-1,33263;-0,25482
97,17800;-1,33246;-0,25471
97,18800;-1,33229;-0,25477
97,19801;-1,33218;-0,25460
97,20801;-1,33201;-0,25479
97,21800;-1,33184;-0,25462
97,22801;-1,33167;-0,25481
97,23801;-1,33150;-0,25470
97,24800;-1,33138;-0,25481
97,25800;-1,33121;-0,25470
97,26801;-1,33104;-0,25470
97,27801;-1,33087;-0,25478
97,28800;-1,33070;-0,25468
97,29801;-1,33053;-0,25469
97,30801;-1,33036;-0,25463
97,31801;-1,33019;-0,25473
97,32800;-1,33008;-0,25464
97,33801;-1,32991;-0,25479
97,34801;-1,32974;-0,25459
97,35800;-1,32957;-0,25472
97,36800;-1,32940;-0,25457
97,37801;-1,32923;-0,25463
97,38801;-1,32906;-0,25453
97,39800;-1,32889;-0,25453
97,40801;-1,32872;-0,25462
97,41801;-1,32855;-0,25455
97,42800;-1,32838;-0,25467
97,43800;-1,32821;-0,25452
97,44801;-1,32804;-0,25463
97,45801;-1,32787;-0,25451
97,46800;-1,32770;-0,25459
97,47801;-1,32753;-0,25438
97,48801;-1,32736;-0,25458
97,49800;-1,32719;-0,25450
97,50800;-1,32702;-0,25453
97,51801;-1,32685;-0,25457
97,52801;-1,32668;-0,25448
97,53800;-1,32651;-0,25450
97,54801;-1,32634;-0,25449
97,55801;-1,32617;-0,25455
97,56801;-1,32606;-0,25451
97,57800;-1,32589;-0,25464
97,58801;-1,32572;-0,25449
97,59801;-1,32555;-0,25468
97,60800;-1,32538;-0,25444
97,61800;-1,32521;-0,25452
97,62801;-1,32509;-0,25456
97,63801;-1,32487;-0,25448
97,64800;-1,32470;-0,25451
97,65801;-1,32453;-0,25457
97,66801;-1,32436;-0,25453
97,67800;-1,32419;-0,25456
97,68800;-1,32402;-0,25459
97,69801;-1,32385;-0,25436
97,70801;-1,32368;-0,25464
97,71800;-1,32351;-0,25439
97,72801;-1,32339;-0,25447
97,73801;-1,32317;-0,25442
97,74800;-1,32305;-0,25452
97,75800;-1,32288;-0,25452
97,76801;-1,32271;-0,25462
97,77801;-1,32254;-0,25451
97,78800;-1,32237;-0,25446
97,79801;-1,32220;-0,25450
97,80801;-1,32203;-0,25446
97,81801;-1,32186;-0,25438
97,82800;-1,32169;-0,25437
97,83801;-1,32152;-0,25446
97,84801;-1,32135;-0,25443
97,85800;-1,32118;-0,25454
97,86800;-1,32101;-0,25442
97,87801;-1,32084;-0,25443
97,88801;-1,32067;-0,25447
97,89800;-1,32050;-0,25449
97,90801;-1,32033;-0,25438
97,91801;-1,32022;-0,25439
97,92800;-1,32005;-0,25448
97,93800;-1,31988;-0,25442
97,94801;-1,31971;-0,25451
97,95801;-1,31954;-0,25433
97,96800;-1,31937;-0,25446
97,97801;-1,31920;-0,25440
97,98801;-1,31903;-0,25450
97,99800;-1,31886;-0,25439
98,00800;-1,31869;-0,25451
98,01801;-1,31852;-0,25434
98,02801;-1,31841;-0,25446
98,03800;-1,31824;-0,25453
98,04801;-1,31807;-0,25434
98,05801;-1,31790;-0,25447
98,06801;-1,31773;-0,25438
98,07800;-1,31756;-0,25447
98,08801;-1,31739;-0,25432
98,09801;-1,31722;-0,25450
98,10800;-1,31705;-0,25433
98,11800;-1,31688;-0,25435
98,12801;-1,31671;-0,25431
98,13801;-1,31654;-0,25439
98,14800;-1,31637;-0,25423
98,15801;-1,31620;-0,25438
98,16801;-1,31603;-0,25438
98,17800;-1,31586;-0,25437
98,18800;-1,31569;-0,25454
98,19801;-1,31552;-0,25438
98,20801;-1,31535;-0,25446
98,21800;-1,31518;-0,25442
98,22801;-1,31506;-0,25450
98,23801;-1,31489;-0,25433
98,24800;-1,31472;-0,25450
98,25800;-1,31455;-0,25430
98,26801;-1,31438;-0,25450
98,27801;-1,31416;-0,25433
98,28800;-1,31399;-0,25449
98,29801;-1,31382;-0,25433
98,30801;-1,31365;-0,25447
98,31801;-1,31348;-0,25434
98,32800;-1,31331;-0,25434
98,33801;-1,31314;-0,25444
98,34801;-1,31297;-0,25435
98,35800;-1,31280;-0,25449
98,36800;-1,31263;-0,25434
98,37801;-1,31246;-0,25448
98,38801;-1,31229;-0,25427
98,39800;-1,31212;-0,25448
98,40801;-1,31195;-0,25419
98,41801;-1,31183;-0,25447
98,42800;-1,31166;-0,25434
98,43800;-1,31149;-0,25443
98,44801;-1,31132;-0,25446
98,45801;-1,31115;-0,25447
98,46800;-1,31098;-0,25445
98,47801;-1,31081;-0,25436
98,48801;-1,31064;-0,25439
98,49800;-1,31053;-0,25416
98,50800;-1,31036;-0,25440
98,51801;-1,31019;-0,25424
98,52801;-1,31002;-0,25441
98,53800;-1,30985;-0,25427
98,54801;-1,30974;-0,25447
98,55801;-1,30957;-0,25432
98,56801;-1,30940;-0,25442
98,57800;-1,30923;-0,25425
98,58801;-1,30906;-0,25423
98,59801;-1,30889;-0,25430
98,60800;-1,30872;-0,25432
98,61800;-1,30855;-0,25437
98,62801;-1,30838;-0,25430
98,63801;-1,30821;-0,25438
98,64800;-1,30804;-0,25433
98,65801;-1,30787;-0,25443
98,66801;-1,30770;-0,25432
98,67800;-1,30753;-0,25434
98,68800;-1,30736;-0,25434
98,69801;-1,30719;-0,25436
98,70801;-1,30702;-0,25436
98,71800;-1,30690;-0,25426
98,72801;-1,30673;-0,25441
98,73801;-1,30656;-0,25428
98,74800;-1,30639;-0,25441
98,75800;-1,30622;-0,25432
98,76801;-1,30605;-0,25443
98,77801;-1,30588;-0,25421
98,78800;-1,30571;-0,25439
98,79801;-1,30554;-0,25426
98,80801;-1,30537;-0,25428
98,81801;-1,30520;-0,25420
98,82800;-1,30503;-0,25425
98,83801;-1,30486;-0,25430
98,84801;-1,30469;-0,25425
98,85800;-1,30452;-0,25440
98,86800;-1,30435;-0,25418
98,87801;-1,30418;-0,25447
98,88801;-1,30401;-0,25422
98,89800;-1,30384;-0,25430
98,90801;-1,30367;-0,25416
98,91801;-1,30350;-0,25431
98,92800;-1,30333;-0,25419
98,93800;-1,30316;-0,25434
98,94801;-1,30299;-0,25430
98,95801;-1,30282;-0,25430
98,96800;-1,30265;-0,25446
98,97801;-1,30248;-0,25422
98,98801;-1,30231;-0,25440
98,99800;-1,30214;-0,25412
99,00800;-1,30197;-0,25443
99,01801;-1,30180;-0,25405
99,02801;-1,30163;-0,25450
99,03800;-1,30146;-0,25412
99,04801;-1,30129;-0,25447
99,05801;-1,30112;-0,25426
99,06801;-1,30095;-0,25442
99,07800;-1,30078;-0,25431
99,08801;-1,30061;-0,25419
99,09801;-1,30044;-0,25439
99,10800;-1,30027;-0,25408
99,11800;-1,30010;-0,25439
99,12801;-1,29993;-0,25413
99,13801;-1,29976;-0,25450
99,14800;-1,29959;-0,25413
99,15801;-1,29942;-0,25452
99,16801;-1,29925;-0,25408
99,17800;-1,29908;-0,25444
99,18800;-1,29897;-0,25429
99,19801;-1,29880;-0,25429
99,20801;-1,29863;-0,25426
99,21800;-1,29846;-0,25420
99,22801;-1,29829;-0,25435
99,23801;-1,29812;-0,25417
99,24800;-1,29801;-0,25444
99,25800;-1,29784;-0,25411
99,26801;-1,29767;-0,25454
99,27801;-1,29750;-0,25422
99,28800;-1,29733;-0,25449
99,29801;-1,29716;-0,25428
99,30801;-1,29699;-0,25435
99,31801;-1,29682;-0,25430
99,32800;-1,29670;-0,25432
99,33801;-1,29653;-0,25448
99,34801;-1,29636;-0,25420
99,35800;-1,29619;-0,25453
99,36800;-1,29602;-0,25417
99,37801;-1,29585;-0,25454
99,38801;-1,29574;-0,25419
99,39800;-1,29557;-0,25456
99,40801;-1,29540;-0,25424
99,41801;-1,29523;-0,25447
99,42800;-1,29506;-0,25436
99,43800;-1,29489;-0,25434
99,44801;-1,29472;-0,25443
99,45801;-1,29455;-0,25433
99,46800;-1,29438;-0,25462
99,47801;-1,29421;-0,25424
99,48801;-1,29404;-0,25467
99,49800;-1,29387;-0,25419
99,50800;-1,29370;-0,25461
99,51801;-1,29353;-0,25425
99,52801;-1,29336;-0,25453
99,53800;-1,29319;-0,25427
99,54801;-1,29302;-0,25448
99,55801;-1,29285;-0,25444
99,56801;-1,29268;-0,25438
99,57800;-1,29251;-0,25455
99,58801;-1,29234;-0,25425
99,59801;-1,29217;-0,25455
99,60800;-1,29194;-0,25420
99,61800;-1,29177;-0,25462
99,62801;-1,29160;-0,25411
99,63801;-1,29143;-0,25467
99,64800;-1,29126;-0,25429
99,65801;-1,29115;-0,25464
99,66801;-1,29092;-0,25438
99,67800;-1,29081;-0,25462
99,68800;-1,29064;-0,25443
99,69801;-1,29047;-0,25439
99,70801;-1,29030;-0,25455
99,71800;-1,29013;-0,25432
99,72801;-1,28996;-0,25465
99,73801;-1,28979;-0,25443
99,74800;-1,28962;-0,25474
99,75800;-1,28945;-0,25435
99,76801;-1,28934;-0,25476
99,77801;-1,28911;-0,25428
99,78800;-1,28900;-0,25461
99,79801;-1,28883;-0,25443
99,80801;-1,28866;-0,25449
99,81801;-1,28849;-0,25461
99,82800;-1,28832;-0,25456
99,83801;-1,28815;-0,25470
99,84801;-1,28798;-0,25449
99,85800;-1,28781;-0,25472
99,86800;-1,28769;-0,25434
99,87801;-1,28752;-0,25468
99,88801;-1,28735;-0,25437
99,89800;-1,28718;-0,25469
99,90801;-1,28701;-0,25447
99,91801;-1,28684;-0,25467
99,92800;-1,28667;-0,25465
99,93800;-1,28650;-0,25459
99,94801;-1,28633;-0,25472
99,95801;-1,28622;-0,25450
99,96800;-1,28605;-0,25480
99,97801;-1,28588;-0,25451
99,98801;-1,28571;-0,25488
99,99800;-1,28554;-0,25452
100,00800;-1,28537;-0,25485
100,01801;-1,28520;-0,25457
100,02801;-1,28503;-0,25480
100,03800;-1,28486;-0,25467
100,04801;-1,28469;-0,25470
100,05801;-1,28458;-0,25480
100,06801;-1,28441;-0,25468
100,07800;-1,28424;-0,25485
100,08801;-1,28401;-0,25468
100,09801;-1,28390;-0,25495
100,10800;-1,28373;-0,25463
100,11800;-1,28356;-0,25492
100,12801;-1,28339;-0,25457
100,13801;-1,28322;-0,25487
100,14800;-1,28305;-0,25469
100,15801;-1,28288;-0,25484
100,16801;-1,28271;-0,25484
100,17800;-1,28254;-0,25489
100,18800;-1,28242;-0,25496
100,19801;-1,28220;-0,25479
100,20801;-1,28203;-0,25491
100,21800;-1,28186;-0,25471
100,22801;-1,28169;-0,25502
100,23801;-1,28152;-0,25471
100,24800;-1,28135;-0,25499
100,25800;-1,28118;-0,25475
100,26801;-1,28101;-0,25509
100,27801;-1,28084;-0,25493
100,28800;-1,28067;-0,25499
100,29801;-1,28050;-0,25491
100,30801;-1,28033;-0,25495
100,31801;-1,28016;-0,25509
100,32800;-1,27999;-0,25491
100,33801;-1,27982;-0,25504
100,34801;-1,27965;-0,25483
100,35800;-1,27948;-0,25515
100,36800;-1,27931;-0,25501
100,37801;-1,27914;-0,25507
100,38801;-1,27897;-0,25496
100,39800;-1,27880;-0,25509
100,40801;-1,27863;-0,25502
100,41801;-1,27846;-0,25513
100,42800;-1,27829;-0,25501
100,43800;-1,27812;-0,25500
100,44801;-1,27795;-0,25513
100,45801;-1,27778;-0,25504
100,46800;-1,27761;-0,25529
100,47801;-1,27744;-0,25508
100,48801;-1,27732;-0,25524
100,49800;-1,27715;-0,25509
100,50800;-1,27698;-0,25525
100,51801;-1,27681;-0,25510
100,52801;-1,27664;-0,25518
100,53800;-1,27647;-0,25507
100,54801;-1,27630;-0,25519
100,55801;-1,27619;-0,25523
100,56801;-1,27602;-0,25525
100,57800;-1,27585;-0,25533
100,58801;-1,27568;-0,25506
100,59801;-1,27551;-0,25539
100,60800;-1,27534;-0,25515
100,61800;-1,27523;-0,25533
100,62801;-1,27506;-0,25517
100,63801;-1,27489;-0,25529
100,64800;-1,27472;-0,25522
100,65801;-1,27455;-0,25534
100,66801;-1,27438;-0,25526
100,67800;-1,27426;-0,25528
100,68800;-1,27409;-0,25536
100,69801;-1,27392;-0,25527
100,70801;-1,27375;-0,25553
100,71800;-1,27358;-0,25531
100,72801;-1,27341;-0,25548
100,73801;-1,27319;-0,25535
100,74800;-1,27302;-0,25553
100,75800;-1,27285;-0,25549
100,76801;-1,27268;-0,25545
100,77801;-1,27251;-0,25553
100,78800;-1,27234;-0,25542
100,79801;-1,27217;-0,25562
100,80801;-1,27200;-0,25563
100,81801;-1,27183;-0,25559
100,82800;-1,27166;-0,25549
100,83801;-1,27154;-0,25567
100,84801;-1,27137;-0,25542
100,85800;-1,27120;-0,25568
100,86800;-1,27098;-0,25547
100,87801;-1,27081;-0,25554
100,88801;-1,27064;-0,25566
100,89800;-1,27047;-0,25560
100,90801;-1,27030;-0,25564
100,91801;-1,27013;-0,25559
100,92800;-1,26996;-0,25565
100,93800;-1,26979;-0,25561
100,94801;-1,26962;-0,25577
100,95801;-1,26945;-0,25559
100,96800;-1,26928;-0,25586
100,97801;-1,26911;-0,25575
100,98801;-1,26899;-0,25590
100,99800;-1,26882;-0,25578
101,00800;-1,26865;-0,25579
101,01801;-1,26848;-0,25585
101,02801;-1,26837;-0,25576
101,03800;-1,26820;-0,25600
101,04801;-1,26803;-0,25586
101,05801;-1,26786;-0,25604
101,06801;-1,26769;-0,25603
101,07800;-1,26752;-0,25612
101,08801;-1,26735;-0,25593
101,09801;-1,26718;-0,25615
101,10800;-1,26701;-0,25583
101,11800;-1,26684;-0,25615
101,12801;-1,26673;-0,25617
101,13801;-1,26656;-0,25620
101,14800;-1,26639;-0,25637
101,15801;-1,26622;-0,25627
101,16801;-1,26610;-0,25629
101,17800;-1,26588;-0,25620
101,18800;-1,26576;-0,25638
101,19801;-1,26554;-0,25610
101,20801;-1,26537;-0,25642
101,21800;-1,26520;-0,25629
101,22801;-1,26503;-0,25660
101,23801;-1,26486;-0,25633
101,24800;-1,26469;-0,25660
101,25800;-1,26452;-0,25634
101,26801;-1,26435;-0,25656
101,27801;-1,26418;-0,25665
101,28800;-1,26401;-0,25654
101,29801;-1,26384;-0,25680
101,30801;-1,26367;-0,25669
101,31801;-1,26355;-0,25683
101,32800;-1,26338;-0,25673
101,33801;-1,26321;-0,25691
101,34801;-1,26304;-0,25654
101,35800;-1,26287;-0,25699
101,36800;-1,26270;-0,25674
101,37801;-1,26253;-0,25691
101,38801;-1,26236;-0,25699
101,39800;-1,26219;-0,25706
101,40801;-1,26202;-0,25705
101,41801;-1,26185;-0,25715
101,42800;-1,26168;-0,25719
101,43800;-1,26151;-0,25696
101,44801;-1,26134;-0,25723
101,45801;-1,26117;-0,25718
101,46800;-1,26106;-0,25721
101,47801;-1,26089;-0,25728
101,48801;-1,26072;-0,25731
101,49800;-1,26055;-0,25735
101,50800;-1,26038;-0,25738
101,51801;-1,26021;-0,25741
101,52801;-1,26004;-0,25728
101,53800;-1,25987;-0,25745
101,54801;-1,25964;-0,25753
101,55801;-1,25947;-0,25754
101,56801;-1,25930;-0,25756
101,57800;-1,25913;-0,25771
101,58801;-1,25896;-0,25755
101,59801;-1,25879;-0,25773
101,60800;-1,25862;-0,25772
101,61800;-1,25845;-0,25762
101,62801;-1,25828;-0,25783
101,63801;-1,25811;-0,25785
101,64800;-1,25794;-0,25797
101,65801;-1,25777;-0,25792
101,66801;-1,25766;-0,25805
101,67800;-1,25749;-0,25790
101,68800;-1,25732;-0,25817
101,69801;-1,25709;-0,25801
101,70801;-1,25692;-0,25820
101,71800;-1,25675;-0,25817
101,72801;-1,25658;-0,25836
101,73801;-1,25641;-0,25835
101,74800;-1,25624;-0,25845
101,75800;-1,25607;-0,25856
101,76801;-1,25596;-0,25839
101,77801;-1,25579;-0,25861
101,78800;-1,25562;-0,25850
101,79801;-1,25551;-0,25879
101,80801;-1,25534;-0,25873
101,81801;-1,25517;-0,25889
101,82800;-1,25500;-0,25873
101,83801;-1,25483;-0,25904
101,84801;-1,25466;-0,25895
101,85800;-1,25454;-0,25895
101,86800;-1,25437;-0,25911
101,87801;-1,25420;-0,25906
101,88801;-1,25403;-0,25920
101,89800;-1,25386;-0,25932
101,90801;-1,25375;-0,25941
101,91801;-1,25358;-0,25925
101,92800;-1,25341;-0,25956
101,93800;-1,25324;-0,25945
101,94801;-1,25307;-0,25959
101,95801;-1,25290;-0,25964
101,96800;-1,25273;-0,25975
101,97801;-1,25256;-0,25971
101,98801;-1,25239;-0,25991
101,99800;-1,25222;-0,26002
102,00800;-1,25205;-0,25986
102,01801;-1,25188;-0,26015
102,02801;-1,25171;-0,26017
102,03800;-1,25154;-0,26028
102,04801;-1,25137;-0,26033
102,05801;-1,25120;-0,26057
102,06801;-1,25103;-0,26047
102,07800;-1,25086;-0,26084
102,08801;-1,25069;-0,26082
102,09801;-1,25052;-0,26092
102,10800;-1,25035;-0,26112
102,11800;-1,25018;-0,26122
102,12801;-1,25001;-0,26126
102,13801;-1,24984;-0,26148
102,14800;-1,24967;-0,26159
102,15801;-1,24950;-0,26161
102,16801;-1,24933;-0,26195
102,17800;-1,24916;-0,26202
102,18800;-1,24899;-0,26215
102,19801;-1,24876;-0,26236
102,20801;-1,24859;-0,26262
102,21800;-1,24842;-0,26274
102,22801;-1,24825;-0,26313
102,23801;-1,24808;-0,26339
102,24800;-1,24791;-0,26360
102,25800;-1,24774;-0,26401
102,26801;-1,24763;-0,26433
102,27801;-1,24746;-0,26473
102,28800;-1,24729;-0,26550
102,29801;-1,24718;-0,26624
102,30801;-1,24701;-0,26840
102,31801;-1,24684;-0,28113
102,32800;-1,24667;-0,29157
102,33801;-1,24650;-0,30280
102,34801;-1,24633;-0,30665
102,35800;-1,24616;-0,31143
102,36800;-1,24599;-0,31016
102,37801;-1,24582;-0,31201
102,38801;-1,24565;-0,30985
102,39800;-1,24548;-0,31009
102,40801;-1,24531;-0,30926
102,41801;-1,24514;-0,30877
102,42800;-1,24497;-0,30897
102,43800;-1,24485;-0,30807
102,44801;-1,24468;-0,30913
102,45801;-1,24451;-0,30742
102,46800;-1,24434;-0,30931
102,47801;-1,24417;-0,30743
102,48801;-1,24400;-0,30895
102,49800;-1,24383;-0,30758
102,50800;-1,24366;-0,30855
102,51801;-1,24349;-0,30772
102,52801;-1,24332;-0,30804
102,53800;-1,24321;-0,30802
102,54801;-1,24298;-0,30747
102,55801;-1,24287;-0,30834
102,56801;-1,24270;-0,30716
102,57800;-1,24253;-0,30841
102,58801;-1,24236;-0,30691
102,59801;-1,24219;-0,30824
102,60800;-1,24202;-0,30686
102,61800;-1,24185;-0,30794
102,62801;-1,24174;-0,30702
102,63801;-1,24157;-0,30755
102,64800;-1,24140;-0,30735
102,65801;-1,24123;-0,30714
102,66801;-1,24106;-0,30749
102,67800;-1,24089;-0,30669
102,68800;-1,24072;-0,30751
102,69801;-1,24055;-0,30644
102,70801;-1,24038;-0,30743
102,71800;-1,24021;-0,30627
102,72801;-1,24004;-0,30724
102,73801;-1,23987;-0,30648
102,74800;-1,23970;-0,30684
102,75800;-1,23953;-0,30656
102,76801;-1,23936;-0,30654
102,77801;-1,23919;-0,30671
102,78800;-1,23902;-0,30619
102,79801;-1,23885;-0,30681
102,80801;-1,23868;-0,30594
102,81801;-1,23851;-0,30668
102,82800;-1,23834;-0,30610
102,83801;-1,23817;-0,30652
102,84801;-1,23800;-0,30591
102,85800;-1,23783;-0,30640
102,86800;-1,23766;-0,30599
102,87801;-1,23743;-0,30589
102,88801;-1,23726;-0,30619
102,89800;-1,23709;-0,30564
102,90801;-1,23692;-0,30601
102,91801;-1,23675;-0,30568
102,92800;-1,23658;-0,30583
102,93800;-1,23641;-0,30536
102,94801;-1,23630;-0,30579
102,95801;-1,23613;-0,30528
102,96800;-1,23596;-0,30557
102,97801;-1,23579;-0,30560
102,98801;-1,23562;-0,30533
102,99800;-1,23545;-0,30551
103,00800;-1,23528;-0,30519
103,01801;-1,23511;-0,30534
103,02801;-1,23494;-0,30499
103,03800;-1,23477;-0,30523
103,04801;-1,23460;-0,30489
103,05801;-1,23443;-0,30512
103,06801;-1,23431;-0,30500
103,07800;-1,23414;-0,30507
103,08801;-1,23397;-0,30482
103,09801;-1,23386;-0,30494
103,10800;-1,23369;-0,30482
103,11800;-1,23352;-0,30459
103,12801;-1,23335;-0,30484
103,13801;-1,23318;-0,30446
103,14800;-1,23301;-0,30457
103,15801;-1,23284;-0,30449
103,16801;-1,23267;-0,30453
103,17800;-1,23250;-0,30431
103,18800;-1,23239;-0,30450
103,19801;-1,23222;-0,30419
103,20801;-1,23205;-0,30425
103,21800;-1,23188;-0,30426
103,22801;-1,23171;-0,30412
103,23801;-1,23154;-0,30417
103,24800;-1,23137;-0,30407
103,25800;-1,23125;-0,30407
103,26801;-1,23108;-0,30395
103,27801;-1,23091;-0,30402
103,28800;-1,23074;-0,30383
103,29801;-1,23057;-0,30379
103,30801;-1,23040;-0,30374
103,31801;-1,23023;-0,30373
103,32800;-1,23006;-0,30367
103,33801;-1,22989;-0,30369
103,34801;-1,22972;-0,30361
103,35800;-1,22955;-0,30344
103,36800;-1,22938;-0,30356
103,37801;-1,22921;-0,30338
103,38801;-1,22904;-0,30331
103,39800;-1,22887;-0,30344
103,40801;-1,22870;-0,30325
103,41801;-1,22853;-0,30331
103,42800;-1,22836;-0,30323
103,43800;-1,22819;-0,30310
103,44801;-1,22802;-0,30294
103,45801;-1,22785;-0,30313
103,46800;-1,22768;-0,30278
103,47801;-1,22751;-0,30298
103,48801;-1,22734;-0,30289
103,49801;-1,22717;-0,30277
103,50800;-1,22700;-0,30291
103,51801;-1,22683;-0,30269
103,52801;-1,22666;-0,30269
103,53800;-1,22649;-0,30239
103,54801;-1,22632;-0,30263
103,55801;-1,22615;-0,30231
103,56801;-1,22598;-0,30250
103,57800;-1,22581;-0,30238
103,58801;-1,22564;-0,30236
103,59801;-1,22553;-0,30226
103,60800;-1,22536;-0,30231
103,61800;-1,22519;-0,30221
103,62801;-1,22502;-0,30185
103,63801;-1,22485;-0,30231
103,64800;-1,22468;-0,30177
103,65801;-1,22451;-0,30212
103,66801;-1,22434;-0,30186
103,67800;-1,22417;-0,30196
103,68800;-1,22400;-0,30165
103,69801;-1,22383;-0,30201
103,70801;-1,22366;-0,30163
103,71800;-1,22349;-0,30166
103,72801;-1,22332;-0,30168
103,73801;-1,22315;-0,30134
103,74801;-1,22304;-0,30166
103,75800;-1,22281;-0,30134
103,76801;-1,22270;-0,30149
103,77801;-1,22247;-0,30114
103,78800;-1,22236;-0,30152
103,79801;-1,22219;-0,30102
103,80801;-1,22202;-0,30127
103,81801;-1,22185;-0,30107
103,82800;-1,22168;-0,30111
103,83801;-1,22151;-0,30105
103,84801;-1,22134;-0,30098
103,85800;-1,22117;-0,30101
103,86800;-1,22100;-0,30073
103,87801;-1,22083;-0,30097
103,88801;-1,22066;-0,30055
103,89800;-1,22049;-0,30078
103,90801;-1,22032;-0,30050
103,91801;-1,22020;-0,30079
103,92800;-1,22003;-0,30047
103,93800;-1,21986;-0,30062
103,94801;-1,21969;-0,30037
103,95801;-1,21952;-0,30039
103,96800;-1,21935;-0,30042
103,97801;-1,21918;-0,30018
103,98801;-1,21907;-0,30029
103,99801;-1,21890;-0,30016
104,00800;-1,21873;-0,30018
104,01801;-1,21856;-0,30006
104,02801;-1,21839;-0,30021
104,03800;-1,21822;-0,29989
104,04801;-1,21805;-0,30011
104,05801;-1,21788;-0,29990
104,06801;-1,21771;-0,29973
104,07800;-1,21754;-0,29981
104,08801;-1,21737;-0,29967
104,09801;-1,21720;-0,29967
104,10800;-1,21703;-0,29953
104,11800;-1,21686;-0,29978
104,12801;-1,21669;-0,29947
104,13801;-1,21652;-0,29965
104,14800;-1,21635;-0,29932
104,15801;-1,21618;-0,29940
104,16801;-1,21601;-0,29917
104,17800;-1,21584;-0,29931
104,18800;-1,21567;-0,29916
104,19801;-1,21550;-0,29920
104,20801;-1,21533;-0,29917
104,21800;-1,21516;-0,29899
104,22801;-1,21499;-0,29911
104,23801;-1,21482;-0,29892
104,24801;-1,21465;-0,29896
104,25800;-1,21448;-0,29877
104,26801;-1,21431;-0,29893
104,27801;-1,21414;-0,29860
104,28800;-1,21397;-0,29874
104,29801;-1,21380;-0,29867
104,30801;-1,21363;-0,29857
104,31801;-1,21346;-0,29865
104,32800;-1,21329;-0,29857
104,33801;-1,21312;-0,29846
104,34801;-1,21295;-0,29839
104,35800;-1,21278;-0,29852
104,36800;-1,21261;-0,29824
104,37801;-1,21244;-0,29837
104,38801;-1,21227;-0,29823
104,39800;-1,21210;-0,29827
104,40801;-1,21199;-0,29820
104,41801;-1,21182;-0,29810
104,42800;-1,21165;-0,29795
104,43800;-1,21148;-0,29786
104,44801;-1,21131;-0,29798
104,45801;-1,21114;-0,29782
104,46800;-1,21097;-0,29784
104,47801;-1,21080;-0,29769
104,48801;-1,21068;-0,29776
104,49801;-1,21051;-0,29760
104,50800;-1,21034;-0,29770
104,51801;-1,21017;-0,29752
104,52801;-1,21000;-0,29759
104,53201;-1,20995;-0,29746
104,53401;-1,20989;-0,29745
104,54401;-1,20978;-0,29757
104,55401;-1,20978;-0,29750
104,56400;-1,20978;-0,29754
104,57401;-1,20978;-0,29750
104,58401;-1,20978;-0,29743
104,59400;-1,20978;-0,29748
104,60400;-1,20978;-0,29740
104,61401;-1,20989;-0,29740
104,62401;-1,20995;-0,29741
104,63400;-1,21000;-0,29739
104,64401;-1,21006;-0,29740
104,65401;-1,21012;-0,29749
104,66400;-1,21017;-0,29742
104,67400;-1,21029;-0,29753
104,68401;-1,21034;-0,29748
104,69401;-1,21046;-0,29745
104,70400;-1,21057;-0,29738
104,71401;-1,21074;-0,29748
104,72401;-1,21091;-0,29741
104,73401;-1,21108;-0,29761
104,74400;-1,21131;-0,29763
104,75401;-1,21153;-0,29779
104,76401;-1,21182;-0,29779
104,77400;-1,21210;-0,29780
104,78401;-1,21244;-0,29790
104,79401;-1,21278;-0,29775
104,80401;-1,21312;-0,29819
104,81400;-1,21340;-0,29787
104,82401;-1,21374;-0,29828
104,83401;-1,21403;-0,29810
104,84400;-1,21437;-0,29844
104,85400;-1,21465;-0,29830
104,86401;-1,21493;-0,29869
104,87401;-1,21522;-0,29849
104,88400;-1,21544;-0,29884
104,89401;-1,21573;-0,29882
104,90401;-1,21595;-0,29886
104,91400;-1,21612;-0,29901
104,92400;-1,21635;-0,29913
104,93401;-1,21658;-0,29923
104,94401;-1,21675;-0,29923
104,95400;-1,21697;-0,29943
104,96401;-1,21714;-0,29921
104,97401;-1,21731;-0,29946
104,98401;-1,21748;-0,29945
104,99400;-1,21765;-0,29967
105,00401;-1,21782;-0,29970
105,01401;-1,21799;-0,29998
105,02400;-1,21816;-0,29985
105,03401;-1,21833;-0,29999
105,04401;-1,21850;-0,29989
105,05401;-1,21867;-0,29998
105,06400;-1,21884;-0,30004
105,07401;-1,21901;-0,30013
105,08401;-1,21918;-0,30016
105,09400;-1,21930;-0,30034
105,10400;-1,21947;-0,30028
105,11401;-1,21958;-0,30031
105,12401;-1,21975;-0,30046
105,13400;-1,21992;-0,30029
105,14401;-1,22009;-0,30044
105,15401;-1,22032;-0,30044
105,16400;-1,22049;-0,30059
105,17400;-1,22066;-0,30060
105,18401;-1,22083;-0,30081
105,19401;-1,22100;-0,30078
105,20400;-1,22117;-0,30081
105,21401;-1,22134;-0,30090
105,22401;-1,22145;-0,30088
105,23401;-1,22162;-0,30092
105,24400;-1,22179;-0,30097
105,25401;-1,22196;-0,30114
105,26401;-1,22213;-0,30115
105,27400;-1,22230;-0,30137
105,28401;-1,22247;-0,30134
105,29401;-1,22264;-0,30135
105,30401;-1,22281;-0,30131
105,31400;-1,22298;-0,30140
105,32401;-1,22315;-0,30149
105,33401;-1,22332;-0,30153
105,34400;-1,22349;-0,30171
105,35400;-1,22366;-0,30171
105,36401;-1,22383;-0,30181
105,37401;-1,22400;-0,30183
105,38400;-1,22417;-0,30176
105,39401;-1,22434;-0,30185
105,40401;-1,22451;-0,30188
105,41400;-1,22468;-0,30203
105,42400;-1,22479;-0,30200
105,43401;-1,22496;-0,30218
105,44401;-1,22513;-0,30210
105,45400;-1,22530;-0,30231
105,46401;-1,22547;-0,30232
105,47401;-1,22564;-0,30227
105,48401;-1,22587;-0,30236
105,49400;-1,22604;-0,30238
105,50401;-1,22621;-0,30243
105,51401;-1,22632;-0,30247
105,52400;-1,22649;-0,30270
105,53401;-1,22666;-0,30263
105,54401;-1,22683;-0,30283
105,55401;-1,22700;-0,30274
105,56400;-1,22717;-0,30278
105,57401;-1,22740;-0,30279
105,58401;-1,22757;-0,30297
105,59400;-1,22774;-0,30303
105,60400;-1,22791;-0,30300
105,61401;-1,22808;-0,30324
105,62401;-1,22825;-0,30318
105,63400;-1,22842;-0,30330
105,64401;-1,22859;-0,30324
105,65401;-1,22876;-0,30328
105,66400;-1,22893;-0,30326
105,67400;-1,22910;-0,30351
105,68401;-1,22921;-0,30354
105,69401;-1,22938;-0,30355
105,70400;-1,22955;-0,30366
105,71401;-1,22972;-0,30364
105,72401;-1,22984;-0,30365
105,73401;-1,23001;-0,30379
105,74400;-1,23018;-0,30377
105,75401;-1,23035;-0,30384
105,76401;-1,23046;-0,30394
105,77400;-1,23063;-0,30403
105,78401;-1,23080;-0,30404
105,79401;-1,23097;-0,30423
105,80401;-1,23114;-0,30412
105,81400;-1,23131;-0,30420
105,82401;-1,23148;-0,30421
105,83401;-1,23165;-0,30423
105,84400;-1,23182;-0,30425
105,85400;-1,23193;-0,30432
105,86401;-1,23210;-0,30451
105,87401;-1,23222;-0,30449
105,88400;-1,23239;-0,30467
105,89401;-1,23256;-0,30461
105,90401;-1,23273;-0,30462
105,91400;-1,23290;-0,30459
105,92400;-1,23312;-0,30484
105,93401;-1,23329;-0,30475
105,94401;-1,23346;-0,30490
105,95400;-1,23363;-0,30498
105,96401;-1,23380;-0,30494
105,97401;-1,23403;-0,30522
105,98401;-1,23414;-0,30521
105,99400;-1,23437;-0,30517
106,00401;-1,23448;-0,30514
106,01401;-1,23471;-0,30529
106,02400;-1,23488;-0,30528
106,03401;-1,23499;-0,30541
106,04401;-1,23516;-0,30548
106,05401;-1,23533;-0,30553
106,06400;-1,23550;-0,30558
106,07401;-1,23567;-0,30572
106,08401;-1,23584;-0,30562
106,09400;-1,23607;-0,30569
106,10400;-1,23624;-0,30573
106,11401;-1,23641;-0,30586
106,12401;-1,23658;-0,30595
106,13400;-1,23675;-0,30610
106,14401;-1,23692;-0,30597
106,15401;-1,23709;-0,30607
106,16400;-1,23726;-0,30608
106,17400;-1,23737;-0,30599
106,18401;-1,23754;-0,30624
106,19401;-1,23771;-0,30619
106,20400;-1,23788;-0,30638
106,21401;-1,23805;-0,30644
106,22401;-1,23822;-0,30668
106,23401;-1,23839;-0,30640
106,24400;-1,23856;-0,30664
106,25401;-1,23873;-0,30645
106,26401;-1,23890;-0,30658
106,27400;-1,23907;-0,30664
106,28401;-1,23924;-0,30675
106,29401;-1,23941;-0,30688
106,30401;-1,23958;-0,30689
106,31400;-1,23975;-0,30708
106,32401;-1,23992;-0,30683
106,33401;-1,24004;-0,30713
106,34400;-1,24021;-0,30689
106,35400;-1,24038;-0,30715
106,36401;-1,24055;-0,30710
106,37401;-1,24066;-0,30733
106,38400;-1,24083;-0,30732
106,39401;-1,24100;-0,30749
106,40401;-1,24117;-0,30740
106,41400;-1,24134;-0,30731
106,42400;-1,24151;-0,30751
106,43401;-1,24168;-0,30736
106,44401;-1,24185;-0,30756
106,45400;-1,24202;-0,30761
106,46401;-1,24219;-0,30774
106,47401;-1,24236;-0,30768
106,48401;-1,24253;-0,30798
106,49400;-1,24270;-0,30783
106,50401;-1,24287;-0,30785
106,51401;-1,24298;-0,30795
106,52400;-1,24315;-0,30792
106,53401;-1,24332;-0,30803
106,54401;-1,24349;-0,30821
106,55401;-1,24366;-0,30819
106,56400;-1,24383;-0,30827
106,57401;-1,24400;-0,30846
106,58401;-1,24417;-0,30822
106,59400;-1,24434;-0,30840
106,60400;-1,24451;-0,30833
106,61401;-1,24468;-0,30840
106,62401;-1,24485;-0,30848
106,63400;-1,24502;-0,30872
106,64401;-1,24519;-0,30848
106,65401;-1,24536;-0,30879
106,66400;-1,24553;-0,30872
106,67400;-1,24570;-0,30879
106,68401;-1,24582;-0,30879
106,69401;-1,24599;-0,30891
106,70400;-1,24616;-0,30889
106,71401;-1,24627;-0,30893
106,72401;-1,24644;-0,30927
106,73401;-1,24661;-0,30898
106,74400;-1,24678;-0,30930
106,75401;-1,24701;-0,30923
106,76401;-1,24718;-0,30928
106,77400;-1,24735;-0,30925
106,78401;-1,24752;-0,30957
106,79401;-1,24769;-0,30932
106,80401;-1,24786;-0,30956
106,81400;-1,24803;-0,30958
106,82401;-1,24820;-0,30952
106,83401;-1,24837;-0,30963
106,84400;-1,24854;-0,30953
106,85400;-1,24871;-0,30969
106,86401;-1,24888;-0,30969
106,87401;-1,24905;-0,31000
106,88400;-1,24922;-0,30992
106,89401;-1,24944;-0,31000
106,90401;-1,24961;-0,30999
106,91400;-1,24978;-0,31000
106,92400;-1,24995;-0,30998
106,93401;-1,25012;-0,31014
106,94401;-1,25029;-0,31004
106,95400;-1,25046;-0,31017
106,96401;-1,25063;-0,31041
106,97401;-1,25075;-0,31046
106,98401;-1,25092;-0,31051
106,99400;-1,25103;-0,31054
107,00401;-1,25120;-0,31043
107,01401;-1,25137;-0,31042
107,02400;-1,25148;-0,31064
107,03401;-1,25165;-0,31045
107,04401;-1,25182;-0,31071
107,05401;-1,25199;-0,31079
107,06400;-1,25216;-0,31090
107,07401;-1,25233;-0,31091
107,08401;-1,25250;-0,31093
107,09400;-1,25267;-0,31077
107,10400;-1,25284;-0,31084
107,11401;-1,25301;-0,31106
107,12401;-1,25318;-0,31092
107,13400;-1,25335;-0,31120
107,14401;-1,25347;-0,31109
107,15401;-1,25364;-0,31128
107,16400;-1,25375;-0,31124
107,17400;-1,25392;-0,31137
107,18401;-1,25409;-0,31117
107,19401;-1,25426;-0,31123
107,20400;-1,25443;-0,31145
107,21401;-1,25460;-0,31156
107,22401;-1,25477;-0,31164
107,23401;-1,25494;-0,31168
107,24400;-1,25511;-0,31172
107,25401;-1,25534;-0,31161
107,26401;-1,25545;-0,31179
107,27400;-1,25568;-0,31157
107,28401;-1,25585;-0,31168
107,29401;-1,25602;-0,31185
107,30401;-1,25613;-0,31196
107,31400;-1,25636;-0,31227
107,32401;-1,25647;-0,31210
107,33401;-1,25664;-0,31215
107,34400;-1,25681;-0,31195
107,35400;-1,25698;-0,31213
107,36401;-1,25715;-0,31193
107,37401;-1,25732;-0,31222
107,38400;-1,25749;-0,31221
107,39401;-1,25766;-0,31252
107,40401;-1,25783;-0,31257
107,41400;-1,25800;-0,31257
107,42400;-1,25823;-0,31260
107,43401;-1,25840;-0,31236
107,44401;-1,25857;-0,31259
107,45400;-1,25874;-0,31231
107,46401;-1,25885;-0,31261
107,47401;-1,25902;-0,31261
107,48401;-1,25919;-0,31298
107,49400;-1,25936;-0,31291
107,50401;-1,25953;-0,31315
107,51401;-1,25970;-0,31295
107,52400;-1,25987;-0,31290
107,53401;-1,26004;-0,31292
107,54401;-1,26027;-0,31275
107,55401;-1,26044;-0,31310
107,56400;-1,26055;-0,31297
107,57401;-1,26072;-0,31334
107,58401;-1,26089;-0,31315
107,59400;-1,26106;-0,31349
107,60400;-1,26123;-0,31321
107,61401;-1,26140;-0,31348
107,62401;-1,26157;-0,31331
107,63400;-1,26174;-0,31341
107,64401;-1,26185;-0,31353
107,65401;-1,26202;-0,31349
107,66400;-1,26219;-0,31371
107,67400;-1,26236;-0,31350
107,68401;-1,26253;-0,31393
107,69401;-1,26270;-0,31359
107,70400;-1,26282;-0,31383
107,71401;-1,26299;-0,31362
107,72401;-1,26316;-0,31393
107,73401;-1,26333;-0,31379
107,74400;-1,26350;-0,31402
107,75401;-1,26367;-0,31395
107,76401;-1,26384;-0,31384
107,77400;-1,26401;-0,31413
107,78401;-1,26418;-0,31392
107,79401;-1,26435;-0,31423
107,80401;-1,26446;-0,31404
107,81400;-1,26463;-0,31442
107,82401;-1,26480;-0,31422
107,83401;-1,26497;-0,31461
107,84400;-1,26514;-0,31425
107,85400;-1,26531;-0,31435
107,86401;-1,26548;-0,31431
107,87401;-1,26565;-0,31433
107,88400;-1,26582;-0,31460
107,89401;-1,26599;-0,31447
107,90401;-1,26616;-0,31472
107,91400;-1,26633;-0,31454
107,92400;-1,26644;-0,31502
107,93401;-1,26661;-0,31451
107,94401;-1,26678;-0,31486
107,95400;-1,26695;-0,31460
107,96401;-1,26712;-0,31480
107,97401;-1,26729;-0,31477
107,98401;-1,26741;-0,31497
107,99400;-1,26758;-0,31495
108,00401;-1,26775;-0,31499
108,01401;-1,26792;-0,31522
108,02400;-1,26803;-0,31488
108,03401;-1,26826;-0,31522
108,04401;-1,26843;-0,31488
108,05401;-1,26860;-0,31523
108,06400;-1,26882;-0,31515
108,07401;-1,26899;-0,31542
108,08401;-1,26916;-0,31517
108,09400;-1,26933;-0,31549
108,10400;-1,26950;-0,31538
108,11401;-1,26962;-0,31528
108,12401;-1,26979;-0,31548
108,13400;-1,26996;-0,31531
108,14401;-1,27013;-0,31556
108,15401;-1,27030;-0,31547
108,16400;-1,27052;-0,31582
108,17400;-1,27069;-0,31549
108,18401;-1,27086;-0,31589
108,19401;-1,27103;-0,31565
108,20400;-1,27120;-0,31586
108,21401;-1,27137;-0,31577
108,22401;-1,27154;-0,31590
108,23401;-1,27171;-0,31589
108,24400;-1,27188;-0,31591
108,25401;-1,27205;-0,31607
108,26401;-1,27222;-0,31592
108,27400;-1,27239;-0,31615
108,28401;-1,27256;-0,31602
108,29401;-1,27268;-0,31616
108,30401;-1,27285;-0,31613
108,31400;-1,27302;-0,31629
108,32401;-1,27313;-0,31613
108,33401;-1,27330;-0,31634
108,34400;-1,27347;-0,31626
108,35400;-1,27364;-0,31623
108,36401;-1,27381;-0,31631
108,37401;-1,27398;-0,31621
108,38400;-1,27415;-0,31637
108,39401;-1,27432;-0,31647
108,40401;-1,27449;-0,31664
108,41400;-1,27466;-0,31663
108,42400;-1,27483;-0,31661
108,43401;-1,27494;-0,31661
108,44401;-1,27511;-0,31662
108,45400;-1,27523;-0,31660
108,46401;-1,27540;-0,31673
108,47401;-1,27557;-0,31670
108,48401;-1,27574;-0,31681
108,49400;-1,27591;-0,31690
108,50401;-1,27608;-0,31680
108,51401;-1,27630;-0,31690
108,52400;-1,27647;-0,31686
108,53401;-1,27664;-0,31688
108,54401;-1,27681;-0,31695
108,55401;-1,27698;-0,31702
108,56400;-1,27715;-0,31688
108,57401;-1,27732;-0,31719
108,58401;-1,27749;-0,31704
108,59400;-1,27766;-0,31720
108,60400;-1,27783;-0,31722
108,61401;-1,27800;-0,31715
108,62401;-1,27817;-0,31711
108,63400;-1,27834;-0,31721
108,64401;-1,27851;-0,31721
108,65401;-1,27868;-0,31720
108,66400;-1,27880;-0,31747
108,67400;-1,27897;-0,31733
108,68401;-1,27914;-0,31755
108,69401;-1,27936;-0,31739
108,70400;-1,27953;-0,31750
108,71401;-1,27970;-0,31735
108,72401;-1,27987;-0,31749
108,73401;-1,28004;-0,31769
108,74400;-1,28021;-0,31754
108,75401;-1,28038;-0,31776
108,76401;-1,28050;-0,31766
108,77400;-1,28067;-0,31769
108,78401;-1,28084;-0,31766
108,79401;-1,28101;-0,31780
108,80401;-1,28118;-0,31755
108,81400;-1,28135;-0,31781
108,82401;-1,28152;-0,31788
108,83401;-1,28169;-0,31786
108,84400;-1,28186;-0,31806
108,85400;-1,28203;-0,31792
108,86401;-1,28220;-0,31792
108,87401;-1,28237;-0,31787
108,88400;-1,28254;-0,31800
108,89401;-1,28271;-0,31788
108,90401;-1,28288;-0,31797
108,91400;-1,28305;-0,31810
108,92400;-1,28322;-0,31820
108,93401;-1,28339;-0,31824
108,94401;-1,28350;-0,31831
108,95400;-1,28367;-0,31815
108,96401;-1,28384;-0,31819
108,97401;-1,28401;-0,31822
108,98401;-1,28418;-0,31815
108,99400;-1,28429;-0,31820
109,00401;-1,28452;-0,31833
109,01401;-1,28463;-0,31821
109,02400;-1,28480;-0,31850
109,03401;-1,28503;-0,31844
109,04401;-1,28520;-0,31829
109,05401;-1,28537;-0,31847
109,06400;-1,28554;-0,31842
109,07401;-1,28565;-0,31837
109,08401;-1,28582;-0,31848
109,09400;-1,28599;-0,31841
109,10400;-1,28611;-0,31842
109,11401;-1,28628;-0,31857
109,12401;-1,28645;-0,31856
109,13400;-1,28662;-0,31857
109,14401;-1,28679;-0,31861
109,15401;-1,28696;-0,31865
109,16400;-1,28713;-0,31865
109,17400;-1,28730;-0,31859
109,18401;-1,28747;-0,31867
109,19401;-1,28764;-0,31860
109,20400;-1,28781;-0,31859
109,21401;-1,28798;-0,31865
109,22401;-1,28815;-0,31870
109,23401;-1,28832;-0,31876
109,24400;-1,28849;-0,31884
109,25401;-1,28866;-0,31882
109,26401;-1,28877;-0,31885
109,27400;-1,28894;-0,31891
109,28401;-1,28911;-0,31878
109,29401;-1,28928;-0,31890
109,30401;-1,28939;-0,31879
109,31400;-1,28956;-0,31880
109,32401;-1,28973;-0,31883
109,33401;-1,28990;-0,31910
109,34400;-1,29013;-0,31886
109,35400;-1,29030;-0,31908
109,36401;-1,29047;-0,31899
109,37401;-1,29064;-0,31899
109,38400;-1,29087;-0,31898
109,39401;-1,29104;-0,31910
109,40401;-1,29121;-0,31893
109,41400;-1,29138;-0,31914
109,42400;-1,29155;-0,31922
109,43401;-1,29172;-0,31901
109,44401;-1,29183;-0,31924
109,45400;-1,29206;-0,31911
109,46401;-1,29223;-0,31921
109,47401;-1,29240;-0,31928
109,48401;-1,29257;-0,31930
109,49400;-1,29274;-0,31922
109,50401;-1,29291;-0,31935
109,51401;-1,29308;-0,31936
109,52400;-1,29325;-0,31932
109,53401;-1,29342;-0,31944
109,54401;-1,29359;-0,31923
109,55401;-1,29376;-0,31935
109,56400;-1,29393;-0,31918
109,57401;-1,29404;-0,31950
109,58401;-1,29421;-0,31922
109,59400;-1,29438;-0,31954
109,60400;-1,29455;-0,31935
109,61401;-1,29466;-0,31931
109,62401;-1,29483;-0,31936
109,63400;-1,29500;-0,31937
109,64401;-1,29512;-0,31935
109,65401;-1,29529;-0,31937
109,66400;-1,29546;-0,31962
109,67400;-1,29563;-0,31935
109,68401;-1,29580;-0,31983
109,69401;-1,29597;-0,31950
109,70400;-1,29614;-0,31964
109,71401;-1,29631;-0,31938
109,72401;-1,29648;-0,31950
109,73401;-1,29659;-0,31924
109,74400;-1,29676;-0,31946
109,75401;-1,29693;-0,31950
109,76401;-1,29704;-0,31944
109,77400;-1,29721;-0,31971
109,78401;-1,29738;-0,31956
109,79401;-1,29761;-0,31969
109,80401;-1,29778;-0,31945
109,81400;-1,29795;-0,31968
109,82401;-1,29812;-0,31936
109,83401;-1,29835;-0,31970
109,84400;-1,29852;-0,31951
109,85400;-1,29863;-0,31969
109,86401;-1,29886;-0,31957
109,87401;-1,29903;-0,31973
109,88400;-1,29920;-0,31957
109,89401;-1,29937;-0,31965
109,90401;-1,29954;-0,31966
109,91400;-1,29971;-0,31950
109,92400;-1,29988;-0,31980
109,93401;-1,30005;-0,31970
109,94401;-1,30016;-0,31981
109,95400;-1,30033;-0,31963
109,96401;-1,30050;-0,31978
109,97401;-1,30067;-0,31957
109,98401;-1,30084;-0,31983
109,99400;-1,30101;-0,31970
110,00401;-1,30118;-0,31982
110,01401;-1,30135;-0,31991
110,02400;-1,30152;-0,31989
110,03401;-1,30169;-0,31987
110,04401;-1,30186;-0,31968
110,05401;-1,30203;-0,31977
110,06400;-1,30220;-0,31949
110,07401;-1,30231;-0,31983
110,08401;-1,30248;-0,31970
110,09400;-1,30265;-0,31989
110,10400;-1,30282;-0,31993
110,11401;-1,30305;-0,31997
110,12401;-1,30322;-0,31975
110,13400;-1,30339;-0,31980
110,14401;-1,30356;-0,31970
110,15401;-1,30373;-0,31958
110,16400;-1,30390;-0,31992
110,17400;-1,30407;-0,31965
110,18401;-1,30424;-0,32003
110,19401;-1,30441;-0,31990
110,20400;-1,30458;-0,32002
110,21401;-1,30475;-0,31981
110,22401;-1,30492;-0,31996
110,23401;-1,30509;-0,31971
110,24400;-1,30520;-0,31985
110,25401;-1,30537;-0,31982
110,26401;-1,30554;-0,31991
110,27400;-1,30566;-0,32003
110,28401;-1,30583;-0,32004
110,29401;-1,30600;-0,32002
110,30401;-1,30617;-0,31976
110,31400;-1,30634;-0,31996
110,32401;-1,30651;-0,31976
110,33401;-1,30668;-0,31994
110,34400;-1,30685;-0,31987
110,35400;-1,30702;-0,32002
110,36401;-1,30719;-0,31994
110,37401;-1,30730;-0,32019
110,38400;-1,30747;-0,31981
110,39401;-1,30764;-0,31985
110,40401;-1,30781;-0,31985
110,41400;-1,30792;-0,31976
110,42400;-1,30809;-0,31995
110,43401;-1,30826;-0,31988
110,44401;-1,30843;-0,32009
110,45400;-1,30860;-0,31993
110,46401;-1,30877;-0,32025
110,47401;-1,30894;-0,31981
110,48401;-1,30911;-0,31999
110,49400;-1,30928;-0,31984
110,50401;-1,30945;-0,31988
110,51401;-1,30962;-0,31983
110,52400;-1,30979;-0,32003
110,53401;-1,30996;-0,32003
110,54401;-1,31013;-0,32004
110,55401;-1,31030;-0,32019
110,56400;-1,31047;-0,31985
110,57401;-1,31059;-0,32009
110,58401;-1,31076;-0,31977
110,59400;-1,31093;-0,31996
110,60400;-1,31104;-0,31985
110,61401;-1,31121;-0,32014
110,62401;-1,31138;-0,32008
110,63400;-1,31161;-0,32023
110,64401;-1,31178;-0,32021
110,65401;-1,31200;-0,32004
110,66400;-1,31217;-0,32007
110,67400;-1,31234;-0,31995
110,68401;-1,31251;-0,32007
110,69401;-1,31268;-0,31986
110,70400;-1,31285;-0,32022
110,71401;-1,31302;-0,31996
110,72401;-1,31319;-0,32029
110,73401;-1,31336;-0,32016
110,74400;-1,31353;-0,32010
110,75401;-1,31370;-0,32014
110,76401;-1,31387;-0,32014
110,77400;-1,31404;-0,32017
110,78401;-1,31421;-0,32007
110,79401;-1,31438;-0,32030
110,80401;-1,31461;-0,32009
110,81400;-1,31478;-0,32027
110,82401;-1,31495;-0,32009
110,83401;-1,31506;-0,32017
110,84400;-1,31523;-0,31990
110,85400;-1,31540;-0,32014
110,86401;-1,31557;-0,32017
110,87401;-1,31574;-0,32018
110,88400;-1,31586;-0,32034
110,89401;-1,31603;-0,32017
110,90401;-1,31620;-0,32036
110,91400;-1,31631;-0,32015
110,92400;-1,31648;-0,32030
110,93401;-1,31665;-0,32003
110,94401;-1,31682;-0,32049
110,95400;-1,31699;-0,32029
110,96401;-1,31716;-0,32044
110,97401;-1,31727;-0,32039
110,98401;-1,31750;-0,32025
110,99400;-1,31767;-0,32039
111,00401;-1,31784;-0,32030
111,01401;-1,31795;-0,32031
111,02400;-1,31812;-0,32025
111,03401;-1,31829;-0,32056
111,04401;-1,31841;-0,32034
111,05401;-1,31858;-0,32060
111,06400;-1,31875;-0,32033
111,07401;-1,31892;-0,32038
111,08401;-1,31909;-0,32018
111,09400;-1,31926;-0,32026
111,10400;-1,31943;-0,32030
111,11401;-1,31960;-0,32030
111,12401;-1,31982;-0,32049
111,13400;-1,31999;-0,32056
111,14401;-1,32016;-0,32063
111,15401;-1,32033;-0,32051
111,16401;-1,32050;-0,32058
111,17400;-1,32067;-0,32029
111,18401;-1,32084;-0,32050
111,19401;-1,32101;-0,32025
111,20400;-1,32118;-0,32061
111,21401;-1,32135;-0,32057
111,22401;-1,32152;-0,32072
111,23401;-1,32169;-0,32075
111,24400;-1,32186;-0,32084
111,25401;-1,32198;-0,32064
111,26401;-1,32215;-0,32057
111,27400;-1,32232;-0,32070
111,28401;-1,32249;-0,32049
111,29401;-1,32266;-0,32092
111,30401;-1,32283;-0,32068
111,31400;-1,32300;-0,32102
111,32401;-1,32317;-0,32068
111,33401;-1,32334;-0,32095
111,34400;-1,32351;-0,32063
111,35400;-1,32368;-0,32075
111,36401;-1,32385;-0,32067
111,37401;-1,32396;-0,32065
111,38400;-1,32413;-0,32094
111,39401;-1,32430;-0,32084
111,40401;-1,32447;-0,32114
111,41401;-1,32464;-0,32080
111,42400;-1,32481;-0,32125
111,43401;-1,32498;-0,32069
111,44401;-1,32515;-0,32110
111,45400;-1,32532;-0,32075
111,46401;-1,32549;-0,32086
111,47401;-1,32566;-0,32094
111,48401;-1,32583;-0,32107
111,49400;-1,32600;-0,32114
111,50401;-1,32617;-0,32105
111,51401;-1,32634;-0,32120
111,52400;-1,32645;-0,32077
111,53401;-1,32662;-0,32112
111,54401;-1,32679;-0,32088
111,55401;-1,32696;-0,32105
111,56400;-1,32708;-0,32085
111,57401;-1,32725;-0,32132
111,58401;-1,32742;-0,32104
111,59400;-1,32759;-0,32129
111,60400;-1,32776;-0,32102
111,61401;-1,32793;-0,32110
111,62401;-1,32810;-0,32105
111,63400;-1,32827;-0,32114
111,64401;-1,32849;-0,32120
111,65401;-1,32861;-0,32118
111,66401;-1,32878;-0,32125
111,67400;-1,32895;-0,32115
111,68401;-1,32906;-0,32139
111,69401;-1,32923;-0,32101
111,70400;-1,32940;-0,32137
111,71401;-1,32957;-0,32100
111,72401;-1,32974;-0,32137
111,73401;-1,32991;-0,32107
111,74400;-1,33014;-0,32146
111,75401;-1,33031;-0,32128
111,76401;-1,33048;-0,32139
111,77400;-1,33065;-0,32136
111,78401;-1,33082;-0,32130
111,79401;-1,33099;-0,32133
111,80401;-1,33116;-0,32114
111,81400;-1,33133;-0,32148
111,82401;-1,33150;-0,32109
111,83401;-1,33167;-0,32165
111,84400;-1,33184;-0,32131
111,85400;-1,33195;-0,32154
111,86401;-1,33212;-0,32144
111,87401;-1,33229;-0,32140
111,88400;-1,33240;-0,32132
111,89401;-1,33257;-0,32129
111,90401;-1,33274;-0,32148
111,91401;-1,33291;-0,32125
111,92400;-1,33308;-0,32181
111,93401;-1,33325;-0,32136
111,94401;-1,33348;-0,32167
111,95400;-1,33365;-0,32134
111,96401;-1,33382;-0,32163
111,97401;-1,33399;-0,32137
111,98401;-1,33422;-0,32160
111,99400;-1,33439;-0,32160
112,00401;-1,33456;-0,32153
112,01401;-1,33473;-0,32179
112,02400;-1,33484;-0,32150
112,03401;-1,33501;-0,32176
112,04401;-1,33518;-0,32136
112,05401;-1,33535;-0,32172
112,06400;-1,33552;-0,32136
112,07401;-1,33569;-0,32177
112,08401;-1,33592;-0,32152
112,09400;-1,33603;-0,32191
112,10400;-1,33626;-0,32172
112,11401;-1,33643;-0,32188
112,12401;-1,33654;-0,32181
112,13400;-1,33671;-0,32163
112,14401;-1,33688;-0,32175
112,15401;-1,33705;-0,32150
112,16401;-1,33722;-0,32182
112,17400;-1,33739;-0,32165
112,18401;-1,33756;-0,32196
112,19401;-1,33767;-0,32172
112,20400;-1,33784;-0,32214
112,21401;-1,33801;-0,32171
112,22401;-1,33813;-0,32193
112,23401;-1,33830;-0,32169
112,24400;-1,33847;-0,32172
112,25401;-1,33864;-0,32180
112,26401;-1,33881;-0,32185
112,27400;-1,33898;-0,32194
112,28401;-1,33915;-0,32188
112,29401;-1,33932;-0,32227
112,30401;-1,33949;-0,32194
112,31400;-1,33960;-0,32209
112,32401;-1,33977;-0,32176
112,33401;-1,33994;-0,32200
112,34400;-1,34005;-0,32178
112,35400;-1,34022;-0,32204
112,36401;-1,34039;-0,32194
112,37401;-1,34056;-0,32204
112,38400;-1,34073;-0,32215
112,39401;-1,34096;-0,32203
112,40401;-1,34113;-0,32207
112,41401;-1,34130;-0,32187
112,42400;-1,34147;-0,32202
112,43401;-1,34170;-0,32190
112,44401;-1,34187;-0,32223
112,45400;-1,34204;-0,32202
112,46401;-1,34221;-0,32227
112,47401;-1,34238;-0,32221
112,48401;-1,34255;-0,32224
112,49400;-1,34272;-0,32220
112,50401;-1,34289;-0,32218
112,51401;-1,34300;-0,32216
112,52400;-1,34317;-0,32230
112,53401;-1,34334;-0,32237
112,54401;-1,34345;-0,32229
112,55401;-1,34362;-0,32241
112,56400;-1,34379;-0,32224
112,57401;-1,34396;-0,32228
112,58401;-1,34413;-0,32224
112,59400;-1,34430;-0,32223
112,60400;-1,34447;-0,32214
112,61401;-1,34464;-0,32235
112,62401;-1,34481;-0,32235
112,63400;-1,34504;-0,32249
112,64401;-1,34515;-0,32240
112,65401;-1,34532;-0,32239
112,66401;-1,34549;-0,32231
112,67400;-1,34566;-0,32248
112,68401;-1,34583;-0,32241
112,69401;-1,34600;-0,32230
112,70400;-1,34617;-0,32246
112,71401;-1,34629;-0,32240
112,72401;-1,34646;-0,32258
112,73401;-1,34663;-0,32252
112,74400;-1,34680;-0,32255
112,75401;-1,34702;-0,32226
112,76401;-1,34719;-0,32259
112,77400;-1,34736;-0,32237
112,78401;-1,34753;-0,32258
112,79401;-1,34770;-0,32257
112,80401;-1,34787;-0,32260
112,81400;-1,34804;-0,32261
112,82401;-1,34821;-0,32265
112,83401;-1,34838;-0,32273
112,84400;-1,34855;-0,32251
112,85400;-1,34872;-0,32272
112,86401;-1,34884;-0,32248
112,87401;-1,34901;-0,32277
112,88400;-1,34918;-0,32257
112,89401;-1,34935;-0,32275
112,90401;-1,34952;-0,32255
112,91401;-1,34969;-0,32277
112,92400;-1,34986;-0,32270
112,93401;-1,35003;-0,32278
112,94401;-1,35020;-0,32278
112,95400;-1,35037;-0,32270
112,96401;-1,35054;-0,32279
112,97401;-1,35065;-0,32267
112,98401;-1,35076;-0,32283
112,99400;-1,35093;-0,32249
113,00401;-1,35110;-0,32292
113,01401;-1,35122;-0,32272
113,02400;-1,35139;-0,32297
113,03401;-1,35156;-0,32290
113,04401;-1,35178;-0,32300
113,05401;-1,35195;-0,32293
113,06400;-1,35212;-0,32291
113,07401;-1,35229;-0,32293
113,08401;-1,35246;-0,32268
113,09400;-1,35263;-0,32286
113,10400;-1,35280;-0,32275
113,11401;-1,35297;-0,32292
113,12401;-1,35314;-0,32286
113,13400;-1,35331;-0,32303
113,14401;-1,35348;-0,32289
113,15401;-1,35365;-0,32306
113,16401;-1,35377;-0,32302
113,17400;-1,35394;-0,32295
113,18401;-1,35411;-0,32310
113,19401;-1,35422;-0,32291
113,20400;-1,35439;-0,32308
113,21401;-1,35456;-0,32300
113,22401;-1,35473;-0,32312
113,23401;-1,35490;-0,32302
113,24400;-1,35513;-0,32324
113,25401;-1,35530;-0,32297
113,26401;-1,35547;-0,32326
113,27400;-1,35569;-0,32301
113,28401;-1,35586;-0,32316
113,29401;-1,35603;-0,32310
113,30401;-1,35620;-0,32314
113,31400;-1,35637;-0,32312
113,32401;-1,35654;-0,32313
113,33401;-1,35671;-0,32316
113,34400;-1,35688;-0,32313
113,35400;-1,35700;-0,32323
113,36401;-1,35722;-0,32316
113,37401;-1,35739;-0,32343
113,38400;-1,35756;-0,32321
113,39401;-1,35773;-0,32345
113,40401;-1,35790;-0,32315
113,41401;-1,35807;-0,32328
113,42400;-1,35824;-0,32329
113,43401;-1,35841;-0,32321
113,44401;-1,35858;-0,32329
113,45400;-1,35875;-0,32328
113,46401;-1,35887;-0,32338
113,47401;-1,35904;-0,32334
113,48401;-1,35921;-0,32358
113,49400;-1,35938;-0,32327
113,50401;-1,35949;-0,32351
113,51401;-1,35966;-0,32329
113,52400;-1,35983;-0,32338
113,53401;-1,35994;-0,32338
113,54401;-1,36011;-0,32331
113,55401;-1,36028;-0,32341
113,56400;-1,36045;-0,32335
113,57401;-1,36062;-0,32353
113,58401;-1,36079;-0,32345
113,59400;-1,36096;-0,32355
113,60400;-1,36113;-0,32342
113,61401;-1,36130;-0,32357
113,62401;-1,36142;-0,32347
113,63400;-1,36159;-0,32354
113,64401;-1,36176;-0,32343
113,65401;-1,36187;-0,32347
113,66401;-1,36210;-0,32353
113,67400;-1,36227;-0,32351
113,68401;-1,36244;-0,32348
113,69401;-1,36261;-0,32358
113,70400;-1,36278;-0,32349
113,71401;-1,36300;-0,32363
113,72401;-1,36317;-0,32364
113,73401;-1,36334;-0,32356
113,74400;-1,36351;-0,32367
113,75401;-1,36368;-0,32363
113,76401;-1,36385;-0,32357
113,77400;-1,36402;-0,32359
113,78401;-1,36419;-0,32367
113,79401;-1,36436;-0,32346
113,80401;-1,36453;-0,32378
113,81400;-1,36470;-0,32371
113,82401;-1,36482;-0,32374
113,83401;-1,36499;-0,32385
113,84400;-1,36516;-0,32375
113,85400;-1,36527;-0,32372
113,86401;-1,36544;-0,32371
113,87401;-1,36561;-0,32392
113,88400;-1,36578;-0,32371
113,89401;-1,36595;-0,32397
113,90401;-1,36612;-0,32376
113,91401;-1,36635;-0,32392
113,92400;-1,36652;-0,32378
113,93401;-1,36669;-0,32400
113,94401;-1,36686;-0,32384
113,95400;-1,36703;-0,32389
113,96401;-1,36714;-0,32397
113,97401;-1,36731;-0,32382
113,98401;-1,36748;-0,32398
113,99400;-1,36765;-0,32381
114,00401;-1,36776;-0,32394
114,01401;-1,36793;-0,32384
114,02400;-1,36810;-0,32408
114,03401;-1,36833;-0,32387
114,04401;-1,36844;-0,32415
114,05401;-1,36867;-0,32394
114,06400;-1,36884;-0,32420
114,07401;-1,36901;-0,32406
114,08401;-1,36918;-0,32400
114,09400;-1,36935;-0,32401
114,10400;-1,36952;-0,32398
114,11401;-1,36963;-0,32402
114,12401;-1,36980;-0,32395
114,13400;-1,36997;-0,32410
114,14401;-1,37014;-0,32403
114,15401;-1,37031;-0,32412
114,16401;-1,37048;-0,32396
114,17400;-1,37060;-0,32410
114,18401;-1,37077;-0,32398
114,19401;-1,37094;-0,32424
114,20400;-1,37111;-0,32422
114,21401;-1,37128;-0,32420
114,22401;-1,37145;-0,32427
114,23401;-1,37162;-0,32416
114,24400;-1,37179;-0,32417
114,25401;-1,37201;-0,32410
114,26401;-1,37213;-0,32411
114,27400;-1,37230;-0,32399
114,28401;-1,37241;-0,32435
114,29401;-1,37258;-0,32417
114,30401;-1,37269;-0,32440
114,31400;-1,37286;-0,32429
114,32401;-1,37303;-0,32431
114,33401;-1,37326;-0,32439
114,34400;-1,37343;-0,32428
114,35400;-1,37360;-0,32421
114,36401;-1,37383;-0,32410
114,37401;-1,37400;-0,32432
114,38400;-1,37417;-0,32420
114,39401;-1,37434;-0,32445
114,40401;-1,37451;-0,32423
114,41401;-1,37468;-0,32445
114,42400;-1,37485;-0,32431
114,43401;-1,37502;-0,32444
114,44401;-1,37519;-0,32436
114,45400;-1,37536;-0,32428
114,46401;-1,37547;-0,32444
114,47401;-1,37564;-0,32432
114,48401;-1,37581;-0,32467
114,49400;-1,37592;-0,32426
114,50401;-1,37609;-0,32454
114,51401;-1,37626;-0,32439
114,52400;-1,37643;-0,32456
114,53401;-1,37660;-0,32448
114,54401;-1,37683;-0,32464
114,55401;-1,37700;-0,32453
114,56400;-1,37717;-0,32455
114,57401;-1,37734;-0,32469
114,58401;-1,37757;-0,32443
114,59400;-1,37774;-0,32464
114,60400;-1,37791;-0,32435
114,61401;-1,37808;-0,32464
114,62401;-1,37819;-0,32444
114,63400;-1,37836;-0,32471
114,64401;-1,37853;-0,32460
114,65401;-1,37870;-0,32465
114,66401;-1,37887;-0,32468
114,67400;-1,37904;-0,32464
114,68401;-1,37921;-0,32467
114,69401;-1,37938;-0,32448
114,70400;-1,37955;-0,32460
114,71401;-1,37972;-0,32442
114,72401;-1,37989;-0,32479
114,73401;-1,38006;-0,32451
114,74400;-1,38023;-0,32485
114,75401;-1,38034;-0,32456
114,76401;-1,38051;-0,32471
114,77400;-1,38068;-0,32468
114,78401;-1,38085;-0,32471
114,79401;-1,38102;-0,32460
114,80401;-1,38114;-0,32472
114,81400;-1,38131;-0,32480
114,82401;-1,38148;-0,32469
114,83401;-1,38159;-0,32494
114,84400;-1,38176;-0,32463
114,85400;-1,38193;-0,32485
114,86401;-1,38210;-0,32471
114,87401;-1,38227;-0,32485
114,88400;-1,38244;-0,32466
114,89401;-1,38261;-0,32490
114,90401;-1,38278;-0,32471
114,91401;-1,38295;-0,32484
114,92400;-1,38306;-0,32480
114,93401;-1,38323;-0,32470
114,94401;-1,38340;-0,32474
114,95400;-1,38352;-0,32472
114,96401;-1,38374;-0,32493
114,97401;-1,38391;-0,32477
114,98401;-1,38408;-0,32504
114,99400;-1,38425;-0,32486
115,00401;-1,38448;-0,32502
115,01401;-1,38465;-0,32484
115,02400;-1,38482;-0,32505
115,03401;-1,38499;-0,32476
115,04401;-1,38522;-0,32501
115,05401;-1,38539;-0,32479
115,06400;-1,38556;-0,32491
115,07401;-1,38573;-0,32498
115,08401;-1,38590;-0,32496
115,09400;-1,38601;-0,32500
115,10400;-1,38618;-0,32494
115,11401;-1,38629;-0,32494
115,12401;-1,38646;-0,32486
115,13400;-1,38663;-0,32501
115,14401;-1,38680;-0,32484
115,15401;-1,38697;-0,32521
115,16401;-1,38714;-0,32490
115,17400;-1,38731;-0,32526
115,18401;-1,38748;-0,32514
115,19401;-1,38765;-0,32517
115,20400;-1,38788;-0,32512
115,21401;-1,38805;-0,32508
115,22401;-1,38822;-0,32506
115,23401;-1,38839;-0,32516
115,24400;-1,38856;-0,32515
115,25401;-1,38867;-0,32495
115,26401;-1,38884;-0,32523
115,27400;-1,38901;-0,32503
115,28401;-1,38918;-0,32532
115,29401;-1,38935;-0,32509
115,30401;-1,38952;-0,32526
115,31400;-1,38969;-0,32515
115,32401;-1,38986;-0,32522
115,33401;-1,39003;-0,32530
115,34400;-1,39020;-0,32519
115,35400;-1,39037;-0,32524
115,36401;-1,39054;-0,32508
115,37401;-1,39071;-0,32534
115,38400;-1,39088;-0,32502
115,39401;-1,39105;-0,32535
115,40401;-1,39122;-0,32508
115,41401;-1,39139;-0,32529
115,42400;-1,39156;-0,32526
115,43401;-1,39173;-0,32535
115,44401;-1,39190;-0,32524
115,45400;-1,39202;-0,32521
115,46401;-1,39219;-0,32524
115,47401;-1,39236;-0,32514
115,48401;-1,39253;-0,32541
115,49400;-1,39264;-0,32511
115,50401;-1,39281;-0,32538
115,51401;-1,39298;-0,32528
115,52400;-1,39315;-0,32552
115,53401;-1,39332;-0,32524
115,54401;-1,39349;-0,32548
115,55401;-1,39366;-0,32534
115,56400;-1,39383;-0,32534
115,57401;-1,39400;-0,32541
115,58401;-1,39411;-0,32528
115,59400;-1,39428;-0,32537
115,60400;-1,39440;-0,32531
115,61401;-1,39457;-0,32552
115,62401;-1,39474;-0,32537
115,63400;-1,39491;-0,32556
115,64401;-1,39513;-0,32536
115,65401;-1,39530;-0,32551
115,66401;-1,39547;-0,32551
115,67400;-1,39564;-0,32547
115,68401;-1,39581;-0,32549
115,69401;-1,39598;-0,32538
115,70400;-1,39615;-0,32545
115,71401;-1,39632;-0,32527
115,72401;-1,39649;-0,32564
115,73401;-1,39666;-0,32528
115,74400;-1,39683;-0,32559
115,75401;-1,39700;-0,32541
115,76401;-1,39712;-0,32559
115,77400;-1,39729;-0,32553
115,78401;-1,39746;-0,32559
115,79401;-1,39763;-0,32548
115,80401;-1,39780;-0,32546
115,81400;-1,39797;-0,32565
115,82401;-1,39814;-0,32545
115,83401;-1,39831;-0,32571
115,84400;-1,39848;-0,32544
115,85400;-1,39870;-0,32578
115,86401;-1,39887;-0,32559
115,87401;-1,39904;-0,32573
115,88400;-1,39921;-0,32554
115,89401;-1,39938;-0,32565
115,90401;-1,39955;-0,32560
115,91401;-1,39972;-0,32561
115,92400;-1,39989;-0,32564
115,93401;-1,40006;-0,32556
115,94401;-1,40018;-0,32580
115,95400;-1,40040;-0,32561
115,96401;-1,40052;-0,32591
115,97401;-1,40069;-0,32548
115,98401;-1,40086;-0,32572
115,99400;-1,40103;-0,32559
116,00401;-1,40120;-0,32572
116,01401;-1,40137;-0,32564
116,02400;-1,40154;-0,32578
116,03401;-1,40171;-0,32578
116,04401;-1,40188;-0,32577
116,05401;-1,40205;-0,32590
116,06400;-1,40222;-0,32564
116,07401;-1,40239;-0,32596
116,08401;-1,40256;-0,32564
116,09400;-1,40267;-0,32584
116,10400;-1,40284;-0,32559
116,11401;-1,40301;-0,32576
116,12401;-1,40318;-0,32570
116,13400;-1,40329;-0,32592
116,14401;-1,40346;-0,32575
116,15401;-1,40363;-0,32580
116,16401;-1,40380;-0,32588
116,17400;-1,40397;-0,32570
116,18401;-1,40414;-0,32592
116,19401;-1,40431;-0,32569
116,20400;-1,40448;-0,32593
116,21401;-1,40465;-0,32563
116,22401;-1,40477;-0,32600
116,23401;-1,40494;-0,32570
116,24400;-1,40505;-0,32596
116,25401;-1,40522;-0,32576
116,26401;-1,40545;-0,32604
116,27400;-1,40562;-0,32587
116,28401;-1,40579;-0,32594
116,29401;-1,40596;-0,32594
116,30401;-1,40618;-0,32577
116,31400;-1,40635;-0,32600
116,32401;-1,40652;-0,32579
116,33401;-1,40669;-0,32604
116,34400;-1,40686;-0,32582
116,35400;-1,40703;-0,32605
116,36401;-1,40720;-0,32577
116,37401;-1,40737;-0,32601
116,38400;-1,40754;-0,32576
116,39401;-1,40771;-0,32599
116,40401;-1,40783;-0,32595
116,41401;-1,40800;-0,32594
116,42400;-1,40817;-0,32607
116,43401;-1,40834;-0,32601
116,44401;-1,40851;-0,32613
116,45400;-1,40862;-0,32590
116,46401;-1,40879;-0,32612
116,47401;-1,40896;-0,32593
116,48401;-1,40919;-0,32613
116,49400;-1,40936;-0,32595
116,50401;-1,40953;-0,32608
116,51401;-1,40970;-0,32591
116,52400;-1,40987;-0,32601
116,53401;-1,41004;-0,32602
116,54401;-1,41021;-0,32597
116,55401;-1,41032;-0,32596
116,56400;-1,41049;-0,32606
116,57401;-1,41066;-0,32612
116,58401;-1,41083;-0,32594
116,59400;-1,41100;-0,32619
116,60400;-1,41117;-0,32603
116,61401;-1,41134;-0,32620
116,62401;-1,41151;-0,32620
116,63400;-1,41168;-0,32618
116,64401;-1,41185;-0,32613
116,65401;-1,41202;-0,32622
116,66401;-1,41225;-0,32615
116,67400;-1,41242;-0,32617
116,68401;-1,41259;-0,32618
116,69401;-1,41276;-0,32607
116,70400;-1,41293;-0,32626
116,71401;-1,41310;-0,32611
116,72401;-1,41327;-0,32627
116,73401;-1,41338;-0,32603
116,74400;-1,41355;-0,32619
116,75401;-1,41372;-0,32605
116,76401;-1,41383;-0,32620
116,77400;-1,41400;-0,32615
116,78401;-1,41417;-0,32623
116,79401;-1,41434;-0,32614
116,80401;-1,41451;-0,32625
116,81400;-1,41468;-0,32626
116,82401;-1,41485;-0,32616
116,83401;-1,41502;-0,32637
116,84400;-1,41519;-0,32614
116,85400;-1,41531;-0,32636
116,86401;-1,41548;-0,32617
116,87401;-1,41559;-0,32621
116,88400;-1,41576;-0,32613
116,89401;-1,41587;-0,32627
116,90401;-1,41604;-0,32617
116,91401;-1,41621;-0,32634
116,92400;-1,41644;-0,32635
116,93401;-1,41661;-0,32638
116,94401;-1,41678;-0,32652
116,95400;-1,41695;-0,32639
116,96401;-1,41718;-0,32654
116,97401;-1,41735;-0,32624
116,98401;-1,41752;-0,32636
116,99400;-1,41769;-0,32626
117,00401;-1,41786;-0,32639
117,01401;-1,41803;-0,32620
117,02400;-1,41820;-0,32645
117,03401;-1,41837;-0,32631
117,04401;-1,41854;-0,32646
117,05401;-1,41865;-0,32640
117,06400;-1,41882;-0,32630
117,07401;-1,41899;-0,32637
117,08401;-1,41916;-0,32626
117,09400;-1,41933;-0,32649
117,10400;-1,41944;-0,32633
117,11401;-1,41961;-0,32653
117,12401;-1,41984;-0,32646
117,13400;-1,42001;-0,32655
117,14401;-1,42018;-0,32644
117,15401;-1,42035;-0,32656
117,16401;-1,42052;-0,32631
117,17400;-1,42069;-0,32638
117,18401;-1,42086;-0,32647
117,19401;-1,42103;-0,32638
117,20400;-1,42120;-0,32649
117,21401;-1,42137;-0,32635
117,22401;-1,42154;-0,32646
117,23401;-1,42171;-0,32640
117,24400;-1,42188;-0,32645
117,25401;-1,42205;-0,32637
117,26401;-1,42222;-0,32648
117,27400;-1,42239;-0,32641
117,28401;-1,42256;-0,32657
117,29401;-1,42273;-0,32646
117,30401;-1,42290;-0,32650
117,31400;-1,42307;-0,32665
117,32401;-1,42324;-0,32647
117,33401;-1,42341;-0,32672
117,34400;-1,42352;-0,32658
117,35400;-1,42369;-0,32657
117,36401;-1,42386;-0,32655
117,37401;-1,42403;-0,32662
117,38400;-1,42420;-0,32644
117,39401;-1,42437;-0,32657
117,40401;-1,42449;-0,32645
117,41401;-1,42466;-0,32648
117,42400;-1,42477;-0,32653
117,43401;-1,42494;-0,32661
117,44401;-1,42511;-0,32670
117,45400;-1,42528;-0,32660
117,46401;-1,42545;-0,32665
117,47401;-1,42562;-0,32659
117,48401;-1,42579;-0,32660
117,49400;-1,42596;-0,32654
117,50401;-1,42613;-0,32648
117,51401;-1,42624;-0,32643
117,52400;-1,42641;-0,32661
117,53401;-1,42653;-0,32656
117,54401;-1,42670;-0,32665
117,55401;-1,42692;-0,32662
117,56400;-1,42709;-0,32656
117,57401;-1,42726;-0,32665
117,58401;-1,42749;-0,32667
117,59401;-1,42766;-0,32649
117,60400;-1,42783;-0,32659
117,61401;-1,42800;-0,32666
117,62401;-1,42817;-0,32665
117,63400;-1,42840;-0,32675
117,64401;-1,42857;-0,32660
117,65401;-1,42874;-0,32661
117,66401;-1,42891;-0,32668
117,67400;-1,42908;-0,32666
117,68401;-1,42919;-0,32664
117,69401;-1,42936;-0,32662
117,70400;-1,42947;-0,32664
117,71401;-1,42964;-0,32681
117,72401;-1,42981;-0,32672
117,73401;-1,42998;-0,32688
117,74400;-1,43010;-0,32667
117,75401;-1,43032;-0,32675
117,76401;-1,43049;-0,32668
117,77400;-1,43066;-0,32670
117,78401;-1,43083;-0,32667
117,79401;-1,43100;-0,32676
117,80401;-1,43123;-0,32667
117,81400;-1,43134;-0,32677
117,82401;-1,43151;-0,32677
117,83401;-1,43168;-0,32665
117,84401;-1,43185;-0,32677
117,85400;-1,43202;-0,32661
117,86401;-1,43219;-0,32683
117,87401;-1,43236;-0,32667
117,88400;-1,43253;-0,32683
117,89401;-1,43270;-0,32676
117,90401;-1,43287;-0,32681
117,91401;-1,43304;-0,32673
117,92400;-1,43321;-0,32680
117,93401;-1,43338;-0,32668
117,94401;-1,43355;-0,32666
117,95400;-1,43372;-0,32679
117,96401;-1,43389;-0,32668
117,97401;-1,43406;-0,32695
117,98401;-1,43423;-0,32668
117,99400;-1,43440;-0,32691
118,00401;-1,43457;-0,32664
118,01401;-1,43474;-0,32683
118,02400;-1,43491;-0,32665
118,03401;-1,43508;-0,32678
118,04401;-1,43520;-0,32680
118,05401;-1,43537;-0,32675
118,06400;-1,43548;-0,32685
118,07401;-1,43565;-0,32678
118,08401;-1,43582;-0,32687
118,09401;-1,43599;-0,32665
118,10400;-1,43616;-0,32696
118,11401;-1,43633;-0,32664
118,12401;-1,43650;-0,32704
118,13400;-1,43667;-0,32678
118,14401;-1,43678;-0,32696
118,15401;-1,43695;-0,32686
118,16401;-1,43707;-0,32688
118,17400;-1,43724;-0,32671
118,18401;-1,43741;-0,32679
118,19401;-1,43752;-0,32680
118,20400;-1,43769;-0,32675
118,21401;-1,43792;-0,32702
118,22401;-1,43809;-0,32678
118,23401;-1,43826;-0,32710
118,24400;-1,43843;-0,32688
118,25401;-1,43865;-0,32704
118,26401;-1,43882;-0,32677
118,27400;-1,43899;-0,32694
118,28401;-1,43916;-0,32677
118,29401;-1,43933;-0,32694
118,30401;-1,43950;-0,32680
118,31400;-1,43967;-0,32693
118,32401;-1,43979;-0,32695
118,33401;-1,43996;-0,32688
118,34401;-1,44013;-0,32698
118,35400;-1,44030;-0,32679
118,36401;-1,44041;-0,32697
118,37401;-1,44058;-0,32676
118,38400;-1,44075;-0,32707
118,39401;-1,44092;-0,32680
118,40401;-1,44109;-0,32720
118,41401;-1,44132;-0,32682
118,42400;-1,44149;-0,32710
118,43401;-1,44166;-0,32695
118,44401;-1,44188;-0,32686
118,45400;-1,44205;-0,32696
118,46401;-1,44222;-0,32676
118,47401;-1,44234;-0,32695
118,48401;-1,44251;-0,32681
118,49400;-1,44268;-0,32710
118,50401;-1,44285;-0,32677
118,51401;-1,44302;-0,32719
118,52400;-1,44324;-0,32683
118,53401;-1,44341;-0,32716
118,54401;-1,44358;-0,32689
118,55401;-1,44375;-0,32701
118,56400;-1,44392;-0,32698
118,57401;-1,44409;-0,32691
118,58401;-1,44426;-0,32710
118,59401;-1,44438;-0,32679
118,60400;-1,44455;-0,32706
118,61401;-1,44472;-0,32685
118,62401;-1,44489;-0,32713
118,63400;-1,44506;-0,32678
118,64401;-1,44523;-0,32719
118,65401;-1,44540;-0,32676
118,66401;-1,44551;-0,32711
118,67400;-1,44568;-0,32695
118,68401;-1,44585;-0,32685
118,69401;-1,44602;-0,32694
118,70400;-1,44613;-0,32680
118,71401;-1,44630;-0,32705
118,72401;-1,44647;-0,32687
118,73401;-1,44664;-0,32718
118,74400;-1,44676;-0,32684
118,75401;-1,44693;-0,32724
118,76401;-1,44710;-0,32683
118,77400;-1,44732;-0,32712
118,78401;-1,44749;-0,32679
118,79401;-1,44766;-0,32696
118,80401;-1,44783;-0,32694
118,81400;-1,44795;-0,32684
118,82401;-1,44812;-0,32706
118,83401;-1,44823;-0,32684
118,84401;-1,44840;-0,32706
118,85400;-1,44857;-0,32680
118,86401;-1,44874;-0,32713
118,87401;-1,44891;-0,32671
118,88400;-1,44914;-0,32720
118,89401;-1,44931;-0,32679
118,90401;-1,44948;-0,32711
118,91401;-1,44965;-0,32690
118,92400;-1,44982;-0,32700
118,93401;-1,44999;-0,32699
118,94401;-1,45016;-0,32695
118,95400;-1,45033;-0,32702
118,96401;-1,45050;-0,32686
118,97401;-1,45067;-0,32712
118,98401;-1,45084;-0,32680
118,99400;-1,45101;-0,32724
119,00401;-1,45118;-0,32674
119,01401;-1,45135;-0,32722
119,02400;-1,45146;-0,32693
119,03401;-1,45163;-0,32713
119,04401;-1,45180;-0,32685
119,05401;-1,45197;-0,32706
119,06400;-1,45214;-0,32689
119,07401;-1,45231;-0,32697
119,08401;-1,45248;-0,32703
119,09401;-1,45265;-0,32680
119,10400;-1,45282;-0,32708
119,11401;-1,45299;-0,32672
119,12401;-1,45316;-0,32707
119,13400;-1,45333;-0,32677
119,14401;-1,45344;-0,32709
119,15401;-1,45361;-0,32685
119,16401;-1,45378;-0,32710
119,17400;-1,45401;-0,32680
119,18401;-1,45418;-0,32700
119,19401;-1,45435;-0,32688
119,20400;-1,45452;-0,32690
119,21401;-1,45469;-0,32701
119,22401;-1,45486;-0,32672
119,23401;-1,45503;-0,32703
119,24400;-1,45520;-0,32672
119,25401;-1,45537;-0,32702
119,26401;-1,45554;-0,32673
119,27400;-1,45571;-0,32697
119,28401;-1,45588;-0,32675
119,29401;-1,45605;-0,32695
119,30401;-1,45622;-0,32674
119,31400;-1,45639;-0,32685
119,32401;-1,45656;-0,32683
119,33401;-1,45667;-0,32681
119,34401;-1,45684;-0,32694
119,35400;-1,45701;-0,32677
119,36401;-1,45718;-0,32696
119,37401;-1,45735;-0,32674
119,38400;-1,45747;-0,32694
119,39401;-1,45769;-0,32656
119,40401;-1,45786;-0,32688
119,41401;-1,45798;-0,32661
119,42400;-1,45820;-0,32692
119,43401;-1,45832;-0,32670
119,44401;-1,45849;-0,32684
119,45400;-1,45866;-0,32682
119,46401;-1,45877;-0,32677
119,47401;-1,45894;-0,32686
119,48401;-1,45905;-0,32661
119,49400;-1,45922;-0,32681
119,50401;-1,45939;-0,32669
119,51401;-1,45956;-0,32683
119,52400;-1,45979;-0,32673
119,53401;-1,45996;-0,32683
119,54401;-1,46013;-0,32670
119,55401;-1,46030;-0,32681
119,56400;-1,46047;-0,32676
119,57401;-1,46064;-0,32657
119,58401;-1,46081;-0,32671
119,59401;-1,46098;-0,32662
119,60400;-1,46115;-0,32672
119,61401;-1,46132;-0,32660
119,62401;-1,46149;-0,32667
119,63400;-1,46166;-0,32659
119,64401;-1,46177;-0,32659
119,65401;-1,46194;-0,32663
119,66401;-1,46211;-0,32655
119,67400;-1,46228;-0,32654
119,68401;-1,46245;-0,32659
119,69401;-1,46262;-0,32671
119,70400;-1,46279;-0,32655
119,71401;-1,46296;-0,32673
119,72401;-1,46319;-0,32651
119,73401;-1,46336;-0,32670
119,74400;-1,46353;-0,32645
119,75401;-1,46370;-0,32662
119,76401;-1,46387;-0,32644
119,77400;-1,46404;-0,32646
119,78401;-1,46421;-0,32650
119,79401;-1,46438;-0,32645
119,80401;-1,46455;-0,32653
119,81400;-1,46472;-0,32648
119,82401;-1,46489;-0,32660
119,83401;-1,46506;-0,32641
119,84401;-1,46523;-0,32670
119,85400;-1,46540;-0,32627
119,86401;-1,46557;-0,32667
119,87401;-1,46574;-0,32629
119,88400;-1,46591;-0,32651
119,89401;-1,46608;-0,32636
119,90401;-1,46625;-0,32641
119,91401;-1,46642;-0,32633
119,92400;-1,46659;-0,32634
119,93401;-1,46670;-0,32643
119,94401;-1,46687;-0,32626
119,95400;-1,46704;-0,32665
119,96401;-1,46716;-0,32621
119,97401;-1,46733;-0,32649
119,98401;-1,46750;-0,32605
119,99400;-1,46767;-0,32643
120,00401;-1,46778;-0,32603
120,01401;-1,46795;-0,32630
120,02400;-1,46812;-0,32616
120,03401;-1,46829;-0,32620
120,04401;-1,46846;-0,32627
120,05401;-1,46863;-0,32619
120,06400;-1,46880;-0,32634
120,07401;-1,46897;-0,32597
120,08401;-1,46914;-0,32638
120,09401;-1,46931;-0,32598
120,10400;-1,46948;-0,32629
120,11401;-1,46959;-0,32584
120,12401;-1,46976;-0,32616
120,13400;-1,46993;-0,32592
120,14401;-1,47010;-0,32624
120,15401;-1,47027;-0,32612
120,16401;-1,47044;-0,32611
120,17400;-1,47061;-0,32617
120,18401;-1,47084;-0,32595
120,19401;-1,47101;-0,32617
120,20400;-1,47118;-0,32590
120,21401;-1,47135;-0,32606
120,22401;-1,47152;-0,32581
120,23401;-1,47169;-0,32620
120,24400;-1,47186;-0,32576
120,25401;-1,47203;-0,32603
120,26401;-1,47220;-0,32581
120,27400;-1,47237;-0,32590
120,28401;-1,47248;-0,32579
120,29401;-1,47265;-0,32584
120,30401;-1,47282;-0,32582
120,31400;-1,47294;-0,32563
120,32401;-1,47311;-0,32586
120,33401;-1,47328;-0,32568
120,34401;-1,47345;-0,32594
120,35400;-1,47362;-0,32563
120,36401;-1,47379;-0,32588
120,37401;-1,47401;-0,32556
120,38400;-1,47418;-0,32587
120,39401;-1,47435;-0,32557
120,40401;-1,47452;-0,32570
120,41401;-1,47464;-0,32561
120,42400;-1,47481;-0,32560
120,43401;-1,47498;-0,32564
120,44401;-1,47515;-0,32546
120,45400;-1,47532;-0,32561
120,46401;-1,47549;-0,32540
120,47401;-1,47566;-0,32562
120,48401;-1,47583;-0,32535
120,49400;-1,47605;-0,32557
120,49600;-1,47605;-0,32552
120,49801;-1,47611;-0,32545
120,50800;-1,47622;-0,32547
120,51801;-1,47628;-0,32521
120,52801;-1,47634;-0,32523
120,53800;-1,47634;-0,32505
120,54801;-1,47634;-0,32520
120,55801;-1,47622;-0,32507
120,56801;-1,47622;-0,32515
120,57800;-1,47617;-0,32502
120,58801;-1,47611;-0,32508
120,59801;-1,47611;-0,32501
120,60801;-1,47600;-0,32501
120,61800;-1,47594;-0,32507
120,62801;-1,47588;-0,32491
120,63801;-1,47577;-0,32508
120,64800;-1,47566;-0,32484
120,65801;-1,47554;-0,32489
120,66801;-1,47537;-0,32473
120,67801;-1,47520;-0,32481
120,68800;-1,47503;-0,32457
120,69801;-1,47481;-0,32473
120,70801;-1,47452;-0,32455
120,71800;-1,47424;-0,32457
120,72801;-1,47396;-0,32464
120,73801;-1,47362;-0,32450
120,74801;-1,47333;-0,32460
120,75800;-1,47299;-0,32450
120,76801;-1,47265;-0,32465
120,77801;-1,47231;-0,32443
120,78800;-1,47203;-0,32463
120,79801;-1,47175;-0,32445
120,80801;-1,47146;-0,32467
120,81801;-1,47124;-0,32444
120,82800;-1,47095;-0,32468
120,83801;-1,47073;-0,32437
120,84801;-1,47050;-0,32461
120,85801;-1,47027;-0,32451
120,86800;-1,47005;-0,32443
120,87801;-1,46982;-0,32451
120,88801;-1,46965;-0,32440
120,89800;-1,46942;-0,32456
120,90801;-1,46925;-0,32439
120,91801;-1,46908;-0,32452
120,92801;-1,46891;-0,32422
120,93800;-1,46874;-0,32454
120,94801;-1,46857;-0,32435
120,95801;-1,46840;-0,32450
120,96800;-1,46823;-0,32439
120,97801;-1,46806;-0,32433
120,98801;-1,46789;-0,32442
120,99801;-1,46772;-0,32443
121,00800;-1,46755;-0,32435
121,01801;-1,46738;-0,32430
121,02801;-1,46721;-0,32444
121,03800;-1,46704;-0,32433
121,04801;-1,46687;-0,32449
121,05801;-1,46670;-0,32434
121,06801;-1,46653;-0,32437
121,07800;-1,46636;-0,32428
121,08801;-1,46619;-0,32449
121,09801;-1,46602;-0,32434
121,10801;-1,46591;-0,32434
121,11800;-1,46574;-0,32436
121,12801;-1,46557;-0,32438
121,13801;-1,46534;-0,32438
121,14800;-1,46517;-0,32437
121,15801;-1,46500;-0,32447
121,16801;-1,46483;-0,32425
121,17801;-1,46466;-0,32452
121,18800;-1,46449;-0,32433
121,19801;-1,46432;-0,32435
121,20801;-1,46415;-0,32428
121,21800;-1,46393;-0,32450
121,22801;-1,46376;-0,32430
121,23801;-1,46359;-0,32457
121,24801;-1,46342;-0,32430
121,25800;-1,46325;-0,32435
121,26801;-1,46313;-0,32451
121,27801;-1,46296;-0,32436
121,28800;-1,46279;-0,32446
121,29801;-1,46262;-0,32425
121,30801;-1,46245;-0,32446
121,31801;-1,46228;-0,32428
121,32800;-1,46211;-0,32448
121,33801;-1,46194;-0,32411
121,34801;-1,46177;-0,32444
121,35801;-1,46160;-0,32419
121,36800;-1,46143;-0,32443
121,37801;-1,46126;-0,32428
121,38801;-1,46115;-0,32437
121,39800;-1,46098;-0,32433
121,40801;-1,46081;-0,32432
121,41801;-1,46070;-0,32449
121,42801;-1,46053;-0,32428
121,43800;-1,46036;-0,32447
121,44801;-1,46019;-0,32420
121,45801;-1,46002;-0,32445
121,46800;-1,45985;-0,32425
121,47801;-1,45968;-0,32448
121,48801;-1,45956;-0,32420
121,49801;-1,45939;-0,32441
121,50800;-1,45922;-0,32425
121,51801;-1,45905;-0,32431
121,52801;-1,45888;-0,32438
121,53800;-1,45871;-0,32426
121,54801;-1,45854;-0,32436
121,55801;-1,45837;-0,32426
121,56801;-1,45820;-0,32437
121,57800;-1,45809;-0,32422
121,58801;-1,45792;-0,32433
121,59801;-1,45775;-0,32407
121,60801;-1,45758;-0,32431
121,61800;-1,45741;-0,32420
121,62801;-1,45724;-0,32428
121,63801;-1,45707;-0,32421
121,64800;-1,45690;-0,32421
121,65801;-1,45673;-0,32423
121,66801;-1,45656;-0,32422
121,67801;-1,45639;-0,32424
121,68800;-1,45616;-0,32414
121,69801;-1,45599;-0,32422
121,70801;-1,45582;-0,32419
121,71800;-1,45565;-0,32416
121,72801;-1,45548;-0,32414
121,73801;-1,45531;-0,32419
121,74801;-1,45520;-0,32401
121,75800;-1,45503;-0,32421
121,76801;-1,45480;-0,32401
121,77801;-1,45463;-0,32405
121,78800;-1,45446;-0,32403
121,79801;-1,45429;-0,32408
121,80801;-1,45412;-0,32395
121,81801;-1,45395;-0,32404
121,82800;-1,45378;-0,32400
121,83801;-1,45361;-0,32399
121,84801;-1,45344;-0,32407
121,85801;-1,45327;-0,32394
121,86800;-1,45310;-0,32396
121,87801;-1,45293;-0,32391
121,88801;-1,45276;-0,32408
121,89800;-1,45265;-0,32391
121,90801;-1,45248;-0,32404
121,91801;-1,45231;-0,32407
121,92801;-1,45214;-0,32397
121,93800;-1,45203;-0,32408
121,94801;-1,45186;-0,32398
121,95801;-1,45169;-0,32391
121,96800;-1,45152;-0,32400
121,97801;-1,45129;-0,32402
121,98801;-1,45112;-0,32386
121,99801;-1,45095;-0,32407
122,00800;-1,45078;-0,32388
122,01801;-1,45061;-0,32407
122,02801;-1,45044;-0,32405
122,03800;-1,45027;-0,32398
122,04801;-1,45010;-0,32395
122,05801;-1,44993;-0,32392
122,06801;-1,44976;-0,32401
122,07800;-1,44959;-0,32387
122,08801;-1,44942;-0,32397
122,09801;-1,44925;-0,32386
122,10801;-1,44914;-0,32391
122,11800;-1,44897;-0,32395
122,12801;-1,44880;-0,32397
122,13801;-1,44863;-0,32388
122,14800;-1,44846;-0,32408
122,15801;-1,44829;-0,32394
122,16801;-1,44812;-0,32391
122,17801;-1,44795;-0,32396
122,18800;-1,44778;-0,32393
122,19801;-1,44761;-0,32385
122,20801;-1,44744;-0,32397
122,21800;-1,44732;-0,32386
122,22801;-1,44715;-0,32395
122,23801;-1,44698;-0,32392
122,24801;-1,44681;-0,32390
122,25800;-1,44664;-0,32387
122,26801;-1,44647;-0,32384
122,27801;-1,44630;-0,32392
122,28800;-1,44619;-0,32383
122,29801;-1,44602;-0,32391
122,30801;-1,44585;-0,32384
122,31801;-1,44568;-0,32394
122,32800;-1,44551;-0,32381
122,33801;-1,44534;-0,32396
122,34801;-1,44517;-0,32373
122,35801;-1,44500;-0,32388
122,36800;-1,44483;-0,32381
122,37801;-1,44466;-0,32378
122,38801;-1,44449;-0,32381
122,39800;-1,44432;-0,32379
122,40801;-1,44415;-0,32381
122,41801;-1,44398;-0,32386
122,42801;-1,44381;-0,32376
122,43800;-1,44364;-0,32372
122,44801;-1,44347;-0,32370
122,45801;-1,44330;-0,32364
122,46800;-1,44313;-0,32378
122,47801;-1,44296;-0,32370
122,48801;-1,44279;-0,32371
122,49801;-1,44262;-0,32379
122,50800;-1,44239;-0,32371
122,51801;-1,44228;-0,32371
122,52801;-1,44211;-0,32370
122,53800;-1,44194;-0,32366
122,54801;-1,44177;-0,32368
122,55801;-1,44160;-0,32374
122,56801;-1,44143;-0,32368
122,57800;-1,44132;-0,32374
122,58801;-1,44115;-0,32356
122,59801;-1,44098;-0,32375
122,60801;-1,44081;-0,32357
122,61800;-1,44064;-0,32367
122,62801;-1,44041;-0,32354
122,63801;-1,44024;-0,32359
122,64800;-1,44007;-0,32362
122,65801;-1,43990;-0,32364
122,66801;-1,43979;-0,32364
122,67801;-1,43962;-0,32361
122,68800;-1,43945;-0,32358
122,69801;-1,43933;-0,32346
122,70801;-1,43916;-0,32370
122,71800;-1,43899;-0,32344
122,72801;-1,43882;-0,32362
122,73801;-1,43865;-0,32351
122,74801;-1,43848;-0,32359
122,75800;-1,43831;-0,32352
122,76801;-1,43820;-0,32354
122,77801;-1,43803;-0,32350
122,78801;-1,43786;-0,32339
122,79801;-1,43769;-0,32356
122,80801;-1,43752;-0,32345
122,81801;-1,43735;-0,32354
122,82800;-1,43724;-0,32341
122,83801;-1,43707;-0,32355
122,84801;-1,43690;-0,32339
122,85801;-1,43673;-0,32352
122,86800;-1,43656;-0,32335
122,87801;-1,43639;-0,32339
122,88801;-1,43622;-0,32342
122,89800;-1,43605;-0,32338
122,90801;-1,43593;-0,32345
122,91801;-1,43576;-0,32329
122,92801;-1,43554;-0,32338
122,93800;-1,43537;-0,32330
122,94801;-1,43520;-0,32351
122,95801;-1,43503;-0,32335
122,96800;-1,43486;-0,32344
122,97801;-1,43469;-0,32332
122,98801;-1,43452;-0,32337
122,99801;-1,43435;-0,32333
123,00800;-1,43418;-0,32335
123,01801;-1,43401;-0,32343
123,02801;-1,43384;-0,32326
123,03801;-1,43367;-0,32346
123,04801;-1,43350;-0,32324
123,05801;-1,43333;-0,32340
123,06801;-1,43310;-0,32324
123,07800;-1,43299;-0,32335
123,08801;-1,43276;-0,32323
123,09801;-1,43265;-0,32335
123,10801;-1,43248;-0,32326
123,11800;-1,43231;-0,32320
123,12801;-1,43214;-0,32333
123,13801;-1,43197;-0,32326
123,14800;-1,43180;-0,32335
123,15801;-1,43163;-0,32323
123,16801;-1,43146;-0,32333
123,17801;-1,43129;-0,32312
123,18800;-1,43112;-0,32326
123,19801;-1,43095;-0,32322
123,20801;-1,43078;-0,32320
123,21800;-1,43066;-0,32327
123,22801;-1,43049;-0,32319
123,23801;-1,43032;-0,32326
123,24801;-1,43015;-0,32310
123,25800;-1,42998;-0,32324
123,26801;-1,42981;-0,32305
123,27801;-1,42964;-0,32334
123,28801;-1,42947;-0,32310
123,29801;-1,42930;-0,32324
123,30801;-1,42913;-0,32318
123,31801;-1,42896;-0,32317
123,32800;-1,42879;-0,32326
123,33801;-1,42862;-0,32309
123,34801;-1,42845;-0,32330
123,35801;-1,42828;-0,32303
123,36800;-1,42811;-0,32333
123,37801;-1,42794;-0,32293
123,38801;-1,42777;-0,32322
123,39800;-1,42760;-0,32299
123,40801;-1,42743;-0,32319
123,41801;-1,42726;-0,32307
123,42801;-1,42709;-0,32309
123,43800;-1,42692;-0,32304
123,44801;-1,42675;-0,32299
123,45801;-1,42664;-0,32316
123,46800;-1,42647;-0,32290
123,47801;-1,42630;-0,32321
123,48801;-1,42613;-0,32286
123,49801;-1,42596;-0,32311
123,50800;-1,42579;-0,32288
123,51801;-1,42562;-0,32310
123,52801;-1,42551;-0,32284
123,53801;-1,42534;-0,32312
123,54801;-1,42517;-0,32295
123,55801;-1,42500;-0,32299
123,56801;-1,42488;-0,32302
123,57800;-1,42471;-0,32288
123,58801;-1,42454;-0,32301
123,59801;-1,42437;-0,32281
123,60801;-1,42420;-0,32314
123,61800;-1,42403;-0,32266
123,62801;-1,42386;-0,32305
123,63801;-1,42369;-0,32277
123,64800;-1,42352;-0,32304
123,65801;-1,42335;-0,32286
123,66801;-1,42318;-0,32295
123,67801;-1,42307;-0,32275
123,68800;-1,42290;-0,32284
123,69801;-1,42273;-0,32291
123,70801;-1,42256;-0,32264
123,71800;-1,42239;-0,32297
123,72801;-1,42222;-0,32256
123,73801;-1,42205;-0,32298
123,74801;-1,42188;-0,32266
123,75800;-1,42171;-0,32290
123,76801;-1,42148;-0,32262
123,77801;-1,42131;-0,32286
123,78801;-1,42114;-0,32266
123,79801;-1,42097;-0,32275
123,80801;-1,42080;-0,32274
123,81801;-1,42063;-0,32258
123,82800;-1,42046;-0,32278
123,83801;-1,42029;-0,32257
123,84801;-1,42012;-0,32274
123,85801;-1,41995;-0,32253
123,86800;-1,41984;-0,32282
123,87801;-1,41967;-0,32245
123,88801;-1,41950;-0,32272
123,89800;-1,41933;-0,32255
123,90801;-1,41916;-0,32268
123,91801;-1,41899;-0,32252
123,92801;-1,41876;-0,32254
123,93800;-1,41859;-0,32255
123,94801;-1,41842;-0,32250
123,95801;-1,41831;-0,32268
123,96800;-1,41814;-0,32243
123,97801;-1,41797;-0,32262
123,98801;-1,41780;-0,32244
123,99801;-1,41763;-0,32263
124,00800;-1,41752;-0,32238
124,01801;-1,41735;-0,32251
124,02801;-1,41718;-0,32242
124,03801;-1,41701;-0,32250
124,04801;-1,41684;-0,32248
124,05801;-1,41667;-0,32248
124,06801;-1,41650;-0,32252
124,07800;-1,41633;-0,32240
124,08801;-1,41616;-0,32255
124,09801;-1,41599;-0,32231
124,10801;-1,41582;-0,32245
124,11800;-1,41570;-0,32225
124,12801;-1,41553;-0,32243
124,13801;-1,41536;-0,32235
124,14800;-1,41519;-0,32244
124,15801;-1,41502;-0,32239
124,16801;-1,41491;-0,32239
124,17801;-1,41474;-0,32245
124,18800;-1,41457;-0,32230
124,19801;-1,41440;-0,32240
124,20801;-1,41423;-0,32212
124,21800;-1,41406;-0,32236
124,22801;-1,41389;-0,32221
124,23801;-1,41372;-0,32246
124,24801;-1,41355;-0,32218
124,25800;-1,41332;-0,32229
124,26801;-1,41321;-0,32224
124,27801;-1,41298;-0,32223
124,28801;-1,41281;-0,32220
124,29801;-1,41264;-0,32209
124,30801;-1,41247;-0,32228
124,31801;-1,41230;-0,32213
124,32800;-1,41213;-0,32242
124,33801;-1,41196;-0,32211
124,34801;-1,41179;-0,32230
124,35801;-1,41162;-0,32203
124,36800;-1,41145;-0,32230
124,37801;-1,41128;-0,32197
124,38801;-1,41111;-0,32210
124,39800;-1,41094;-0,32205
124,40801;-1,41077;-0,32211
124,41801;-1,41060;-0,32218
124,42801;-1,41043;-0,32203
124,43800;-1,41026;-0,32214
124,44801;-1,41009;-0,32198
124,45801;-1,40998;-0,32209
124,46800;-1,40981;-0,32191
124,47801;-1,40964;-0,32204
124,48801;-1,40947;-0,32191
124,49801;-1,40930;-0,32207
124,50800;-1,40913;-0,32194
124,51801;-1,40896;-0,32198
124,52801;-1,40885;-0,32190
124,53801;-1,40868;-0,32196
124,54801;-1,40851;-0,32194
124,55801;-1,40834;-0,32196
124,56801;-1,40817;-0,32208
124,57800;-1,40800;-0,32192
124,58801;-1,40783;-0,32181
124,59801;-1,40766;-0,32174
124,60801;-1,40749;-0,32201
124,61800;-1,40732;-0,32173
124,62801;-1,40715;-0,32199
124,63801;-1,40698;-0,32176
124,64800;-1,40681;-0,32177
124,65801;-1,40664;-0,32182
124,66801;-1,40647;-0,32196
124,67801;-1,40630;-0,32173
124,68800;-1,40613;-0,32175
124,69801;-1,40596;-0,32186
124,70801;-1,40579;-0,32162
124,71800;-1,40562;-0,32179
124,72801;-1,40545;-0,32168
124,73801;-1,40528;-0,32170
124,74801;-1,40511;-0,32167
124,75800;-1,40494;-0,32181
124,76801;-1,40482;-0,32162
124,77801;-1,40465;-0,32169
124,78801;-1,40448;-0,32162
124,79801;-1,40431;-0,32157
124,80801;-1,40414;-0,32169
124,81801;-1,40397;-0,32160
124,82800;-1,40380;-0,32160
124,83801;-1,40369;-0,32156
124,84801;-1,40352;-0,32168
124,85801;-1,40335;-0,32151
124,86800;-1,40318;-0,32156
124,87801;-1,40301;-0,32147
124,88801;-1,40284;-0,32151
124,89800;-1,40267;-0,32148
124,90801;-1,40250;-0,32142
124,91801;-1,40233;-0,32152
124,92801;-1,40216;-0,32137
124,93800;-1,40199;-0,32157
124,94801;-1,40188;-0,32142
124,95801;-1,40171;-0,32151
124,96800;-1,40154;-0,32130
124,97801;-1,40137;-0,32144
124,98801;-1,40120;-0,32138
124,99801;-1,40103;-0,32140
125,00800;-1,40086;-0,32141
125,01801;-1,40069;-0,32134
125,02801;-1,40052;-0,32144
125,03801;-1,40035;-0,32130
125,04801;-1,40018;-0,32139
125,05801;-1,40001;-0,32122
125,06801;-1,39984;-0,32132
125,07800;-1,39967;-0,32129
125,08801;-1,39950;-0,32131
125,09801;-1,39933;-0,32124
125,10801;-1,39916;-0,32133
125,11800;-1,39899;-0,32130
125,12801;-1,39882;-0,32126
125,13801;-1,39865;-0,32131
125,14800;-1,39848;-0,32109
125,15801;-1,39831;-0,32128
125,16801;-1,39814;-0,32120
125,17801;-1,39797;-0,32126
125,18800;-1,39780;-0,32119
125,19801;-1,39763;-0,32118
125,20801;-1,39746;-0,32119
125,21800;-1,39729;-0,32120
125,22801;-1,39712;-0,32116
125,23801;-1,39695;-0,32115
125,24801;-1,39678;-0,32112
125,25800;-1,39666;-0,32109
125,26801;-1,39649;-0,32119
125,27801;-1,39632;-0,32103
125,28801;-1,39615;-0,32104
125,29801;-1,39598;-0,32097
125,30801;-1,39581;-0,32099
125,31801;-1,39564;-0,32100
125,32800;-1,39547;-0,32100
125,33801;-1,39530;-0,32095
125,34801;-1,39513;-0,32099
125,35801;-1,39502;-0,32097
125,36800;-1,39485;-0,32094
125,37801;-1,39468;-0,32095
125,38801;-1,39451;-0,32083
125,39800;-1,39434;-0,32083
125,40801;-1,39417;-0,32086
125,41801;-1,39400;-0,32082
125,42801;-1,39383;-0,32083
125,43800;-1,39366;-0,32093
125,44801;-1,39349;-0,32084
125,45801;-1,39338;-0,32088
125,46800;-1,39321;-0,32084
125,47801;-1,39304;-0,32081
125,48801;-1,39287;-0,32074
125,49801;-1,39270;-0,32070
125,50800;-1,39253;-0,32085
125,51801;-1,39236;-0,32074
125,52801;-1,39219;-0,32078
125,53801;-1,39202;-0,32083
125,54801;-1,39185;-0,32064
125,55801;-1,39168;-0,32079
125,56801;-1,39151;-0,32067
125,57800;-1,39134;-0,32066
125,58801;-1,39117;-0,32060
125,59801;-1,39100;-0,32075
125,60801;-1,39083;-0,32056
125,61800;-1,39066;-0,32080
125,62801;-1,39049;-0,32052
125,63801;-1,39037;-0,32052
125,64800;-1,39020;-0,32055
125,65801;-1,39003;-0,32052
125,66801;-1,38986;-0,32064
125,67801;-1,38969;-0,32039
125,68800;-1,38952;-0,32053
125,69801;-1,38935;-0,32035
125,70801;-1,38918;-0,32060
125,71800;-1,38901;-0,32041
125,72801;-1,38884;-0,32052
125,73801;-1,38867;-0,32033
125,74801;-1,38850;-0,32047
125,75800;-1,38833;-0,32039
125,76801;-1,38822;-0,32043
125,77801;-1,38805;-0,32046
125,78801;-1,38788;-0,32033
125,79801;-1,38771;-0,32049
125,80801;-1,38754;-0,32043
125,81801;-1,38737;-0,32040
125,82800;-1,38720;-0,32032
125,83801;-1,38703;-0,32037
125,84801;-1,38686;-0,32031
125,85801;-1,38669;-0,32049
125,86800;-1,38652;-0,32039
125,87801;-1,38635;-0,32028
125,88801;-1,38618;-0,32042
125,89800;-1,38601;-0,32030
125,90801;-1,38584;-0,32030
125,91801;-1,38573;-0,32032
125,92801;-1,38556;-0,32029
125,93800;-1,38539;-0,32021
125,94801;-1,38522;-0,32042
125,95801;-1,38505;-0,32024
125,96800;-1,38488;-0,32023
125,97801;-1,38471;-0,32014
125,98801;-1,38454;-0,32021
125,99801;-1,38437;-0,32008
126,00800;-1,38420;-0,32015
126,01801;-1,38403;-0,32020
126,02801;-1,38386;-0,32007
126,03801;-1,38369;-0,32015
126,04801;-1,38352;-0,32013
126,05801;-1,38335;-0,32004
126,06801;-1,38318;-0,32006
126,07800;-1,38301;-0,32012
126,08801;-1,38289;-0,31998
126,09801;-1,38272;-0,32008
126,10801;-1,38255;-0,31999
126,11800;-1,38244;-0,32007
126,12801;-1,38227;-0,32006
126,13801;-1,38210;-0,31996
126,14800;-1,38193;-0,32009
126,15801;-1,38176;-0,32002
126,16801;-1,38159;-0,31990
126,17801;-1,38142;-0,31993
126,18800;-1,38125;-0,31999
126,19801;-1,38108;-0,31991
126,20801;-1,38091;-0,32008
126,21800;-1,38074;-0,31988
126,22801;-1,38057;-0,31997
126,23801;-1,38034;-0,31996
126,24801;-1,38023;-0,31993
126,25800;-1,38006;-0,31983
126,26801;-1,37989;-0,31988
126,27801;-1,37972;-0,31975
126,28801;-1,37955;-0,31988
126,29801;-1,37938;-0,31981
126,30801;-1,37921;-0,31975
126,31801;-1,37904;-0,31989
126,32800;-1,37887;-0,31970
126,33801;-1,37870;-0,31985
126,34801;-1,37853;-0,31977
126,35801;-1,37836;-0,31964
126,36800;-1,37819;-0,31976
126,37801;-1,37802;-0,31976
126,38801;-1,37785;-0,31970
126,39800;-1,37768;-0,31966
126,40801;-1,37751;-0,31968
126,41801;-1,37734;-0,31955
126,42801;-1,37717;-0,31973
126,43800;-1,37700;-0,31945
126,44801;-1,37683;-0,31952
126,45801;-1,37666;-0,31961
126,46800;-1,37649;-0,31949
126,47801;-1,37632;-0,31958
126,48801;-1,37615;-0,31939
126,49801;-1,37598;-0,31957
126,50800;-1,37581;-0,31934
126,51801;-1,37564;-0,31952
126,52801;-1,37553;-0,31938
126,53801;-1,37536;-0,31949
126,54801;-1,37519;-0,31938
126,55801;-1,37502;-0,31950
126,56801;-1,37485;-0,31956
126,57800;-1,37473;-0,31931
126,58801;-1,37456;-0,31954
126,59801;-1,37439;-0,31929
126,60801;-1,37422;-0,31945
126,61800;-1,37405;-0,31931
126,62801;-1,37388;-0,31937
126,63801;-1,37371;-0,31927
126,64800;-1,37354;-0,31937
126,65801;-1,37337;-0,31940
126,66801;-1,37320;-0,31917
126,67801;-1,37303;-0,31934
126,68800;-1,37286;-0,31914
126,69801;-1,37269;-0,31933
126,70801;-1,37252;-0,31913
126,71800;-1,37235;-0,31936
126,72801;-1,37218;-0,31905
126,73801;-1,37207;-0,31925
126,74801;-1,37190;-0,31919
126,75800;-1,37173;-0,31910
126,76801;-1,37156;-0,31917
126,77801;-1,37139;-0,31897
126,78801;-1,37122;-0,31920
126,79801;-1,37105;-0,31899
126,80801;-1,37088;-0,31924
126,81801;-1,37071;-0,31900
126,82800;-1,37054;-0,31921
126,83801;-1,37037;-0,31897
126,84801;-1,37020;-0,31912
126,85801;-1,37003;-0,31897
126,86800;-1,36980;-0,31892
126,87801;-1,36969;-0,31910
126,88801;-1,36946;-0,31883
126,89800;-1,36929;-0,31912
126,90801;-1,36918;-0,31885
126,91801;-1,36901;-0,31908
126,92801;-1,36884;-0,31870
126,93800;-1,36867;-0,31906
126,94801;-1,36850;-0,31861
126,95801;-1,36839;-0,31891
126,96800;-1,36822;-0,31874
126,97801;-1,36805;-0,31882
126,98801;-1,36788;-0,31884
126,99801;-1,36771;-0,31883
127,00800;-1,36754;-0,31884
127,01801;-1,36737;-0,31852
127,02801;-1,36720;-0,31894
127,03801;-1,36703;-0,31850
127,04801;-1,36686;-0,31891
127,05801;-1,36669;-0,31843
127,06801;-1,36652;-0,31885
127,07800;-1,36635;-0,31859
127,08801;-1,36618;-0,31895
127,09801;-1,36606;-0,31850
127,10801;-1,36589;-0,31863
127,11800;-1,36572;-0,31856
127,12801;-1,36555;-0,31849
127,13801;-1,36538;-0,31873
127,14800;-1,36521;-0,31836
127,15801;-1,36504;-0,31877
127,16801;-1,36487;-0,31833
127,17801;-1,36470;-0,31885
127,18800;-1,36453;-0,31831
127,19801;-1,36436;-0,31859
127,20801;-1,36419;-0,31820
127,21800;-1,36402;-0,31857
127,22801;-1,36385;-0,31837
127,23801;-1,36374;-0,31847
127,24801;-1,36357;-0,31846
127,25800;-1,36340;-0,31828
127,26801;-1,36323;-0,31859
127,27801;-1,36306;-0,31831
127,28801;-1,36289;-0,31857
127,29801;-1,36272;-0,31812
127,30801;-1,36255;-0,31850
127,31801;-1,36238;-0,31808
127,32800;-1,36221;-0,31847
127,33801;-1,36204;-0,31814
127,34801;-1,36187;-0,31825
127,35801;-1,36170;-0,31821
127,36800;-1,36153;-0,31822
127,37801;-1,36136;-0,31835
127,38801;-1,36119;-0,31800
127,39800;-1,36108;-0,31834
127,40801;-1,36091;-0,31803
127,41801;-1,36074;-0,31832
127,42801;-1,36057;-0,31795
127,43800;-1,36040;-0,31824
127,44801;-1,36023;-0,31787
127,45801;-1,36006;-0,31828
127,46800;-1,35989;-0,31800
127,47801;-1,35972;-0,31802
127,48801;-1,35955;-0,31813
127,49801;-1,35938;-0,31783
127,50800;-1,35921;-0,31820
127,51801;-1,35904;-0,31786
127,52801;-1,35887;-0,31809
127,53801;-1,35870;-0,31771
127,54801;-1,35853;-0,31804
127,55801;-1,35836;-0,31776
127,56801;-1,35819;-0,31813
127,57800;-1,35802;-0,31774
127,58801;-1,35785;-0,31793
127,59801;-1,35768;-0,31792
127,60801;-1,35751;-0,31775
127,61800;-1,35734;-0,31793
127,62801;-1,35717;-0,31757
127,63801;-1,35700;-0,31789
127,64800;-1,35677;-0,31757
127,65801;-1,35660;-0,31797
127,66801;-1,35643;-0,31757
127,67801;-1,35626;-0,31788
127,68800;-1,35609;-0,31760
127,69801;-1,35592;-0,31786
127,70801;-1,35575;-0,31748
127,71800;-1,35558;-0,31778
127,72801;-1,35547;-0,31756
127,73801;-1,35530;-0,31757
127,74801;-1,35513;-0,31773
127,75800;-1,35496;-0,31749
127,76801;-1,35479;-0,31771
127,77801;-1,35462;-0,31740
127,78801;-1,35450;-0,31772
127,79801;-1,35433;-0,31731
127,80801;-1,35416;-0,31768
127,81801;-1,35399;-0,31729
127,82800;-1,35382;-0,31763
127,83801;-1,35365;-0,31741
127,84801;-1,35348;-0,31755
127,85801;-1,35337;-0,31748
127,86800;-1,35320;-0,31737
127,87801;-1,35303;-0,31749
127,88801;-1,35286;-0,31720
127,89800;-1,35269;-0,31754
127,90801;-1,35252;-0,31707
127,91801;-1,35235;-0,31760
127,92801;-1,35224;-0,31716
127,93800;-1,35207;-0,31757
127,94801;-1,35190;-0,31720
127,95801;-1,35173;-0,31742
127,96800;-1,35156;-0,31722
127,97801;-1,35139;-0,31729
127,98801;-1,35122;-0,31736
127,99801;-1,35105;-0,31713
128,00801;-1,35088;-0,31734
128,01801;-1,35071;-0,31701
128,02800;-1,35054;-0,31744
128,03801;-1,35037;-0,31698
128,04801;-1,35025;-0,31728
128,05800;-1,35008;-0,31692
128,06801;-1,34991;-0,31727
128,07800;-1,34974;-0,31698
128,08802;-1,34957;-0,31715
128,09801;-1,34940;-0,31701
128,10800;-1,34923;-0,31694
128,11801;-1,34906;-0,31711
128,12801;-1,34889;-0,31699
128,13800;-1,34867;-0,31711
128,14801;-1,34850;-0,31665
128,15801;-1,34833;-0,31716
128,16800;-1,34816;-0,31672
128,17801;-1,34799;-0,31712
128,18800;-1,34782;-0,31679
128,19802;-1,34765;-0,31691
128,20801;-1,34748;-0,31670
128,21800;-1,34736;-0,31688
128,22802;-1,34719;-0,31677
128,23801;-1,34702;-0,31668
128,24800;-1,34685;-0,31685
128,25801;-1,34668;-0,31663
128,26801;-1,34651;-0,31696
128,27800;-1,34634;-0,31647
128,28801;-1,34617;-0,31689
128,29801;-1,34600;-0,31644
128,30800;-1,34583;-0,31674
128,31801;-1,34566;-0,31656
128,32800;-1,34549;-0,31665
128,33802;-1,34532;-0,31644
128,34801;-1,34515;-0,31670
128,35800;-1,34498;-0,31652
128,36801;-1,34481;-0,31654
128,37801;-1,34464;-0,31666
128,38800;-1,34447;-0,31625
128,39801;-1,34430;-0,31663
128,40801;-1,34413;-0,31625
128,41800;-1,34396;-0,31658
128,42801;-1,34385;-0,31634
128,43800;-1,34368;-0,31653
128,44802;-1,34351;-0,31631
128,45801;-1,34334;-0,31654
128,46800;-1,34317;-0,31631
128,47802;-1,34300;-0,31636
128,48801;-1,34283;-0,31637
128,49800;-1,34266;-0,31612
128,50801;-1,34249;-0,31644
128,51801;-1,34232;-0,31601
128,52800;-1,34215;-0,31638
128,53801;-1,34204;-0,31599
128,54801;-1,34187;-0,31635
128,55800;-1,34170;-0,31608
128,56801;-1,34153;-0,31627
128,57800;-1,34136;-0,31610
128,58802;-1,34119;-0,31622
128,59801;-1,34102;-0,31611
128,60800;-1,34085;-0,31602
128,61801;-1,34068;-0,31619
128,62801;-1,34051;-0,31583
128,63800;-1,34034;-0,31629
128,64801;-1,34017;-0,31579
128,65801;-1,34000;-0,31627
128,66800;-1,33988;-0,31585
128,67801;-1,33971;-0,31617
128,68800;-1,33954;-0,31589
128,69802;-1,33937;-0,31610
128,70801;-1,33926;-0,31583
128,71800;-1,33909;-0,31596
128,72802;-1,33892;-0,31594
128,73801;-1,33875;-0,31582
128,74800;-1,33858;-0,31609
128,75801;-1,33841;-0,31562
128,76801;-1,33824;-0,31613
128,77800;-1,33801;-0,31560
128,78801;-1,33790;-0,31599
128,79801;-1,33767;-0,31558
128,80800;-1,33750;-0,31586
128,81801;-1,33733;-0,31558
128,82800;-1,33716;-0,31575
128,83802;-1,33699;-0,31566
128,84801;-1,33688;-0,31569
128,85800;-1,33671;-0,31569
128,86801;-1,33654;-0,31553
128,87801;-1,33637;-0,31580
128,88800;-1,33620;-0,31533
128,89801;-1,33603;-0,31575
128,90801;-1,33586;-0,31538
128,91800;-1,33563;-0,31569
128,92801;-1,33552;-0,31546
128,93800;-1,33529;-0,31571
128,94802;-1,33512;-0,31540
128,95801;-1,33495;-0,31559
128,96800;-1,33478;-0,31541
128,97802;-1,33461;-0,31544
128,98801;-1,33444;-0,31554
128,99800;-1,33427;-0,31533
129,00801;-1,33410;-0,31560
129,01801;-1,33393;-0,31527
129,02800;-1,33376;-0,31563
129,03801;-1,33359;-0,31515
129,04801;-1,33348;-0,31547
129,05800;-1,33331;-0,31511
129,06801;-1,33314;-0,31546
129,07800;-1,33297;-0,31511
129,08802;-1,33280;-0,31542
129,09801;-1,33263;-0,31517
129,10800;-1,33252;-0,31523
129,11801;-1,33235;-0,31534
129,12801;-1,33218;-0,31507
129,13800;-1,33201;-0,31535
129,14801;-1,33184;-0,31504
129,15801;-1,33167;-0,31536
129,16800;-1,33150;-0,31503
129,17801;-1,33138;-0,31543
129,18800;-1,33121;-0,31491
129,19802;-1,33104;-0,31526
129,20801;-1,33087;-0,31490
129,21800;-1,33070;-0,31512
129,22802;-1,33053;-0,31500
129,23801;-1,33036;-0,31492
129,24800;-1,33019;-0,31505
129,25801;-1,33008;-0,31493
129,26801;-1,32991;-0,31511
129,27800;-1,32974;-0,31481
129,28801;-1,32957;-0,31501
129,29801;-1,32940;-0,31477
129,30800;-1,32923;-0,31505
129,31801;-1,32906;-0,31478
129,32800;-1,32889;-0,31500
129,33802;-1,32872;-0,31472
129,34801;-1,32855;-0,31488
129,35800;-1,32838;-0,31493
129,36801;-1,32821;-0,31468
129,37801;-1,32804;-0,31488
129,38800;-1,32787;-0,31455
129,39801;-1,32770;-0,31471
129,40801;-1,32753;-0,31459
129,41800;-1,32736;-0,31464
129,42801;-1,32719;-0,31443
129,43800;-1,32702;-0,31479
129,44802;-1,32685;-0,31444
129,45801;-1,32668;-0,31470
129,46800;-1,32651;-0,31463
129,47802;-1,32634;-0,31457
129,48801;-1,32617;-0,31451
129,49800;-1,32606;-0,31449
129,50801;-1,32589;-0,31454
129,51801;-1,32572;-0,31439
129,52800;-1,32555;-0,31463
129,53801;-1,32538;-0,31433
129,54801;-1,32526;-0,31449
129,55800;-1,32509;-0,31437
129,56801;-1,32492;-0,31450
129,57800;-1,32470;-0,31423
129,58802;-1,32453;-0,31450
129,59801;-1,32436;-0,31426
129,60800;-1,32419;-0,31432
129,61801;-1,32402;-0,31431
129,62801;-1,32385;-0,31420
129,63800;-1,32368;-0,31416
129,64801;-1,32356;-0,31416
129,65801;-1,32339;-0,31425
129,66800;-1,32322;-0,31417
129,67801;-1,32305;-0,31424
129,68800;-1,32288;-0,31415
129,69802;-1,32271;-0,31413
129,70801;-1,32254;-0,31419
129,71800;-1,32237;-0,31410
129,72802;-1,32220;-0,31397
129,73801;-1,32203;-0,31404
129,74800;-1,32186;-0,31409
129,75801;-1,32169;-0,31391
129,76801;-1,32152;-0,31398
129,77800;-1,32135;-0,31390
129,78801;-1,32118;-0,31384
129,79801;-1,32101;-0,31398
129,80800;-1,32084;-0,31381
129,81801;-1,32067;-0,31379
129,82800;-1,32056;-0,31373
129,83802;-1,32039;-0,31391
129,84801;-1,32022;-0,31372
129,85800;-1,32005;-0,31384
129,86801;-1,31988;-0,31369
129,87801;-1,31971;-0,31378
129,88800;-1,31954;-0,31373
129,89801;-1,31937;-0,31375
129,90801;-1,31920;-0,31360
129,91800;-1,31903;-0,31357
129,92801;-1,31886;-0,31374
129,93800;-1,31869;-0,31355
129,94802;-1,31858;-0,31371
129,95801;-1,31841;-0,31351
129,96800;-1,31824;-0,31357
129,97802;-1,31807;-0,31354
129,98801;-1,31790;-0,31357
129,99800;-1,31773;-0,31340
130,00801;-1,31756;-0,31348
130,01801;-1,31739;-0,31352
130,02800;-1,31722;-0,31341
130,03801;-1,31705;-0,31349
130,04801;-1,31688;-0,31339
130,05800;-1,31671;-0,31336
130,06801;-1,31654;-0,31335
130,07800;-1,31637;-0,31338
130,08802;-1,31620;-0,31327
130,09801;-1,31603;-0,31324
130,10800;-1,31586;-0,31320
130,11801;-1,31569;-0,31316
130,12801;-1,31552;-0,31316
130,13800;-1,31535;-0,31312
130,14801;-1,31518;-0,31317
130,15801;-1,31506;-0,31308
130,16800;-1,31489;-0,31316
130,17801;-1,31472;-0,31309
130,18800;-1,31455;-0,31305
130,19802;-1,31438;-0,31312
130,20801;-1,31416;-0,31287
130,21800;-1,31399;-0,31298
130,22802;-1,31382;-0,31300
130,23801;-1,31365;-0,31294
130,24800;-1,31348;-0,31295
130,25801;-1,31331;-0,31300
130,26801;-1,31314;-0,31292
130,27800;-1,31291;-0,31300
130,28801;-1,31280;-0,31292
130,29801;-1,31263;-0,31279
130,30800;-1,31246;-0,31276
130,31801;-1,31229;-0,31273
130,32800;-1,31212;-0,31277
130,33802;-1,31195;-0,31269
130,34801;-1,31178;-0,31278
130,35800;-1,31166;-0,31271
130,36801;-1,31149;-0,31274
130,37801;-1,31132;-0,31270
130,38800;-1,31115;-0,31266
130,39801;-1,31098;-0,31256
130,40801;-1,31081;-0,31264
130,41800;-1,31064;-0,31254
130,42801;-1,31047;-0,31263
130,43800;-1,31030;-0,31258
130,44802;-1,31019;-0,31248
130,45801;-1,31002;-0,31256
130,46800;-1,30985;-0,31253
130,47802;-1,30968;-0,31243
130,48801;-1,30951;-0,31246
130,49800;-1,30940;-0,31235
130,50801;-1,30923;-0,31234
130,51801;-1,30906;-0,31242
130,52800;-1,30889;-0,31247
130,53801;-1,30872;-0,31227
130,54801;-1,30855;-0,31236
130,55800;-1,30838;-0,31230
130,56801;-1,30821;-0,31233
130,57800;-1,30804;-0,31216
130,58802;-1,30787;-0,31217
130,59801;-1,30770;-0,31220
130,60800;-1,30753;-0,31219
130,61801;-1,30736;-0,31223
130,62801;-1,30724;-0,31217
130,63800;-1,30702;-0,31215
130,64801;-1,30690;-0,31198
130,65801;-1,30673;-0,31214
130,66800;-1,30656;-0,31187
130,67801;-1,30639;-0,31214
130,68800;-1,30622;-0,31187
130,69802;-1,30605;-0,31207
130,70801;-1,30588;-0,31192
130,71800;-1,30571;-0,31190
130,72802;-1,30554;-0,31189
130,73801;-1,30537;-0,31185
130,74800;-1,30520;-0,31184
130,75801;-1,30503;-0,31176
130,76801;-1,30486;-0,31194
130,77800;-1,30469;-0,31159
130,78801;-1,30452;-0,31209
130,79801;-1,30435;-0,31157
130,80800;-1,30418;-0,31197
130,81801;-1,30401;-0,31147
130,82800;-1,30390;-0,31188
130,83802;-1,30367;-0,31151
130,84801;-1,30350;-0,31158
130,85800;-1,30333;-0,31158
130,86801;-1,30316;-0,31155
130,87801;-1,30299;-0,31170
130,88800;-1,30282;-0,31144
130,89801;-1,30265;-0,31174
130,90801;-1,30248;-0,31120
130,91800;-1,30231;-0,31172
130,92801;-1,30214;-0,31114
130,93800;-1,30197;-0,31164
130,94802;-1,30180;-0,31112
130,95801;-1,30163;-0,31152
130,96800;-1,30146;-0,31123
130,97802;-1,30129;-0,31141
130,98801;-1,30112;-0,31128
130,99800;-1,30095;-0,31115
131,00801;-1,30078;-0,31133
131,01801;-1,30061;-0,31109
131,02800;-1,30044;-0,31138
131,03801;-1,30027;-0,31089
131,04801;-1,30010;-0,31135
131,05800;-1,29993;-0,31084
131,06801;-1,29976;-0,31140
131,07800;-1,29959;-0,31091
131,08802;-1,29942;-0,31113
131,09800;-1,29925;-0,31085
131,10800;-1,29908;-0,31100
131,11802;-1,29897;-0,31099
131,12800;-1,29880;-0,31094
131,13800;-1,29863;-0,31105
131,14802;-1,29846;-0,31077
131,15800;-1,29829;-0,31115
131,16800;-1,29812;-0,31071
131,17802;-1,29801;-0,31108
131,18800;-1,29784;-0,31058
131,19802;-1,29767;-0,31092
131,20800;-1,29750;-0,31058
131,21800;-1,29733;-0,31093
131,22802;-1,29716;-0,31068
131,23800;-1,29699;-0,31067
131,24800;-1,29687;-0,31071
131,25802;-1,29670;-0,31053
131,26800;-1,29653;-0,31081
131,27800;-1,29636;-0,31046
131,28802;-1,29619;-0,31078
131,29800;-1,29602;-0,31030
131,30800;-1,29585;-0,31083
131,31802;-1,29574;-0,31043
131,32800;-1,29557;-0,31069
131,33802;-1,29540;-0,31033
131,34800;-1,29523;-0,31047
131,35800;-1,29506;-0,31033
131,36802;-1,29489;-0,31036
131,37800;-1,29472;-0,31041
131,38800;-1,29455;-0,31014
131,39802;-1,29432;-0,31048
131,40800;-1,29421;-0,31013
131,41800;-1,29404;-0,31048
131,42802;-1,29387;-0,31003
131,43800;-1,29370;-0,31026
131,44802;-1,29353;-0,30992
131,45800;-1,29336;-0,31025
131,46800;-1,29319;-0,31005
131,47802;-1,29302;-0,31008
131,48800;-1,29285;-0,31011
131,49800;-1,29268;-0,30999
131,50802;-1,29251;-0,31014
131,51800;-1,29234;-0,30976
131,52800;-1,29217;-0,31011
131,53802;-1,29194;-0,30970
131,54800;-1,29177;-0,31009
131,55800;-1,29160;-0,30975
131,56802;-1,29143;-0,31004
131,57800;-1,29126;-0,30975
131,58802;-1,29109;-0,30977
131,59800;-1,29092;-0,30977
131,60800;-1,29081;-0,30963
131,61802;-1,29064;-0,30973
131,62800;-1,29047;-0,30947
131,63800;-1,29030;-0,30982
131,64802;-1,29013;-0,30936
131,65800;-1,28996;-0,30980
131,66800;-1,28979;-0,30941
131,67802;-1,28968;-0,30964
131,68800;-1,28951;-0,30942
131,69802;-1,28928;-0,30957
131,70800;-1,28911;-0,30936
131,71800;-1,28900;-0,30936
131,72802;-1,28883;-0,30953
131,73800;-1,28866;-0,30918
131,74800;-1,28849;-0,30951
131,75802;-1,28832;-0,30913
131,76800;-1,28815;-0,30933
131,77800;-1,28798;-0,30909
131,78802;-1,28781;-0,30937
131,79800;-1,28769;-0,30896
131,80800;-1,28752;-0,30924
131,81802;-1,28735;-0,30907
131,82800;-1,28718;-0,30912
131,83802;-1,28701;-0,30923
131,84800;-1,28684;-0,30893
131,85800;-1,28667;-0,30913
131,86802;-1,28650;-0,30877
131,87800;-1,28633;-0,30913
131,88800;-1,28622;-0,30869
131,89802;-1,28605;-0,30903
131,90800;-1,28588;-0,30873
131,91800;-1,28571;-0,30894
131,92802;-1,28554;-0,30878
131,93800;-1,28537;-0,30879
131,94802;-1,28520;-0,30871
131,95800;-1,28503;-0,30866
131,96800;-1,28486;-0,30883
131,97802;-1,28475;-0,30861
131,98800;-1,28458;-0,30882
131,99800;-1,28435;-0,30851
132,00802;-1,28424;-0,30874
132,01800;-1,28407;-0,30858
132,02800;-1,28390;-0,30866
132,03802;-1,28373;-0,30845
132,04800;-1,28356;-0,30859
132,05800;-1,28339;-0,30848
132,06802;-1,28322;-0,30852
132,07800;-1,28305;-0,30856
132,08802;-1,28288;-0,30837
132,09800;-1,28271;-0,30844
132,10800;-1,28254;-0,30839
132,11802;-1,28242;-0,30830
132,12800;-1,28225;-0,30811
132,13800;-1,28208;-0,30827
132,14802;-1,28186;-0,30804
132,15800;-1,28169;-0,30821
132,16800;-1,28152;-0,30814
132,17802;-1,28135;-0,30820
132,18800;-1,28118;-0,30804
132,19802;-1,28101;-0,30815
132,20800;-1,28084;-0,30802
132,21800;-1,28067;-0,30796
132,22802;-1,28050;-0,30797
132,23800;-1,28033;-0,30793
132,24800;-1,28016;-0,30792
132,25802;-1,27999;-0,30791
132,26800;-1,27982;-0,30790
132,27800;-1,27965;-0,30775
132,28802;-1,27948;-0,30790
132,29800;-1,27931;-0,30768
132,30800;-1,27914;-0,30780
132,31802;-1,27897;-0,30768
132,32800;-1,27880;-0,30768
132,33802;-1,27863;-0,30761
132,34800;-1,27846;-0,30771
132,35800;-1,27829;-0,30761
132,36802;-1,27812;-0,30771
132,37800;-1,27795;-0,30758
132,38800;-1,27778;-0,30751
132,39802;-1,27761;-0,30753
132,40800;-1,27744;-0,30746
132,41800;-1,27727;-0,30752
132,42802;-1,27715;-0,30733
132,43800;-1,27698;-0,30751
132,44802;-1,27681;-0,30731
132,45800;-1,27664;-0,30736
132,46800;-1,27647;-0,30721
132,47802;-1,27630;-0,30725
132,48800;-1,27619;-0,30712
132,49800;-1,27602;-0,30728
132,50802;-1,27585;-0,30721
132,51800;-1,27568;-0,30709
132,52800;-1,27551;-0,30719
132,53802;-1,27534;-0,30700
132,54800;-1,27517;-0,30716
132,55802;-1,27506;-0,30701
132,56802;-1,27489;-0,30704
132,57800;-1,27472;-0,30690
132,58802;-1,27455;-0,30711
132,59800;-1,27438;-0,30687
132,60800;-1,27426;-0,30697
132,61802;-1,27409;-0,30686
132,62800;-1,27392;-0,30678
132,63800;-1,27375;-0,30687
132,64802;-1,27358;-0,30675
132,65800;-1,27341;-0,30674
132,66800;-1,27319;-0,30662
132,67802;-1,27302;-0,30675
132,68800;-1,27285;-0,30664
132,69802;-1,27268;-0,30674
132,70800;-1,27251;-0,30652
132,71800;-1,27234;-0,30668
132,72802;-1,27217;-0,30644
132,73800;-1,27200;-0,30663
132,74800;-1,27188;-0,30651
132,75802;-1,27171;-0,30649
132,76800;-1,27154;-0,30647
132,77800;-1,27137;-0,30644
132,78802;-1,27120;-0,30639
132,79800;-1,27103;-0,30626
132,80802;-1,27086;-0,30630
132,81802;-1,27064;-0,30619
132,82800;-1,27047;-0,30626
132,83802;-1,27030;-0,30607
132,84800;-1,27013;-0,30623
132,85800;-1,26996;-0,30604
132,86802;-1,26979;-0,30608
132,87800;-1,26962;-0,30597
132,88800;-1,26945;-0,30598
132,89802;-1,26928;-0,30602
132,90800;-1,26911;-0,30596
132,91800;-1,26899;-0,30594
132,92802;-1,26882;-0,30584
132,93800;-1,26865;-0,30585
132,94802;-1,26848;-0,30580
132,95800;-1,26837;-0,30588
132,96800;-1,26820;-0,30568
132,97802;-1,26803;-0,30589
132,98800;-1,26786;-0,30568
132,99800;-1,26769;-0,30573
133,00802;-1,26752;-0,30560
133,01800;-1,26735;-0,30559
133,02800;-1,26718;-0,30553
133,03802;-1,26701;-0,30559
133,04800;-1,26684;-0,30551
133,05802;-1,26667;-0,30546
133,06802;-1,26656;-0,30559
133,07800;-1,26639;-0,30545
133,08802;-1,26622;-0,30552
133,09800;-1,26605;-0,30538
133,10800;-1,26588;-0,30541
133,11802;-1,26571;-0,30531
133,12800;-1,26554;-0,30531
133,13800;-1,26537;-0,30515
133,14802;-1,26520;-0,30523
133,15800;-1,26503;-0,30517
133,16800;-1,26486;-0,30514
133,17802;-1,26469;-0,30508
133,18800;-1,26452;-0,30504
133,19802;-1,26435;-0,30505
133,20800;-1,26418;-0,30503
133,21800;-1,26401;-0,30503
133,22802;-1,26389;-0,30498
133,23800;-1,26372;-0,30493
133,24800;-1,26355;-0,30485
133,25802;-1,26338;-0,30489
133,26800;-1,26321;-0,30483
133,27800;-1,26304;-0,30484
133,28802;-1,26287;-0,30479
133,29800;-1,26270;-0,30473
133,30802;-1,26253;-0,30471
133,31802;-1,26236;-0,30460
133,32800;-1,26219;-0,30465
133,33802;-1,26202;-0,30448
133,34800;-1,26185;-0,30464
133,35800;-1,26168;-0,30446
133,36802;-1,26151;-0,30446
133,37800;-1,26134;-0,30453
133,38800;-1,26117;-0,30448
133,39802;-1,26106;-0,30443
133,40800;-1,26089;-0,30438
133,41800;-1,26072;-0,30444
133,42802;-1,26055;-0,30420
133,43800;-1,26038;-0,30437
133,44802;-1,26021;-0,30417
133,45800;-1,26004;-0,30430
133,46800;-1,25987;-0,30405
133,47802;-1,25964;-0,30428
133,48800;-1,25947;-0,30412
133,49800;-1,25930;-0,30413
133,50802;-1,25913;-0,30417
133,51800;-1,25896;-0,30400
133,52800;-1,25879;-0,30404
133,53802;-1,25862;-0,30394
133,54800;-1,25845;-0,30394
133,55802;-1,25828;-0,30377
133,56802;-1,25811;-0,30402
133,57800;-1,25794;-0,30374
133,58802;-1,25777;-0,30400
133,59800;-1,25766;-0,30376
133,60800;-1,25749;-0,30371
133,61802;-1,25732;-0,30364
133,62800;-1,25709;-0,30360
133,63800;-1,25692;-0,30359
133,64802;-1,25675;-0,30355
133,65800;-1,25658;-0,30358
133,66800;-1,25641;-0,30343
133,67802;-1,25624;-0,30360
133,68800;-1,25607;-0,30332
133,69802;-1,25596;-0,30354
133,70800;-1,25579;-0,30327
133,71800;-1,25562;-0,30339
133,72802;-1,25551;-0,30334
133,73800;-1,25534;-0,30327
133,74800;-1,25517;-0,30335
133,75802;-1,25500;-0,30312
133,76800;-1,25483;-0,30321
133,77800;-1,25466;-0,30314
133,78802;-1,25454;-0,30319
133,79800;-1,25437;-0,30306
133,80802;-1,25420;-0,30316
133,81802;-1,25403;-0,30293
133,82800;-1,25386;-0,30310
133,83802;-1,25369;-0,30300
133,84800;-1,25358;-0,30283
133,85800;-1,25341;-0,30301
133,86802;-1,25324;-0,30277
133,87800;-1,25307;-0,30293
133,88800;-1,25290;-0,30287
133,89802;-1,25273;-0,30276
133,90800;-1,25256;-0,30266
133,91800;-1,25239;-0,30283
133,92802;-1,25222;-0,30258
133,93800;-1,25205;-0,30264
133,94802;-1,25188;-0,30256
133,95800;-1,25171;-0,30252
133,96800;-1,25154;-0,30264
133,97802;-1,25137;-0,30252
133,98800;-1,25120;-0,30255
133,99800;-1,25103;-0,30233
134,00802;-1,25086;-0,30239
134,01800;-1,25069;-0,30230
134,02800;-1,25052;-0,30239
134,03802;-1,25035;-0,30217
134,04800;-1,25018;-0,30229
134,05802;-1,25001;-0,30216
134,06802;-1,24984;-0,30219
134,07800;-1,24967;-0,30225
134,08802;-1,24950;-0,30201
134,09800;-1,24933;-0,30213
134,10800;-1,24916;-0,30196
134,11802;-1,24893;-0,30206
134,12800;-1,24876;-0,30188
134,13800;-1,24859;-0,30183
134,14802;-1,24842;-0,30179
134,15800;-1,24825;-0,30187
134,16800;-1,24808;-0,30187
134,17802;-1,24791;-0,30187
134,18800;-1,24774;-0,30177
134,19802;-1,24757;-0,30164
134,20800;-1,24746;-0,30176
134,21800;-1,24729;-0,30155
134,22802;-1,24712;-0,30169
134,23800;-1,24701;-0,30151
134,24800;-1,24684;-0,30157
134,25802;-1,24667;-0,30154
134,26800;-1,24650;-0,30153
134,27800;-1,24633;-0,30131
134,28802;-1,24616;-0,30135
134,29800;-1,24593;-0,30137
134,30802;-1,24576;-0,30127
134,31802;-1,24559;-0,30142
134,32800;-1,24548;-0,30109
134,33802;-1,24531;-0,30127
134,34800;-1,24514;-0,30106
134,35800;-1,24497;-0,30122
134,36802;-1,24480;-0,30101
134,37800;-1,24463;-0,30109
134,38800;-1,24451;-0,30097
134,39802;-1,24434;-0,30111
134,40800;-1,24417;-0,30094
134,41800;-1,24400;-0,30091
134,42802;-1,24383;-0,30100
134,43800;-1,24366;-0,30074
134,44802;-1,24349;-0,30103
134,45800;-1,24332;-0,30072
134,46800;-1,24315;-0,30082
134,47802;-1,24298;-0,30058
134,48800;-1,24281;-0,30081
134,49800;-1,24264;-0,30062
134,50802;-1,24247;-0,30074
134,51800;-1,24230;-0,30055
134,52800;-1,24219;-0,30055
134,53802;-1,24202;-0,30061
134,54800;-1,24185;-0,30042
134,55802;-1,24168;-0,30056
134,56802;-1,24151;-0,30029
134,57800;-1,24134;-0,30050
134,58802;-1,24117;-0,30014
134,59800;-1,24106;-0,30050
134,60800;-1,24089;-0,30015
134,61802;-1,24072;-0,30026
134,62800;-1,24055;-0,30016
134,63800;-1,24038;-0,30022
134,64802;-1,24021;-0,30006
134,65800;-1,24004;-0,30000
134,66800;-1,23987;-0,29998
134,67802;-1,23970;-0,29979
134,68800;-1,23953;-0,30011
134,69802;-1,23936;-0,29982
134,70800;-1,23919;-0,30008
134,71800;-1,23902;-0,29972
134,72802;-1,23885;-0,29995
134,73800;-1,23868;-0,29969
134,74800;-1,23851;-0,29984
134,75802;-1,23834;-0,29963
134,76800;-1,23817;-0,29964
134,77800;-1,23800;-0,29972
134,78802;-1,23783;-0,29943
134,79800;-1,23766;-0,29969
134,80802;-1,23743;-0,29925
134,81802;-1,23726;-0,29956
134,82800;-1,23709;-0,29927
134,83802;-1,23692;-0,29957
134,84800;-1,23675;-0,29918
134,85800;-1,23658;-0,29933
134,86802;-1,23647;-0,29921
134,87800;-1,23630;-0,29928
134,88800;-1,23613;-0,29923
134,89802;-1,23596;-0,29907
134,90800;-1,23579;-0,29929
134,91800;-1,23562;-0,29899
134,92802;-1,23545;-0,29931
134,93800;-1,23528;-0,29884
134,94802;-1,23511;-0,29909
134,95800;-1,23494;-0,29877
134,96800;-1,23477;-0,29906
134,97802;-1,23460;-0,29886
134,98800;-1,23443;-0,29889
134,99800;-1,23431;-0,29887
135,00802;-1,23414;-0,29869
135,01800;-1,23397;-0,29884
135,02800;-1,23380;-0,29859
135,03802;-1,23369;-0,29871
135,04800;-1,23352;-0,29842
135,05802;-1,23335;-0,29867
135,06802;-1,23318;-0,29842
135,07800;-1,23301;-0,29867
135,08802;-1,23284;-0,29834
135,09800;-1,23267;-0,29850
135,10800;-1,23250;-0,29840
135,11802;-1,23239;-0,29842
135,12800;-1,23222;-0,29839
135,13800;-1,23205;-0,29813
135,14802;-1,23188;-0,29837
135,15800;-1,23171;-0,29817
135,16800;-1,23154;-0,29835
135,17802;-1,23137;-0,29814
135,18800;-1,23120;-0,29815
135,19802;-1,23108;-0,29802
135,20800;-1,23091;-0,29822
135,21800;-1,23074;-0,29796
135,22802;-1,23057;-0,29802
135,23800;-1,23040;-0,29794
135,24800;-1,23023;-0,29782
135,25802;-1,23006;-0,29796
135,26800;-1,22989;-0,29778
135,27800;-1,22972;-0,29784
135,28802;-1,22955;-0,29773
135,29800;-1,22938;-0,29773
135,30802;-1,22921;-0,29768
135,31802;-1,22904;-0,29766
135,32800;-1,22887;-0,29757
135,33802;-1,22870;-0,29758
135,34800;-1,22853;-0,29748
135,35800;-1,22836;-0,29745
135,36802;-1,22819;-0,29739
135,37800;-1,22802;-0,29726
135,38800;-1,22785;-0,29744
135,39802;-1,22768;-0,29722
135,40800;-1,22751;-0,29733
135,41800;-1,22734;-0,29725
135,42802;-1,22717;-0,29723
135,43800;-1,22700;-0,29707
135,44802;-1,22683;-0,29717
135,45800;-1,22666;-0,29693
135,46800;-1,22649;-0,29705
135,47802;-1,22632;-0,29697
135,48800;-1,22615;-0,29696
135,49800;-1,22598;-0,29697
135,50802;-1,22581;-0,29697
135,51800;-1,22564;-0,29684
135,52800;-1,22553;-0,29686
135,53802;-1,22536;-0,29683
135,54800;-1,22519;-0,29680
135,55802;-1,22502;-0,29664
135,56802;-1,22485;-0,29668
135,57800;-1,22468;-0,29652
135,58802;-1,22451;-0,29658
135,59800;-1,22434;-0,29657
135,60800;-1,22417;-0,29652
135,61802;-1,22400;-0,29636
135,62800;-1,22383;-0,29645
135,63800;-1,22366;-0,29637
135,64802;-1,22349;-0,29628
135,65800;-1,22332;-0,29638
135,66800;-1,22321;-0,29609
135,67802;-1,22304;-0,29628
135,68800;-1,22287;-0,29620
135,69802;-1,22270;-0,29610
135,70800;-1,22253;-0,29598
135,71800;-1,22236;-0,29609
135,72802;-1,22219;-0,29593
135,73800;-1,22202;-0,29602
135,74800;-1,22185;-0,29588
135,75802;-1,22168;-0,29583
135,76800;-1,22151;-0,29591
135,77800;-1,22134;-0,29571
135,78802;-1,22117;-0,29587
135,79800;-1,22100;-0,29562
135,80802;-1,22083;-0,29574
135,81802;-1,22071;-0,29570
135,82800;-1,22054;-0,29573
135,83802;-1,22037;-0,29554
135,84800;-1,22020;-0,29561
135,85800;-1,22003;-0,29540
135,86802;-1,21992;-0,29560
135,87800;-1,21975;-0,29548
135,88800;-1,21958;-0,29539
135,89802;-1,21941;-0,29541
135,90800;-1,21924;-0,29537
135,91800;-1,21907;-0,29524
135,92802;-1,21890;-0,29528
135,93800;-1,21873;-0,29512
135,94802;-1,21856;-0,29508
135,95800;-1,21839;-0,29515
135,96800;-1,21822;-0,29504
135,97802;-1,21805;-0,29504
135,98800;-1,21788;-0,29489
135,99800;-1,21771;-0,29512
136,00802;-1,21754;-0,29490
136,01800;-1,21737;-0,29503
136,02800;-1,21720;-0,29481
136,03802;-1,21703;-0,29477
136,04800;-1,21686;-0,29472
136,05802;-1,21669;-0,29482
136,06802;-1,21652;-0,29471
136,07800;-1,21635;-0,29465
136,08802;-1,21618;-0,29475
136,09800;-1,21601;-0,29455
136,10800;-1,21584;-0,29479
136,11802;-1,21567;-0,29438
136,12800;-1,21550;-0,29464
136,13800;-1,21533;-0,29426
136,14802;-1,21516;-0,29454
136,15800;-1,21499;-0,29431
136,16800;-1,21482;-0,29442
136,17802;-1,21471;-0,29429
136,18800;-1,21454;-0,29424
136,19802;-1,21437;-0,29437
136,20800;-1,21420;-0,29408
136,21800;-1,21403;-0,29428
136,22802;-1,21386;-0,29384
136,23800;-1,21369;-0,29425
136,24800;-1,21352;-0,29375
136,25802;-1,21335;-0,29425
136,26800;-1,21318;-0,29383
136,27800;-1,21301;-0,29403
136,28802;-1,21289;-0,29397
136,29800;-1,21272;-0,29390
136,30802;-1,21255;-0,29395
136,31802;-1,21238;-0,29369
136,32800;-1,21221;-0,29384
136,33802;-1,21204;-0,29341
136,34800;-1,21187;-0,29395
136,35800;-1,21170;-0,29328
136,36802;-1,21153;-0,29386
136,37800;-1,21136;-0,29337
136,38800;-1,21119;-0,29352
136,39802;-1,21108;-0,29349
136,40800;-1,21091;-0,29348
136,41800;-1,21074;-0,29331
136,42802;-1,21057;-0,29327
136,43800;-1,21040;-0,29348
136,44802;-1,21023;-0,29308
136,45800;-1,21006;-0,29348
136,46200;-1,21000;-0,29337
136,46400;-1,20995;-0,29321
136,47400;-1,20983;-0,29324
136,48402;-1,20978;-0,29303
136,49400;-1,20978;-0,29352
136,50402;-1,20978;-0,29316
136,51400;-1,20978;-0,29339
136,52400;-1,20978;-0,29299
136,53402;-1,20989;-0,29321
136,54400;-1,20995;-0,29307
136,55400;-1,20995;-0,29328
136,56402;-1,21000;-0,29300
136,57400;-1,21006;-0,29321
136,58400;-1,21012;-0,29322
136,59402;-1,21023;-0,29320
136,60400;-1,21029;-0,29336
136,61402;-1,21040;-0,29316
136,62402;-1,21051;-0,29332
136,63400;-1,21063;-0,29322
136,64402;-1,21074;-0,29340
136,65400;-1,21091;-0,29311
136,66400;-1,21108;-0,29335
136,67402;-1,21125;-0,29335
136,68400;-1,21153;-0,29364
136,69400;-1,21176;-0,29361
136,70402;-1,21210;-0,29369
136,71400;-1,21238;-0,29370
136,72400;-1,21272;-0,29374
136,73402;-1,21306;-0,29392
136,74400;-1,21340;-0,29372
136,75402;-1,21369;-0,29396
136,76400;-1,21403;-0,29398
136,77400;-1,21431;-0,29420
136,78402;-1,21459;-0,29422
136,79400;-1,21488;-0,29440
136,80400;-1,21522;-0,29427
136,81402;-1,21544;-0,29465
136,82400;-1,21567;-0,29455
136,83400;-1,21590;-0,29459
136,84402;-1,21612;-0,29481
136,85400;-1,21635;-0,29467
136,86402;-1,21652;-0,29498
136,87402;-1,21675;-0,29494
136,88400;-1,21692;-0,29514
136,89402;-1,21714;-0,29502
136,90400;-1,21731;-0,29523
136,91400;-1,21748;-0,29512
136,92402;-1,21765;-0,29532
136,93400;-1,21782;-0,29529
136,94400;-1,21799;-0,29541
136,95402;-1,21816;-0,29545
136,96400;-1,21833;-0,29547
136,97400;-1,21850;-0,29576
136,98402;-1,21867;-0,29546
136,99400;-1,21884;-0,29574
137,00402;-1,21901;-0,29562
137,01400;-1,21913;-0,29579
137,02400;-1,21930;-0,29579
137,03402;-1,21941;-0,29597
137,04400;-1,21958;-0,29583
137,05400;-1,21975;-0,29603
137,06402;-1,21992;-0,29595
137,07400;-1,22009;-0,29613
137,08400;-1,22026;-0,29613
137,09402;-1,22043;-0,29617
137,10400;-1,22066;-0,29635
137,11402;-1,22083;-0,29625
137,12402;-1,22100;-0,29645
137,13400;-1,22117;-0,29628
137,14402;-1,22128;-0,29644
137,15400;-1,22145;-0,29639
137,16400;-1,22162;-0,29659
137,17402;-1,22179;-0,29654
137,18400;-1,22196;-0,29677
137,19400;-1,22213;-0,29661
137,20402;-1,22230;-0,29689
137,21400;-1,22247;-0,29683
137,22400;-1,22264;-0,29682
137,23402;-1,22281;-0,29704
137,24400;-1,22298;-0,29677
137,25402;-1,22315;-0,29696
137,26400;-1,22332;-0,29697
137,27400;-1,22349;-0,29710
137,28402;-1,22366;-0,29709
137,29400;-1,22383;-0,29731
137,30400;-1,22400;-0,29722
137,31402;-1,22417;-0,29740
137,32400;-1,22434;-0,29740
137,33400;-1,22451;-0,29740
137,34402;-1,22462;-0,29745
137,35400;-1,22479;-0,29751
137,36402;-1,22496;-0,29766
137,37402;-1,22513;-0,29755
137,38400;-1,22530;-0,29776
137,39402;-1,22547;-0,29775
137,40400;-1,22564;-0,29771
137,41400;-1,22581;-0,29787
137,42402;-1,22598;-0,29779
137,43400;-1,22615;-0,29790
137,44400;-1,22632;-0,29788
137,45402;-1,22649;-0,29803
137,46400;-1,22666;-0,29800
137,47400;-1,22683;-0,29815
137,48402;-1,22700;-0,29820
137,49400;-1,22717;-0,29831
137,50402;-1,22734;-0,29821
137,51400;-1,22757;-0,29834
137,52400;-1,22768;-0,29841
137,53402;-1,22791;-0,29830
137,54400;-1,22808;-0,29851
137,55400;-1,22825;-0,29847
137,56402;-1,22842;-0,29857
137,57400;-1,22859;-0,29855
137,58400;-1,22876;-0,29871
137,59402;-1,22893;-0,29855
137,60400;-1,22910;-0,29875
137,61402;-1,22921;-0,29874
137,62402;-1,22938;-0,29882
137,63400;-1,22955;-0,29886
137,64402;-1,22972;-0,29885
137,65400;-1,22984;-0,29892
137,66400;-1,23001;-0,29886
137,67402;-1,23018;-0,29919
137,68400;-1,23029;-0,29898
137,69400;-1,23046;-0,29925
137,70402;-1,23063;-0,29909
137,71400;-1,23080;-0,29934
137,72400;-1,23097;-0,29915
137,73402;-1,23114;-0,29946
137,74400;-1,23131;-0,29922
137,75402;-1,23148;-0,29933
137,76400;-1,23165;-0,29947
137,77400;-1,23182;-0,29939
137,78402;-1,23193;-0,29959
137,79400;-1,23210;-0,29949
137,80400;-1,23222;-0,29976
137,81402;-1,23239;-0,29961
137,82400;-1,23256;-0,29998
137,83400;-1,23273;-0,29968
137,84402;-1,23290;-0,29998
137,85400;-1,23312;-0,29982
137,86402;-1,23329;-0,30003
137,87402;-1,23346;-0,29996
137,88400;-1,23363;-0,29999
137,89402;-1,23380;-0,30011
137,90400;-1,23397;-0,29996
137,91400;-1,23420;-0,30033
137,92402;-1,23437;-0,30009
137,93400;-1,23454;-0,30036
137,94400;-1,23471;-0,30017
137,95402;-1,23488;-0,30052
137,96400;-1,23505;-0,30023
137,97400;-1,23522;-0,30055
137,98402;-1,23533;-0,30040
137,99400;-1,23550;-0,30058
138,00402;-1,23567;-0,30067
138,01400;-1,23590;-0,30069
138,02400;-1,23607;-0,30081
138,03402;-1,23624;-0,30069
138,04400;-1,23641;-0,30091
138,05400;-1,23658;-0,30071
138,06402;-1,23681;-0,30106
138,07400;-1,23698;-0,30084
138,08400;-1,23709;-0,30110
138,09402;-1,23726;-0,30100
138,10400;-1,23737;-0,30119
138,11402;-1,23754;-0,30114
138,12402;-1,23771;-0,30134
138,13400;-1,23788;-0,30121
138,14402;-1,23805;-0,30136
138,15400;-1,23822;-0,30139
138,16400;-1,23839;-0,30146
138,17402;-1,23856;-0,30153
138,18400;-1,23873;-0,30141
138,19400;-1,23890;-0,30161
138,20402;-1,23907;-0,30149
138,21400;-1,23924;-0,30171
138,22400;-1,23941;-0,30164
138,23402;-1,23958;-0,30169
138,24400;-1,23975;-0,30171
138,25402;-1,23992;-0,30184
138,26400;-1,24004;-0,30181
138,27400;-1,24021;-0,30187
138,28402;-1,24038;-0,30193
138,29400;-1,24055;-0,30188
138,30400;-1,24072;-0,30213
138,31402;-1,24083;-0,30202
138,32400;-1,24100;-0,30214
138,33400;-1,24117;-0,30217
138,34402;-1,24134;-0,30220
138,35400;-1,24151;-0,30224
138,36402;-1,24168;-0,30236
138,37402;-1,24185;-0,30225
138,38400;-1,24202;-0,30238
138,39402;-1,24219;-0,30235
138,40400;-1,24236;-0,30252
138,41400;-1,24253;-0,30250
138,42402;-1,24270;-0,30259
138,43400;-1,24287;-0,30256
138,44400;-1,24304;-0,30272
138,45402;-1,24315;-0,30262
138,46400;-1,24332;-0,30277
138,47400;-1,24349;-0,30275
138,48402;-1,24366;-0,30277
138,49400;-1,24383;-0,30297
138,50402;-1,24400;-0,30294
138,51400;-1,24417;-0,30307
138,52400;-1,24434;-0,30300
138,53402;-1,24451;-0,30318
138,54400;-1,24468;-0,30296
138,55400;-1,24485;-0,30322
138,56402;-1,24502;-0,30312
138,57400;-1,24519;-0,30328
138,58400;-1,24536;-0,30325
138,59402;-1,24553;-0,30329
138,60400;-1,24570;-0,30345
138,61402;-1,24587;-0,30330
138,62402;-1,24599;-0,30353
138,63400;-1,24616;-0,30346
138,64402;-1,24633;-0,30357
138,65400;-1,24650;-0,30341
138,66400;-1,24667;-0,30376
138,67402;-1,24684;-0,30349
138,68400;-1,24701;-0,30383
138,69400;-1,24718;-0,30374
138,70402;-1,24735;-0,30379
138,71400;-1,24757;-0,30393
138,72400;-1,24774;-0,30386
138,73402;-1,24786;-0,30400
138,74400;-1,24803;-0,30377
138,75402;-1,24820;-0,30399
138,76400;-1,24837;-0,30394
138,77400;-1,24854;-0,30416
138,78402;-1,24871;-0,30405
138,79400;-1,24888;-0,30435
138,80400;-1,24910;-0,30413
138,81402;-1,24927;-0,30431
138,82400;-1,24944;-0,30434
138,83400;-1,24961;-0,30418
138,84402;-1,24978;-0,30446
138,85400;-1,24995;-0,30432
138,86402;-1,25012;-0,30450
138,87402;-1,25029;-0,30442
138,88400;-1,25046;-0,30473
138,89402;-1,25063;-0,30447
138,90400;-1,25075;-0,30482
138,91400;-1,25092;-0,30461
138,92402;-1,25103;-0,30474
138,93400;-1,25120;-0,30472
138,94400;-1,25137;-0,30479
138,95402;-1,25148;-0,30490
138,96400;-1,25165;-0,30482
138,97400;-1,25182;-0,30509
138,98402;-1,25199;-0,30484
138,99400;-1,25216;-0,30515
139,00402;-1,25233;-0,30494
139,01400;-1,25250;-0,30520
139,02400;-1,25267;-0,30492
139,03402;-1,25284;-0,30533
139,04400;-1,25301;-0,30504
139,05400;-1,25318;-0,30532
139,06402;-1,25335;-0,30528
139,07400;-1,25347;-0,30529
139,08400;-1,25364;-0,30538
139,09402;-1,25375;-0,30530
139,10400;-1,25392;-0,30544
139,11402;-1,25409;-0,30534
139,12402;-1,25426;-0,30564
139,13400;-1,25443;-0,30530
139,14402;-1,25460;-0,30577
139,15400;-1,25477;-0,30544
139,16400;-1,25494;-0,30578
139,17402;-1,25511;-0,30556
139,18400;-1,25528;-0,30574
139,19400;-1,25551;-0,30571
139,20402;-1,25568;-0,30586
139,21400;-1,25585;-0,30583
139,22400;-1,25596;-0,30584
139,23402;-1,25619;-0,30600
139,24400;-1,25636;-0,30581
139,25402;-1,25647;-0,30616
139,26400;-1,25664;-0,30581
139,27400;-1,25681;-0,30624
139,28402;-1,25698;-0,30587
139,29400;-1,25715;-0,30633
139,30400;-1,25732;-0,30612
139,31402;-1,25749;-0,30628
139,32400;-1,25766;-0,30633
139,33400;-1,25783;-0,30624
139,34402;-1,25806;-0,30643
139,35400;-1,25823;-0,30630
139,36402;-1,25840;-0,30652
139,37402;-1,25857;-0,30623
139,38400;-1,25874;-0,30669
139,39402;-1,25885;-0,30640
139,40400;-1,25902;-0,30668
139,41400;-1,25919;-0,30651
139,42402;-1,25936;-0,30668
139,43400;-1,25953;-0,30666
139,44400;-1,25970;-0,30669
139,45402;-1,25987;-0,30683
139,46400;-1,26004;-0,30663
139,47400;-1,26027;-0,30694
139,48402;-1,26044;-0,30685
139,49400;-1,26055;-0,30700
139,50402;-1,26072;-0,30682
139,51400;-1,26089;-0,30702
139,52400;-1,26106;-0,30688
139,53402;-1,26123;-0,30714
139,54400;-1,26140;-0,30705
139,55400;-1,26157;-0,30700
139,56402;-1,26174;-0,30719
139,57400;-1,26185;-0,30716
139,58400;-1,26202;-0,30720
139,59402;-1,26219;-0,30721
139,60400;-1,26236;-0,30736
139,61402;-1,26253;-0,30719
139,62402;-1,26265;-0,30748
139,63400;-1,26282;-0,30725
139,64402;-1,26299;-0,30748
139,65400;-1,26316;-0,30738
139,66400;-1,26333;-0,30765
139,67402;-1,26350;-0,30750
139,68400;-1,26367;-0,30763
139,69400;-1,26384;-0,30763
139,70402;-1,26401;-0,30766
139,71400;-1,26418;-0,30766
139,72400;-1,26435;-0,30765
139,73402;-1,26452;-0,30779
139,74400;-1,26463;-0,30755
139,75402;-1,26480;-0,30798
139,76400;-1,26497;-0,30766
139,77400;-1,26514;-0,30802
139,78402;-1,26531;-0,30786
139,79400;-1,26548;-0,30797
139,80400;-1,26565;-0,30790
139,81402;-1,26582;-0,30802
139,82400;-1,26599;-0,30803
139,83400;-1,26616;-0,30805
139,84402;-1,26633;-0,30814
139,85400;-1,26650;-0,30793
139,86402;-1,26661;-0,30826
139,87402;-1,26678;-0,30804
139,88400;-1,26695;-0,30839
139,89402;-1,26712;-0,30811
139,90400;-1,26729;-0,30845
139,91400;-1,26746;-0,30834
139,92402;-1,26758;-0,30847
139,93400;-1,26775;-0,30841
139,94400;-1,26792;-0,30838
139,95402;-1,26809;-0,30858
139,96400;-1,26826;-0,30842
139,97400;-1,26843;-0,30876
139,98402;-1,26865;-0,30846
139,99400;-1,26882;-0,30881
140,00402;-1,26899;-0,30847
140,01400;-1,26916;-0,30893
140,02400;-1,26933;-0,30865
140,03402;-1,26950;-0,30889
140,04400;-1,26962;-0,30880
140,05400;-1,26979;-0,30890
140,06402;-1,26996;-0,30894
140,07400;-1,27013;-0,30896
140,08400;-1,27030;-0,30904
140,09402;-1,27047;-0,30889
140,10400;-1,27069;-0,30922
140,11402;-1,27086;-0,30897
140,12402;-1,27103;-0,30921
140,13400;-1,27120;-0,30907
140,14402;-1,27137;-0,30924
140,15400;-1,27154;-0,30925
140,16400;-1,27177;-0,30937
140,17402;-1,27188;-0,30922
140,18400;-1,27205;-0,30938
140,19400;-1,27222;-0,30939
140,20402;-1,27239;-0,30945
140,21400;-1,27256;-0,30947
140,22402;-1,27268;-0,30937
140,23402;-1,27285;-0,30966
140,24400;-1,27302;-0,30955
140,25402;-1,27313;-0,30968
140,26400;-1,27330;-0,30961
140,27400;-1,27347;-0,30971
140,28402;-1,27364;-0,30973
140,29400;-1,27381;-0,30985
140,30400;-1,27398;-0,30981
140,31402;-1,27415;-0,30983
140,32400;-1,27432;-0,30993
140,33400;-1,27449;-0,30991
140,34402;-1,27466;-0,31004
140,35400;-1,27483;-0,30981
140,36402;-1,27500;-0,31008
140,37402;-1,27511;-0,30996
140,38400;-1,27528;-0,31019
140,39402;-1,27540;-0,31006
140,40400;-1,27557;-0,31018
140,41400;-1,27574;-0,31023
140,42402;-1,27591;-0,31024
140,43400;-1,27608;-0,31035
140,44400;-1,27630;-0,31024
140,45402;-1,27647;-0,31036
140,46400;-1,27664;-0,31027
140,47402;-1,27681;-0,31057
140,48402;-1,27698;-0,31033
140,49400;-1,27715;-0,31052
140,50402;-1,27732;-0,31040
140,51400;-1,27749;-0,31057
140,52400;-1,27766;-0,31064
140,53402;-1,27783;-0,31059
140,54400;-1,27800;-0,31075
140,55400;-1,27817;-0,31061
140,56402;-1,27834;-0,31076
140,57400;-1,27851;-0,31071
140,58400;-1,27868;-0,31092
140,59402;-1,27880;-0,31075
140,60400;-1,27897;-0,31086
140,61402;-1,27914;-0,31087
140,62402;-1,27931;-0,31086
140,63400;-1,27953;-0,31099
140,64402;-1,27970;-0,31093
140,65400;-1,27987;-0,31111
140,66400;-1,28004;-0,31102
140,67402;-1,28021;-0,31120
140,68400;-1,28038;-0,31103
140,69400;-1,28050;-0,31122
140,70402;-1,28067;-0,31108
140,71400;-1,28084;-0,31121
140,72402;-1,28101;-0,31130
140,73402;-1,28118;-0,31124
140,74400;-1,28135;-0,31133
140,75402;-1,28152;-0,31121
140,76400;-1,28169;-0,31142
140,77400;-1,28186;-0,31131
140,78402;-1,28203;-0,31155
140,79400;-1,28220;-0,31135
140,80400;-1,28237;-0,31154
140,81402;-1,28254;-0,31146
140,82400;-1,28271;-0,31162
140,83400;-1,28288;-0,31152
140,84402;-1,28305;-0,31153
140,85400;-1,28322;-0,31166
140,86402;-1,28339;-0,31156
140,87402;-1,28350;-0,31175
140,88400;-1,28367;-0,31157
140,89402;-1,28384;-0,31173
140,90400;-1,28401;-0,31169
140,91400;-1,28418;-0,31196
140,92402;-1,28429;-0,31180
140,93400;-1,28452;-0,31187
140,94400;-1,28463;-0,31187
140,95402;-1,28486;-0,31184
140,96400;-1,28503;-0,31192
140,97402;-1,28520;-0,31193
140,98402;-1,28537;-0,31199
140,99400;-1,28554;-0,31198
141,00402;-1,28565;-0,31219
141,01400;-1,28582;-0,31194
141,02400;-1,28599;-0,31210
141,03402;-1,28611;-0,31215
141,04400;-1,28628;-0,31216
141,05400;-1,28645;-0,31226
141,06402;-1,28662;-0,31225
141,07400;-1,28679;-0,31223
141,08400;-1,28696;-0,31232
141,09402;-1,28713;-0,31234
141,10400;-1,28730;-0,31230
141,11402;-1,28747;-0,31238
141,12402;-1,28764;-0,31234
141,13400;-1,28781;-0,31241
141,14402;-1,28798;-0,31237
141,15400;-1,28815;-0,31249
141,16400;-1,28832;-0,31248
141,17402;-1,28849;-0,31260
141,18400;-1,28860;-0,31257
141,19400;-1,28877;-0,31265
141,20402;-1,28894;-0,31260
141,21400;-1,28911;-0,31279
141,22402;-1,28928;-0,31269
141,23402;-1,28939;-0,31278
141,24400;-1,28956;-0,31284
141,25402;-1,28973;-0,31273
141,26400;-1,28990;-0,31293
141,27400;-1,29013;-0,31279
141,28402;-1,29030;-0,31302
141,29400;-1,29047;-0,31280
141,30400;-1,29064;-0,31303
141,31402;-1,29087;-0,31285
141,32400;-1,29104;-0,31314
141,33400;-1,29121;-0,31289
141,34402;-1,29132;-0,31304
141,35400;-1,29155;-0,31307
141,36402;-1,29166;-0,31307
141,37402;-1,29183;-0,31329
141,38400;-1,29206;-0,31300
141,39402;-1,29223;-0,31336
141,40400;-1,29240;-0,31306
141,41400;-1,29257;-0,31346
141,42402;-1,29274;-0,31314
141,43400;-1,29291;-0,31346
141,44400;-1,29308;-0,31321
141,45402;-1,29325;-0,31339
141,46400;-1,29342;-0,31336
141,47402;-1,29359;-0,31330
141,48402;-1,29376;-0,31352
141,49400;-1,29393;-0,31322
141,50402;-1,29404;-0,31363
141,51400;-1,29421;-0,31336
141,52400;-1,29438;-0,31369
141,53402;-1,29449;-0,31332
141,54400;-1,29466;-0,31374
141,55400;-1,29483;-0,31344
141,56402;-1,29500;-0,31375
141,57400;-1,29512;-0,31363
141,58400;-1,29529;-0,31362
141,59402;-1,29546;-0,31370
141,60400;-1,29563;-0,31367
141,61402;-1,29580;-0,31381
141,62402;-1,29597;-0,31370
141,63400;-1,29614;-0,31389
141,64402;-1,29631;-0,31373
141,65400;-1,29648;-0,31388
141,66400;-1,29659;-0,31374
141,67402;-1,29676;-0,31394
141,68400;-1,29693;-0,31378
141,69400;-1,29704;-0,31404
141,70402;-1,29721;-0,31401
141,71400;-1,29744;-0,31401
141,72402;-1,29761;-0,31407
141,73402;-1,29778;-0,31406
141,74400;-1,29795;-0,31414
141,75402;-1,29812;-0,31410
141,76400;-1,29835;-0,31423
141,77400;-1,29852;-0,31407
141,78402;-1,29869;-0,31436
141,79400;-1,29886;-0,31418
141,80400;-1,29903;-0,31429
141,81402;-1,29920;-0,31426
141,82400;-1,29937;-0,31434
141,83400;-1,29954;-0,31430
141,84402;-1,29971;-0,31443
141,85400;-1,29988;-0,31446
141,86402;-1,30005;-0,31436
141,87402;-1,30016;-0,31465
141,88400;-1,30033;-0,31431
141,89402;-1,30050;-0,31465
141,90400;-1,30067;-0,31444
141,91400;-1,30084;-0,31475
141,92402;-1,30101;-0,31459
141,93400;-1,30118;-0,31472
141,94400;-1,30135;-0,31476
141,95402;-1,30152;-0,31473
141,96400;-1,30169;-0,31491
141,97402;-1,30186;-0,31473
141,98402;-1,30203;-0,31493
141,99400;-1,30220;-0,31462
142,00402;-1,30231;-0,31506
142,01400;-1,30248;-0,31458
142,02400;-1,30265;-0,31507
142,03402;-1,30282;-0,31495
142,04400;-1,30305;-0,31499
142,05400;-1,30322;-0,31504
142,06402;-1,30339;-0,31497
142,07400;-1,30356;-0,31505
142,08400;-1,30373;-0,31489
142,09402;-1,30390;-0,31528
142,10400;-1,30407;-0,31493
142,11402;-1,30424;-0,31534
142,12402;-1,30441;-0,31507
142,13400;-1,30458;-0,31534
142,14402;-1,30475;-0,31508
142,15400;-1,30492;-0,31532
142,16400;-1,30509;-0,31522
142,17402;-1,30520;-0,31521
142,18400;-1,30537;-0,31537
142,19400;-1,30554;-0,31520
142,20402;-1,30571;-0,31542
142,21400;-1,30583;-0,31530
142,22402;-1,30600;-0,31550
142,23402;-1,30617;-0,31535
142,24400;-1,30634;-0,31554
142,25402;-1,30651;-0,31545
142,26400;-1,30668;-0,31550
142,27400;-1,30685;-0,31549
142,28402;-1,30702;-0,31552
142,29400;-1,30719;-0,31565
142,30400;-1,30730;-0,31553
142,31402;-1,30747;-0,31562
142,32400;-1,30764;-0,31551
142,33400;-1,30781;-0,31567
142,34402;-1,30792;-0,31569
142,35400;-1,30809;-0,31566
142,36402;-1,30826;-0,31570
142,37402;-1,30843;-0,31574
142,38400;-1,30860;-0,31584
142,39402;-1,30877;-0,31578
142,40400;-1,30894;-0,31591
142,41400;-1,30911;-0,31577
142,42402;-1,30928;-0,31593
142,43400;-1,30945;-0,31590
142,44400;-1,30962;-0,31599
142,45402;-1,30979;-0,31595
142,46400;-1,30996;-0,31595
142,47402;-1,31013;-0,31608
142,48402;-1,31030;-0,31600
142,49400;-1,31042;-0,31614
142,50402;-1,31059;-0,31594
142,51400;-1,31076;-0,31611
142,52400;-1,31093;-0,31599
142,53402;-1,31104;-0,31612
142,54400;-1,31121;-0,31609
142,55400;-1,31138;-0,31618
142,56402;-1,31161;-0,31626
142,57400;-1,31178;-0,31620
142,58400;-1,31195;-0,31633
142,59402;-1,31217;-0,31622
142,60400;-1,31234;-0,31639
142,61402;-1,31251;-0,31626
142,62402;-1,31268;-0,31648
142,63400;-1,31285;-0,31627
142,64402;-1,31302;-0,31643
142,65400;-1,31319;-0,31635
142,66400;-1,31336;-0,31654
142,67402;-1,31353;-0,31646
142,68400;-1,31370;-0,31660
142,69400;-1,31387;-0,31647
142,70402;-1,31404;-0,31652
142,71400;-1,31421;-0,31661
142,72402;-1,31438;-0,31661
142,73402;-1,31461;-0,31669
142,74400;-1,31472;-0,31667
142,75402;-1,31495;-0,31671
142,76400;-1,31506;-0,31660
142,77400;-1,31523;-0,31692
142,78402;-1,31540;-0,31661
142,79400;-1,31557;-0,31691
142,80400;-1,31574;-0,31669
142,81402;-1,31586;-0,31694
142,82400;-1,31603;-0,31674
142,83400;-1,31620;-0,31694
142,84402;-1,31631;-0,31678
142,85400;-1,31648;-0,31691
142,86402;-1,31665;-0,31701
142,87402;-1,31682;-0,31694
142,88400;-1,31699;-0,31701
142,89402;-1,31710;-0,31691
142,90400;-1,31733;-0,31719
142,91400;-1,31744;-0,31691
142,92402;-1,31767;-0,31717
142,93400;-1,31784;-0,31696
142,94400;-1,31801;-0,31714
142,95402;-1,31812;-0,31707
142,96400;-1,31829;-0,31711
142,97402;-1,31846;-0,31712
142,98402;-1,31858;-0,31715
142,99400;-1,31875;-0,31714
143,00402;-1,31892;-0,31733
143,01400;-1,31909;-0,31723
143,02400;-1,31926;-0,31720
143,03402;-1,31943;-0,31730
143,04400;-1,31965;-0,31723
143,05400;-1,31982;-0,31738
143,06402;-1,31999;-0,31729
143,07400;-1,32016;-0,31735
143,08400;-1,32033;-0,31741
143,09402;-1,32050;-0,31746
143,10400;-1,32067;-0,31738
143,11402;-1,32084;-0,31751
143,12402;-1,32101;-0,31738
143,13400;-1,32118;-0,31754
143,14402;-1,32135;-0,31749
143,15400;-1,32152;-0,31749
143,16400;-1,32169;-0,31759
143,17402;-1,32181;-0,31754
143,18400;-1,32198;-0,31762
143,19400;-1,32215;-0,31764
143,20402;-1,32232;-0,31765
143,21400;-1,32249;-0,31769
143,22402;-1,32260;-0,31776
143,23402;-1,32283;-0,31760
143,24400;-1,32300;-0,31788
143,25402;-1,32317;-0,31766
143,26400;-1,32334;-0,31780
143,27400;-1,32351;-0,31784
143,28402;-1,32368;-0,31774
143,29400;-1,32379;-0,31780
143,30400;-1,32396;-0,31770
143,31402;-1,32413;-0,31788
143,32400;-1,32430;-0,31783
143,33400;-1,32447;-0,31803
143,34402;-1,32464;-0,31786
143,35400;-1,32481;-0,31802
143,36402;-1,32498;-0,31791
143,37402;-1,32515;-0,31797
143,38400;-1,32532;-0,31805
143,39402;-1,32549;-0,31795
143,40400;-1,32566;-0,31796
143,41400;-1,32583;-0,31794
143,42402;-1,32600;-0,31807
143,43400;-1,32617;-0,31806
143,44400;-1,32628;-0,31809
143,45402;-1,32645;-0,31805
143,46400;-1,32662;-0,31818
143,47402;-1,32679;-0,31822
143,48402;-1,32696;-0,31820
143,49400;-1,32708;-0,31824
143,50402;-1,32725;-0,31808
143,51400;-1,32742;-0,31833
143,52400;-1,32759;-0,31824
143,53402;-1,32776;-0,31838
143,54400;-1,32793;-0,31831
143,55400;-1,32810;-0,31824
143,56402;-1,32832;-0,31841
143,57400;-1,32849;-0,31830
143,58400;-1,32861;-0,31849
143,59402;-1,32878;-0,31843
143,60400;-1,32895;-0,31835
143,61402;-1,32906;-0,31833
143,62402;-1,32923;-0,31859
143,63400;-1,32940;-0,31829
143,64402;-1,32957;-0,31856
143,65400;-1,32974;-0,31853
143,66400;-1,32997;-0,31845
143,67402;-1,33014;-0,31864
143,68400;-1,33031;-0,31854
143,69400;-1,33048;-0,31854
143,70402;-1,33065;-0,31842
143,71400;-1,33082;-0,31860
143,72402;-1,33099;-0,31856
143,73402;-1,33116;-0,31872
143,74400;-1,33133;-0,31862
143,75402;-1,33150;-0,31872
143,76400;-1,33167;-0,31865
143,77400;-1,33184;-0,31879
143,78402;-1,33195;-0,31876
143,79400;-1,33212;-0,31872
143,80400;-1,33229;-0,31876
143,81402;-1,33246;-0,31876
143,82400;-1,33257;-0,31883
143,83400;-1,33274;-0,31887
143,84402;-1,33291;-0,31894
143,85400;-1,33308;-0,31889
143,86402;-1,33325;-0,31907
143,87402;-1,33348;-0,31892
143,88400;-1,33365;-0,31907
143,89402;-1,33382;-0,31895
143,90400;-1,33399;-0,31911
143,91400;-1,33422;-0,31900
143,92402;-1,33439;-0,31905
143,93400;-1,33456;-0,31906
143,94400;-1,33473;-0,31904
143,95402;-1,33484;-0,31905
143,96400;-1,33501;-0,31906
143,97402;-1,33518;-0,31920
143,98402;-1,33535;-0,31903
143,99400;-1,33552;-0,31938
144,00402;-1,33569;-0,31915
144,01400;-1,33592;-0,31925
144,02400;-1,33603;-0,31930
144,03402;-1,33626;-0,31924
144,04400;-1,33643;-0,31926
144,05400;-1,33660;-0,31921
144,06402;-1,33671;-0,31926
144,07400;-1,33688;-0,31928
144,08400;-1,33705;-0,31936
144,09402;-1,33722;-0,31928
144,10400;-1,33739;-0,31945
144,11402;-1,33756;-0,31930
144,12402;-1,33767;-0,31949
144,13400;-1,33784;-0,31937
144,14402;-1,33801;-0,31937
144,15400;-1,33813;-0,31934
144,16400;-1,33830;-0,31945
144,17402;-1,33847;-0,31940
144,18400;-1,33864;-0,31949
144,19400;-1,33881;-0,31954
144,20402;-1,33898;-0,31943
144,21400;-1,33915;-0,31963
144,22402;-1,33932;-0,31951
144,23402;-1,33949;-0,31956
144,24400;-1,33960;-0,31943
144,25402;-1,33977;-0,31965
144,26400;-1,33988;-0,31945
144,27400;-1,34005;-0,31952
144,28402;-1,34022;-0,31957
144,29400;-1,34039;-0,31964
144,30400;-1,34056;-0,31975
144,31402;-1,34079;-0,31969
144,32400;-1,34096;-0,31982
144,33400;-1,34113;-0,31965
144,34402;-1,34130;-0,31990
144,35400;-1,34147;-0,31971
144,36402;-1,34170;-0,31977
144,37402;-1,34187;-0,31977
144,38400;-1,34204;-0,31986
144,39402;-1,34221;-0,31990
144,40400;-1,34238;-0,31994
144,41400;-1,34255;-0,31996
144,42402;-1,34272;-0,31989
144,43400;-1,34289;-0,32003
144,44400;-1,34300;-0,31987
144,45402;-1,34317;-0,32002
144,46400;-1,34334;-0,31993
144,47402;-1,34345;-0,31996
144,48402;-1,34362;-0,32004
144,49400;-1,34379;-0,32010
144,50402;-1,34396;-0,32010
144,51400;-1,34413;-0,32010
144,52400;-1,34430;-0,32018
144,53402;-1,34447;-0,32013
144,54400;-1,34464;-0,32019
144,55400;-1,34481;-0,32015
144,56402;-1,34498;-0,32031
144,57400;-1,34515;-0,32011
144,58400;-1,34532;-0,32029
144,59402;-1,34549;-0,32027
144,60400;-1,34566;-0,32023
144,61402;-1,34583;-0,32027
144,62402;-1,34595;-0,32028
144,63400;-1,34612;-0,32033
144,64402;-1,34629;-0,32024
144,65400;-1,34646;-0,32040
144,66400;-1,34663;-0,32027
144,67402;-1,34680;-0,32044
144,68400;-1,34697;-0,32028
144,69400;-1,34714;-0,32052
144,70402;-1,34731;-0,32024
144,71400;-1,34753;-0,32053
144,72402;-1,34770;-0,32041
144,73402;-1,34782;-0,32048
144,74400;-1,34804;-0,32050
144,75402;-1,34821;-0,32051
144,76400;-1,34838;-0,32059
144,77400;-1,34855;-0,32048
144,78402;-1,34867;-0,32065
144,79400;-1,34884;-0,32035
144,80400;-1,34901;-0,32071
144,81402;-1,34918;-0,32037
144,82400;-1,34935;-0,32079
144,83400;-1,34952;-0,32053
144,84402;-1,34963;-0,32070
144,85400;-1,34980;-0,32061
144,86402;-1,35003;-0,32063
144,87402;-1,35020;-0,32070
144,88400;-1,35031;-0,32062
144,89402;-1,35048;-0,32081
144,90400;-1,35065;-0,32055
144,91400;-1,35076;-0,32089
144,92402;-1,35093;-0,32053
144,93400;-1,35105;-0,32089
144,94400;-1,35122;-0,32058
144,95402;-1,35139;-0,32086
144,96400;-1,35156;-0,32079
144,97402;-1,35173;-0,32093
144,98402;-1,35195;-0,32084
144,99400;-1,35212;-0,32087
145,00402;-1,35229;-0,32100
145,01400;-1,35246;-0,32086
145,02400;-1,35263;-0,32105
145,03402;-1,35280;-0,32077
145,04400;-1,35297;-0,32111
145,05400;-1,35314;-0,32073
145,06402;-1,35331;-0,32115
145,07400;-1,35348;-0,32088
145,08400;-1,35365;-0,32110
145,09402;-1,35377;-0,32094
145,10400;-1,35394;-0,32113
145,11402;-1,35411;-0,32098
145,12402;-1,35422;-0,32097
145,13400;-1,35439;-0,32112
145,14402;-1,35456;-0,32093
145,15400;-1,35473;-0,32131
145,16400;-1,35490;-0,32108
145,17402;-1,35513;-0,32138
145,18400;-1,35530;-0,32112
145,19400;-1,35547;-0,32149
145,20402;-1,35569;-0,32108
145,21400;-1,35586;-0,32138
145,22402;-1,35603;-0,32111
145,23402;-1,35620;-0,32124
145,24400;-1,35637;-0,32134
145,25402;-1,35654;-0,32124
145,26400;-1,35671;-0,32131
145,27400;-1,35688;-0,32126
145,28402;-1,35705;-0,32147
145,29400;-1,35722;-0,32127
145,30400;-1,35739;-0,32155
145,31402;-1,35756;-0,32128
145,32400;-1,35773;-0,32151
145,33400;-1,35790;-0,32139
145,34402;-1,35807;-0,32156
145,35400;-1,35824;-0,32147
145,36402;-1,35841;-0,32142
145,37402;-1,35858;-0,32160
145,38400;-1,35875;-0,32148
145,39402;-1,35887;-0,32157
145,40400;-1,35904;-0,32148
145,41400;-1,35921;-0,32168
145,42402;-1,35932;-0,32152
145,43400;-1,35949;-0,32172
145,44400;-1,35966;-0,32146
145,45402;-1,35983;-0,32156
145,46400;-1,36000;-0,32166
145,47402;-1,36011;-0,32160
145,48402;-1,36028;-0,32170
145,49400;-1,36045;-0,32169
145,50402;-1,36062;-0,32173
145,51400;-1,36079;-0,32169
145,52400;-1,36096;-0,32191
145,53402;-1,36113;-0,32165
145,54400;-1,36130;-0,32167
145,55400;-1,36147;-0,32166
145,56402;-1,36159;-0,32167
145,57400;-1,36176;-0,32168
145,58400;-1,36187;-0,32179
145,59402;-1,36210;-0,32183
145,60400;-1,36227;-0,32175
145,61402;-1,36244;-0,32200
145,62402;-1,36261;-0,32175
145,63400;-1,36283;-0,32188
145,64402;-1,36300;-0,32171
145,65400;-1,36317;-0,32194
145,66400;-1,36334;-0,32176
145,67402;-1,36351;-0,32196
145,68400;-1,36368;-0,32188
145,69400;-1,36385;-0,32194
145,70402;-1,36402;-0,32198
145,71400;-1,36419;-0,32188
145,72402;-1,36436;-0,32191
145,73402;-1,36453;-0,32190
145,74400;-1,36470;-0,32199
145,75402;-1,36482;-0,32194
145,76400;-1,36499;-0,32218
145,77400;-1,36516;-0,32191
145,78402;-1,36527;-0,32216
145,79400;-1,36544;-0,32197
145,80400;-1,36561;-0,32221
145,81402;-1,36578;-0,32197
145,82400;-1,36595;-0,32216
145,83400;-1,36612;-0,32212
145,84402;-1,36629;-0,32221
145,85400;-1,36652;-0,32230
145,86402;-1,36669;-0,32216
145,87402;-1,36686;-0,32218
145,88400;-1,36697;-0,32214
145,89402;-1,36714;-0,32227
145,90400;-1,36731;-0,32211
145,91400;-1,36748;-0,32240
145,92402;-1,36759;-0,32202
145,93400;-1,36776;-0,32234
145,94400;-1,36793;-0,32230
145,95402;-1,36810;-0,32238
145,96400;-1,36827;-0,32226
145,97402;-1,36850;-0,32235
145,98402;-1,36861;-0,32219
145,99400;-1,36884;-0,32231
146,00402;-1,36901;-0,32238
146,01400;-1,36918;-0,32231
146,02400;-1,36935;-0,32244
146,03402;-1,36952;-0,32238
146,04400;-1,36969;-0,32245
146,05400;-1,36980;-0,32238
146,06402;-1,36997;-0,32239
146,07400;-1,37014;-0,32223
146,08400;-1,37031;-0,32243
146,09402;-1,37048;-0,32236
146,10400;-1,37060;-0,32244
146,11402;-1,37077;-0,32241
146,12402;-1,37094;-0,32249
146,13400;-1,37111;-0,32247
146,14402;-1,37128;-0,32263
146,15400;-1,37145;-0,32250
146,16400;-1,37162;-0,32247
146,17402;-1,37184;-0,32255
146,18400;-1,37201;-0,32247
146,19400;-1,37213;-0,32270
146,20402;-1,37224;-0,32249
146,21400;-1,37241;-0,32261
146,22402;-1,37258;-0,32249
146,23402;-1,37275;-0,32274
146,24400;-1,37286;-0,32246
146,25402;-1,37309;-0,32274
146,26400;-1,37326;-0,32248
146,27400;-1,37343;-0,32279
146,28402;-1,37360;-0,32261
146,29400;-1,37383;-0,32268
146,30400;-1,37400;-0,32264
146,31402;-1,37417;-0,32252
146,32400;-1,37434;-0,32277
146,33400;-1,37451;-0,32268
146,34402;-1,37468;-0,32277
146,35400;-1,37485;-0,32258
146,36402;-1,37502;-0,32295
146,37402;-1,37519;-0,32260
146,38400;-1,37536;-0,32302
146,39402;-1,37547;-0,32268
146,40400;-1,37564;-0,32294
146,41400;-1,37581;-0,32277
146,42402;-1,37592;-0,32292
146,43400;-1,37609;-0,32280
146,44400;-1,37626;-0,32291
146,45402;-1,37643;-0,32293
146,46400;-1,37660;-0,32292
146,47402;-1,37683;-0,32309
146,48402;-1,37700;-0,32288
146,49400;-1,37717;-0,32308
146,50402;-1,37734;-0,32270
146,51400;-1,37757;-0,32318
146,52400;-1,37774;-0,32286
146,53402;-1,37791;-0,32312
146,54400;-1,37808;-0,32295
146,55400;-1,37819;-0,32322
146,56402;-1,37836;-0,32295
146,57400;-1,37853;-0,32320
146,58400;-1,37870;-0,32306
146,59402;-1,37887;-0,32296
146,60400;-1,37904;-0,32327
146,61402;-1,37921;-0,32303
146,62402;-1,37938;-0,32332
146,63400;-1,37955;-0,32297
146,64402;-1,37972;-0,32335
146,65400;-1,37989;-0,32296
146,66400;-1,38006;-0,32333
146,67402;-1,38017;-0,32300
146,68400;-1,38034;-0,32322
146,69400;-1,38051;-0,32315
146,70402;-1,38068;-0,32325
146,71400;-1,38085;-0,32322
146,72402;-1,38102;-0,32321
146,73402;-1,38114;-0,32334
146,74400;-1,38131;-0,32315
146,75402;-1,38148;-0,32353
146,76400;-1,38159;-0,32310
146,77400;-1,38176;-0,32347
146,78402;-1,38193;-0,32320
146,79400;-1,38210;-0,32342
146,80400;-1,38227;-0,32330
146,81402;-1,38244;-0,32351
146,82400;-1,38261;-0,32341
146,83400;-1,38278;-0,32336
146,84402;-1,38295;-0,32350
146,85400;-1,38306;-0,32325
146,86402;-1,38323;-0,32355
146,87402;-1,38335;-0,32326
146,88400;-1,38352;-0,32358
146,89402;-1,38374;-0,32334
146,90400;-1,38391;-0,32362
146,91400;-1,38408;-0,32342
146,92402;-1,38425;-0,32352
146,93400;-1,38448;-0,32353
146,94400;-1,38465;-0,32349
146,95402;-1,38482;-0,32375
146,96400;-1,38499;-0,32340
146,97402;-1,38516;-0,32369
146,98402;-1,38539;-0,32332
146,99400;-1,38556;-0,32379
147,00402;-1,38573;-0,32342
147,01400;-1,38584;-0,32375
147,02400;-1,38601;-0,32344
147,03402;-1,38618;-0,32358
147,04400;-1,38629;-0,32361
147,05400;-1,38646;-0,32354
147,06402;-1,38663;-0,32364
147,07400;-1,38680;-0,32355
147,08400;-1,38697;-0,32385
147,09402;-1,38714;-0,32349
147,10400;-1,38731;-0,32388
147,11402;-1,38748;-0,32347
147,12402;-1,38771;-0,32391
147,13400;-1,38788;-0,32359
147,14402;-1,38805;-0,32397
147,15400;-1,38822;-0,32371
147,16400;-1,38839;-0,32377
147,17402;-1,38856;-0,32380
147,18400;-1,38867;-0,32372
147,19400;-1,38884;-0,32378
147,20402;-1,38901;-0,32371
147,21400;-1,38918;-0,32393
147,22402;-1,38935;-0,32370
147,23402;-1,38952;-0,32411
147,24400;-1,38969;-0,32371
147,25402;-1,38986;-0,32403
147,26400;-1,39003;-0,32378
147,27400;-1,39020;-0,32399
147,28402;-1,39037;-0,32391
147,29400;-1,39054;-0,32393
147,30400;-1,39071;-0,32401
147,31402;-1,39088;-0,32387
147,32400;-1,39105;-0,32406
147,33400;-1,39122;-0,32384
147,34402;-1,39139;-0,32410
147,35400;-1,39156;-0,32382
147,36402;-1,39173;-0,32409
147,37402;-1,39190;-0,32386
147,38400;-1,39202;-0,32407
147,39402;-1,39219;-0,32398
147,40400;-1,39236;-0,32411
147,41400;-1,39253;-0,32410
147,42402;-1,39270;-0,32407
147,43400;-1,39281;-0,32412
147,44400;-1,39298;-0,32401
147,45402;-1,39315;-0,32416
147,46400;-1,39332;-0,32391
147,47402;-1,39349;-0,32427
147,48402;-1,39366;-0,32406
147,49400;-1,39383;-0,32417
147,50402;-1,39400;-0,32406
147,51400;-1,39411;-0,32416
147,52400;-1,39428;-0,32411
147,53402;-1,39440;-0,32408
147,54400;-1,39457;-0,32422
147,55400;-1,39474;-0,32411
147,56402;-1,39491;-0,32432
147,57400;-1,39508;-0,32409
147,58400;-1,39530;-0,32432
147,59402;-1,39547;-0,32413
147,60400;-1,39564;-0,32431
147,61402;-1,39581;-0,32411
147,62402;-1,39598;-0,32423
147,63400;-1,39615;-0,32412
147,64402;-1,39632;-0,32420
147,65400;-1,39649;-0,32431
147,66400;-1,39666;-0,32426
147,67402;-1,39683;-0,32424
147,68400;-1,39695;-0,32415
147,69400;-1,39712;-0,32427
147,70402;-1,39729;-0,32415
147,71400;-1,39746;-0,32439
147,72402;-1,39763;-0,32410
147,73402;-1,39780;-0,32443
147,74400;-1,39797;-0,32437
147,75402;-1,39814;-0,32438
147,76400;-1,39831;-0,32430
147,77400;-1,39853;-0,32433
147,78402;-1,39870;-0,32428
147,79400;-1,39887;-0,32436
147,80400;-1,39904;-0,32449
147,81402;-1,39921;-0,32423
147,82400;-1,39938;-0,32451
147,83400;-1,39955;-0,32422
147,84402;-1,39972;-0,32439
147,85400;-1,39989;-0,32440
147,86402;-1,40006;-0,32449
147,87402;-1,40018;-0,32434
147,88400;-1,40040;-0,32450
147,89402;-1,40057;-0,32444
147,90400;-1,40069;-0,32444
147,91400;-1,40086;-0,32452
147,92402;-1,40103;-0,32445
147,93400;-1,40120;-0,32458
147,94400;-1,40137;-0,32446
147,95402;-1,40154;-0,32474
147,96400;-1,40171;-0,32437
147,97402;-1,40188;-0,32458
147,98402;-1,40205;-0,32449
147,99400;-1,40222;-0,32463
148,00402;-1,40239;-0,32459
148,01400;-1,40256;-0,32467
148,02400;-1,40267;-0,32449
148,03402;-1,40284;-0,32456
148,04400;-1,40301;-0,32469
148,05400;-1,40318;-0,32448
148,06402;-1,40329;-0,32464
148,07400;-1,40346;-0,32448
148,08400;-1,40363;-0,32475
148,09402;-1,40380;-0,32459
148,10400;-1,40397;-0,32472
148,11402;-1,40414;-0,32454
148,12402;-1,40431;-0,32478
148,13400;-1,40448;-0,32466
148,14402;-1,40460;-0,32470
148,15400;-1,40477;-0,32465
148,16400;-1,40494;-0,32452
148,17402;-1,40505;-0,32483
148,18400;-1,40522;-0,32461
148,19400;-1,40539;-0,32488
148,20402;-1,40562;-0,32467
148,21400;-1,40579;-0,32488
148,22402;-1,40596;-0,32468
148,23402;-1,40618;-0,32492
148,24400;-1,40635;-0,32471
148,25402;-1,40652;-0,32485
148,26400;-1,40669;-0,32478
148,27400;-1,40686;-0,32472
148,28402;-1,40703;-0,32489
148,29400;-1,40720;-0,32471
148,30400;-1,40737;-0,32496
148,31402;-1,40754;-0,32488
148,32400;-1,40771;-0,32503
148,33400;-1,40783;-0,32474
148,34402;-1,40800;-0,32493
148,35400;-1,40817;-0,32478
148,36402;-1,40834;-0,32481
148,37402;-1,40851;-0,32487
148,38400;-1,40862;-0,32493
148,39402;-1,40879;-0,32484
148,40400;-1,40902;-0,32496
148,41400;-1,40919;-0,32511
148,42402;-1,40936;-0,32479
148,43400;-1,40953;-0,32503
148,44400;-1,40970;-0,32485
148,45402;-1,40987;-0,32496
148,46400;-1,41004;-0,32486
148,47402;-1,41015;-0,32495
148,48402;-1,41032;-0,32493
148,49400;-1,41049;-0,32497
148,50402;-1,41066;-0,32507
148,51400;-1,41083;-0,32494
148,52400;-1,41100;-0,32504
148,53402;-1,41117;-0,32493
148,54400;-1,41134;-0,32504
148,55400;-1,41151;-0,32485
148,56402;-1,41168;-0,32520
148,57400;-1,41185;-0,32490
148,58400;-1,41208;-0,32516
148,59402;-1,41225;-0,32505
148,60400;-1,41242;-0,32507
148,61402;-1,41259;-0,32501
148,62402;-1,41276;-0,32503
148,63400;-1,41293;-0,32504
148,64402;-1,41310;-0,32499
148,65400;-1,41327;-0,32518
148,66400;-1,41338;-0,32509
148,67402;-1,41355;-0,32517
148,68400;-1,41372;-0,32499
148,69400;-1,41383;-0,32520
148,70402;-1,41400;-0,32502
148,71400;-1,41417;-0,32519
148,72402;-1,41434;-0,32505
148,73402;-1,41451;-0,32508
148,74400;-1,41468;-0,32519
148,75402;-1,41485;-0,32522
148,76400;-1,41502;-0,32518
148,77400;-1,41514;-0,32520
148,78402;-1,41531;-0,32531
148,79400;-1,41548;-0,32508
148,80400;-1,41559;-0,32524
148,81402;-1,41570;-0,32499
148,82400;-1,41587;-0,32519
148,83400;-1,41604;-0,32522
148,84402;-1,41621;-0,32538
148,85400;-1,41644;-0,32523
148,86402;-1,41661;-0,32534
148,87402;-1,41678;-0,32522
148,88400;-1,41695;-0,32535
148,89402;-1,41712;-0,32523
148,90400;-1,41735;-0,32530
148,91400;-1,41752;-0,32538
148,92402;-1,41769;-0,32525
148,93400;-1,41786;-0,32536
148,94400;-1,41803;-0,32540
148,95402;-1,41820;-0,32535
148,96400;-1,41837;-0,32529
148,97402;-1,41854;-0,32541
148,98402;-1,41865;-0,32532
148,99400;-1,41882;-0,32548
149,00402;-1,41899;-0,32524
149,01400;-1,41916;-0,32539
149,02400;-1,41933;-0,32528
149,03402;-1,41944;-0,32547
149,04400;-1,41961;-0,32542
149,05400;-1,41978;-0,32540
149,06402;-1,42001;-0,32532
149,07400;-1,42018;-0,32543
149,08400;-1,42035;-0,32541
149,09402;-1,42052;-0,32543
149,10400;-1,42069;-0,32552
149,11402;-1,42086;-0,32536
149,12402;-1,42103;-0,32561
149,13400;-1,42120;-0,32545
149,14402;-1,42137;-0,32551
149,15400;-1,42154;-0,32542
149,16400;-1,42171;-0,32551
149,17402;-1,42188;-0,32559
149,18400;-1,42205;-0,32559
149,19400;-1,42222;-0,32551
149,20402;-1,42239;-0,32541
149,21400;-1,42256;-0,32553
149,22402;-1,42273;-0,32552
149,23402;-1,42290;-0,32566
149,24400;-1,42307;-0,32553
149,25402;-1,42324;-0,32560
149,26400;-1,42341;-0,32555
149,27400;-1,42352;-0,32553
149,28402;-1,42369;-0,32563
149,29400;-1,42386;-0,32550
149,30400;-1,42403;-0,32556
149,31402;-1,42420;-0,32555
149,32400;-1,42437;-0,32565
149,33400;-1,42449;-0,32564
149,34402;-1,42466;-0,32561
149,35400;-1,42477;-0,32551
149,36402;-1,42494;-0,32573
149,37402;-1,42511;-0,32556
149,38400;-1,42528;-0,32565
149,39402;-1,42545;-0,32568
149,40400;-1,42562;-0,32553
149,41400;-1,42579;-0,32564
149,42402;-1,42596;-0,32576
149,43400;-1,42613;-0,32559
149,44400;-1,42624;-0,32559
149,45402;-1,42641;-0,32565
149,46400;-1,42653;-0,32553
149,47402;-1,42670;-0,32568
149,48402;-1,42692;-0,32573
149,49400;-1,42709;-0,32571
149,50402;-1,42726;-0,32577
149,51400;-1,42749;-0,32582
149,52400;-1,42766;-0,32582
149,53402;-1,42783;-0,32567
149,54400;-1,42800;-0,32568
149,55400;-1,42817;-0,32559
149,56402;-1,42840;-0,32572
149,57400;-1,42857;-0,32574
149,58400;-1,42874;-0,32577
149,59402;-1,42891;-0,32572
149,60400;-1,42902;-0,32577
149,61402;-1,42919;-0,32579
149,62402;-1,42936;-0,32573
149,63400;-1,42947;-0,32580
149,64402;-1,42964;-0,32573
149,65400;-1,42981;-0,32572
149,66400;-1,42993;-0,32580
149,67402;-1,43010;-0,32585
149,68400;-1,43027;-0,32581
149,69400;-1,43049;-0,32591
149,70402;-1,43066;-0,32586
149,71400;-1,43083;-0,32586
149,72402;-1,43100;-0,32593
149,73402;-1,43123;-0,32569
149,74400;-1,43134;-0,32586
149,75402;-1,43151;-0,32586
149,76400;-1,43168;-0,32587
149,77400;-1,43185;-0,32590
149,78402;-1,43202;-0,32594
149,79400;-1,43219;-0,32582
149,80400;-1,43236;-0,32601
149,81402;-1,43253;-0,32588
149,82400;-1,43270;-0,32579
149,83400;-1,43287;-0,32594
149,84402;-1,43304;-0,32590
149,85400;-1,43321;-0,32591
149,86402;-1,43338;-0,32588
149,87402;-1,43355;-0,32588
149,88400;-1,43372;-0,32589
149,89402;-1,43389;-0,32596
149,90400;-1,43406;-0,32596
149,91400;-1,43423;-0,32588
149,92402;-1,43440;-0,32590
149,93400;-1,43457;-0,32590
149,94400;-1,43474;-0,32604
149,95402;-1,43491;-0,32592
149,96400;-1,43503;-0,32608
149,97402;-1,43520;-0,32592
149,98402;-1,43531;-0,32609
149,99400;-1,43548;-0,32596
150,00402;-1,43565;-0,32596
150,01400;-1,43582;-0,32588
150,02400;-1,43599;-0,32601
150,03402;-1,43616;-0,32610
150,04400;-1,43633;-0,32598
150,05400;-1,43644;-0,32618
150,06402;-1,43661;-0,32582
150,07400;-1,43678;-0,32617
150,08400;-1,43695;-0,32593
150,09402;-1,43707;-0,32610
150,10400;-1,43724;-0,32594
150,11402;-1,43735;-0,32607
150,12402;-1,43752;-0,32597
150,13400;-1,43769;-0,32608
150,14402;-1,43786;-0,32610
150,15400;-1,43809;-0,32600
150,16400;-1,43826;-0,32615
150,17402;-1,43843;-0,32591
150,18400;-1,43860;-0,32622
150,19400;-1,43882;-0,32591
150,20402;-1,43899;-0,32628
150,21400;-1,43916;-0,32593
150,22402;-1,43933;-0,32617
150,23402;-1,43950;-0,32603
150,24400;-1,43962;-0,32622
150,25402;-1,43984;-0,32607
150,26400;-1,43996;-0,32612
150,27400;-1,44013;-0,32617
150,28402;-1,44030;-0,32602
150,29400;-1,44041;-0,32633
150,30400;-1,44058;-0,32587
150,31402;-1,44075;-0,32630
150,32400;-1,44092;-0,32598
150,33400;-1,44115;-0,32637
150,34402;-1,44132;-0,32600
150,35400;-1,44149;-0,32631
150,36402;-1,44171;-0,32604
150,37402;-1,44188;-0,32626
150,38400;-1,44205;-0,32618
150,39402;-1,44222;-0,32607
150,40400;-1,44234;-0,32618
150,41400;-1,44251;-0,32597
150,42402;-1,44268;-0,32641
150,43400;-1,44285;-0,32609
150,44400;-1,44307;-0,32645
150,45402;-1,44324;-0,32602
150,46400;-1,44341;-0,32642
150,47402;-1,44358;-0,32604
150,48402;-1,44375;-0,32626
150,49400;-1,44392;-0,32609
150,50402;-1,44409;-0,32624
150,51400;-1,44421;-0,32633
150,52400;-1,44438;-0,32622
150,53402;-1,44455;-0,32635
150,54400;-1,44472;-0,32606
150,55400;-1,44489;-0,32644
150,56402;-1,44506;-0,32599
150,57400;-1,44523;-0,32637
150,58400;-1,44540;-0,32606
150,59402;-1,44557;-0,32638
150,60400;-1,44568;-0,32623
150,61402;-1,44585;-0,32624
150,62402;-1,44596;-0,32629
150,63400;-1,44613;-0,32615
150,64402;-1,44630;-0,32637
150,65400;-1,44642;-0,32612
150,66400;-1,44659;-0,32645
150,67402;-1,44676;-0,32609
150,68400;-1,44693;-0,32641
150,69400;-1,44715;-0,32621
150,70402;-1,44732;-0,32642
150,71400;-1,44744;-0,32622
150,72402;-1,44766;-0,32621
150,73402;-1,44783;-0,32636
150,74400;-1,44795;-0,32616
150,75402;-1,44812;-0,32632
150,76400;-1,44823;-0,32616
150,77400;-1,44840;-0,32645
150,78402;-1,44857;-0,32610
150,79400;-1,44874;-0,32660
150,80400;-1,44897;-0,32620
150,81402;-1,44914;-0,32641
150,82400;-1,44931;-0,32623
150,83400;-1,44948;-0,32630
150,84402;-1,44965;-0,32627
150,85400;-1,44982;-0,32635
150,86402;-1,45004;-0,32631
150,87402;-1,45016;-0,32623
150,88400;-1,45038;-0,32646
150,89402;-1,45055;-0,32622
150,90400;-1,45072;-0,32653
150,91400;-1,45089;-0,32612
150,92402;-1,45101;-0,32639
150,93400;-1,45118;-0,32614
150,94400;-1,45135;-0,32645
150,95402;-1,45152;-0,32628
150,96400;-1,45163;-0,32634
150,97402;-1,45180;-0,32634
150,98402;-1,45197;-0,32629
150,99400;-1,45214;-0,32643
151,00402;-1,45237;-0,32623
151,01400;-1,45254;-0,32644
151,02400;-1,45271;-0,32609
151,03402;-1,45288;-0,32653
151,04400;-1,45299;-0,32619
151,05400;-1,45316;-0,32647
151,06402;-1,45333;-0,32619
151,07400;-1,45350;-0,32641
151,08400;-1,45367;-0,32641
151,09402;-1,45384;-0,32630
151,10400;-1,45401;-0,32641
151,11402;-1,45418;-0,32623
151,12402;-1,45435;-0,32648
151,13400;-1,45458;-0,32626
151,14402;-1,45475;-0,32654
151,15400;-1,45492;-0,32616
151,16400;-1,45509;-0,32645
151,17402;-1,45526;-0,32622
151,18400;-1,45543;-0,32643
151,19400;-1,45560;-0,32624
151,20402;-1,45577;-0,32640
151,21400;-1,45594;-0,32635
151,22402;-1,45605;-0,32628
151,23402;-1,45622;-0,32645
151,24400;-1,45639;-0,32625
151,25402;-1,45650;-0,32635
151,26400;-1,45667;-0,32618
151,27400;-1,45684;-0,32648
151,28402;-1,45701;-0,32614
151,29400;-1,45718;-0,32649
151,30400;-1,45730;-0,32615
151,31402;-1,45747;-0,32637
151,32400;-1,45764;-0,32627
151,33400;-1,45781;-0,32642
151,34402;-1,45803;-0,32631
151,35400;-1,45815;-0,32627
151,36402;-1,45832;-0,32635
151,37402;-1,45849;-0,32617
151,38400;-1,45866;-0,32645
151,39402;-1,45877;-0,32606
151,40400;-1,45888;-0,32636
151,41400;-1,45905;-0,32616
151,42402;-1,45922;-0,32646
151,43400;-1,45939;-0,32618
151,44400;-1,45956;-0,32638
151,45402;-1,45979;-0,32624
151,46400;-1,45996;-0,32626
151,47402;-1,46013;-0,32638
151,48402;-1,46030;-0,32612
151,49400;-1,46053;-0,32626
151,50402;-1,46064;-0,32613
151,51400;-1,46081;-0,32635
151,52400;-1,46098;-0,32612
151,53402;-1,46115;-0,32639
151,54400;-1,46132;-0,32615
151,55400;-1,46149;-0,32636
151,56402;-1,46166;-0,32623
151,57400;-1,46183;-0,32618
151,58400;-1,46194;-0,32615
151,59402;-1,46211;-0,32627
151,60400;-1,46228;-0,32629
151,61402;-1,46245;-0,32626
151,62402;-1,46262;-0,32630
151,63400;-1,46279;-0,32622
151,64402;-1,46296;-0,32624
151,65400;-1,46319;-0,32620
151,66400;-1,46336;-0,32622
151,67402;-1,46353;-0,32611
151,68400;-1,46370;-0,32626
151,69400;-1,46387;-0,32624
151,70402;-1,46404;-0,32607
151,71400;-1,46421;-0,32630
151,72402;-1,46438;-0,32621
151,73402;-1,46455;-0,32621
151,74400;-1,46472;-0,32625
151,75402;-1,46489;-0,32622
151,76400;-1,46506;-0,32607
151,77400;-1,46523;-0,32630
151,78402;-1,46540;-0,32615
151,79400;-1,46557;-0,32625
151,80400;-1,46574;-0,32623
151,81402;-1,46591;-0,32629
151,82400;-1,46608;-0,32613
151,83400;-1,46625;-0,32612
151,84402;-1,46642;-0,32616
151,85400;-1,46659;-0,32611
151,86402;-1,46670;-0,32618
151,87402;-1,46687;-0,32615
151,88400;-1,46704;-0,32618
151,89402;-1,46721;-0,32602
151,90400;-1,46733;-0,32627
151,91400;-1,46750;-0,32598
151,92402;-1,46767;-0,32630
151,93400;-1,46778;-0,32603
151,94400;-1,46795;-0,32614
151,95402;-1,46812;-0,32613
151,96400;-1,46829;-0,32620
151,97402;-1,46846;-0,32611
151,98402;-1,46863;-0,32621
151,99400;-1,46880;-0,32620
152,00402;-1,46897;-0,32608
152,01400;-1,46914;-0,32627
152,02400;-1,46931;-0,32594
152,03402;-1,46948;-0,32623
152,04400;-1,46959;-0,32599
152,05400;-1,46976;-0,32622
152,06402;-1,46993;-0,32598
152,07400;-1,47010;-0,32615
152,08400;-1,47027;-0,32610
152,09402;-1,47044;-0,32603
152,10400;-1,47067;-0,32618
152,11402;-1,47084;-0,32599
152,12402;-1,47101;-0,32611
152,13400;-1,47118;-0,32601
152,14402;-1,47135;-0,32609
152,15400;-1,47152;-0,32589
152,16400;-1,47169;-0,32610
152,17402;-1,47186;-0,32586
152,18400;-1,47203;-0,32609
152,19400;-1,47220;-0,32594
152,20402;-1,47231;-0,32599
152,21400;-1,47248;-0,32600
152,22402;-1,47265;-0,32596
152,23402;-1,47277;-0,32595
152,24400;-1,47294;-0,32592
152,25402;-1,47311;-0,32590
152,26400;-1,47328;-0,32592
152,27400;-1,47345;-0,32607
152,28402;-1,47362;-0,32579
152,29400;-1,47379;-0,32604
152,30400;-1,47401;-0,32581
152,31402;-1,47418;-0,32598
152,32400;-1,47435;-0,32575
152,33400;-1,47452;-0,32597
152,34402;-1,47464;-0,32568
152,35400;-1,47481;-0,32578
152,36402;-1,47498;-0,32580
152,37402;-1,47515;-0,32578
152,38400;-1,47526;-0,32581
152,39402;-1,47549;-0,32572
152,40400;-1,47566;-0,32589
152,41400;-1,47583;-0,32562
152,42402;-1,47600;-0,32601
152,42602;-1,47605;-0,32596
152,42802;-1,47611;-0,32585
152,43800;-1,47622;-0,32571
152,44802;-1,47628;-0,32556
152,45800;-1,47628;-0,32561
152,46800;-1,47628;-0,32534
152,47802;-1,47628;-0,32564
152,48800;-1,47628;-0,32532
152,49800;-1,47617;-0,32564
152,50802;-1,47617;-0,32538
152,51800;-1,47611;-0,32575
152,52800;-1,47605;-0,32535
152,53802;-1,47600;-0,32558
152,54800;-1,47594;-0,32546
152,55802;-1,47583;-0,32540
152,56802;-1,47577;-0,32560
152,57800;-1,47566;-0,32534
152,58802;-1,47554;-0,32547
152,59800;-1,47537;-0,32525
152,60800;-1,47526;-0,32552
152,61802;-1,47503;-0,32506
152,62800;-1,47481;-0,32535
152,63800;-1,47458;-0,32496
152,64802;-1,47430;-0,32517
152,65800;-1,47401;-0,32517
152,66802;-1,47373;-0,32505
152,67802;-1,47339;-0,32522
152,68800;-1,47305;-0,32484
152,69802;-1,47271;-0,32514
152,70800;-1,47237;-0,32481
152,71800;-1,47209;-0,32520
152,72802;-1,47180;-0,32490
152,73800;-1,47152;-0,32518
152,74800;-1,47129;-0,32481
152,75802;-1,47101;-0,32513
152,76800;-1,47073;-0,32478
152,77800;-1,47050;-0,32498
152,78802;-1,47027;-0,32488
152,79800;-1,47010;-0,32487
152,80802;-1,46988;-0,32503
152,81802;-1,46965;-0,32478
152,82800;-1,46948;-0,32497
152,83802;-1,46925;-0,32471
152,84800;-1,46908;-0,32497
152,85800;-1,46891;-0,32468
152,86802;-1,46874;-0,32494
152,87800;-1,46857;-0,32462
152,88800;-1,46840;-0,32499
152,89802;-1,46823;-0,32470
152,90800;-1,46806;-0,32483
152,91802;-1,46789;-0,32475
152,92802;-1,46772;-0,32461
152,93800;-1,46755;-0,32478
152,94802;-1,46738;-0,32462
152,95800;-1,46721;-0,32475
152,96800;-1,46704;-0,32453
152,97802;-1,46687;-0,32475
152,98800;-1,46670;-0,32449
152,99800;-1,46653;-0,32474
153,00802;-1,46636;-0,32452
153,01800;-1,46619;-0,32474
153,02800;-1,46602;-0,32453
153,03802;-1,46591;-0,32463
153,04800;-1,46574;-0,32460
153,05802;-1,46557;-0,32447
153,06802;-1,46534;-0,32464
153,07800;-1,46517;-0,32447
153,08802;-1,46500;-0,32459
153,09800;-1,46483;-0,32441
153,10800;-1,46466;-0,32467
153,11802;-1,46449;-0,32446
153,12800;-1,46432;-0,32456
153,13800;-1,46410;-0,32443
153,14802;-1,46393;-0,32455
153,15800;-1,46376;-0,32447
153,16802;-1,46359;-0,32447
153,17802;-1,46342;-0,32448
153,18800;-1,46325;-0,32445
153,19802;-1,46313;-0,32451
153,20800;-1,46296;-0,32437
153,21800;-1,46279;-0,32452
153,22802;-1,46262;-0,32445
153,23800;-1,46245;-0,32447
153,24800;-1,46228;-0,32438
153,25802;-1,46211;-0,32444
153,26800;-1,46194;-0,32438
153,27800;-1,46177;-0,32453
153,28802;-1,46160;-0,32444
153,29800;-1,46143;-0,32442
153,30802;-1,46126;-0,32448
153,31802;-1,46109;-0,32452
153,32800;-1,46098;-0,32437
153,33802;-1,46081;-0,32435
153,34800;-1,46070;-0,32428
153,35800;-1,46053;-0,32428
153,36802;-1,46036;-0,32437
153,37800;-1,46019;-0,32430
153,38800;-1,46002;-0,32423
153,39802;-1,45985;-0,32425
153,40800;-1,45968;-0,32438
153,41802;-1,45951;-0,32432
153,42802;-1,45939;-0,32431
153,43800;-1,45922;-0,32428
153,44802;-1,45905;-0,32423
153,45800;-1,45888;-0,32428
153,46800;-1,45871;-0,32436
153,47802;-1,45854;-0,32410
153,48800;-1,45837;-0,32423
153,49800;-1,45820;-0,32429
153,50802;-1,45803;-0,32421
153,51800;-1,45792;-0,32425
153,52800;-1,45775;-0,32415
153,53802;-1,45758;-0,32415
153,54800;-1,45741;-0,32415
153,55802;-1,45724;-0,32428
153,56802;-1,45707;-0,32417
153,57800;-1,45690;-0,32425
153,58802;-1,45673;-0,32414
153,59800;-1,45656;-0,32420
153,60800;-1,45639;-0,32413
153,61802;-1,45616;-0,32404
153,62800;-1,45599;-0,32422
153,63800;-1,45582;-0,32405
153,64802;-1,45565;-0,32439
153,65800;-1,45548;-0,32410
153,66802;-1,45531;-0,32427
153,67802;-1,45514;-0,32412
153,68800;-1,45497;-0,32415
153,69802;-1,45480;-0,32404
153,70800;-1,45463;-0,32418
153,71800;-1,45446;-0,32402
153,72802;-1,45429;-0,32402
153,73800;-1,45412;-0,32413
153,74800;-1,45395;-0,32402
153,75802;-1,45378;-0,32430
153,76800;-1,45361;-0,32405
153,77800;-1,45344;-0,32414
153,78802;-1,45327;-0,32398
153,79800;-1,45310;-0,32413
153,80802;-1,45293;-0,32409
153,81802;-1,45276;-0,32409
153,82800;-1,45259;-0,32402
153,83802;-1,45248;-0,32406
153,84800;-1,45231;-0,32411
153,85800;-1,45214;-0,32400
153,86802;-1,45197;-0,32400
153,87800;-1,45186;-0,32386
153,88800;-1,45169;-0,32404
153,89802;-1,45146;-0,32392
153,90800;-1,45129;-0,32394
153,91802;-1,45112;-0,32394
153,92802;-1,45095;-0,32392
153,93800;-1,45078;-0,32402
153,94802;-1,45061;-0,32397
153,95800;-1,45044;-0,32398
153,96800;-1,45027;-0,32388
153,97802;-1,45010;-0,32399
153,98800;-1,44993;-0,32387
153,99800;-1,44976;-0,32399
154,00802;-1,44959;-0,32384
154,01800;-1,44942;-0,32406
154,02800;-1,44925;-0,32395
154,03802;-1,44908;-0,32395
154,04800;-1,44891;-0,32382
154,05802;-1,44880;-0,32382
154,06802;-1,44863;-0,32383
154,07800;-1,44846;-0,32386
154,08802;-1,44829;-0,32392
154,09800;-1,44812;-0,32375
154,10800;-1,44795;-0,32391
154,11802;-1,44778;-0,32377
154,12800;-1,44761;-0,32388
154,13800;-1,44744;-0,32375
154,14802;-1,44727;-0,32382
154,15800;-1,44710;-0,32370
154,16802;-1,44698;-0,32384
154,17802;-1,44681;-0,32372
154,18800;-1,44664;-0,32375
154,19802;-1,44647;-0,32374
154,20800;-1,44630;-0,32366
154,21800;-1,44613;-0,32380
154,22802;-1,44602;-0,32368
154,23800;-1,44585;-0,32372
154,24800;-1,44568;-0,32358
154,25802;-1,44551;-0,32363
154,26800;-1,44534;-0,32368
154,27800;-1,44517;-0,32371
154,28802;-1,44494;-0,32360
154,29800;-1,44477;-0,32363
154,30802;-1,44466;-0,32362
154,31802;-1,44449;-0,32357
154,32800;-1,44432;-0,32369
154,33802;-1,44415;-0,32350
154,34800;-1,44398;-0,32364
154,35800;-1,44381;-0,32351
154,36802;-1,44364;-0,32364
154,37800;-1,44347;-0,32346
154,38800;-1,44330;-0,32360
154,39802;-1,44313;-0,32340
154,40800;-1,44296;-0,32356
154,41802;-1,44273;-0,32343
154,42802;-1,44256;-0,32349
154,43800;-1,44239;-0,32347
154,44802;-1,44222;-0,32340
154,45800;-1,44205;-0,32350
154,46800;-1,44194;-0,32333
154,47802;-1,44177;-0,32352
154,48800;-1,44160;-0,32332
154,49800;-1,44143;-0,32346
154,50802;-1,44132;-0,32328
154,51800;-1,44115;-0,32346
154,52800;-1,44098;-0,32329
154,53802;-1,44081;-0,32340
154,54800;-1,44058;-0,32330
154,55802;-1,44041;-0,32325
154,56802;-1,44024;-0,32346
154,57800;-1,44007;-0,32318
154,58802;-1,43990;-0,32337
154,59800;-1,43979;-0,32328
154,60800;-1,43962;-0,32347
154,61802;-1,43945;-0,32328
154,62800;-1,43933;-0,32345
154,63800;-1,43916;-0,32309
154,64802;-1,43899;-0,32332
154,65800;-1,43882;-0,32325
154,66802;-1,43865;-0,32324
154,67802;-1,43848;-0,32324
154,68800;-1,43831;-0,32309
154,69802;-1,43820;-0,32328
154,70800;-1,43803;-0,32315
154,71800;-1,43786;-0,32328
154,72802;-1,43769;-0,32294
154,73800;-1,43752;-0,32329
154,74800;-1,43735;-0,32304
154,75802;-1,43724;-0,32335
154,76800;-1,43707;-0,32296
154,77800;-1,43690;-0,32321
154,78802;-1,43673;-0,32308
154,79800;-1,43656;-0,32315
154,80802;-1,43639;-0,32324
154,81802;-1,43622;-0,32296
154,82800;-1,43610;-0,32315
154,83802;-1,43593;-0,32291
154,84800;-1,43576;-0,32318
154,85800;-1,43559;-0,32288
154,86802;-1,43537;-0,32320
154,87800;-1,43520;-0,32285
154,88800;-1,43503;-0,32319
154,89802;-1,43486;-0,32280
154,90800;-1,43469;-0,32298
154,91802;-1,43452;-0,32288
154,92802;-1,43435;-0,32281
154,93800;-1,43418;-0,32307
154,94802;-1,43401;-0,32275
154,95800;-1,43384;-0,32310
154,96800;-1,43367;-0,32278
154,97802;-1,43350;-0,32315
154,98800;-1,43333;-0,32268
154,99800;-1,43310;-0,32304
155,00802;-1,43299;-0,32270
155,01800;-1,43282;-0,32305
155,02800;-1,43265;-0,32275
155,03802;-1,43248;-0,32293
155,04800;-1,43231;-0,32284
155,05802;-1,43214;-0,32278
155,06802;-1,43197;-0,32299
155,07800;-1,43180;-0,32266
155,08802;-1,43163;-0,32287
155,09800;-1,43146;-0,32262
155,10800;-1,43129;-0,32293
155,11802;-1,43112;-0,32253
155,12800;-1,43095;-0,32299
155,13800;-1,43078;-0,32256
155,14802;-1,43066;-0,32292
155,15800;-1,43049;-0,32268
155,16802;-1,43032;-0,32272
155,17802;-1,43015;-0,32271
155,18800;-1,42998;-0,32271
155,19802;-1,42981;-0,32273
155,20800;-1,42964;-0,32260
155,21800;-1,42947;-0,32279
155,22802;-1,42930;-0,32252
155,23800;-1,42913;-0,32281
155,24800;-1,42896;-0,32253
155,25802;-1,42879;-0,32275
155,26800;-1,42862;-0,32251
155,27800;-1,42845;-0,32276
155,28802;-1,42828;-0,32251
155,29800;-1,42811;-0,32271
155,30802;-1,42794;-0,32259
155,31802;-1,42777;-0,32258
155,32800;-1,42760;-0,32267
155,33802;-1,42743;-0,32251
155,34800;-1,42726;-0,32262
155,35800;-1,42709;-0,32241
155,36802;-1,42692;-0,32271
155,37800;-1,42675;-0,32244
155,38800;-1,42664;-0,32264
155,39802;-1,42647;-0,32249
155,40800;-1,42630;-0,32263
155,41802;-1,42613;-0,32248
155,42802;-1,42596;-0,32266
155,43800;-1,42579;-0,32240
155,44802;-1,42562;-0,32253
155,45800;-1,42551;-0,32256
155,46800;-1,42534;-0,32242
155,47802;-1,42517;-0,32249
155,48800;-1,42500;-0,32240
155,49800;-1,42488;-0,32252
155,50802;-1,42471;-0,32243
155,51800;-1,42454;-0,32253
155,52800;-1,42437;-0,32220
155,53802;-1,42420;-0,32253
155,54800;-1,42403;-0,32220
155,55802;-1,42386;-0,32256
155,56802;-1,42369;-0,32216
155,57800;-1,42352;-0,32249
155,58802;-1,42335;-0,32221
155,59800;-1,42318;-0,32233
155,60800;-1,42307;-0,32233
155,61802;-1,42290;-0,32219
155,62800;-1,42273;-0,32224
155,63800;-1,42256;-0,32224
155,64802;-1,42239;-0,32236
155,65800;-1,42222;-0,32211
155,66802;-1,42205;-0,32242
155,67802;-1,42188;-0,32201
155,68800;-1,42171;-0,32240
155,69802;-1,42148;-0,32206
155,70800;-1,42131;-0,32219
155,71800;-1,42114;-0,32211
155,72802;-1,42097;-0,32215
155,73800;-1,42080;-0,32222
155,74800;-1,42063;-0,32213
155,75802;-1,42046;-0,32214
155,76800;-1,42029;-0,32208
155,77800;-1,42012;-0,32222
155,78802;-1,41995;-0,32189
155,79800;-1,41978;-0,32213
155,80802;-1,41967;-0,32199
155,81802;-1,41950;-0,32213
155,82800;-1,41933;-0,32190
155,83802;-1,41916;-0,32204
155,84800;-1,41899;-0,32211
155,85800;-1,41876;-0,32173
155,86802;-1,41859;-0,32205
155,87800;-1,41842;-0,32196
155,88800;-1,41831;-0,32197
155,89802;-1,41814;-0,32183
155,90800;-1,41797;-0,32220
155,91802;-1,41786;-0,32173
155,92802;-1,41769;-0,32204
155,93800;-1,41752;-0,32181
155,94802;-1,41735;-0,32180
155,95800;-1,41718;-0,32183
155,96800;-1,41701;-0,32176
155,97802;-1,41684;-0,32190
155,98800;-1,41667;-0,32168
155,99800;-1,41650;-0,32191
156,00802;-1,41633;-0,32158
156,01800;-1,41616;-0,32190
156,02800;-1,41599;-0,32161
156,03802;-1,41582;-0,32179
156,04800;-1,41570;-0,32156
156,05802;-1,41553;-0,32178
156,06802;-1,41536;-0,32169
156,07800;-1,41519;-0,32172
156,08802;-1,41502;-0,32179
156,09800;-1,41485;-0,32158
156,10800;-1,41474;-0,32169
156,11802;-1,41457;-0,32159
156,12800;-1,41440;-0,32168
156,13800;-1,41423;-0,32151
156,14802;-1,41406;-0,32169
156,15800;-1,41389;-0,32146
156,16802;-1,41372;-0,32168
156,17802;-1,41355;-0,32157
156,18800;-1,41332;-0,32147
156,19802;-1,41321;-0,32158
156,20800;-1,41298;-0,32138
156,21800;-1,41281;-0,32154
156,22802;-1,41264;-0,32140
156,23800;-1,41247;-0,32150
156,24800;-1,41230;-0,32128
156,25802;-1,41213;-0,32152
156,26800;-1,41196;-0,32130
156,27800;-1,41179;-0,32143
156,28802;-1,41162;-0,32143
156,29800;-1,41145;-0,32123
156,30802;-1,41128;-0,32152
156,31802;-1,41111;-0,32138
156,32800;-1,41094;-0,32146
156,33802;-1,41077;-0,32131
156,34800;-1,41060;-0,32143
156,35800;-1,41043;-0,32127
156,36802;-1,41026;-0,32149
156,37800;-1,41009;-0,32127
156,38800;-1,40992;-0,32130
156,39802;-1,40981;-0,32126
156,40800;-1,40964;-0,32125
156,41802;-1,40947;-0,32136
156,42802;-1,40930;-0,32117
156,43800;-1,40913;-0,32136
156,44802;-1,40896;-0,32113
156,45800;-1,40885;-0,32136
156,46800;-1,40868;-0,32122
156,47802;-1,40851;-0,32128
156,48800;-1,40834;-0,32107
156,49800;-1,40817;-0,32128
156,50802;-1,40800;-0,32110
156,51800;-1,40783;-0,32124
156,52800;-1,40766;-0,32118
156,53802;-1,40749;-0,32101
156,54800;-1,40732;-0,32122
156,55802;-1,40715;-0,32102
156,56802;-1,40698;-0,32109
156,57800;-1,40681;-0,32094
156,58802;-1,40664;-0,32113
156,59800;-1,40647;-0,32090
156,60800;-1,40630;-0,32129
156,61802;-1,40613;-0,32099
156,62800;-1,40596;-0,32114
156,63800;-1,40579;-0,32098
156,64802;-1,40562;-0,32108
156,65800;-1,40545;-0,32096
156,66802;-1,40528;-0,32097
156,67802;-1,40511;-0,32099
156,68800;-1,40494;-0,32075
156,69802;-1,40477;-0,32101
156,70800;-1,40465;-0,32085
156,71800;-1,40448;-0,32105
156,72802;-1,40431;-0,32079
156,73800;-1,40414;-0,32102
156,74800;-1,40397;-0,32067
156,75802;-1,40380;-0,32100
156,76800;-1,40369;-0,32081
156,77800;-1,40352;-0,32083
156,78802;-1,40335;-0,32089
156,79800;-1,40318;-0,32079
156,80802;-1,40301;-0,32086
156,81802;-1,40284;-0,32073
156,82800;-1,40267;-0,32084
156,83802;-1,40250;-0,32057
156,84800;-1,40233;-0,32093
156,85800;-1,40216;-0,32055
156,86802;-1,40199;-0,32095
156,87800;-1,40182;-0,32070
156,88800;-1,40171;-0,32077
156,89802;-1,40154;-0,32066
156,90800;-1,40137;-0,32078
156,91802;-1,40120;-0,32074
156,92802;-1,40103;-0,32062
156,93800;-1,40086;-0,32086
156,94802;-1,40069;-0,32053
156,95800;-1,40052;-0,32081
156,96800;-1,40035;-0,32047
156,97802;-1,40018;-0,32085
156,98800;-1,40001;-0,32043
156,99800;-1,39984;-0,32076
157,00802;-1,39967;-0,32055
157,01800;-1,39950;-0,32058
157,02800;-1,39933;-0,32067
157,03802;-1,39916;-0,32055
157,04800;-1,39899;-0,32060
157,05802;-1,39882;-0,32043
157,06802;-1,39865;-0,32066
157,07800;-1,39848;-0,32031
157,08802;-1,39831;-0,32077
157,09800;-1,39814;-0,32024
157,10800;-1,39797;-0,32056
157,11802;-1,39780;-0,32046
157,12800;-1,39763;-0,32051
157,13800;-1,39746;-0,32045
157,14802;-1,39729;-0,32041
157,15800;-1,39712;-0,32043
157,16802;-1,39695;-0,32027
157,17802;-1,39678;-0,32061
157,18800;-1,39666;-0,32013
157,19802;-1,39649;-0,32056
157,20800;-1,39632;-0,32014
157,21800;-1,39615;-0,32059
157,22802;-1,39598;-0,32023
157,23800;-1,39581;-0,32042
157,24800;-1,39564;-0,32025
157,25802;-1,39547;-0,32025
157,26800;-1,39530;-0,32042
157,27800;-1,39513;-0,32016
157,28802;-1,39496;-0,32041
157,29800;-1,39485;-0,32008
157,30802;-1,39468;-0,32045
157,31802;-1,39451;-0,31999
157,32800;-1,39434;-0,32048
157,33802;-1,39417;-0,31986
157,34800;-1,39400;-0,32034
157,35800;-1,39383;-0,32011
157,36802;-1,39366;-0,32024
157,37800;-1,39349;-0,32016
157,38800;-1,39332;-0,32009
157,39802;-1,39315;-0,32018
157,40800;-1,39304;-0,31996
157,41802;-1,39287;-0,32031
157,42802;-1,39270;-0,31973
157,43800;-1,39253;-0,32026
157,44802;-1,39236;-0,31984
157,45800;-1,39219;-0,32026
157,46800;-1,39202;-0,31989
157,47802;-1,39185;-0,32024
157,48800;-1,39168;-0,31996
157,49800;-1,39151;-0,32002
157,50802;-1,39134;-0,32005
157,51800;-1,39117;-0,31986
157,52800;-1,39100;-0,32011
157,53802;-1,39083;-0,31971
157,54800;-1,39066;-0,32018
157,55802;-1,39049;-0,31970
157,56802;-1,39037;-0,32021
157,57800;-1,39020;-0,31962
157,58802;-1,39003;-0,32003
157,59800;-1,38986;-0,31966
157,60800;-1,38969;-0,31990
157,61802;-1,38952;-0,31973
157,62800;-1,38935;-0,31979
157,63800;-1,38918;-0,31985
157,64802;-1,38901;-0,31973
157,65800;-1,38884;-0,31995
157,66802;-1,38867;-0,31961
157,67802;-1,38850;-0,31998
157,68800;-1,38839;-0,31955
157,69802;-1,38822;-0,32000
157,70800;-1,38805;-0,31947
157,71800;-1,38788;-0,31983
157,72802;-1,38771;-0,31957
157,73800;-1,38754;-0,31976
157,74800;-1,38737;-0,31969
157,75802;-1,38720;-0,31967
157,76800;-1,38703;-0,31974
157,77800;-1,38686;-0,31947
157,78802;-1,38669;-0,31979
157,79800;-1,38658;-0,31938
157,80802;-1,38635;-0,31971
157,81802;-1,38618;-0,31935
157,82800;-1,38601;-0,31978
157,83802;-1,38584;-0,31945
157,84800;-1,38567;-0,31965
157,85800;-1,38556;-0,31941
157,86802;-1,38539;-0,31945
157,87800;-1,38522;-0,31953
157,88800;-1,38505;-0,31931
157,89802;-1,38488;-0,31956
157,90800;-1,38471;-0,31924
157,91802;-1,38454;-0,31956
157,92802;-1,38437;-0,31922
157,93800;-1,38420;-0,31971
157,94802;-1,38403;-0,31919
157,95800;-1,38386;-0,31958
157,96800;-1,38369;-0,31922
157,97802;-1,38352;-0,31942
157,98800;-1,38335;-0,31931
157,99800;-1,38318;-0,31930
158,00802;-1,38301;-0,31935
158,01800;-1,38289;-0,31920
158,02800;-1,38272;-0,31947
158,03802;-1,38261;-0,31908
158,04800;-1,38244;-0,31947
158,05802;-1,38227;-0,31893
158,06802;-1,38210;-0,31941
158,07800;-1,38193;-0,31909
158,08802;-1,38176;-0,31931
158,09800;-1,38159;-0,31906
158,10800;-1,38142;-0,31924
158,11802;-1,38125;-0,31917
158,12800;-1,38108;-0,31904
158,13800;-1,38091;-0,31932
158,14802;-1,38074;-0,31892
158,15800;-1,38057;-0,31925
158,16802;-1,38040;-0,31890
158,17802;-1,38023;-0,31927
158,18800;-1,38006;-0,31882
158,19802;-1,37989;-0,31924
158,20800;-1,37972;-0,31888
158,21800;-1,37955;-0,31909
158,22802;-1,37938;-0,31894
158,23800;-1,37921;-0,31888
158,24800;-1,37904;-0,31904
158,25802;-1,37887;-0,31888
158,26800;-1,37870;-0,31904
158,27802;-1,37853;-0,31884
158,28802;-1,37836;-0,31916
158,29800;-1,37819;-0,31869
158,30802;-1,37802;-0,31901
158,31802;-1,37785;-0,31869
158,32800;-1,37768;-0,31890
158,33802;-1,37751;-0,31873
158,34800;-1,37734;-0,31886
158,35800;-1,37717;-0,31874
158,36802;-1,37700;-0,31878
158,37800;-1,37683;-0,31887
158,38800;-1,37666;-0,31867
158,39802;-1,37649;-0,31885
158,40800;-1,37632;-0,31856
158,41802;-1,37615;-0,31874
158,42802;-1,37604;-0,31862
158,43800;-1,37587;-0,31876
158,44802;-1,37570;-0,31855
158,45800;-1,37553;-0,31874
158,46800;-1,37536;-0,31865
158,47802;-1,37519;-0,31858
158,48800;-1,37502;-0,31870
158,49800;-1,37490;-0,31851
158,50802;-1,37473;-0,31872
158,51800;-1,37456;-0,31849
158,52802;-1,37439;-0,31863
158,53802;-1,37422;-0,31842
158,54800;-1,37405;-0,31862
158,55802;-1,37388;-0,31842
158,56802;-1,37371;-0,31853
158,57800;-1,37354;-0,31846
158,58802;-1,37337;-0,31847
158,59800;-1,37320;-0,31850
158,60800;-1,37303;-0,31841
158,61802;-1,37286;-0,31854
158,62800;-1,37269;-0,31831
158,63800;-1,37252;-0,31854
158,64802;-1,37235;-0,31837
158,65800;-1,37218;-0,31845
158,66802;-1,37207;-0,31828
158,67802;-1,37190;-0,31844
158,68800;-1,37173;-0,31834
158,69802;-1,37156;-0,31843
158,70800;-1,37139;-0,31831
158,71800;-1,37122;-0,31824
158,72802;-1,37105;-0,31834
158,73800;-1,37088;-0,31814
158,74800;-1,37071;-0,31831
158,75802;-1,37054;-0,31810
158,76800;-1,37037;-0,31823
158,77802;-1,37020;-0,31822
158,78802;-1,37003;-0,31834
158,79800;-1,36986;-0,31816
158,80802;-1,36963;-0,31817
158,81802;-1,36952;-0,31810
158,82800;-1,36929;-0,31800
158,83802;-1,36918;-0,31817
158,84800;-1,36901;-0,31801
158,85800;-1,36884;-0,31811
158,86802;-1,36867;-0,31800
158,87800;-1,36856;-0,31817
158,88800;-1,36839;-0,31802
158,89802;-1,36822;-0,31808
158,90800;-1,36805;-0,31792
158,91802;-1,36788;-0,31792
158,92802;-1,36771;-0,31794
158,93800;-1,36754;-0,31797
158,94802;-1,36737;-0,31793
158,95800;-1,36720;-0,31786
158,96800;-1,36703;-0,31796
158,97802;-1,36686;-0,31793
158,98800;-1,36669;-0,31797
158,99800;-1,36652;-0,31781
159,00802;-1,36635;-0,31777
159,01800;-1,36618;-0,31776
159,02802;-1,36606;-0,31790
159,03802;-1,36589;-0,31783
159,04800;-1,36572;-0,31777
159,05802;-1,36555;-0,31772
159,06802;-1,36538;-0,31763
159,07800;-1,36521;-0,31782
159,08802;-1,36504;-0,31761
159,09800;-1,36487;-0,31769
159,10800;-1,36470;-0,31759
159,11802;-1,36453;-0,31774
159,12800;-1,36436;-0,31763
159,13800;-1,36419;-0,31774
159,14802;-1,36402;-0,31764
159,15800;-1,36385;-0,31764
159,16802;-1,36374;-0,31769
159,17802;-1,36357;-0,31747
159,18800;-1,36340;-0,31758
159,19802;-1,36323;-0,31744
159,20800;-1,36300;-0,31768
159,21800;-1,36283;-0,31741
159,22802;-1,36272;-0,31766
159,23800;-1,36249;-0,31732
159,24800;-1,36232;-0,31758
159,25802;-1,36215;-0,31736
159,26800;-1,36204;-0,31747
159,27802;-1,36187;-0,31740
159,28802;-1,36170;-0,31734
159,29800;-1,36153;-0,31752
159,30802;-1,36136;-0,31730
159,31802;-1,36119;-0,31740
159,32800;-1,36102;-0,31722
159,33802;-1,36091;-0,31739
159,34800;-1,36074;-0,31715
159,35800;-1,36057;-0,31746
159,36802;-1,36040;-0,31711
159,37800;-1,36023;-0,31728
159,38800;-1,36006;-0,31722
159,39802;-1,35989;-0,31724
159,40800;-1,35972;-0,31715
159,41802;-1,35955;-0,31724
159,42802;-1,35938;-0,31713
159,43800;-1,35921;-0,31711
159,44802;-1,35904;-0,31721
159,45800;-1,35887;-0,31696
159,46800;-1,35870;-0,31721
159,47802;-1,35853;-0,31701
159,48800;-1,35836;-0,31723
159,49800;-1,35819;-0,31700
159,50802;-1,35802;-0,31712
159,51800;-1,35785;-0,31695
159,52802;-1,35768;-0,31704
159,53802;-1,35751;-0,31696
159,54800;-1,35734;-0,31701
159,55802;-1,35717;-0,31695
159,56802;-1,35700;-0,31692
159,57800;-1,35683;-0,31697
159,58802;-1,35666;-0,31676
159,59800;-1,35643;-0,31711
159,60800;-1,35626;-0,31668
159,61802;-1,35609;-0,31696
159,62800;-1,35592;-0,31671
159,63800;-1,35575;-0,31693
159,64802;-1,35558;-0,31675
159,65800;-1,35547;-0,31689
159,66802;-1,35530;-0,31670
159,67802;-1,35513;-0,31682
159,68800;-1,35496;-0,31689
159,69802;-1,35479;-0,31674
159,70800;-1,35462;-0,31681
159,71800;-1,35445;-0,31659
159,72802;-1,35433;-0,31684
159,73800;-1,35416;-0,31657
159,74800;-1,35399;-0,31684
159,75802;-1,35382;-0,31653
159,76800;-1,35365;-0,31673
159,77802;-1,35348;-0,31652
159,78802;-1,35331;-0,31674
159,79800;-1,35320;-0,31657
159,80802;-1,35303;-0,31659
159,81802;-1,35286;-0,31656
159,82800;-1,35269;-0,31646
159,83802;-1,35252;-0,31663
159,84800;-1,35235;-0,31641
159,85800;-1,35218;-0,31656
159,86802;-1,35201;-0,31640
159,87800;-1,35184;-0,31654
159,88800;-1,35173;-0,31639
159,89802;-1,35156;-0,31656
159,90800;-1,35139;-0,31637
159,91802;-1,35122;-0,31644
159,92802;-1,35105;-0,31641
159,93800;-1,35088;-0,31628
159,94802;-1,35071;-0,31643
159,95800;-1,35054;-0,31629
159,96800;-1,35037;-0,31638
159,97802;-1,35020;-0,31629
159,98800;-1,35008;-0,31642
159,99800;-1,34991;-0,31621
160,00802;-1,34974;-0,31641
160,01800;-1,34957;-0,31621
160,02802;-1,34940;-0,31620
160,03802;-1,34923;-0,31623
160,04800;-1,34906;-0,31617
160,05802;-1,34884;-0,31616
160,06802;-1,34872;-0,31618
160,07800;-1,34850;-0,31619
160,08802;-1,34833;-0,31606
160,09800;-1,34816;-0,31622
160,10800;-1,34799;-0,31610
160,11802;-1,34782;-0,31612
160,12800;-1,34765;-0,31606
160,13800;-1,34748;-0,31620
160,14802;-1,34736;-0,31600
160,15800;-1,34719;-0,31615
160,16802;-1,34702;-0,31601
160,17802;-1,34685;-0,31596
160,18800;-1,34668;-0,31606
160,19802;-1,34651;-0,31595
160,20800;-1,34634;-0,31600
160,21800;-1,34617;-0,31595
160,22802;-1,34600;-0,31603
160,23800;-1,34583;-0,31580
160,24800;-1,34566;-0,31607
160,25802;-1,34549;-0,31579
160,26800;-1,34532;-0,31589
160,27802;-1,34515;-0,31581
160,28802;-1,34498;-0,31581
160,29800;-1,34481;-0,31583
160,30802;-1,34464;-0,31582
160,31802;-1,34447;-0,31582
160,32800;-1,34430;-0,31561
160,33802;-1,34413;-0,31584
160,34800;-1,34396;-0,31562
160,35800;-1,34385;-0,31585
160,36802;-1,34368;-0,31558
160,37800;-1,34351;-0,31566
160,38800;-1,34334;-0,31551
160,39802;-1,34317;-0,31567
160,40800;-1,34300;-0,31554
160,41802;-1,34283;-0,31548
160,42802;-1,34266;-0,31553
160,43800;-1,34249;-0,31545
160,44802;-1,34232;-0,31547
160,45800;-1,34215;-0,31542
160,46800;-1,34204;-0,31550
160,47802;-1,34187;-0,31525
160,48800;-1,34170;-0,31551
160,49800;-1,34153;-0,31532
160,50802;-1,34136;-0,31538
160,51800;-1,34119;-0,31536
160,52802;-1,34102;-0,31531
160,53802;-1,34085;-0,31533
160,54800;-1,34068;-0,31537
160,55802;-1,34051;-0,31538
160,56802;-1,34034;-0,31514
160,57800;-1,34017;-0,31519
160,58802;-1,34000;-0,31507
160,59800;-1,33988;-0,31525
160,60800;-1,33971;-0,31508
160,61802;-1,33954;-0,31518
160,62800;-1,33937;-0,31500
160,63800;-1,33926;-0,31511
160,64802;-1,33909;-0,31516
160,65800;-1,33892;-0,31499
160,66802;-1,33875;-0,31503
160,67802;-1,33858;-0,31506
160,68800;-1,33835;-0,31498
160,69802;-1,33824;-0,31503
160,70800;-1,33807;-0,31504
160,71800;-1,33784;-0,31490
160,72802;-1,33767;-0,31494
160,73800;-1,33750;-0,31492
160,74800;-1,33733;-0,31490
160,75802;-1,33716;-0,31486
160,76800;-1,33699;-0,31489
160,77802;-1,33682;-0,31485
160,78802;-1,33671;-0,31482
160,79800;-1,33654;-0,31490
160,80802;-1,33637;-0,31479
160,81802;-1,33620;-0,31472
160,82800;-1,33603;-0,31484
160,83802;-1,33586;-0,31471
160,84800;-1,33569;-0,31472
160,85800;-1,33546;-0,31469
160,86802;-1,33535;-0,31456
160,87800;-1,33512;-0,31470
160,88800;-1,33495;-0,31465
160,89802;-1,33478;-0,31471
160,90800;-1,33461;-0,31453
160,91802;-1,33444;-0,31458
160,92802;-1,33427;-0,31448
160,93800;-1,33410;-0,31450
160,94802;-1,33393;-0,31447
160,95800;-1,33376;-0,31442
160,96800;-1,33359;-0,31440
160,97802;-1,33348;-0,31438
160,98800;-1,33331;-0,31449
160,99800;-1,33314;-0,31426
161,00802;-1,33297;-0,31439
161,01800;-1,33280;-0,31433
161,02802;-1,33263;-0,31431
161,03802;-1,33252;-0,31429
161,04800;-1,33235;-0,31435
161,05802;-1,33218;-0,31424
161,06802;-1,33201;-0,31418
161,07800;-1,33184;-0,31424
161,08802;-1,33167;-0,31411
161,09800;-1,33150;-0,31423
161,10800;-1,33138;-0,31411
161,11802;-1,33121;-0,31426
161,12800;-1,33104;-0,31411
161,13800;-1,33087;-0,31419
161,14802;-1,33070;-0,31411
161,15800;-1,33053;-0,31402
161,16802;-1,33036;-0,31403
161,17802;-1,33019;-0,31407
161,18800;-1,33008;-0,31398
161,19802;-1,32991;-0,31398
161,20800;-1,32974;-0,31402
161,21800;-1,32957;-0,31385
161,22802;-1,32940;-0,31415
161,23800;-1,32923;-0,31389
161,24800;-1,32906;-0,31390
161,25802;-1,32889;-0,31383
161,26800;-1,32872;-0,31388
161,27802;-1,32855;-0,31381
161,28802;-1,32838;-0,31387
161,29800;-1,32821;-0,31374
161,30802;-1,32804;-0,31381
161,31802;-1,32787;-0,31375
161,32800;-1,32770;-0,31370
161,33802;-1,32753;-0,31367
161,34800;-1,32736;-0,31354
161,35800;-1,32719;-0,31378
161,36802;-1,32702;-0,31358
161,37800;-1,32685;-0,31373
161,38800;-1,32668;-0,31357
161,39802;-1,32651;-0,31371
161,40800;-1,32634;-0,31347
161,41802;-1,32617;-0,31366
161,42802;-1,32606;-0,31340
161,43800;-1,32589;-0,31349
161,44802;-1,32572;-0,31342
161,45800;-1,32555;-0,31337
161,46800;-1,32538;-0,31342
161,47802;-1,32521;-0,31332
161,48800;-1,32504;-0,31353
161,49800;-1,32487;-0,31338
161,50802;-1,32470;-0,31352
161,51800;-1,32453;-0,31316
161,52802;-1,32436;-0,31355
161,53802;-1,32419;-0,31308
161,54800;-1,32402;-0,31340
161,55802;-1,32385;-0,31309
161,56802;-1,32368;-0,31331
161,57800;-1,32356;-0,31320
161,58802;-1,32339;-0,31320
161,59800;-1,32322;-0,31323
161,60800;-1,32305;-0,31302
161,61802;-1,32288;-0,31327
161,62800;-1,32271;-0,31298
161,63800;-1,32254;-0,31325
161,64802;-1,32237;-0,31287
161,65800;-1,32220;-0,31316
161,66802;-1,32203;-0,31285
161,67802;-1,32186;-0,31318
161,68800;-1,32169;-0,31281
161,69802;-1,32152;-0,31305
161,70800;-1,32135;-0,31289
161,71800;-1,32118;-0,31288
161,72802;-1,32101;-0,31303
161,73800;-1,32084;-0,31283
161,74800;-1,32067;-0,31288
161,75802;-1,32050;-0,31271
161,76800;-1,32039;-0,31289
161,77802;-1,32022;-0,31258
161,78802;-1,32005;-0,31295
161,79800;-1,31988;-0,31260
161,80802;-1,31971;-0,31292
161,81802;-1,31954;-0,31260
161,82800;-1,31937;-0,31282
161,83802;-1,31920;-0,31270
161,84800;-1,31903;-0,31266
161,85800;-1,31886;-0,31266
161,86802;-1,31869;-0,31261
161,87800;-1,31852;-0,31268
161,88800;-1,31841;-0,31244
161,89802;-1,31824;-0,31275
161,90800;-1,31807;-0,31234
161,91802;-1,31790;-0,31267
161,92802;-1,31773;-0,31241
161,93800;-1,31756;-0,31262
161,94802;-1,31739;-0,31237
161,95800;-1,31722;-0,31253
161,96800;-1,31710;-0,31243
161,97802;-1,31688;-0,31236
161,98800;-1,31671;-0,31248
161,99800;-1,31654;-0,31229
162,00802;-1,31637;-0,31248
162,01800;-1,31620;-0,31228
162,02802;-1,31603;-0,31247
162,03802;-1,31586;-0,31214
162,04800;-1,31569;-0,31234
162,05802;-1,31552;-0,31201
162,06802;-1,31535;-0,31231
162,07800;-1,31518;-0,31213
162,08802;-1,31506;-0,31217
162,09800;-1,31489;-0,31221
162,10800;-1,31472;-0,31203
162,11802;-1,31455;-0,31216
162,12800;-1,31438;-0,31200
162,13800;-1,31421;-0,31205
162,14802;-1,31399;-0,31189
162,15800;-1,31382;-0,31200
162,16802;-1,31365;-0,31196
162,17802;-1,31348;-0,31200
162,18800;-1,31331;-0,31194
162,19802;-1,31314;-0,31193
162,20800;-1,31297;-0,31197
162,21800;-1,31280;-0,31184
162,22802;-1,31263;-0,31199
162,23800;-1,31246;-0,31164
162,24800;-1,31229;-0,31182
162,25802;-1,31212;-0,31171
162,26800;-1,31195;-0,31173
162,27802;-1,31178;-0,31178
162,28802;-1,31166;-0,31178
162,29800;-1,31149;-0,31167
162,30802;-1,31132;-0,31170
162,31802;-1,31115;-0,31165
162,32800;-1,31098;-0,31151
162,33802;-1,31081;-0,31172
162,34800;-1,31064;-0,31144
162,35800;-1,31047;-0,31166
162,36802;-1,31036;-0,31149
162,37800;-1,31019;-0,31165
162,38800;-1,31002;-0,31147
162,39802;-1,30985;-0,31163
162,40800;-1,30974;-0,31145
162,41802;-1,30957;-0,31145
162,42802;-1,30940;-0,31140
162,43800;-1,30923;-0,31137
162,44802;-1,30906;-0,31142
162,45800;-1,30889;-0,31126
162,46800;-1,30872;-0,31147
162,47802;-1,30855;-0,31119
162,48800;-1,30838;-0,31152
162,49800;-1,30821;-0,31119
162,50802;-1,30804;-0,31135
162,51800;-1,30787;-0,31111
162,52802;-1,30770;-0,31130
162,53802;-1,30753;-0,31119
162,54800;-1,30736;-0,31117
162,55802;-1,30719;-0,31114
162,56802;-1,30702;-0,31102
162,57800;-1,30690;-0,31129
162,58802;-1,30673;-0,31098
162,59800;-1,30656;-0,31127
162,60800;-1,30639;-0,31075
162,61802;-1,30622;-0,31117
162,62800;-1,30605;-0,31087
162,63800;-1,30588;-0,31103
162,64802;-1,30571;-0,31086
162,65800;-1,30554;-0,31101
162,66802;-1,30537;-0,31083
162,67802;-1,30520;-0,31082
162,68800;-1,30503;-0,31099
162,69802;-1,30486;-0,31056
162,70800;-1,30469;-0,31095
162,71800;-1,30452;-0,31054
162,72802;-1,30435;-0,31085
162,73800;-1,30418;-0,31067
162,74800;-1,30407;-0,31076
162,75802;-1,30390;-0,31061
162,76800;-1,30367;-0,31067
162,77802;-1,30350;-0,31063
162,78802;-1,30333;-0,31060
162,79800;-1,30316;-0,31069
162,80802;-1,30299;-0,31042
162,81802;-1,30282;-0,31065
162,82800;-1,30265;-0,31039
162,83802;-1,30248;-0,31065
162,84800;-1,30231;-0,31030
162,85800;-1,30214;-0,31051
162,86802;-1,30197;-0,31034
162,87800;-1,30180;-0,31031
162,88800;-1,30163;-0,31041
162,89802;-1,30146;-0,31024
162,90800;-1,30129;-0,31037
162,91802;-1,30112;-0,31025
162,92802;-1,30095;-0,31038
162,93800;-1,30078;-0,31003
162,94802;-1,30061;-0,31033
162,95800;-1,30044;-0,30986
162,96800;-1,30027;-0,31024
162,97802;-1,30010;-0,31004
162,98800;-1,29993;-0,31010
162,99800;-1,29976;-0,30999
163,00802;-1,29959;-0,30995
163,01800;-1,29942;-0,31012
163,02802;-1,29925;-0,30987
163,03802;-1,29908;-0,31013
163,04800;-1,29897;-0,30972
163,05802;-1,29880;-0,31010
163,06802;-1,29863;-0,30965
163,07800;-1,29846;-0,31008
163,08802;-1,29829;-0,30957
163,09800;-1,29812;-0,30995
163,10800;-1,29795;-0,30974
163,11802;-1,29784;-0,30977
163,12800;-1,29767;-0,30979
163,13800;-1,29750;-0,30953
163,14802;-1,29733;-0,30980
163,15800;-1,29716;-0,30952
163,16802;-1,29699;-0,30982
163,17802;-1,29682;-0,30942
163,18800;-1,29670;-0,30970
163,19802;-1,29653;-0,30939
163,20800;-1,29636;-0,30976
163,21800;-1,29619;-0,30939
163,22802;-1,29602;-0,30949
163,23800;-1,29585;-0,30945
163,24800;-1,29574;-0,30935
163,25802;-1,29557;-0,30947
163,26800;-1,29540;-0,30927
163,27802;-1,29523;-0,30949
163,28802;-1,29506;-0,30919
163,29800;-1,29489;-0,30948
163,30802;-1,29472;-0,30913
163,31802;-1,29455;-0,30937
163,32800;-1,29438;-0,30909
163,33802;-1,29421;-0,30934
163,34800;-1,29404;-0,30912
163,35800;-1,29387;-0,30924
163,36802;-1,29370;-0,30914
163,37800;-1,29353;-0,30906
163,38800;-1,29336;-0,30917
163,39802;-1,29319;-0,30901
163,40800;-1,29302;-0,30920
163,41802;-1,29285;-0,30887
163,42802;-1,29268;-0,30922
163,43800;-1,29251;-0,30882
163,44802;-1,29234;-0,30919
163,45800;-1,29217;-0,30869
163,46800;-1,29200;-0,30902
163,47802;-1,29183;-0,30874
163,48800;-1,29166;-0,30899
163,49800;-1,29149;-0,30889
163,50802;-1,29126;-0,30884
163,51800;-1,29115;-0,30885
163,52802;-1,29098;-0,30867
163,53802;-1,29081;-0,30886
163,54800;-1,29064;-0,30845
163,55802;-1,29047;-0,30890
163,56802;-1,29030;-0,30837
163,57800;-1,29013;-0,30882
163,58802;-1,28996;-0,30835
163,59800;-1,28979;-0,30877
163,60800;-1,28968;-0,30841
163,61802;-1,28951;-0,30851
163,62800;-1,28928;-0,30849
163,63800;-1,28917;-0,30836
163,64802;-1,28900;-0,30854
163,65800;-1,28883;-0,30825
163,66802;-1,28866;-0,30850
163,67802;-1,28849;-0,30810
163,68800;-1,28832;-0,30864
163,69802;-1,28815;-0,30811
163,70800;-1,28798;-0,30852
163,71800;-1,28781;-0,30813
163,72802;-1,28769;-0,30827
163,73800;-1,28752;-0,30823
163,74800;-1,28735;-0,30808
163,75802;-1,28718;-0,30818
163,76800;-1,28701;-0,30787
163,77802;-1,28684;-0,30829
163,78802;-1,28667;-0,30788
163,79800;-1,28650;-0,30827
163,80802;-1,28639;-0,30782
163,81802;-1,28622;-0,30816
163,82800;-1,28605;-0,30779
163,83802;-1,28588;-0,30806
163,84800;-1,28571;-0,30779
163,85800;-1,28554;-0,30777
163,86802;-1,28537;-0,30797
163,87800;-1,28520;-0,30769
163,88800;-1,28503;-0,30787
163,89802;-1,28486;-0,30757
163,90800;-1,28475;-0,30796
163,91802;-1,28458;-0,30750
163,92802;-1,28441;-0,30797
163,93800;-1,28424;-0,30742
163,94802;-1,28407;-0,30775
163,95800;-1,28390;-0,30750
163,96800;-1,28373;-0,30766
163,97802;-1,28356;-0,30751
163,98800;-1,28339;-0,30748
163,99800;-1,28322;-0,30757
164,00802;-1,28305;-0,30735
164,01800;-1,28288;-0,30767
164,02802;-1,28271;-0,30723
164,03802;-1,28254;-0,30759
164,04800;-1,28242;-0,30710
164,05802;-1,28225;-0,30755
164,06802;-1,28208;-0,30704
164,07800;-1,28186;-0,30734
164,08802;-1,28169;-0,30713
164,09800;-1,28152;-0,30723
164,10800;-1,28135;-0,30730
164,11802;-1,28118;-0,30711
164,12800;-1,28101;-0,30727
164,13800;-1,28084;-0,30687
164,14802;-1,28067;-0,30724
164,15800;-1,28050;-0,30674
164,16802;-1,28033;-0,30727
164,17802;-1,28016;-0,30671
164,18800;-1,27999;-0,30714
164,19802;-1,27982;-0,30687
164,20800;-1,27965;-0,30698
164,21800;-1,27948;-0,30682
164,22802;-1,27931;-0,30678
164,23800;-1,27914;-0,30680
164,24800;-1,27897;-0,30660
164,25802;-1,27880;-0,30689
164,26800;-1,27863;-0,30646
164,27802;-1,27846;-0,30684
164,28802;-1,27829;-0,30647
164,29800;-1,27812;-0,30685
164,30802;-1,27795;-0,30644
164,31802;-1,27778;-0,30671
164,32800;-1,27761;-0,30642
164,33802;-1,27744;-0,30648
164,34800;-1,27732;-0,30649
164,35800;-1,27715;-0,30634
164,36802;-1,27698;-0,30651
164,37800;-1,27681;-0,30624
164,38800;-1,27664;-0,30659
164,39802;-1,27647;-0,30622
164,40800;-1,27636;-0,30650
164,41802;-1,27619;-0,30606
164,42802;-1,27602;-0,30641
164,43800;-1,27585;-0,30611
164,44802;-1,27568;-0,30621
164,45800;-1,27551;-0,30630
164,46800;-1,27534;-0,30609
164,47802;-1,27523;-0,30624
164,48800;-1,27506;-0,30610
164,49800;-1,27489;-0,30619
164,50802;-1,27472;-0,30592
164,51800;-1,27455;-0,30616
164,52802;-1,27443;-0,30586
164,53802;-1,27426;-0,30606
164,54800;-1,27409;-0,30585
164,55802;-1,27392;-0,30594
164,56802;-1,27375;-0,30588
164,57800;-1,27358;-0,30577
164,58802;-1,27341;-0,30596
164,59800;-1,27319;-0,30571
164,60800;-1,27302;-0,30591
164,61802;-1,27285;-0,30555
164,62800;-1,27268;-0,30590
164,63800;-1,27251;-0,30556
164,64802;-1,27234;-0,30577
164,65800;-1,27217;-0,30543
164,66802;-1,27200;-0,30565
164,67802;-1,27188;-0,30543
164,68800;-1,27171;-0,30555
164,69802;-1,27154;-0,30553
164,70800;-1,27137;-0,30537
164,71800;-1,27120;-0,30562
164,72802;-1,27103;-0,30527
164,73800;-1,27081;-0,30550
164,74800;-1,27064;-0,30508
164,75802;-1,27047;-0,30538
164,76800;-1,27030;-0,30499
164,77802;-1,27013;-0,30539
164,78802;-1,26996;-0,30513
164,79800;-1,26979;-0,30537
164,80802;-1,26962;-0,30517
164,81802;-1,26945;-0,30517
164,82800;-1,26928;-0,30523
164,83802;-1,26911;-0,30489
164,84800;-1,26899;-0,30519
164,85800;-1,26882;-0,30484
164,86802;-1,26865;-0,30517
164,87800;-1,26848;-0,30479
164,88800;-1,26837;-0,30507
164,89802;-1,26820;-0,30474
164,90800;-1,26803;-0,30495
164,91802;-1,26786;-0,30470
164,92802;-1,26769;-0,30475
164,93800;-1,26752;-0,30474
164,94802;-1,26735;-0,30451
164,95800;-1,26718;-0,30480
164,96800;-1,26701;-0,30450
164,97802;-1,26684;-0,30481
164,98800;-1,26667;-0,30442
164,99800;-1,26656;-0,30474
165,00802;-1,26639;-0,30435
165,01800;-1,26622;-0,30454
165,02802;-1,26605;-0,30427
165,03802;-1,26588;-0,30434
165,04800;-1,26576;-0,30442
165,05802;-1,26554;-0,30421
165,06802;-1,26537;-0,30452
165,07800;-1,26520;-0,30411
165,08802;-1,26503;-0,30436
165,09800;-1,26486;-0,30405
165,10800;-1,26469;-0,30431
165,11802;-1,26452;-0,30392
165,12800;-1,26435;-0,30430
165,13800;-1,26418;-0,30396
165,14802;-1,26401;-0,30417
165,15800;-1,26384;-0,30401
165,16802;-1,26367;-0,30408
165,17802;-1,26355;-0,30406
165,18800;-1,26338;-0,30388
165,19802;-1,26321;-0,30411
165,20800;-1,26304;-0,30371
165,21800;-1,26287;-0,30410
165,22802;-1,26270;-0,30367
165,23800;-1,26253;-0,30404
165,24800;-1,26236;-0,30355
165,25802;-1,26219;-0,30387
165,26800;-1,26202;-0,30351
165,27802;-1,26185;-0,30370
165,28802;-1,26168;-0,30353
165,29800;-1,26151;-0,30358
165,30802;-1,26134;-0,30367
165,31802;-1,26123;-0,30340
165,32800;-1,26106;-0,30376
165,33802;-1,26089;-0,30317
165,34800;-1,26072;-0,30365
165,35800;-1,26055;-0,30316
165,36802;-1,26038;-0,30358
165,37800;-1,26021;-0,30302
165,38800;-1,26004;-0,30353
165,39802;-1,25987;-0,30314
165,40800;-1,25964;-0,30337
165,41802;-1,25947;-0,30322
165,42802;-1,25930;-0,30305
165,43800;-1,25913;-0,30319
165,44802;-1,25896;-0,30291
165,45800;-1,25879;-0,30319
165,46800;-1,25862;-0,30275
165,47802;-1,25845;-0,30320
165,48800;-1,25828;-0,30271
165,49800;-1,25811;-0,30318
165,50802;-1,25794;-0,30267
165,51800;-1,25777;-0,30301
165,52802;-1,25766;-0,30267
165,53802;-1,25749;-0,30281
165,54800;-1,25732;-0,30276
165,55802;-1,25715;-0,30259
165,56802;-1,25692;-0,30276
165,57800;-1,25675;-0,30251
165,58802;-1,25658;-0,30282
165,59800;-1,25641;-0,30248
165,60800;-1,25624;-0,30272
165,61802;-1,25607;-0,30233
165,62800;-1,25596;-0,30261
165,63800;-1,25579;-0,30229
165,64802;-1,25562;-0,30244
165,65800;-1,25551;-0,30224
165,66802;-1,25534;-0,30228
165,67802;-1,25517;-0,30226
165,68800;-1,25500;-0,30204
165,69802;-1,25483;-0,30228
165,70800;-1,25466;-0,30198
165,71800;-1,25454;-0,30219
165,72802;-1,25437;-0,30207
165,73800;-1,25420;-0,30217
165,74800;-1,25403;-0,30192
165,75802;-1,25386;-0,30205
165,76800;-1,25369;-0,30179
165,77802;-1,25358;-0,30198
165,78802;-1,25341;-0,30190
165,79800;-1,25324;-0,30181
165,80802;-1,25307;-0,30190
165,81802;-1,25290;-0,30173
165,82800;-1,25273;-0,30189
165,83802;-1,25256;-0,30171
165,84800;-1,25239;-0,30170
165,85800;-1,25222;-0,30161
165,86802;-1,25205;-0,30163
165,87800;-1,25188;-0,30154
165,88800;-1,25171;-0,30160
165,89802;-1,25154;-0,30147
165,90800;-1,25137;-0,30158
165,91802;-1,25120;-0,30149
165,92802;-1,25103;-0,30141
165,93800;-1,25086;-0,30142
165,94802;-1,25069;-0,30131
165,95800;-1,25052;-0,30129
165,96800;-1,25035;-0,30122
165,97802;-1,25018;-0,30124
165,98800;-1,25001;-0,30123
165,99800;-1,24984;-0,30124
166,00802;-1,24967;-0,30106
166,01800;-1,24950;-0,30113
166,02802;-1,24933;-0,30083
166,03802;-1,24916;-0,30109
166,04800;-1,24893;-0,30082
166,05802;-1,24876;-0,30097
166,06802;-1,24859;-0,30080
166,07800;-1,24842;-0,30086
166,08802;-1,24825;-0,30080
166,09800;-1,24808;-0,30077
166,10800;-1,24791;-0,30078
166,11802;-1,24774;-0,30066
166,12800;-1,24763;-0,30071
166,13800;-1,24746;-0,30051
166,14802;-1,24729;-0,30070
166,15800;-1,24718;-0,30042
166,16802;-1,24701;-0,30068
166,17802;-1,24684;-0,30037
166,18800;-1,24667;-0,30055
166,19802;-1,24650;-0,30031
166,20800;-1,24633;-0,30045
166,21800;-1,24616;-0,30030
166,22802;-1,24593;-0,30028
166,23800;-1,24576;-0,30034
166,24800;-1,24559;-0,30024
166,25802;-1,24548;-0,30028
166,26800;-1,24531;-0,30011
166,27802;-1,24514;-0,30026
166,28802;-1,24497;-0,30002
166,29800;-1,24480;-0,30022
166,30802;-1,24463;-0,29993
166,31802;-1,24451;-0,30009
166,32800;-1,24434;-0,29989
166,33802;-1,24412;-0,29995
166,34800;-1,24400;-0,29995
166,35800;-1,24383;-0,29981
166,36802;-1,24366;-0,29983
166,37800;-1,24349;-0,29979
166,38800;-1,24332;-0,29984
166,39802;-1,24315;-0,29973
166,40800;-1,24298;-0,29979
166,41802;-1,24281;-0,29959
166,42802;-1,24264;-0,29969
166,43800;-1,24247;-0,29957
166,44802;-1,24230;-0,29964
166,45800;-1,24213;-0,29943
166,46800;-1,24196;-0,29953
166,47802;-1,24179;-0,29944
166,48800;-1,24168;-0,29946
166,49800;-1,24151;-0,29942
166,50802;-1,24134;-0,29938
166,51800;-1,24117;-0,29924
166,52802;-1,24100;-0,29932
166,53802;-1,24083;-0,29931
166,54800;-1,24066;-0,29913
166,55802;-1,24049;-0,29918
166,56802;-1,24032;-0,29900
166,57800;-1,24015;-0,29918
166,58802;-1,23998;-0,29895
166,59800;-1,23981;-0,29915
166,60800;-1,23964;-0,29890
166,61802;-1,23947;-0,29909
166,62800;-1,23936;-0,29890
166,63800;-1,23919;-0,29892
166,64802;-1,23902;-0,29876
166,65800;-1,23885;-0,29872
166,66802;-1,23862;-0,29882
166,67802;-1,23845;-0,29856
166,68800;-1,23828;-0,29884
166,69802;-1,23811;-0,29853
166,70800;-1,23794;-0,29881
166,71800;-1,23777;-0,29848
166,72802;-1,23760;-0,29865
166,73800;-1,23743;-0,29840
166,74800;-1,23726;-0,29845
166,75802;-1,23709;-0,29848
166,76800;-1,23692;-0,29836
166,77802;-1,23675;-0,29844
166,78802;-1,23658;-0,29822
166,79800;-1,23641;-0,29852
166,80802;-1,23630;-0,29809
166,81802;-1,23613;-0,29839
166,82800;-1,23596;-0,29808
166,83802;-1,23579;-0,29829
166,84800;-1,23562;-0,29802
166,85800;-1,23545;-0,29817
166,86802;-1,23528;-0,29799
166,87800;-1,23511;-0,29796
166,88800;-1,23488;-0,29810
166,89802;-1,23477;-0,29778
166,90800;-1,23460;-0,29805
166,91802;-1,23443;-0,29779
166,92802;-1,23431;-0,29795
166,93800;-1,23414;-0,29768
166,94802;-1,23397;-0,29789
166,95800;-1,23380;-0,29753
166,96800;-1,23363;-0,29776
166,97802;-1,23352;-0,29760
166,98800;-1,23335;-0,29759
166,99800;-1,23312;-0,29752
167,00802;-1,23301;-0,29757
167,01800;-1,23284;-0,29753
167,02802;-1,23267;-0,29738
167,03802;-1,23250;-0,29752
167,04800;-1,23233;-0,29727
167,05802;-1,23216;-0,29740
167,06802;-1,23205;-0,29729
167,07800;-1,23188;-0,29737
167,08802;-1,23171;-0,29718
167,09800;-1,23154;-0,29735
167,10800;-1,23137;-0,29707
167,11802;-1,23120;-0,29718
167,12800;-1,23103;-0,29706
167,13800;-1,23091;-0,29710
167,14802;-1,23074;-0,29696
167,15800;-1,23057;-0,29694
167,16802;-1,23040;-0,29697
167,17802;-1,23023;-0,29679
167,18800;-1,23006;-0,29691
167,19802;-1,22989;-0,29674
167,20800;-1,22972;-0,29688
167,21800;-1,22955;-0,29663
167,22802;-1,22938;-0,29686
167,23800;-1,22916;-0,29656
167,24800;-1,22899;-0,29673
167,25802;-1,22887;-0,29658
167,26800;-1,22870;-0,29653
167,27802;-1,22853;-0,29649
167,28802;-1,22836;-0,29645
167,29800;-1,22819;-0,29650
167,30802;-1,22802;-0,29626
167,31802;-1,22785;-0,29649
167,32800;-1,22768;-0,29614
167,33802;-1,22751;-0,29645
167,34800;-1,22734;-0,29615
167,35800;-1,22717;-0,29618
167,36802;-1,22695;-0,29604
167,37800;-1,22678;-0,29615
167,38800;-1,22661;-0,29605
167,39802;-1,22644;-0,29596
167,40800;-1,22627;-0,29602
167,41802;-1,22610;-0,29583
167,42802;-1,22593;-0,29608
167,43800;-1,22581;-0,29582
167,44802;-1,22564;-0,29590
167,45800;-1,22547;-0,29566
167,46800;-1,22530;-0,29575
167,47802;-1,22519;-0,29561
167,48800;-1,22502;-0,29564
167,49800;-1,22485;-0,29551
167,50802;-1,22468;-0,29556
167,51800;-1,22451;-0,29558
167,52802;-1,22434;-0,29549
167,53802;-1,22411;-0,29551
167,54800;-1,22394;-0,29531
167,55802;-1,22383;-0,29540
167,56802;-1,22366;-0,29526
167,57800;-1,22349;-0,29533
167,58802;-1,22332;-0,29522
167,59800;-1,22315;-0,29515
167,60800;-1,22298;-0,29514
167,61802;-1,22281;-0,29517
167,62800;-1,22264;-0,29501
167,63800;-1,22247;-0,29510
167,64802;-1,22230;-0,29493
167,65800;-1,22213;-0,29490
167,66802;-1,22196;-0,29490
167,67802;-1,22179;-0,29488
167,68800;-1,22162;-0,29485
167,69802;-1,22145;-0,29480
167,70800;-1,22134;-0,29482
167,71800;-1,22117;-0,29472
167,72802;-1,22100;-0,29478
167,73800;-1,22083;-0,29459
167,74800;-1,22066;-0,29462
167,75802;-1,22049;-0,29453
167,76800;-1,22032;-0,29458
167,77802;-1,22015;-0,29454
167,78802;-1,22003;-0,29441
167,79800;-1,21986;-0,29456
167,80802;-1,21969;-0,29427
167,81802;-1,21952;-0,29449
167,82800;-1,21935;-0,29422
167,83802;-1,21924;-0,29435
167,84800;-1,21907;-0,29418
167,85800;-1,21890;-0,29425
167,86802;-1,21873;-0,29412
167,87800;-1,21856;-0,29411
167,88800;-1,21839;-0,29411
167,89802;-1,21822;-0,29397
167,90800;-1,21805;-0,29404
167,91802;-1,21788;-0,29390
167,92802;-1,21771;-0,29401
167,93800;-1,21760;-0,29388
167,94802;-1,21743;-0,29388
167,95800;-1,21726;-0,29373
167,96800;-1,21703;-0,29376
167,97802;-1,21686;-0,29380
167,98800;-1,21675;-0,29358
167,99800;-1,21652;-0,29371
168,00802;-1,21635;-0,29350
168,01800;-1,21618;-0,29362
168,02802;-1,21601;-0,29345
168,03802;-1,21584;-0,29354
168,04800;-1,21567;-0,29331
168,05802;-1,21550;-0,29342
168,06802;-1,21533;-0,29344
168,07800;-1,21516;-0,29322
168,08802;-1,21499;-0,29336
168,09800;-1,21488;-0,29317
168,10800;-1,21471;-0,29331
168,11802;-1,21454;-0,29306
168,12800;-1,21437;-0,29329
168,13800;-1,21420;-0,29288
168,14802;-1,21403;-0,29307
168,15800;-1,21386;-0,29292
168,16802;-1,21369;-0,29289
168,17802;-1,21352;-0,29297
168,18800;-1,21335;-0,29290
168,19802;-1,21318;-0,29297
168,20800;-1,21301;-0,29281
168,21800;-1,21289;-0,29291
168,22802;-1,21272;-0,29262
168,23800;-1,21255;-0,29280
168,24800;-1,21238;-0,29252
168,25802;-1,21221;-0,29267
168,26800;-1,21204;-0,29251
168,27802;-1,21187;-0,29261
168,28802;-1,21170;-0,29255
168,29800;-1,21153;-0,29252
168,30802;-1,21142;-0,29247
168,31802;-1,21125;-0,29235
168,32800;-1,21108;-0,29242
168,33802;-1,21091;-0,29224
168,34800;-1,21074;-0,29238
168,35800;-1,21057;-0,29212
168,36802;-1,21040;-0,29229
168,37800;-1,21023;-0,29210
168,38800;-1,21006;-0,29220
168,39202;-1,21000;-0,29204
168,39402;-1,20995;-0,29198
168,40400;-1,20983;-0,29212
168,41400;-1,20978;-0,29200
168,42402;-1,20978;-0,29221
168,43400;-1,20978;-0,29213
168,44402;-1,20978;-0,29222
168,45402;-1,20978;-0,29195
168,46400;-1,20989;-0,29213
168,47402;-1,20995;-0,29204
168,48402;-1,20995;-0,29204
168,49400;-1,21000;-0,29206
168,50402;-1,21006;-0,29198
168,51400;-1,21017;-0,29211
168,52400;-1,21023;-0,29201
168,53402;-1,21029;-0,29219
168,54400;-1,21040;-0,29204
168,55400;-1,21046;-0,29214
168,56402;-1,21057;-0,29207
168,57400;-1,21074;-0,29221
168,58402;-1,21091;-0,29208
168,59402;-1,21102;-0,29227
168,60400;-1,21125;-0,29223
168,61402;-1,21148;-0,29230
168,62402;-1,21176;-0,29250
168,63400;-1,21204;-0,29249
168,64402;-1,21238;-0,29253
168,65400;-1,21267;-0,29257
168,66400;-1,21301;-0,29258
168,67402;-1,21335;-0,29268
168,68400;-1,21369;-0,29278
168,69402;-1,21397;-0,29284
168,70402;-1,21425;-0,29285
168,71400;-1,21459;-0,29300
168,72402;-1,21488;-0,29311
168,73402;-1,21516;-0,29327
168,74400;-1,21539;-0,29323
168,75402;-1,21567;-0,29339
168,76400;-1,21590;-0,29344
168,77400;-1,21612;-0,29346
168,78402;-1,21629;-0,29368
168,79400;-1,21652;-0,29360
168,80400;-1,21669;-0,29383
168,81402;-1,21692;-0,29381
168,82400;-1,21709;-0,29402
168,83402;-1,21726;-0,29392
168,84402;-1,21748;-0,29404
168,85400;-1,21765;-0,29395
168,86402;-1,21782;-0,29416
168,87402;-1,21799;-0,29418
168,88400;-1,21816;-0,29428
168,89402;-1,21833;-0,29433
168,90400;-1,21850;-0,29433
168,91400;-1,21867;-0,29450
168,92402;-1,21879;-0,29443
168,93400;-1,21896;-0,29448
168,94402;-1,21913;-0,29447
168,95402;-1,21924;-0,29466
168,96400;-1,21941;-0,29461
168,97402;-1,21958;-0,29483
168,98402;-1,21975;-0,29477
168,99400;-1,21992;-0,29479
169,00402;-1,22009;-0,29501
169,01400;-1,22026;-0,29492
169,02400;-1,22043;-0,29506
169,03402;-1,22066;-0,29492
169,04400;-1,22083;-0,29516
169,05400;-1,22100;-0,29514
169,06402;-1,22117;-0,29521
169,07400;-1,22128;-0,29522
169,08402;-1,22145;-0,29526
169,09402;-1,22162;-0,29530
169,10400;-1,22179;-0,29549
169,11402;-1,22196;-0,29549
169,12402;-1,22213;-0,29543
169,13400;-1,22230;-0,29570
169,14402;-1,22247;-0,29558
169,15400;-1,22264;-0,29569
169,16400;-1,22281;-0,29574
169,17402;-1,22298;-0,29568
169,18400;-1,22315;-0,29578
169,19402;-1,22332;-0,29580
169,20402;-1,22349;-0,29584
169,21400;-1,22366;-0,29598
169,22402;-1,22383;-0,29600
169,23402;-1,22400;-0,29610
169,24400;-1,22417;-0,29617
169,25402;-1,22434;-0,29615
169,26400;-1,22451;-0,29623
169,27400;-1,22462;-0,29619
169,28402;-1,22479;-0,29624
169,29400;-1,22496;-0,29634
169,30400;-1,22513;-0,29647
169,31402;-1,22530;-0,29657
169,32400;-1,22547;-0,29661
169,33402;-1,22564;-0,29662
169,34402;-1,22581;-0,29665
169,35400;-1,22604;-0,29668
169,36402;-1,22615;-0,29670
169,37402;-1,22632;-0,29666
169,38400;-1,22649;-0,29683
169,39402;-1,22666;-0,29688
169,40400;-1,22683;-0,29694
169,41400;-1,22700;-0,29704
169,42402;-1,22717;-0,29698
169,43400;-1,22740;-0,29708
169,44402;-1,22757;-0,29712
169,45402;-1,22774;-0,29715
169,46400;-1,22791;-0,29716
169,47402;-1,22808;-0,29736
169,48402;-1,22825;-0,29731
169,49400;-1,22842;-0,29749
169,50402;-1,22859;-0,29742
169,51400;-1,22876;-0,29749
169,52400;-1,22893;-0,29756
169,53402;-1,22910;-0,29757
169,54400;-1,22921;-0,29762
169,55400;-1,22938;-0,29767
169,56402;-1,22955;-0,29766
169,57400;-1,22972;-0,29773
169,58402;-1,22984;-0,29790
169,59402;-1,23001;-0,29775
169,60400;-1,23018;-0,29795
169,61402;-1,23029;-0,29785
169,62402;-1,23046;-0,29804
169,63400;-1,23063;-0,29803
169,64402;-1,23080;-0,29808
169,65400;-1,23097;-0,29805
169,66400;-1,23114;-0,29820
169,67402;-1,23131;-0,29823
169,68400;-1,23148;-0,29827
169,69402;-1,23165;-0,29833
169,70402;-1,23182;-0,29819
169,71400;-1,23199;-0,29843
169,72402;-1,23210;-0,29833
169,73402;-1,23222;-0,29857
169,74400;-1,23239;-0,29840
169,75402;-1,23256;-0,29856
169,76400;-1,23273;-0,29863
169,77400;-1,23295;-0,29875
169,78402;-1,23312;-0,29878
169,79400;-1,23329;-0,29877
169,80400;-1,23346;-0,29882
169,81402;-1,23363;-0,29881
169,82400;-1,23386;-0,29897
169,83402;-1,23403;-0,29881
169,84402;-1,23420;-0,29904
169,85400;-1,23437;-0,29893
169,86402;-1,23454;-0,29916
169,87402;-1,23471;-0,29908
169,88400;-1,23488;-0,29926
169,89402;-1,23505;-0,29924
169,90400;-1,23522;-0,29931
169,91400;-1,23539;-0,29937
169,92402;-1,23550;-0,29924
169,93400;-1,23567;-0,29946
169,94402;-1,23590;-0,29940
169,95402;-1,23607;-0,29961
169,96400;-1,23624;-0,29944
169,97402;-1,23641;-0,29965
169,98402;-1,23664;-0,29959
169,99400;-1,23681;-0,29975
170,00402;-1,23698;-0,29965
170,01400;-1,23709;-0,29976
170,02400;-1,23726;-0,29978
170,03402;-1,23743;-0,29976
170,04400;-1,23754;-0,30004
170,05400;-1,23771;-0,29980
170,06402;-1,23788;-0,30010
170,07400;-1,23805;-0,29994
170,08402;-1,23822;-0,30021
170,09402;-1,23839;-0,30003
170,10400;-1,23856;-0,30028
170,11402;-1,23873;-0,30015
170,12402;-1,23890;-0,30027
170,13400;-1,23907;-0,30036
170,14402;-1,23924;-0,30033
170,15400;-1,23941;-0,30044
170,16400;-1,23958;-0,30039
170,17402;-1,23975;-0,30064
170,18400;-1,23992;-0,30041
170,19402;-1,24004;-0,30075
170,20402;-1,24021;-0,30051
170,21400;-1,24038;-0,30069
170,22402;-1,24055;-0,30070
170,23402;-1,24072;-0,30088
170,24400;-1,24083;-0,30072
170,25402;-1,24100;-0,30087
170,26400;-1,24117;-0,30091
170,27400;-1,24134;-0,30090
170,28402;-1,24151;-0,30107
170,29400;-1,24168;-0,30095
170,30400;-1,24185;-0,30106
170,31402;-1,24202;-0,30108
170,32400;-1,24225;-0,30132
170,33402;-1,24242;-0,30117
170,34402;-1,24259;-0,30138
170,35400;-1,24276;-0,30122
170,36402;-1,24287;-0,30130
170,37402;-1,24304;-0,30131
170,38400;-1,24315;-0,30141
170,39402;-1,24332;-0,30152
170,40400;-1,24349;-0,30148
170,41400;-1,24366;-0,30161
170,42402;-1,24383;-0,30153
170,43400;-1,24400;-0,30187
170,44402;-1,24423;-0,30163
170,45402;-1,24440;-0,30175
170,46400;-1,24457;-0,30161
170,47402;-1,24474;-0,30186
170,48402;-1,24491;-0,30180
170,49400;-1,24502;-0,30193
170,50402;-1,24519;-0,30192
170,51400;-1,24536;-0,30192
170,52400;-1,24553;-0,30220
170,53402;-1,24570;-0,30202
170,54400;-1,24587;-0,30217
170,55400;-1,24599;-0,30199
170,56402;-1,24616;-0,30228
170,57400;-1,24633;-0,30221
170,58402;-1,24650;-0,30243
170,59402;-1,24667;-0,30228
170,60400;-1,24684;-0,30239
170,61402;-1,24701;-0,30251
170,62402;-1,24723;-0,30242
170,63400;-1,24740;-0,30253
170,64402;-1,24757;-0,30244
170,65400;-1,24774;-0,30270
170,66400;-1,24791;-0,30250
170,67402;-1,24803;-0,30284
170,68400;-1,24820;-0,30257
170,69402;-1,24837;-0,30274
170,70402;-1,24854;-0,30280
170,71400;-1,24871;-0,30283
170,72402;-1,24888;-0,30287
170,73402;-1,24905;-0,30285
170,74400;-1,24927;-0,30313
170,75402;-1,24944;-0,30290
170,76400;-1,24961;-0,30324
170,77400;-1,24978;-0,30300
170,78402;-1,24995;-0,30329
170,79400;-1,25012;-0,30307
170,80400;-1,25029;-0,30332
170,81402;-1,25046;-0,30329
170,82400;-1,25063;-0,30331
170,83402;-1,25075;-0,30341
170,84402;-1,25092;-0,30334
170,85400;-1,25103;-0,30357
170,86402;-1,25120;-0,30332
170,87402;-1,25137;-0,30371
170,88400;-1,25154;-0,30333
170,89402;-1,25165;-0,30372
170,90400;-1,25182;-0,30351
170,91400;-1,25199;-0,30372
170,92402;-1,25216;-0,30374
170,93400;-1,25233;-0,30372
170,94402;-1,25250;-0,30386
170,95402;-1,25267;-0,30369
170,96400;-1,25284;-0,30401
170,97402;-1,25301;-0,30367
170,98402;-1,25318;-0,30421
170,99400;-1,25335;-0,30380
171,00402;-1,25347;-0,30426
171,01400;-1,25364;-0,30402
171,02400;-1,25375;-0,30431
171,03402;-1,25392;-0,30405
171,04400;-1,25409;-0,30420
171,05400;-1,25426;-0,30433
171,06402;-1,25443;-0,30416
171,07400;-1,25460;-0,30456
171,08402;-1,25477;-0,30420
171,09402;-1,25494;-0,30465
171,10400;-1,25511;-0,30430
171,11402;-1,25528;-0,30468
171,12402;-1,25551;-0,30434
171,13400;-1,25562;-0,30472
171,14402;-1,25585;-0,30455
171,15400;-1,25596;-0,30470
171,16400;-1,25619;-0,30469
171,17402;-1,25636;-0,30467
171,18400;-1,25647;-0,30484
171,19402;-1,25664;-0,30467
171,20402;-1,25681;-0,30507
171,21400;-1,25698;-0,30463
171,22402;-1,25715;-0,30513
171,23402;-1,25732;-0,30484
171,24400;-1,25749;-0,30517
171,25402;-1,25766;-0,30500
171,26400;-1,25783;-0,30521
171,27400;-1,25800;-0,30504
171,28402;-1,25823;-0,30527
171,29400;-1,25840;-0,30528
171,30400;-1,25857;-0,30517
171,31402;-1,25868;-0,30541
171,32400;-1,25885;-0,30520
171,33402;-1,25902;-0,30556
171,34402;-1,25919;-0,30531
171,35400;-1,25936;-0,30561
171,36402;-1,25953;-0,30543
171,37402;-1,25970;-0,30559
171,38400;-1,25987;-0,30555
171,39402;-1,26004;-0,30563
171,40400;-1,26021;-0,30558
171,41400;-1,26038;-0,30570
171,42402;-1,26061;-0,30578
171,43400;-1,26072;-0,30575
171,44402;-1,26089;-0,30589
171,45402;-1,26106;-0,30577
171,46400;-1,26123;-0,30593
171,47402;-1,26140;-0,30588
171,48402;-1,26157;-0,30602
171,49400;-1,26174;-0,30595
171,50402;-1,26185;-0,30606
171,51400;-1,26202;-0,30608
171,52400;-1,26219;-0,30613
171,53402;-1,26236;-0,30615
171,54400;-1,26253;-0,30617
171,55400;-1,26265;-0,30623
171,56402;-1,26282;-0,30616
171,57400;-1,26299;-0,30643
171,58402;-1,26316;-0,30625
171,59402;-1,26333;-0,30643
171,60400;-1,26350;-0,30636
171,61402;-1,26367;-0,30649
171,62402;-1,26384;-0,30647
171,63400;-1,26401;-0,30650
171,64402;-1,26418;-0,30647
171,65400;-1,26435;-0,30642
171,66400;-1,26446;-0,30658
171,67402;-1,26463;-0,30660
171,68400;-1,26480;-0,30678
171,69402;-1,26497;-0,30670
171,70402;-1,26514;-0,30694
171,71400;-1,26531;-0,30678
171,72402;-1,26548;-0,30690
171,73402;-1,26565;-0,30688
171,74400;-1,26582;-0,30689
171,75402;-1,26599;-0,30700
171,76400;-1,26616;-0,30692
171,77400;-1,26627;-0,30705
171,78402;-1,26644;-0,30688
171,79400;-1,26661;-0,30714
171,80400;-1,26678;-0,30708
171,81402;-1,26695;-0,30728
171,82400;-1,26712;-0,30719
171,83402;-1,26729;-0,30723
171,84402;-1,26741;-0,30722
171,85400;-1,26758;-0,30731
171,86402;-1,26775;-0,30732
171,87402;-1,26786;-0,30728
171,88400;-1,26809;-0,30756
171,89402;-1,26826;-0,30736
171,90400;-1,26843;-0,30766
171,91400;-1,26865;-0,30755
171,92402;-1,26882;-0,30768
171,93400;-1,26899;-0,30759
171,94402;-1,26916;-0,30773
171,95402;-1,26933;-0,30766
171,96400;-1,26950;-0,30771
171,97402;-1,26962;-0,30776
171,98402;-1,26979;-0,30764
171,99400;-1,26996;-0,30790
172,00402;-1,27013;-0,30784
172,01400;-1,27030;-0,30806
172,02400;-1,27052;-0,30790
172,03402;-1,27069;-0,30810
172,04400;-1,27086;-0,30797
172,05400;-1,27103;-0,30813
172,06402;-1,27120;-0,30816
172,07400;-1,27137;-0,30811
172,08402;-1,27154;-0,30824
172,09402;-1,27171;-0,30821
172,10400;-1,27188;-0,30842
172,11402;-1,27205;-0,30825
172,12402;-1,27222;-0,30846
172,13400;-1,27239;-0,30828
172,14402;-1,27256;-0,30853
172,15400;-1,27268;-0,30841
172,16400;-1,27285;-0,30852
172,17402;-1,27302;-0,30838
172,18400;-1,27313;-0,30857
172,19402;-1,27330;-0,30867
172,20402;-1,27347;-0,30852
172,21400;-1,27364;-0,30879
172,22402;-1,27381;-0,30857
172,23402;-1,27398;-0,30877
172,24400;-1,27415;-0,30868
172,25402;-1,27432;-0,30877
172,26400;-1,27449;-0,30862
172,27400;-1,27466;-0,30898
172,28402;-1,27483;-0,30882
172,29400;-1,27500;-0,30897
172,30400;-1,27511;-0,30899
172,31402;-1,27528;-0,30894
172,32400;-1,27540;-0,30906
172,33402;-1,27557;-0,30913
172,34402;-1,27574;-0,30912
172,35400;-1,27591;-0,30910
172,36402;-1,27613;-0,30927
172,37402;-1,27630;-0,30915
172,38400;-1,27647;-0,30931
172,39402;-1,27664;-0,30921
172,40400;-1,27681;-0,30935
172,41400;-1,27698;-0,30927
172,42402;-1,27715;-0,30946
172,43400;-1,27732;-0,30938
172,44402;-1,27749;-0,30943
172,45402;-1,27766;-0,30944
172,46400;-1,27783;-0,30949
172,47402;-1,27800;-0,30954
172,48402;-1,27817;-0,30957
172,49400;-1,27834;-0,30968
172,50402;-1,27851;-0,30948
172,51400;-1,27868;-0,30975
172,52400;-1,27880;-0,30963
172,53402;-1,27897;-0,30977
172,54400;-1,27914;-0,30975
172,55400;-1,27931;-0,30986
172,56402;-1,27953;-0,30973
172,57400;-1,27970;-0,30985
172,58402;-1,27987;-0,30990
172,59402;-1,28004;-0,30978
172,60400;-1,28021;-0,31004
172,61402;-1,28038;-0,30989
172,62402;-1,28050;-0,31009
172,63400;-1,28067;-0,30995
172,64402;-1,28084;-0,31017
172,65400;-1,28101;-0,30998
172,66400;-1,28118;-0,31017
172,67402;-1,28135;-0,31022
172,68400;-1,28152;-0,31021
172,69402;-1,28169;-0,31038
172,70402;-1,28186;-0,31017
172,71400;-1,28203;-0,31038
172,72402;-1,28220;-0,31031
172,73402;-1,28237;-0,31042
172,74400;-1,28254;-0,31030
172,75402;-1,28271;-0,31044
172,76400;-1,28288;-0,31041
172,77400;-1,28305;-0,31046
172,78402;-1,28322;-0,31058
172,79400;-1,28339;-0,31044
172,80400;-1,28350;-0,31065
172,81402;-1,28367;-0,31052
172,82400;-1,28384;-0,31067
172,83402;-1,28401;-0,31059
172,84402;-1,28418;-0,31066
172,85400;-1,28429;-0,31072
172,86402;-1,28446;-0,31074
172,87402;-1,28469;-0,31083
172,88400;-1,28480;-0,31071
172,89402;-1,28503;-0,31088
172,90400;-1,28520;-0,31090
172,91400;-1,28537;-0,31103
172,92402;-1,28554;-0,31084
172,93400;-1,28565;-0,31101
172,94402;-1,28582;-0,31090
172,95402;-1,28599;-0,31097
172,96400;-1,28611;-0,31115
172,97402;-1,28628;-0,31096
172,98402;-1,28645;-0,31114
172,99400;-1,28662;-0,31118
173,00402;-1,28679;-0,31126
173,01400;-1,28696;-0,31119
173,02400;-1,28713;-0,31135
173,03402;-1,28730;-0,31121
173,04400;-1,28747;-0,31138
173,05400;-1,28764;-0,31139
173,06402;-1,28781;-0,31126
173,07400;-1,28798;-0,31142
173,08402;-1,28815;-0,31135
173,09402;-1,28832;-0,31152
173,10400;-1,28849;-0,31149
173,11402;-1,28866;-0,31159
173,12402;-1,28877;-0,31149
173,13400;-1,28894;-0,31161
173,14402;-1,28911;-0,31164
173,15400;-1,28928;-0,31171
173,16400;-1,28939;-0,31170
173,17402;-1,28956;-0,31167
173,18400;-1,28973;-0,31175
173,19402;-1,28990;-0,31170
173,20402;-1,29013;-0,31191
173,21400;-1,29030;-0,31175
173,22402;-1,29047;-0,31187
173,23402;-1,29070;-0,31183
173,24400;-1,29087;-0,31190
173,25402;-1,29104;-0,31191
173,26400;-1,29121;-0,31182
173,27400;-1,29138;-0,31185
173,28402;-1,29149;-0,31196
173,29400;-1,29166;-0,31216
173,30400;-1,29189;-0,31201
173,31402;-1,29206;-0,31218
173,32400;-1,29223;-0,31210
173,33402;-1,29240;-0,31229
173,34402;-1,29257;-0,31226
173,35400;-1,29274;-0,31227
173,36402;-1,29291;-0,31217
173,37402;-1,29308;-0,31235
173,38400;-1,29325;-0,31234
173,39402;-1,29342;-0,31235
173,40400;-1,29359;-0,31242
173,41400;-1,29376;-0,31231
173,42402;-1,29387;-0,31256
173,43400;-1,29404;-0,31241
173,44402;-1,29421;-0,31253
173,45402;-1,29438;-0,31239
173,46400;-1,29455;-0,31258
173,47402;-1,29466;-0,31240
173,48402;-1,29483;-0,31267
173,49400;-1,29495;-0,31263
173,50402;-1,29512;-0,31256
173,51400;-1,29529;-0,31267
173,52400;-1,29546;-0,31259
173,53402;-1,29563;-0,31280
173,54400;-1,29580;-0,31265
173,55400;-1,29597;-0,31287
173,56402;-1,29614;-0,31262
173,57400;-1,29631;-0,31292
173,58402;-1,29648;-0,31271
173,59402;-1,29659;-0,31297
173,60400;-1,29676;-0,31277
173,61402;-1,29693;-0,31290
173,62402;-1,29704;-0,31299
173,63400;-1,29721;-0,31290
173,64402;-1,29744;-0,31305
173,65400;-1,29761;-0,31289
173,66400;-1,29778;-0,31310
173,67402;-1,29795;-0,31303
173,68400;-1,29812;-0,31321
173,69402;-1,29835;-0,31303
173,70402;-1,29852;-0,31319
173,71400;-1,29869;-0,31308
173,72402;-1,29886;-0,31327
173,73402;-1,29903;-0,31321
173,74400;-1,29920;-0,31321
173,75402;-1,29937;-0,31334
173,76400;-1,29954;-0,31327
173,77400;-1,29971;-0,31339
173,78402;-1,29988;-0,31333
173,79400;-1,29999;-0,31342
173,80400;-1,30016;-0,31343
173,81402;-1,30033;-0,31357
173,82400;-1,30050;-0,31345
173,83402;-1,30067;-0,31355
173,84402;-1,30084;-0,31358
173,85400;-1,30101;-0,31354
173,86402;-1,30118;-0,31368
173,87402;-1,30135;-0,31346
173,88400;-1,30152;-0,31364
173,89402;-1,30169;-0,31360
173,90400;-1,30186;-0,31373
173,91400;-1,30203;-0,31362
173,92402;-1,30220;-0,31372
173,93400;-1,30231;-0,31371
173,94402;-1,30248;-0,31376
173,95402;-1,30265;-0,31378
173,96400;-1,30282;-0,31381
173,97402;-1,30305;-0,31378
173,98402;-1,30322;-0,31385
173,99400;-1,30339;-0,31400
174,00402;-1,30356;-0,31387
174,01400;-1,30373;-0,31403
174,02400;-1,30390;-0,31400
174,03402;-1,30407;-0,31401
174,04400;-1,30424;-0,31407
174,05400;-1,30441;-0,31404
174,06402;-1,30458;-0,31410
174,07400;-1,30475;-0,31420
174,08402;-1,30492;-0,31425
174,09402;-1,30509;-0,31417
174,10400;-1,30520;-0,31435
174,11402;-1,30537;-0,31416
174,12402;-1,30554;-0,31434
174,13400;-1,30566;-0,31430
174,14402;-1,30583;-0,31435
174,15400;-1,30600;-0,31437
174,16400;-1,30617;-0,31441
174,17402;-1,30634;-0,31441
174,18400;-1,30651;-0,31440
174,19402;-1,30668;-0,31452
174,20402;-1,30685;-0,31440
174,21400;-1,30702;-0,31461
174,22402;-1,30719;-0,31436
174,23402;-1,30736;-0,31466
174,24400;-1,30747;-0,31446
174,25402;-1,30764;-0,31468
174,26400;-1,30775;-0,31457
174,27400;-1,30792;-0,31462
174,28402;-1,30809;-0,31464
174,29400;-1,30826;-0,31473
174,30400;-1,30843;-0,31475
174,31402;-1,30860;-0,31468
174,32400;-1,30877;-0,31491
174,33402;-1,30894;-0,31465
174,34402;-1,30911;-0,31495
174,35400;-1,30928;-0,31472
174,36402;-1,30945;-0,31493
174,37402;-1,30962;-0,31466
174,38400;-1,30979;-0,31501
174,39402;-1,30996;-0,31487
174,40400;-1,31013;-0,31493
174,41400;-1,31030;-0,31508
174,42402;-1,31042;-0,31502
174,43400;-1,31059;-0,31511
174,44402;-1,31076;-0,31502
174,45402;-1,31093;-0,31517
174,46400;-1,31104;-0,31490
174,47402;-1,31121;-0,31526
174,48402;-1,31138;-0,31500
174,49400;-1,31161;-0,31528
174,50402;-1,31178;-0,31520
174,51400;-1,31195;-0,31529
174,52400;-1,31217;-0,31530
174,53402;-1,31234;-0,31531
174,54400;-1,31251;-0,31528
174,55400;-1,31268;-0,31529
174,56402;-1,31285;-0,31540
174,57400;-1,31302;-0,31530
174,58402;-1,31319;-0,31552
174,59402;-1,31336;-0,31525
174,60400;-1,31353;-0,31558
174,61402;-1,31370;-0,31533
174,62402;-1,31387;-0,31561
174,63400;-1,31404;-0,31540
174,64402;-1,31421;-0,31552
174,65400;-1,31438;-0,31549
174,66400;-1,31455;-0,31565
174,67402;-1,31472;-0,31556
174,68400;-1,31489;-0,31567
174,69402;-1,31506;-0,31566
174,70402;-1,31523;-0,31563
174,71400;-1,31540;-0,31583
174,72402;-1,31557;-0,31559
174,73402;-1,31574;-0,31586
174,74400;-1,31586;-0,31567
174,75402;-1,31603;-0,31592
174,76400;-1,31620;-0,31578
174,77400;-1,31631;-0,31594
174,78402;-1,31648;-0,31581
174,79400;-1,31665;-0,31596
174,80400;-1,31682;-0,31592
174,81402;-1,31693;-0,31599
174,82400;-1,31710;-0,31590
174,83402;-1,31727;-0,31605
174,84402;-1,31744;-0,31602
174,85400;-1,31761;-0,31595
174,86402;-1,31784;-0,31615
174,87402;-1,31795;-0,31599
174,88400;-1,31812;-0,31616
174,89402;-1,31829;-0,31604
174,90400;-1,31841;-0,31618
174,91400;-1,31858;-0,31610
174,92402;-1,31875;-0,31630
174,93400;-1,31892;-0,31610
174,94402;-1,31909;-0,31637
174,95402;-1,31926;-0,31611
174,96400;-1,31943;-0,31639
174,97402;-1,31960;-0,31626
174,98402;-1,31982;-0,31628
174,99400;-1,31999;-0,31638
175,00402;-1,32016;-0,31639
175,01400;-1,32033;-0,31646
175,02400;-1,32050;-0,31643
175,03402;-1,32067;-0,31650
175,04400;-1,32084;-0,31636
175,05400;-1,32101;-0,31662
175,06402;-1,32118;-0,31639
175,07400;-1,32135;-0,31658
175,08402;-1,32152;-0,31652
175,09402;-1,32169;-0,31667
175,10400;-1,32181;-0,31655
175,11402;-1,32198;-0,31669
175,12402;-1,32215;-0,31665
175,13400;-1,32232;-0,31663
175,14402;-1,32249;-0,31680
175,15400;-1,32266;-0,31675
175,16400;-1,32283;-0,31681
175,17402;-1,32300;-0,31680
175,18400;-1,32317;-0,31701
175,19402;-1,32334;-0,31683
175,20402;-1,32351;-0,31696
175,21400;-1,32368;-0,31682
175,22402;-1,32379;-0,31691
175,23402;-1,32396;-0,31688
175,24400;-1,32413;-0,31701
175,25402;-1,32430;-0,31705
175,26400;-1,32447;-0,31692
175,27400;-1,32464;-0,31716
175,28402;-1,32481;-0,31702
175,29400;-1,32498;-0,31715
175,30400;-1,32515;-0,31706
175,31402;-1,32532;-0,31712
175,32400;-1,32549;-0,31701
175,33402;-1,32566;-0,31733
175,34402;-1,32583;-0,31715
175,35400;-1,32600;-0,31721
175,36402;-1,32617;-0,31721
175,37402;-1,32628;-0,31720
175,38400;-1,32645;-0,31730
175,39402;-1,32662;-0,31726
175,40400;-1,32679;-0,31732
175,41400;-1,32691;-0,31722
175,42402;-1,32708;-0,31756
175,43400;-1,32725;-0,31731
175,44402;-1,32742;-0,31763
175,45402;-1,32759;-0,31728
175,46400;-1,32776;-0,31759
175,47402;-1,32793;-0,31740
175,48402;-1,32810;-0,31753
175,49400;-1,32827;-0,31747
175,50402;-1,32849;-0,31750
175,51400;-1,32861;-0,31764
175,52400;-1,32878;-0,31754
175,53402;-1,32895;-0,31776
175,54400;-1,32906;-0,31743
175,55400;-1,32923;-0,31781
175,56402;-1,32940;-0,31750
175,57400;-1,32957;-0,31781
175,58402;-1,32980;-0,31758
175,59402;-1,32991;-0,31789
175,60400;-1,33014;-0,31774
175,61402;-1,33031;-0,31781
175,62402;-1,33048;-0,31787
175,63400;-1,33065;-0,31774
175,64402;-1,33082;-0,31789
175,65400;-1,33099;-0,31773
175,66400;-1,33116;-0,31796
175,67402;-1,33133;-0,31773
175,68400;-1,33150;-0,31809
175,69402;-1,33167;-0,31783
175,70402;-1,33184;-0,31805
175,71400;-1,33195;-0,31795
175,72402;-1,33212;-0,31808
175,73402;-1,33229;-0,31791
175,74400;-1,33240;-0,31791
175,75402;-1,33257;-0,31808
175,76400;-1,33274;-0,31798
175,77400;-1,33291;-0,31822
175,78402;-1,33308;-0,31812
175,79400;-1,33325;-0,31820
175,80400;-1,33348;-0,31817
175,81402;-1,33365;-0,31827
175,82400;-1,33382;-0,31810
175,83402;-1,33399;-0,31822
175,84402;-1,33422;-0,31824
175,85400;-1,33439;-0,31831
175,86402;-1,33456;-0,31834
175,87402;-1,33473;-0,31824
175,88400;-1,33484;-0,31837
175,89402;-1,33501;-0,31831
175,90400;-1,33518;-0,31845
175,91400;-1,33535;-0,31833
175,92402;-1,33552;-0,31842
175,93400;-1,33569;-0,31839
175,94402;-1,33586;-0,31855
175,95402;-1,33603;-0,31852
175,96400;-1,33626;-0,31854
175,97402;-1,33643;-0,31848
175,98402;-1,33660;-0,31847
175,99400;-1,33671;-0,31852
176,00402;-1,33688;-0,31848
176,01400;-1,33705;-0,31860
176,02400;-1,33722;-0,31857
176,03402;-1,33739;-0,31857
176,04400;-1,33756;-0,31877
176,05400;-1,33767;-0,31866
176,06402;-1,33784;-0,31856
176,07400;-1,33801;-0,31871
176,08402;-1,33818;-0,31860
176,09402;-1,33830;-0,31870
176,10400;-1,33847;-0,31882
176,11402;-1,33864;-0,31873
176,12402;-1,33881;-0,31876
176,13400;-1,33898;-0,31883
176,14402;-1,33915;-0,31879
176,15400;-1,33932;-0,31882
176,16400;-1,33949;-0,31877
176,17402;-1,33960;-0,31883
176,18400;-1,33977;-0,31884
176,19402;-1,33994;-0,31884
176,20402;-1,34005;-0,31888
176,21400;-1,34022;-0,31888
176,22402;-1,34039;-0,31900
176,23402;-1,34056;-0,31899
176,24400;-1,34079;-0,31901
176,25402;-1,34096;-0,31895
176,26400;-1,34113;-0,31896
176,27400;-1,34130;-0,31897
176,28402;-1,34147;-0,31911
176,29400;-1,34170;-0,31911
176,30400;-1,34187;-0,31906
176,31402;-1,34204;-0,31910
176,32400;-1,34221;-0,31910
176,33402;-1,34238;-0,31909
176,34402;-1,34255;-0,31911
176,35400;-1,34272;-0,31913
176,36402;-1,34289;-0,31918
176,37402;-1,34306;-0,31925
176,38400;-1,34317;-0,31924
176,39402;-1,34334;-0,31926
176,40400;-1,34345;-0,31919
176,41400;-1,34362;-0,31925
176,42402;-1,34379;-0,31925
176,43400;-1,34396;-0,31937
176,44402;-1,34413;-0,31927
176,45402;-1,34430;-0,31940
176,46400;-1,34447;-0,31932
176,47402;-1,34464;-0,31940
176,48402;-1,34481;-0,31930
176,49400;-1,34498;-0,31947
176,50402;-1,34515;-0,31933
176,51400;-1,34532;-0,31941
176,52400;-1,34549;-0,31950
176,53402;-1,34566;-0,31941
176,54400;-1,34583;-0,31959
176,55400;-1,34600;-0,31947
176,56402;-1,34612;-0,31963
176,57400;-1,34629;-0,31938
176,58402;-1,34646;-0,31967
176,59402;-1,34663;-0,31951
176,60400;-1,34680;-0,31960
176,61402;-1,34697;-0,31958
176,62402;-1,34714;-0,31968
176,63400;-1,34736;-0,31967
176,64402;-1,34748;-0,31972
176,65400;-1,34770;-0,31974
176,66400;-1,34787;-0,31952
176,67402;-1,34804;-0,31985
176,68400;-1,34821;-0,31960
176,69402;-1,34838;-0,31983
176,70402;-1,34855;-0,31977
176,71400;-1,34867;-0,31985
176,72402;-1,34884;-0,31974
176,73402;-1,34901;-0,31993
176,74400;-1,34918;-0,31968
176,75402;-1,34935;-0,31982
176,76400;-1,34946;-0,31982
176,77400;-1,34963;-0,31976
176,78402;-1,34986;-0,31994
176,79400;-1,34997;-0,31984
176,80400;-1,35014;-0,32000
176,81402;-1,35031;-0,31989
176,82400;-1,35048;-0,32002
176,83402;-1,35065;-0,31983
176,84402;-1,35076;-0,32001
176,85400;-1,35088;-0,31982
176,86402;-1,35105;-0,32012
176,87402;-1,35122;-0,31989
176,88400;-1,35139;-0,32017
176,89402;-1,35156;-0,32005
176,90400;-1,35173;-0,32009
176,91400;-1,35190;-0,32008
176,92402;-1,35212;-0,32002
176,93400;-1,35229;-0,32016
176,94402;-1,35246;-0,32013
176,95402;-1,35263;-0,32018
176,96400;-1,35280;-0,32006
176,97402;-1,35297;-0,32027
176,98402;-1,35314;-0,32007
176,99400;-1,35331;-0,32036
177,00402;-1,35348;-0,32016
177,01400;-1,35365;-0,32017
177,02400;-1,35377;-0,32022
177,03402;-1,35394;-0,32030
177,04400;-1,35411;-0,32031
177,05400;-1,35422;-0,32033
177,06402;-1,35439;-0,32039
177,07400;-1,35456;-0,32023
177,08402;-1,35473;-0,32042
177,09402;-1,35490;-0,32036
177,10400;-1,35513;-0,32035
177,11402;-1,35530;-0,32037
177,12402;-1,35552;-0,32050
177,13400;-1,35569;-0,32048
177,14402;-1,35586;-0,32051
177,15400;-1,35603;-0,32059
177,16400;-1,35620;-0,32033
177,17402;-1,35637;-0,32049
177,18400;-1,35654;-0,32053
177,19402;-1,35671;-0,32046
177,20402;-1,35688;-0,32055
177,21400;-1,35705;-0,32062
177,22402;-1,35722;-0,32069
177,23402;-1,35739;-0,32068
177,24400;-1,35756;-0,32074
177,25402;-1,35773;-0,32055
177,26400;-1,35790;-0,32074
177,27400;-1,35807;-0,32056
177,28402;-1,35824;-0,32072
177,29400;-1,35841;-0,32064
177,30400;-1,35858;-0,32070
177,31402;-1,35870;-0,32077
177,32400;-1,35887;-0,32079
177,33402;-1,35904;-0,32074
177,34402;-1,35921;-0,32076
177,35400;-1,35932;-0,32082
177,36402;-1,35949;-0,32066
177,37402;-1,35966;-0,32085
177,38400;-1,35983;-0,32070
177,39402;-1,36000;-0,32090
177,40400;-1,36011;-0,32076
177,41400;-1,36028;-0,32090
177,42402;-1,36045;-0,32089
177,43400;-1,36062;-0,32096
177,44402;-1,36079;-0,32090
177,45402;-1,36096;-0,32087
177,46400;-1,36113;-0,32101
177,47402;-1,36130;-0,32091
177,48402;-1,36147;-0,32102
177,49400;-1,36159;-0,32090
177,50402;-1,36176;-0,32102
177,51400;-1,36187;-0,32098
177,52400;-1,36204;-0,32113
177,53402;-1,36227;-0,32110
177,54400;-1,36244;-0,32107
177,55400;-1,36261;-0,32109
177,56402;-1,36278;-0,32118
177,57400;-1,36300;-0,32114
177,58402;-1,36317;-0,32108
177,59402;-1,36334;-0,32115
177,60400;-1,36351;-0,32103
177,61402;-1,36368;-0,32122
177,62402;-1,36385;-0,32117
177,63400;-1,36402;-0,32124
177,64402;-1,36419;-0,32119
177,65400;-1,36436;-0,32135
177,66400;-1,36453;-0,32124
177,67402;-1,36470;-0,32132
177,68400;-1,36482;-0,32113
177,69402;-1,36499;-0,32137
177,70402;-1,36516;-0,32117
177,71400;-1,36527;-0,32137
177,72402;-1,36544;-0,32137
177,73402;-1,36561;-0,32126
177,74400;-1,36578;-0,32138
177,75402;-1,36595;-0,32155
177,76400;-1,36612;-0,32140
177,77400;-1,36635;-0,32147
177,78402;-1,36652;-0,32138
177,79400;-1,36669;-0,32118
177,80400;-1,36686;-0,32154
177,81402;-1,36703;-0,32139
177,82400;-1,36714;-0,32150
177,83402;-1,36731;-0,32144
177,84402;-1,36748;-0,32142
177,85400;-1,36765;-0,32161
177,86402;-1,36776;-0,32135
177,87402;-1,36793;-0,32164
177,88400;-1,36816;-0,32161
177,89402;-1,36833;-0,32151
177,90400;-1,36850;-0,32172
177,91400;-1,36867;-0,32169
177,92402;-1,36884;-0,32147
177,93400;-1,36901;-0,32178
177,94402;-1,36918;-0,32155
177,95402;-1,36935;-0,32158
177,96400;-1,36952;-0,32176
177,97402;-1,36969;-0,32154
177,98402;-1,36986;-0,32178
177,99400;-1,36997;-0,32173
178,00402;-1,37014;-0,32185
178,01400;-1,37031;-0,32182
178,02400;-1,37048;-0,32184
178,03402;-1,37065;-0,32182
178,04400;-1,37077;-0,32191
178,05400;-1,37094;-0,32170
178,06402;-1,37111;-0,32188
178,07400;-1,37128;-0,32182
178,08402;-1,37145;-0,32180
178,09402;-1,37162;-0,32198
178,10400;-1,37184;-0,32175
178,11402;-1,37201;-0,32196
178,12402;-1,37213;-0,32183
178,13400;-1,37230;-0,32189
178,14402;-1,37241;-0,32196
178,15400;-1,37252;-0,32194
178,16400;-1,37275;-0,32195
178,17402;-1,37286;-0,32211
178,18400;-1,37309;-0,32199
178,19402;-1,37326;-0,32202
178,20402;-1,37343;-0,32208
178,21400;-1,37360;-0,32199
178,22402;-1,37383;-0,32216
178,23402;-1,37400;-0,32211
178,24400;-1,37417;-0,32202
178,25402;-1,37434;-0,32206
178,26400;-1,37451;-0,32222
178,27400;-1,37468;-0,32206
178,28402;-1,37485;-0,32215
178,29400;-1,37502;-0,32205
178,30400;-1,37519;-0,32214
178,31402;-1,37536;-0,32217
178,32400;-1,37547;-0,32223
178,33402;-1,37564;-0,32215
178,34402;-1,37581;-0,32216
178,35400;-1,37592;-0,32221
178,36402;-1,37609;-0,32218
178,37402;-1,37626;-0,32230
178,38400;-1,37643;-0,32215
178,39402;-1,37660;-0,32239
178,40400;-1,37683;-0,32217
178,41400;-1,37700;-0,32256
178,42402;-1,37717;-0,32228
178,43400;-1,37740;-0,32241
178,44402;-1,37757;-0,32225
178,45402;-1,37774;-0,32234
178,46400;-1,37791;-0,32229
178,47402;-1,37808;-0,32235
178,48402;-1,37819;-0,32229
178,49400;-1,37836;-0,32226
178,50402;-1,37853;-0,32256
178,51400;-1,37870;-0,32233
178,52400;-1,37887;-0,32263
178,53402;-1,37904;-0,32235
178,54400;-1,37921;-0,32249
178,55400;-1,37938;-0,32244
178,56402;-1,37955;-0,32256
178,57400;-1,37972;-0,32246
178,58402;-1,37989;-0,32247
178,59402;-1,38006;-0,32252
178,60400;-1,38023;-0,32251
178,61402;-1,38034;-0,32260
178,62402;-1,38051;-0,32244
178,63400;-1,38068;-0,32257
178,64402;-1,38085;-0,32244
178,65400;-1,38102;-0,32272
178,66400;-1,38114;-0,32253
178,67402;-1,38131;-0,32265
178,68400;-1,38148;-0,32255
178,69402;-1,38159;-0,32268
178,70402;-1,38176;-0,32261
178,71400;-1,38193;-0,32268
178,72402;-1,38210;-0,32255
178,73402;-1,38227;-0,32269
178,74400;-1,38244;-0,32277
178,75402;-1,38261;-0,32270
178,76400;-1,38278;-0,32293
178,77400;-1,38295;-0,32259
178,78402;-1,38306;-0,32273
178,79400;-1,38323;-0,32267
178,80402;-1,38335;-0,32276
178,81402;-1,38352;-0,32257
178,82400;-1,38369;-0,32283
178,83402;-1,38391;-0,32269
178,84402;-1,38408;-0,32290
178,85400;-1,38425;-0,32297
178,86402;-1,38448;-0,32279
178,87402;-1,38465;-0,32294
178,88400;-1,38482;-0,32276
178,89402;-1,38499;-0,32294
178,90400;-1,38516;-0,32277
178,91400;-1,38539;-0,32293
178,92402;-1,38556;-0,32269
178,93400;-1,38573;-0,32295
178,94402;-1,38584;-0,32292
178,95402;-1,38601;-0,32291
178,96400;-1,38618;-0,32294
178,97402;-1,38629;-0,32285
178,98402;-1,38646;-0,32296
178,99400;-1,38663;-0,32293
179,00402;-1,38675;-0,32318
179,01400;-1,38697;-0,32289
179,02400;-1,38714;-0,32320
179,03402;-1,38731;-0,32302
179,04400;-1,38748;-0,32314
179,05402;-1,38765;-0,32305
179,06402;-1,38788;-0,32302
179,07400;-1,38805;-0,32305
179,08402;-1,38822;-0,32301
179,09402;-1,38839;-0,32316
179,10400;-1,38856;-0,32300
179,11402;-1,38867;-0,32321
179,12402;-1,38884;-0,32300
179,13400;-1,38901;-0,32314
179,14402;-1,38918;-0,32317
179,15400;-1,38935;-0,32318
179,16400;-1,38952;-0,32318
179,17402;-1,38969;-0,32321
179,18400;-1,38986;-0,32324
179,19402;-1,39003;-0,32312
179,20402;-1,39020;-0,32345
179,21400;-1,39037;-0,32310
179,22402;-1,39054;-0,32334
179,23402;-1,39071;-0,32325
179,24400;-1,39088;-0,32340
179,25402;-1,39105;-0,32327
179,26400;-1,39122;-0,32334
179,27400;-1,39139;-0,32328
179,28402;-1,39156;-0,32331
179,29400;-1,39173;-0,32346
179,30402;-1,39190;-0,32331
179,31402;-1,39202;-0,32331
179,32400;-1,39219;-0,32335
179,33402;-1,39236;-0,32341
179,34402;-1,39253;-0,32332
179,35400;-1,39264;-0,32345
179,36402;-1,39281;-0,32334
179,37402;-1,39298;-0,32331
179,38400;-1,39315;-0,32342
179,39402;-1,39332;-0,32334
179,40400;-1,39349;-0,32347
179,41400;-1,39366;-0,32340
179,42402;-1,39383;-0,32351
179,43400;-1,39400;-0,32338
179,44402;-1,39411;-0,32354
179,45402;-1,39428;-0,32340
179,46400;-1,39440;-0,32354
179,47402;-1,39457;-0,32339
179,48402;-1,39474;-0,32353
179,49400;-1,39491;-0,32345
179,50402;-1,39513;-0,32355
179,51400;-1,39530;-0,32357
179,52400;-1,39547;-0,32351
179,53402;-1,39564;-0,32363
179,54400;-1,39581;-0,32346
179,55402;-1,39598;-0,32362
179,56402;-1,39615;-0,32351
179,57400;-1,39632;-0,32359
179,58402;-1,39649;-0,32338
179,59402;-1,39666;-0,32374
179,60400;-1,39683;-0,32344
179,61402;-1,39700;-0,32377
179,62402;-1,39712;-0,32355
179,63400;-1,39729;-0,32371
179,64402;-1,39746;-0,32362
179,65400;-1,39763;-0,32370
179,66400;-1,39780;-0,32373
179,67402;-1,39797;-0,32360
179,68400;-1,39814;-0,32384
179,69402;-1,39831;-0,32358
179,70402;-1,39853;-0,32393
179,71400;-1,39870;-0,32359
179,72402;-1,39887;-0,32387
179,73402;-1,39904;-0,32370
179,74400;-1,39921;-0,32389
179,75402;-1,39938;-0,32374
179,76400;-1,39955;-0,32381
179,77400;-1,39972;-0,32385
179,78402;-1,39989;-0,32371
179,79400;-1,40006;-0,32399
179,80402;-1,40018;-0,32368
179,81402;-1,40040;-0,32398
179,82400;-1,40057;-0,32376
179,83402;-1,40069;-0,32405
179,84402;-1,40086;-0,32369
179,85400;-1,40103;-0,32407
179,86402;-1,40120;-0,32382
179,87402;-1,40137;-0,32384
179,88400;-1,40154;-0,32405
179,89402;-1,40171;-0,32388
179,90400;-1,40188;-0,32394
179,91400;-1,40205;-0,32391
179,92402;-1,40222;-0,32402
179,93400;-1,40239;-0,32379
179,94402;-1,40256;-0,32415
179,95402;-1,40267;-0,32374
179,96400;-1,40284;-0,32402
179,97402;-1,40301;-0,32394
179,98402;-1,40312;-0,32405
179,99400;-1,40329;-0,32403
180,00402;-1,40346;-0,32399
180,01400;-1,40363;-0,32404
180,02400;-1,40380;-0,32393
180,03402;-1,40397;-0,32410
180,04400;-1,40414;-0,32393
180,05402;-1,40431;-0,32412
180,06402;-1,40448;-0,32389
180,07400;-1,40465;-0,32417
180,08402;-1,40477;-0,32387
180,09402;-1,40494;-0,32418
180,10400;-1,40505;-0,32409
180,11402;-1,40522;-0,32399
180,12402;-1,40539;-0,32419
180,13400;-1,40562;-0,32407
180,14402;-1,40579;-0,32409
180,15400;-1,40596;-0,32407
180,16400;-1,40618;-0,32410
180,17402;-1,40635;-0,32398
180,18400;-1,40652;-0,32424
180,19402;-1,40669;-0,32409
180,20402;-1,40686;-0,32420
180,21400;-1,40703;-0,32401
180,22402;-1,40720;-0,32415
180,23402;-1,40737;-0,32420
180,24400;-1,40754;-0,32413
180,25402;-1,40771;-0,32423
180,26400;-1,40788;-0,32412
180,27400;-1,40800;-0,32421
180,28402;-1,40817;-0,32425
180,29400;-1,40834;-0,32424
180,30402;-1,40851;-0,32407
180,31402;-1,40868;-0,32421
180,32400;-1,40879;-0,32425
180,33402;-1,40902;-0,32430
180,34402;-1,40919;-0,32446
180,35400;-1,40936;-0,32422
180,36402;-1,40953;-0,32435
180,37402;-1,40970;-0,32431
180,38400;-1,40987;-0,32433
180,39402;-1,41004;-0,32420
180,40400;-1,41015;-0,32433
180,41400;-1,41038;-0,32419
180,42402;-1,41049;-0,32446
180,43400;-1,41066;-0,32441
180,44402;-1,41083;-0,32438
180,45402;-1,41100;-0,32451
180,46400;-1,41117;-0,32433
180,47402;-1,41134;-0,32449
180,48402;-1,41151;-0,32426
180,49400;-1,41174;-0,32454
180,50402;-1,41191;-0,32434
180,51400;-1,41208;-0,32455
180,52400;-1,41225;-0,32440
180,53402;-1,41242;-0,32458
180,54400;-1,41259;-0,32442
180,55402;-1,41276;-0,32453
180,56402;-1,41293;-0,32451
180,57400;-1,41310;-0,32444
180,58402;-1,41327;-0,32466
180,59402;-1,41338;-0,32454
180,60400;-1,41355;-0,32468
180,61402;-1,41372;-0,32447
180,62402;-1,41389;-0,32463
180,63400;-1,41400;-0,32449
180,64402;-1,41417;-0,32469
180,65400;-1,41434;-0,32455
180,66400;-1,41451;-0,32459
180,67402;-1,41468;-0,32459
180,68400;-1,41480;-0,32460
180,69402;-1,41502;-0,32466
180,70402;-1,41519;-0,32472
180,71400;-1,41531;-0,32469
180,72402;-1,41542;-0,32465
180,73402;-1,41559;-0,32470
180,74400;-1,41576;-0,32461
180,75402;-1,41587;-0,32471
180,76400;-1,41604;-0,32468
180,77400;-1,41621;-0,32480
180,78402;-1,41644;-0,32482
180,79400;-1,41661;-0,32478
180,80402;-1,41678;-0,32480
180,81402;-1,41695;-0,32472
180,82400;-1,41712;-0,32473
180,83402;-1,41735;-0,32478
180,84402;-1,41752;-0,32489
180,85400;-1,41769;-0,32479
180,86402;-1,41786;-0,32492
180,87402;-1,41803;-0,32477
180,88400;-1,41820;-0,32483
180,89402;-1,41837;-0,32490
180,90400;-1,41854;-0,32488
180,91400;-1,41865;-0,32484
180,92402;-1,41882;-0,32485
180,93400;-1,41899;-0,32493
180,94402;-1,41916;-0,32490
180,95402;-1,41933;-0,32498
180,96400;-1,41944;-0,32495
180,97402;-1,41967;-0,32488
180,98402;-1,41984;-0,32500
180,99400;-1,42001;-0,32494
181,00402;-1,42018;-0,32490
181,01400;-1,42035;-0,32481
181,02400;-1,42052;-0,32490
181,03402;-1,42069;-0,32490
181,04400;-1,42086;-0,32493
181,05402;-1,42103;-0,32492
181,06402;-1,42120;-0,32482
181,07400;-1,42137;-0,32503
181,08402;-1,42154;-0,32490
181,09402;-1,42171;-0,32502
181,10400;-1,42188;-0,32492
181,11402;-1,42205;-0,32502
181,12402;-1,42222;-0,32494
181,13400;-1,42239;-0,32493
181,14402;-1,42256;-0,32499
181,15400;-1,42273;-0,32488
181,16400;-1,42290;-0,32504
181,17402;-1,42307;-0,32496
181,18400;-1,42324;-0,32500
181,19402;-1,42341;-0,32489
181,20402;-1,42352;-0,32502
181,21400;-1,42369;-0,32489
181,22402;-1,42386;-0,32505
181,23402;-1,42403;-0,32499
181,24400;-1,42420;-0,32503
181,25402;-1,42437;-0,32495
181,26400;-1,42449;-0,32502
181,27400;-1,42466;-0,32499
181,28402;-1,42477;-0,32494
181,29400;-1,42494;-0,32505
181,30402;-1,42511;-0,32498
181,31402;-1,42528;-0,32505
181,32400;-1,42545;-0,32507
181,33402;-1,42562;-0,32505
181,34402;-1,42579;-0,32491
181,35400;-1,42596;-0,32507
181,36402;-1,42613;-0,32493
181,37402;-1,42624;-0,32505
181,38400;-1,42641;-0,32502
181,39402;-1,42653;-0,32503
181,40400;-1,42670;-0,32511
181,41400;-1,42692;-0,32512
181,42402;-1,42709;-0,32512
181,43400;-1,42726;-0,32503
181,44402;-1,42749;-0,32507
181,45402;-1,42766;-0,32503
181,46400;-1,42783;-0,32510
181,47402;-1,42800;-0,32499
181,48402;-1,42817;-0,32510
181,49400;-1,42840;-0,32500
181,50402;-1,42851;-0,32515
181,51400;-1,42874;-0,32508
181,52400;-1,42891;-0,32505
181,53402;-1,42902;-0,32518
181,54400;-1,42919;-0,32508
181,55402;-1,42936;-0,32523
181,56402;-1,42947;-0,32508
181,57400;-1,42964;-0,32527
181,58402;-1,42981;-0,32507
181,59402;-1,42993;-0,32530
181,60400;-1,43010;-0,32516
181,61402;-1,43032;-0,32524
181,62402;-1,43049;-0,32525
181,63400;-1,43066;-0,32518
181,64402;-1,43083;-0,32523
181,65400;-1,43100;-0,32520
181,66400;-1,43123;-0,32534
181,67402;-1,43134;-0,32504
181,68400;-1,43151;-0,32536
181,69402;-1,43168;-0,32517
181,70402;-1,43185;-0,32533
181,71400;-1,43202;-0,32534
181,72402;-1,43219;-0,32535
181,73402;-1,43236;-0,32529
181,74400;-1,43253;-0,32536
181,75402;-1,43270;-0,32539
181,76400;-1,43287;-0,32526
181,77400;-1,43304;-0,32538
181,78402;-1,43321;-0,32517
181,79400;-1,43338;-0,32534
181,80402;-1,43355;-0,32539
181,81402;-1,43372;-0,32531
181,82400;-1,43389;-0,32528
181,83402;-1,43406;-0,32537
181,84402;-1,43423;-0,32535
181,85400;-1,43440;-0,32542
181,86402;-1,43457;-0,32538
181,87402;-1,43474;-0,32539
181,88400;-1,43491;-0,32541
181,89402;-1,43503;-0,32545
181,90400;-1,43520;-0,32537
181,91400;-1,43531;-0,32535
181,92402;-1,43548;-0,32539
181,93400;-1,43565;-0,32536
181,94402;-1,43582;-0,32548
181,95402;-1,43599;-0,32539
181,96400;-1,43616;-0,32547
181,97402;-1,43627;-0,32533
181,98402;-1,43644;-0,32561
181,99400;-1,43661;-0,32532
182,00402;-1,43678;-0,32560
182,01400;-1,43695;-0,32535
182,02400;-1,43707;-0,32535
182,03402;-1,43724;-0,32546
182,04400;-1,43735;-0,32542
182,05402;-1,43752;-0,32551
182,06402;-1,43769;-0,32548
182,07400;-1,43792;-0,32566
182,08402;-1,43809;-0,32541
182,09402;-1,43826;-0,32571
182,10400;-1,43843;-0,32527
182,11402;-1,43860;-0,32560
182,12402;-1,43882;-0,32543
182,13400;-1,43899;-0,32556
182,14402;-1,43916;-0,32551
182,15400;-1,43933;-0,32549
182,16400;-1,43950;-0,32559
182,17402;-1,43962;-0,32539
182,18400;-1,43979;-0,32566
182,19402;-1,43996;-0,32537
182,20402;-1,44007;-0,32567
182,21400;-1,44030;-0,32537
182,22402;-1,44041;-0,32571
182,23402;-1,44058;-0,32539
182,24400;-1,44075;-0,32567
182,25402;-1,44092;-0,32557
182,26400;-1,44109;-0,32558
182,27400;-1,44132;-0,32564
182,28402;-1,44149;-0,32550
182,29400;-1,44166;-0,32577
182,30402;-1,44188;-0,32548
182,31402;-1,44205;-0,32570
182,32400;-1,44217;-0,32547
182,33402;-1,44234;-0,32571
182,34402;-1,44251;-0,32549
182,35400;-1,44268;-0,32575
182,36402;-1,44285;-0,32542
182,37402;-1,44302;-0,32566
182,38400;-1,44324;-0,32576
182,39402;-1,44341;-0,32569
182,40400;-1,44358;-0,32573
182,41400;-1,44375;-0,32556
182,42402;-1,44392;-0,32574
182,43400;-1,44409;-0,32557
182,44402;-1,44421;-0,32571
182,45402;-1,44438;-0,32546
182,46400;-1,44455;-0,32582
182,47402;-1,44472;-0,32549
182,48402;-1,44489;-0,32584
182,49400;-1,44506;-0,32558
182,50402;-1,44523;-0,32563
182,51400;-1,44540;-0,32561
182,52400;-1,44551;-0,32566
182,53402;-1,44568;-0,32570
182,54400;-1,44585;-0,32554
182,55402;-1,44596;-0,32581
182,56402;-1,44613;-0,32556
182,57400;-1,44630;-0,32582
182,58402;-1,44642;-0,32543
182,59402;-1,44659;-0,32591
182,60400;-1,44676;-0,32550
182,61402;-1,44693;-0,32594
182,62402;-1,44710;-0,32558
182,63400;-1,44727;-0,32569
182,64402;-1,44744;-0,32570
182,65400;-1,44766;-0,32569
182,66400;-1,44783;-0,32584
182,67402;-1,44795;-0,32560
182,68400;-1,44812;-0,32582
182,69402;-1,44823;-0,32558
182,70402;-1,44840;-0,32596
182,71400;-1,44857;-0,32548
182,72402;-1,44874;-0,32594
182,73402;-1,44897;-0,32576
182,74400;-1,44914;-0,32603
182,75402;-1,44931;-0,32578
182,76400;-1,44948;-0,32582
182,77400;-1,44965;-0,32575
182,78402;-1,44982;-0,32564
182,79400;-1,44999;-0,32594
182,80402;-1,45021;-0,32566
182,81402;-1,45038;-0,32587
182,82400;-1,45055;-0,32561
182,83402;-1,45072;-0,32598
182,84402;-1,45089;-0,32552
182,85400;-1,45101;-0,32588
182,86402;-1,45118;-0,32556
182,87402;-1,45135;-0,32583
182,88400;-1,45152;-0,32580
182,89402;-1,45163;-0,32581
182,90400;-1,45180;-0,32580
182,91400;-1,45197;-0,32577
182,92402;-1,45214;-0,32591
182,93400;-1,45231;-0,32567
182,94402;-1,45254;-0,32599
182,95402;-1,45271;-0,32565
182,96400;-1,45288;-0,32591
182,97402;-1,45299;-0,32564
182,98402;-1,45316;-0,32591
182,99400;-1,45333;-0,32565
183,00402;-1,45350;-0,32587
183,01400;-1,45367;-0,32583
183,02400;-1,45384;-0,32577
183,03402;-1,45401;-0,32589
183,04400;-1,45418;-0,32583
183,05402;-1,45441;-0,32595
183,06402;-1,45458;-0,32572
183,07400;-1,45475;-0,32606
183,08402;-1,45492;-0,32569
183,09402;-1,45509;-0,32608
183,10400;-1,45526;-0,32575
183,11402;-1,45543;-0,32592
183,12402;-1,45560;-0,32574
183,13400;-1,45577;-0,32595
183,14402;-1,45588;-0,32573
183,15400;-1,45605;-0,32595
183,16400;-1,45622;-0,32576
183,17402;-1,45639;-0,32579
183,18400;-1,45650;-0,32595
183,19402;-1,45667;-0,32576
183,20402;-1,45684;-0,32595
183,21400;-1,45696;-0,32571
183,22402;-1,45713;-0,32602
183,23402;-1,45730;-0,32570
183,24400;-1,45747;-0,32614
183,25402;-1,45764;-0,32568
183,26400;-1,45781;-0,32603
183,27400;-1,45798;-0,32574
183,28402;-1,45815;-0,32605
183,29400;-1,45832;-0,32578
183,30402;-1,45849;-0,32584
183,31402;-1,45866;-0,32593
183,32400;-1,45877;-0,32565
183,33402;-1,45888;-0,32609
183,34402;-1,45905;-0,32559
183,35400;-1,45922;-0,32601
183,36402;-1,45939;-0,32571
183,37402;-1,45956;-0,32613
183,38400;-1,45979;-0,32575
183,39402;-1,45996;-0,32603
183,40400;-1,46013;-0,32585
183,41400;-1,46036;-0,32590
183,42402;-1,46047;-0,32601
183,43400;-1,46070;-0,32575
183,44402;-1,46087;-0,32604
183,45402;-1,46098;-0,32566
183,46400;-1,46115;-0,32611
183,47402;-1,46132;-0,32575
183,48402;-1,46149;-0,32603
183,49400;-1,46166;-0,32575
183,50402;-1,46183;-0,32587
183,51400;-1,46200;-0,32588
183,52400;-1,46211;-0,32589
183,53402;-1,46228;-0,32589
183,54400;-1,46245;-0,32587
183,55402;-1,46262;-0,32602
183,56402;-1,46285;-0,32577
183,57400;-1,46302;-0,32609
183,58402;-1,46319;-0,32570
183,59402;-1,46336;-0,32602
183,60400;-1,46359;-0,32580
183,61402;-1,46376;-0,32595
183,62402;-1,46387;-0,32585
183,63400;-1,46404;-0,32587
183,64402;-1,46421;-0,32583
183,65400;-1,46438;-0,32582
183,66400;-1,46455;-0,32595
183,67402;-1,46472;-0,32580
183,68400;-1,46489;-0,32597
183,69402;-1,46506;-0,32574
183,70402;-1,46523;-0,32598
183,71400;-1,46540;-0,32576
183,72402;-1,46557;-0,32594
183,73402;-1,46574;-0,32579
183,74400;-1,46591;-0,32589
183,75402;-1,46608;-0,32590
183,76400;-1,46625;-0,32591
183,77400;-1,46642;-0,32591
183,78402;-1,46659;-0,32581
183,79400;-1,46670;-0,32597
183,80402;-1,46687;-0,32566
183,81402;-1,46704;-0,32599
183,82400;-1,46721;-0,32565
183,83402;-1,46733;-0,32590
183,84402;-1,46750;-0,32564
183,85400;-1,46761;-0,32593
183,86402;-1,46778;-0,32564
183,87402;-1,46795;-0,32582
183,88400;-1,46812;-0,32580
183,89402;-1,46829;-0,32572
183,90400;-1,46846;-0,32592
183,91400;-1,46863;-0,32574
183,92402;-1,46880;-0,32592
183,93400;-1,46897;-0,32559
183,94402;-1,46914;-0,32599
183,95402;-1,46931;-0,32559
183,96400;-1,46948;-0,32589
183,97402;-1,46965;-0,32554
183,98402;-1,46976;-0,32577
183,99400;-1,46993;-0,32566
184,00402;-1,47010;-0,32577
184,01400;-1,47027;-0,32585
184,02400;-1,47044;-0,32566
184,03402;-1,47061;-0,32597
184,04400;-1,47084;-0,32563
184,05402;-1,47101;-0,32589
184,06402;-1,47118;-0,32550
184,07400;-1,47135;-0,32586
184,08402;-1,47152;-0,32554
184,09402;-1,47169;-0,32589
184,10400;-1,47186;-0,32560
184,11402;-1,47203;-0,32575
184,12402;-1,47220;-0,32567
184,13400;-1,47231;-0,32568
184,14402;-1,47248;-0,32575
184,15400;-1,47265;-0,32559
184,16400;-1,47277;-0,32580
184,17402;-1,47294;-0,32559
184,18400;-1,47311;-0,32588
184,19402;-1,47328;-0,32559
184,20402;-1,47345;-0,32580
184,21400;-1,47362;-0,32559
184,22402;-1,47379;-0,32584
184,23402;-1,47401;-0,32549
184,24400;-1,47418;-0,32568
184,25402;-1,47435;-0,32557
184,26400;-1,47452;-0,32556
184,27400;-1,47464;-0,32573
184,28402;-1,47481;-0,32552
184,29400;-1,47498;-0,32570
184,30402;-1,47515;-0,32543
184,31402;-1,47532;-0,32566
184,32400;-1,47549;-0,32537
184,33402;-1,47566;-0,32572
184,34402;-1,47583;-0,32536
184,35400;-1,47605;-0,32570
184,36402;-1,47622;-0,32557
184,37402;-1,47639;-0,32553
184,38400;-1,47656;-0,32555
184,39402;-1,47673;-0,32544
184,40400;-1,47690;-0,32560
184,41400;-1,47707;-0,32534
184,42402;-1,47724;-0,32565
184,43400;-1,47741;-0,32527
184,44402;-1,47758;-0,32559
184,45402;-1,47770;-0,32538
184,46400;-1,47787;-0,32556
184,47402;-1,47804;-0,32530
184,48402;-1,47815;-0,32552
184,49400;-1,47832;-0,32538
184,50402;-1,47849;-0,32530
184,51400;-1,47866;-0,32545
184,52400;-1,47883;-0,32522
184,53402;-1,47900;-0,32548
184,54400;-1,47917;-0,32523
184,55402;-1,47934;-0,32548
184,56402;-1,47951;-0,32515
184,57400;-1,47968;-0,32545
184,58402;-1,47985;-0,32526
184,59402;-1,48002;-0,32528
184,60400;-1,48013;-0,32524
184,61402;-1,48030;-0,32523
184,62402;-1,48042;-0,32517
184,63400;-1,48059;-0,32511
184,64402;-1,48070;-0,32524
184,65400;-1,48087;-0,32498
184,66400;-1,48104;-0,32544
184,67402;-1,48121;-0,32510
184,68400;-1,48144;-0,32525
184,69402;-1,48161;-0,32512
184,70402;-1,48178;-0,32523
184,71400;-1,48195;-0,32506
184,72402;-1,48212;-0,32520
184,73402;-1,48234;-0,32507
184,74400;-1,48246;-0,32491
184,75402;-1,48268;-0,32526
184,76400;-1,48280;-0,32492
184,77400;-1,48297;-0,32522
184,78402;-1,48314;-0,32489
184,79400;-1,48331;-0,32514
184,80402;-1,48342;-0,32489
184,81402;-1,48359;-0,32508
184,82400;-1,48376;-0,32486
184,83402;-1,48393;-0,32490
184,84402;-1,48410;-0,32499
184,85400;-1,48433;-0,32489
184,86402;-1,48450;-0,32507
184,87402;-1,48467;-0,32471
184,88400;-1,48489;-0,32504
184,89402;-1,48506;-0,32469
184,90400;-1,48523;-0,32501
184,91400;-1,48535;-0,32458
184,92402;-1,48552;-0,32487
184,93400;-1,48569;-0,32469
184,94402;-1,48586;-0,32489
184,95402;-1,48603;-0,32472
184,96400;-1,48620;-0,32476
184,97402;-1,48637;-0,32471
184,98402;-1,48659;-0,32465
184,99400;-1,48676;-0,32466
185,00402;-1,48693;-0,32444
185,01400;-1,48710;-0,32466
185,02400;-1,48727;-0,32450
185,03402;-1,48744;-0,32465
185,04400;-1,48761;-0,32439
185,05402;-1,48773;-0,32457
185,06402;-1,48790;-0,32443
185,07400;-1,48807;-0,32444
185,08402;-1,48824;-0,32441
185,09402;-1,48841;-0,32435
185,10400;-1,48852;-0,32441
185,11402;-1,48869;-0,32436
185,12402;-1,48880;-0,32448
185,13400;-1,48897;-0,32418
185,14402;-1,48914;-0,32439
185,15400;-1,48931;-0,32417
185,16400;-1,48948;-0,32427
185,17402;-1,48965;-0,32409
185,18400;-1,48977;-0,32423
185,19402;-1,48999;-0,32408
185,20402;-1,49016;-0,32420
185,21400;-1,49033;-0,32420
185,22402;-1,49050;-0,32400
185,23402;-1,49067;-0,32409
185,24400;-1,49084;-0,32387
185,25402;-1,49096;-0,32406
185,26400;-1,49113;-0,32368
185,27400;-1,49130;-0,32406
185,28402;-1,49141;-0,32360
185,29400;-1,49158;-0,32397
185,30402;-1,49175;-0,32377
185,31402;-1,49192;-0,32380
185,32400;-1,49209;-0,32374
185,33402;-1,49232;-0,32371
185,34402;-1,49249;-0,32358
185,35400;-1,49266;-0,32354
185,36402;-1,49283;-0,32370
185,37402;-1,49300;-0,32326
185,38400;-1,49317;-0,32367
185,39402;-1,49334;-0,32325
185,40400;-1,49351;-0,32339
185,41400;-1,49368;-0,32322
185,42402;-1,49385;-0,32335
185,43400;-1,49396;-0,32308
185,44402;-1,49413;-0,32315
185,45402;-1,49424;-0,32300
185,46400;-1,49441;-0,32297
185,47402;-1,49458;-0,32294
185,48402;-1,49475;-0,32279
185,49400;-1,49492;-0,32285
185,50402;-1,49509;-0,32265
185,51400;-1,49526;-0,32285
185,52400;-1,49549;-0,32247
185,53402;-1,49566;-0,32259
185,54400;-1,49583;-0,32231
185,55402;-1,49600;-0,32236
185,56402;-1,49611;-0,32225
185,57400;-1,49628;-0,32215
185,58402;-1,49645;-0,32188
185,59402;-1,49662;-0,32184
185,60400;-1,49674;-0,32184
185,61402;-1,49696;-0,32156
185,62402;-1,49713;-0,32173
185,63400;-1,49730;-0,32125
185,64402;-1,49747;-0,32133
185,65400;-1,49770;-0,32101
185,66400;-1,49787;-0,32092
185,67402;-1,49804;-0,32051
185,68400;-1,49821;-0,32036
185,69402;-1,49838;-0,32002
185,70402;-1,49855;-0,31961
185,71400;-1,49872;-0,31901
185,72402;-1,49889;-0,31766
185,73402;-1,49906;-0,30646
185,74400;-1,49917;-0,28938
185,75402;-1,49934;-0,27558
185,76400;-1,49951;-0,26686
185,77400;-1,49963;-0,26016
185,78402;-1,49980;-0,26008
185,79400;-1,49997;-0,25700
185,79600;-1,49997;-0,25699
185,79800;-1,50002;-0,25765
185,80802;-1,50014;-0,25949
185,81802;-1,50019;-0,25938
185,82800;-1,50019;-0,25956
185,83802;-1,50019;-0,26054
185,84800;-1,50019;-0,25943
185,85800;-1,50019;-0,26116
185,86802;-1,50019;-0,25884
185,87800;-1,50008;-0,26142
185,88802;-1,50002;-0,25858
185,89802;-1,49997;-0,26118
185,90800;-1,49997;-0,25869
185,91802;-1,49985;-0,26060
185,92802;-1,49980;-0,25905
185,93800;-1,49974;-0,25993
185,94802;-1,49963;-0,25966
185,95800;-1,49951;-0,25907
185,96800;-1,49940;-0,26013
185,97802;-1,49923;-0,25860
185,98800;-1,49906;-0,26044
185,99802;-1,49883;-0,25810
186,00802;-1,49866;-0,26044
186,01800;-1,49838;-0,25788
186,02802;-1,49810;-0,26003
186,03802;-1,49781;-0,25828
186,04800;-1,49747;-0,25948
186,05802;-1,49713;-0,25862
186,06802;-1,49679;-0,25889
186,07800;-1,49645;-0,25921
186,08802;-1,49611;-0,25840
186,09800;-1,49583;-0,25969
186,10800;-1,49560;-0,25810
186,11802;-1,49532;-0,25980
186,12800;-1,49509;-0,25793
186,13802;-1,49487;-0,25984
186,14802;-1,49458;-0,25797
186,15800;-1,49436;-0,25945
186,16802;-1,49413;-0,25822
186,17802;-1,49390;-0,25905
186,18800;-1,49373;-0,25857
186,19802;-1,49351;-0,25859
186,20800;-1,49334;-0,25893
186,21800;-1,49317;-0,25815
186,22802;-1,49300;-0,25921
186,23800;-1,49283;-0,25791
186,24802;-1,49260;-0,25922
186,25802;-1,49243;-0,25780
186,26800;-1,49226;-0,25910
186,27802;-1,49209;-0,25781
186,28802;-1,49192;-0,25894
186,29800;-1,49175;-0,25813
186,30802;-1,49158;-0,25863
186,31802;-1,49141;-0,25851
186,32800;-1,49124;-0,25836
186,33802;-1,49107;-0,25863
186,34800;-1,49090;-0,25793
186,35800;-1,49073;-0,25877
186,36802;-1,49056;-0,25768
186,37800;-1,49039;-0,25890
186,38802;-1,49022;-0,25776
186,39802;-1,49005;-0,25880
186,40800;-1,48988;-0,25787
186,41802;-1,48977;-0,25867
186,42802;-1,48954;-0,25796
186,43800;-1,48943;-0,25830
186,44802;-1,48920;-0,25820
186,45800;-1,48903;-0,25803
186,46800;-1,48892;-0,25843
186,47802;-1,48869;-0,25775
186,48800;-1,48852;-0,25864
186,49802;-1,48841;-0,25758
186,50802;-1,48824;-0,25863
186,51800;-1,48807;-0,25767
186,52802;-1,48790;-0,25846
186,53802;-1,48773;-0,25775
186,54800;-1,48756;-0,25836
186,55802;-1,48739;-0,25785
186,56802;-1,48722;-0,25810
186,57800;-1,48705;-0,25819
186,58802;-1,48688;-0,25767
186,59800;-1,48671;-0,25839
186,60800;-1,48654;-0,25754
186,61802;-1,48637;-0,25842
186,62800;-1,48614;-0,25752
186,63802;-1,48597;-0,25844
186,64802;-1,48580;-0,25752
186,65800;-1,48563;-0,25836
186,66802;-1,48546;-0,25776
186,67802;-1,48529;-0,25810
186,68800;-1,48512;-0,25789
186,69802;-1,48495;-0,25793
186,70800;-1,48478;-0,25810
186,71800;-1,48461;-0,25772
186,72802;-1,48450;-0,25832
186,73800;-1,48433;-0,25749
186,74802;-1,48416;-0,25828
186,75802;-1,48399;-0,25745
186,76800;-1,48382;-0,25815
186,77802;-1,48365;-0,25750
186,78802;-1,48342;-0,25806
186,79800;-1,48325;-0,25765
186,80802;-1,48308;-0,25790
186,81802;-1,48291;-0,25784
186,82800;-1,48280;-0,25775
186,83802;-1,48263;-0,25799
186,84800;-1,48246;-0,25752
186,85800;-1,48229;-0,25807
186,86802;-1,48217;-0,25743
186,87800;-1,48200;-0,25807
186,88802;-1,48183;-0,25747
186,89802;-1,48166;-0,25808
186,90800;-1,48149;-0,25749
186,91802;-1,48132;-0,25797
186,92802;-1,48121;-0,25762
186,93800;-1,48104;-0,25770
186,94802;-1,48087;-0,25769
186,95800;-1,48070;-0,25759
186,96800;-1,48053;-0,25789
186,97802;-1,48036;-0,25751
186,98800;-1,48025;-0,25792
186,99802;-1,48008;-0,25739
187,00802;-1,47991;-0,25793
187,01800;-1,47974;-0,25741
187,02802;-1,47957;-0,25796
187,03802;-1,47940;-0,25738
187,04800;-1,47923;-0,25790
187,05802;-1,47906;-0,25753
187,06802;-1,47889;-0,25768
187,07800;-1,47872;-0,25770
187,08802;-1,47855;-0,25749
187,09800;-1,47838;-0,25773
187,10800;-1,47821;-0,25742
187,11802;-1,47804;-0,25766
187,12800;-1,47787;-0,25730
187,13802;-1,47770;-0,25774
187,14802;-1,47753;-0,25725
187,15800;-1,47736;-0,25776
187,16802;-1,47719;-0,25733
187,17802;-1,47702;-0,25764
187,18800;-1,47685;-0,25746
187,19802;-1,47668;-0,25751
187,20800;-1,47651;-0,25757
187,21800;-1,47634;-0,25744
187,22802;-1,47617;-0,25762
187,23800;-1,47600;-0,25734
187,24802;-1,47577;-0,25771
187,25802;-1,47560;-0,25725
187,26800;-1,47543;-0,25770
187,27802;-1,47526;-0,25729
187,28802;-1,47509;-0,25761
187,29800;-1,47492;-0,25733
187,30802;-1,47475;-0,25748
187,31802;-1,47458;-0,25755
187,32800;-1,47441;-0,25741
187,33802;-1,47430;-0,25755
187,34800;-1,47413;-0,25732
187,35800;-1,47396;-0,25753
187,36802;-1,47384;-0,25726
187,37800;-1,47367;-0,25750
187,38802;-1,47350;-0,25724
187,39802;-1,47333;-0,25748
187,40800;-1,47316;-0,25729
187,41802;-1,47299;-0,25744
187,42802;-1,47282;-0,25738
187,43800;-1,47265;-0,25726
187,44802;-1,47243;-0,25743
187,45800;-1,47231;-0,25721
187,46800;-1,47214;-0,25749
187,47802;-1,47197;-0,25718
187,48800;-1,47180;-0,25751
187,49802;-1,47163;-0,25720
187,50802;-1,47146;-0,25746
187,51800;-1,47129;-0,25718
187,52802;-1,47112;-0,25733
187,53802;-1,47095;-0,25716
187,54800;-1,47078;-0,25730
187,55802;-1,47061;-0,25727
187,56802;-1,47044;-0,25723
187,57800;-1,47027;-0,25734
187,58802;-1,47010;-0,25716
187,59800;-1,46993;-0,25740
187,60800;-1,46976;-0,25717
187,61802;-1,46965;-0,25738
187,62800;-1,46948;-0,25708
187,63802;-1,46931;-0,25730
187,64802;-1,46914;-0,25704
187,65800;-1,46897;-0,25737
187,66802;-1,46880;-0,25712
187,67802;-1,46863;-0,25722
187,68800;-1,46846;-0,25727
187,69802;-1,46829;-0,25719
187,70800;-1,46812;-0,25728
187,71800;-1,46801;-0,25706
187,72802;-1,46784;-0,25724
187,73800;-1,46767;-0,25695
187,74802;-1,46750;-0,25740
187,75802;-1,46733;-0,25700
187,76800;-1,46716;-0,25731
187,77802;-1,46699;-0,25706
187,78802;-1,46682;-0,25728
187,79800;-1,46665;-0,25716
187,80802;-1,46648;-0,25708
187,81802;-1,46631;-0,25718
187,82800;-1,46614;-0,25698
187,83802;-1,46597;-0,25734
187,84800;-1,46580;-0,25699
187,85800;-1,46563;-0,25733
187,86802;-1,46546;-0,25684
187,87800;-1,46529;-0,25735
187,88802;-1,46512;-0,25692
187,89802;-1,46495;-0,25727
187,90800;-1,46478;-0,25707
187,91802;-1,46461;-0,25701
187,92802;-1,46438;-0,25712
187,93800;-1,46421;-0,25702
187,94802;-1,46404;-0,25719
187,95800;-1,46387;-0,25692
187,96800;-1,46370;-0,25720
187,97802;-1,46359;-0,25680
187,98800;-1,46342;-0,25731
187,99802;-1,46325;-0,25685
188,00802;-1,46313;-0,25715
188,01800;-1,46296;-0,25696
188,02802;-1,46279;-0,25707
188,03802;-1,46262;-0,25705
188,04800;-1,46245;-0,25687
188,05802;-1,46228;-0,25701
188,06802;-1,46211;-0,25679
188,07800;-1,46194;-0,25716
188,08802;-1,46177;-0,25682
188,09800;-1,46160;-0,25722
188,10800;-1,46143;-0,25676
188,11802;-1,46126;-0,25713
188,12800;-1,46109;-0,25689
188,13802;-1,46098;-0,25702
188,14802;-1,46081;-0,25693
188,15800;-1,46064;-0,25682
188,16802;-1,46053;-0,25703
188,17802;-1,46036;-0,25681
188,18800;-1,46019;-0,25721
188,19802;-1,46002;-0,25667
188,20800;-1,45985;-0,25715
188,21800;-1,45968;-0,25670
188,22802;-1,45951;-0,25712
188,23800;-1,45934;-0,25669
188,24802;-1,45917;-0,25699
188,25802;-1,45900;-0,25678
188,26800;-1,45883;-0,25685
188,27802;-1,45871;-0,25697
188,28802;-1,45854;-0,25674
188,29800;-1,45837;-0,25693
188,30802;-1,45820;-0,25660
188,31802;-1,45803;-0,25695
188,32800;-1,45786;-0,25661
188,33802;-1,45769;-0,25698
188,34800;-1,45758;-0,25654
188,35800;-1,45741;-0,25697
188,36802;-1,45724;-0,25675
188,37800;-1,45707;-0,25684
188,38802;-1,45690;-0,25675
188,39802;-1,45673;-0,25666
188,40800;-1,45656;-0,25681
188,41802;-1,45633;-0,25665
188,42802;-1,45616;-0,25687
188,43800;-1,45599;-0,25647
188,44802;-1,45582;-0,25697
188,45800;-1,45565;-0,25650
188,46800;-1,45548;-0,25697
188,47802;-1,45531;-0,25655
188,48800;-1,45514;-0,25681
188,49802;-1,45497;-0,25659
188,50802;-1,45480;-0,25680
188,51800;-1,45463;-0,25666
188,52802;-1,45446;-0,25681
188,53802;-1,45429;-0,25675
188,54800;-1,45412;-0,25658
188,55802;-1,45395;-0,25690
188,56802;-1,45378;-0,25639
188,57800;-1,45361;-0,25677
188,58802;-1,45344;-0,25647
188,59800;-1,45327;-0,25674
188,60800;-1,45310;-0,25660
188,61802;-1,45293;-0,25680
188,62800;-1,45276;-0,25649
188,63802;-1,45259;-0,25669
188,64802;-1,45248;-0,25658
188,65800;-1,45231;-0,25655
188,66802;-1,45214;-0,25664
188,67802;-1,45197;-0,25652
188,68800;-1,45186;-0,25667
188,69802;-1,45163;-0,25656
188,70800;-1,45146;-0,25673
188,71800;-1,45129;-0,25649
188,72802;-1,45112;-0,25664
188,73800;-1,45095;-0,25659
188,74802;-1,45078;-0,25660
188,75802;-1,45061;-0,25649
188,76800;-1,45044;-0,25666
188,77802;-1,45027;-0,25650
188,78802;-1,45010;-0,25665
188,79800;-1,44993;-0,25659
188,80802;-1,44976;-0,25650
188,81802;-1,44959;-0,25652
188,82800;-1,44942;-0,25651
188,83802;-1,44925;-0,25648
188,84800;-1,44908;-0,25655
188,85800;-1,44891;-0,25653
188,86802;-1,44880;-0,25652
188,87800;-1,44863;-0,25658
188,88802;-1,44846;-0,25656
188,89802;-1,44829;-0,25651
188,90800;-1,44812;-0,25644
188,91802;-1,44795;-0,25653
188,92802;-1,44778;-0,25645
188,93800;-1,44761;-0,25648
188,94802;-1,44744;-0,25653
188,95800;-1,44732;-0,25647
188,96800;-1,44715;-0,25637
188,97802;-1,44698;-0,25651
188,98800;-1,44681;-0,25636
188,99802;-1,44664;-0,25644
189,00802;-1,44647;-0,25658
189,01800;-1,44630;-0,25635
189,02802;-1,44613;-0,25653
189,03802;-1,44602;-0,25653
189,04800;-1,44585;-0,25639
189,05802;-1,44568;-0,25637
189,06802;-1,44551;-0,25643
189,07800;-1,44534;-0,25637
189,08802;-1,44517;-0,25645
189,09800;-1,44500;-0,25648
189,10800;-1,44483;-0,25644
189,11802;-1,44466;-0,25642
189,12800;-1,44449;-0,25650
189,13802;-1,44432;-0,25641
189,14802;-1,44415;-0,25636
189,15800;-1,44398;-0,25641
189,16802;-1,44381;-0,25634
189,17802;-1,44364;-0,25640
189,18800;-1,44347;-0,25651
189,19802;-1,44330;-0,25635
189,20800;-1,44313;-0,25641
189,21800;-1,44296;-0,25648
189,22802;-1,44279;-0,25637
189,23800;-1,44262;-0,25637
189,24802;-1,44245;-0,25630
189,25802;-1,44228;-0,25633
189,26800;-1,44211;-0,25634
189,27802;-1,44194;-0,25637
189,28802;-1,44177;-0,25633
189,29800;-1,44160;-0,25636
189,30802;-1,44149;-0,25632
189,31802;-1,44132;-0,25633
189,32800;-1,44115;-0,25626
189,33802;-1,44098;-0,25629
189,34800;-1,44081;-0,25631
189,35800;-1,44064;-0,25618
189,36802;-1,44041;-0,25640
189,37800;-1,44024;-0,25617
189,38802;-1,44007;-0,25645
189,39802;-1,43996;-0,25620
189,40800;-1,43979;-0,25640
189,41802;-1,43962;-0,25618
189,42802;-1,43945;-0,25635
189,43800;-1,43933;-0,25617
189,44802;-1,43916;-0,25631
189,45800;-1,43899;-0,25626
189,46800;-1,43882;-0,25612
189,47802;-1,43865;-0,25635
189,48800;-1,43848;-0,25614
189,49802;-1,43837;-0,25638
189,50802;-1,43820;-0,25605
189,51800;-1,43803;-0,25638
189,52802;-1,43786;-0,25599
189,53802;-1,43769;-0,25633
189,54800;-1,43758;-0,25611
189,55802;-1,43741;-0,25621
189,56802;-1,43724;-0,25622
189,57800;-1,43707;-0,25616
189,58802;-1,43690;-0,25621
189,59800;-1,43673;-0,25609
189,60800;-1,43656;-0,25628
189,61802;-1,43639;-0,25589
189,62800;-1,43622;-0,25642
189,63802;-1,43610;-0,25583
189,64802;-1,43588;-0,25629
189,65800;-1,43576;-0,25596
189,66802;-1,43554;-0,25622
189,67802;-1,43537;-0,25591
189,68800;-1,43520;-0,25617
189,69802;-1,43503;-0,25603
189,70800;-1,43486;-0,25595
189,71800;-1,43469;-0,25623
189,72802;-1,43452;-0,25590
189,73800;-1,43435;-0,25619
189,74802;-1,43418;-0,25585
189,75802;-1,43401;-0,25633
189,76800;-1,43384;-0,25570
189,77802;-1,43367;-0,25640
189,78802;-1,43350;-0,25579
189,79800;-1,43333;-0,25611
189,80802;-1,43316;-0,25591
189,81802;-1,43299;-0,25605
189,82800;-1,43282;-0,25599
189,83802;-1,43265;-0,25601
189,84800;-1,43248;-0,25608
189,85800;-1,43231;-0,25576
189,86802;-1,43214;-0,25628
189,87800;-1,43197;-0,25565
189,88802;-1,43180;-0,25623
189,89802;-1,43163;-0,25572
189,90800;-1,43146;-0,25620
189,91802;-1,43129;-0,25569
189,92802;-1,43112;-0,25619
189,93800;-1,43095;-0,25566
189,94802;-1,43083;-0,25595
189,95800;-1,43066;-0,25587
189,96800;-1,43049;-0,25589
189,97802;-1,43032;-0,25600
189,98800;-1,43015;-0,25578
189,99802;-1,42998;-0,25603
190,00802;-1,42981;-0,25571
190,01800;-1,42964;-0,25619
190,02802;-1,42947;-0,25559
190,03802;-1,42930;-0,25614
190,04800;-1,42913;-0,25563
190,05802;-1,42896;-0,25598
190,06802;-1,42879;-0,25563
190,07800;-1,42862;-0,25601
190,08802;-1,42851;-0,25575
190,09800;-1,42828;-0,25579
190,10800;-1,42811;-0,25589
190,11802;-1,42794;-0,25573
190,12800;-1,42777;-0,25587
190,13802;-1,42760;-0,25562
190,14802;-1,42743;-0,25593
190,15800;-1,42726;-0,25555
190,16802;-1,42709;-0,25619
190,17802;-1,42692;-0,25565
190,18800;-1,42681;-0,25597
190,19802;-1,42664;-0,25575
190,20800;-1,42647;-0,25593
190,21800;-1,42630;-0,25576
190,22802;-1,42613;-0,25582
190,23800;-1,42596;-0,25574
190,24802;-1,42579;-0,25556
190,25802;-1,42562;-0,25598
190,26800;-1,42551;-0,25561
190,27802;-1,42534;-0,25594
190,28802;-1,42517;-0,25558
190,29800;-1,42500;-0,25597
190,30802;-1,42488;-0,25563
190,31802;-1,42471;-0,25598
190,32800;-1,42454;-0,25560
190,33802;-1,42437;-0,25567
190,34800;-1,42420;-0,25585
190,35800;-1,42403;-0,25568
190,36802;-1,42392;-0,25585
190,37800;-1,42369;-0,25563
190,38802;-1,42352;-0,25595
190,39802;-1,42341;-0,25553
190,40800;-1,42324;-0,25606
190,41802;-1,42307;-0,25548
190,42802;-1,42290;-0,25584
190,43800;-1,42273;-0,25558
190,44802;-1,42256;-0,25585
190,45800;-1,42239;-0,25563
190,46800;-1,42222;-0,25580
190,47802;-1,42205;-0,25566
190,48800;-1,42188;-0,25566
190,49802;-1,42171;-0,25587
190,50802;-1,42154;-0,25553
190,51800;-1,42131;-0,25582
190,52802;-1,42114;-0,25556
190,53802;-1,42097;-0,25574
190,54800;-1,42080;-0,25549
190,55802;-1,42063;-0,25581
190,56802;-1,42046;-0,25543
190,57800;-1,42029;-0,25568
190,58802;-1,42012;-0,25557
190,59800;-1,41995;-0,25560
190,60800;-1,41984;-0,25562
190,61802;-1,41967;-0,25561
190,62800;-1,41950;-0,25560
190,63802;-1,41933;-0,25545
190,64802;-1,41916;-0,25571
190,65800;-1,41899;-0,25545
190,66802;-1,41876;-0,25571
190,67802;-1,41859;-0,25546
190,68800;-1,41848;-0,25566
190,69802;-1,41831;-0,25552
190,70800;-1,41814;-0,25568
190,71800;-1,41797;-0,25554
190,72802;-1,41780;-0,25563
190,73800;-1,41763;-0,25549
190,74802;-1,41752;-0,25543
190,75802;-1,41735;-0,25557
190,76800;-1,41718;-0,25544
190,77802;-1,41701;-0,25559
190,78802;-1,41684;-0,25539
190,79800;-1,41667;-0,25577
190,80802;-1,41650;-0,25546
190,81802;-1,41633;-0,25566
190,82800;-1,41616;-0,25549
190,83802;-1,41599;-0,25552
190,84800;-1,41587;-0,25541
190,85800;-1,41570;-0,25546
190,86802;-1,41553;-0,25539
190,87800;-1,41536;-0,25539
190,88802;-1,41519;-0,25559
190,89802;-1,41502;-0,25546
190,90800;-1,41491;-0,25556
190,91802;-1,41474;-0,25530
190,92802;-1,41457;-0,25557
190,93800;-1,41440;-0,25525
190,94802;-1,41423;-0,25548
190,95800;-1,41406;-0,25530
190,96800;-1,41389;-0,25541
190,97802;-1,41372;-0,25537
190,98800;-1,41355;-0,25552
190,99802;-1,41338;-0,25534
191,00802;-1,41315;-0,25544
191,01800;-1,41298;-0,25541
191,02802;-1,41281;-0,25532
191,03802;-1,41264;-0,25541
191,04800;-1,41247;-0,25529
191,05802;-1,41230;-0,25547
191,06802;-1,41213;-0,25532
191,07800;-1,41196;-0,25555
191,08802;-1,41179;-0,25527
191,09800;-1,41162;-0,25542
191,10800;-1,41145;-0,25528
191,11802;-1,41128;-0,25538
191,12800;-1,41111;-0,25516
191,13802;-1,41094;-0,25533
191,14802;-1,41077;-0,25521
191,15800;-1,41060;-0,25531
191,16802;-1,41043;-0,25544
191,17802;-1,41026;-0,25525
191,18800;-1,41009;-0,25536
191,19802;-1,40992;-0,25522
191,20800;-1,40981;-0,25534
191,21800;-1,40964;-0,25527
191,22802;-1,40947;-0,25534
191,23800;-1,40930;-0,25517
191,24802;-1,40913;-0,25539
191,25802;-1,40902;-0,25519
191,26800;-1,40885;-0,25532
191,27802;-1,40868;-0,25514
191,28802;-1,40851;-0,25519
191,29800;-1,40834;-0,25524
191,30802;-1,40817;-0,25516
191,31802;-1,40800;-0,25528
191,32800;-1,40783;-0,25519
191,33802;-1,40766;-0,25529
191,34800;-1,40749;-0,25516
191,35800;-1,40732;-0,25532
191,36802;-1,40720;-0,25513
191,37800;-1,40703;-0,25522
191,38802;-1,40686;-0,25506
191,39802;-1,40664;-0,25527
191,40800;-1,40652;-0,25511
191,41802;-1,40630;-0,25530
191,42802;-1,40613;-0,25523
191,43800;-1,40596;-0,25504
191,44802;-1,40584;-0,25518
191,45800;-1,40562;-0,25501
191,46800;-1,40550;-0,25510
191,47802;-1,40533;-0,25498
191,48800;-1,40516;-0,25526
191,49802;-1,40499;-0,25495
191,50802;-1,40482;-0,25538
191,51800;-1,40465;-0,25509
191,52802;-1,40448;-0,25512
191,53802;-1,40431;-0,25502
191,54800;-1,40414;-0,25514
191,55802;-1,40403;-0,25502
191,56802;-1,40386;-0,25512
191,57800;-1,40369;-0,25513
191,58802;-1,40352;-0,25493
191,59800;-1,40341;-0,25519
191,60800;-1,40324;-0,25507
191,61802;-1,40307;-0,25505
191,62800;-1,40290;-0,25490
191,63802;-1,40273;-0,25503
191,64802;-1,40256;-0,25486
191,65800;-1,40239;-0,25506
191,66802;-1,40222;-0,25494
191,67802;-1,40205;-0,25494
191,68800;-1,40188;-0,25507
191,69802;-1,40171;-0,25512
191,70800;-1,40154;-0,25497
191,71800;-1,40137;-0,25493
191,72802;-1,40120;-0,25504
191,73800;-1,40103;-0,25492
191,74802;-1,40086;-0,25503
191,75802;-1,40074;-0,25496
191,76800;-1,40057;-0,25492
191,77802;-1,40035;-0,25490
191,78802;-1,40018;-0,25499
191,79800;-1,40001;-0,25496
191,80802;-1,39984;-0,25489
191,81802;-1,39967;-0,25491
191,82800;-1,39950;-0,25483
191,83802;-1,39933;-0,25504
191,84800;-1,39916;-0,25497
191,85800;-1,39899;-0,25501
191,86802;-1,39882;-0,25488
191,87800;-1,39865;-0,25496
191,88802;-1,39848;-0,25481
191,89802;-1,39831;-0,25479
191,90800;-1,39814;-0,25467
191,91802;-1,39797;-0,25482
191,92802;-1,39780;-0,25483
191,93800;-1,39763;-0,25487
191,94802;-1,39746;-0,25491
191,95800;-1,39734;-0,25480
191,96800;-1,39717;-0,25500
191,97802;-1,39700;-0,25473
191,98800;-1,39683;-0,25492
191,99802;-1,39666;-0,25480
192,00802;-1,39649;-0,25483
192,01800;-1,39632;-0,25478
192,02802;-1,39615;-0,25489
192,03802;-1,39604;-0,25478
192,04800;-1,39587;-0,25481
192,05802;-1,39570;-0,25481
192,06802;-1,39553;-0,25465
192,07800;-1,39536;-0,25483
192,08802;-1,39519;-0,25465
192,09800;-1,39502;-0,25483
192,10800;-1,39485;-0,25476
192,11802;-1,39468;-0,25486
192,12800;-1,39451;-0,25475
192,13802;-1,39434;-0,25476
192,14802;-1,39417;-0,25460
192,15800;-1,39400;-0,25462
192,16802;-1,39383;-0,25468
192,17802;-1,39366;-0,25462
192,18800;-1,39355;-0,25478
192,19802;-1,39338;-0,25461
192,20800;-1,39321;-0,25481
192,21800;-1,39304;-0,25464
192,22802;-1,39287;-0,25474
192,23800;-1,39270;-0,25459
192,24802;-1,39258;-0,25466
192,25802;-1,39236;-0,25461
192,26800;-1,39224;-0,25467
192,27802;-1,39202;-0,25467
192,28802;-1,39185;-0,25457
192,29800;-1,39168;-0,25471
192,30802;-1,39151;-0,25450
192,31802;-1,39134;-0,25465
192,32800;-1,39117;-0,25448
192,33802;-1,39100;-0,25464
192,34800;-1,39083;-0,25448
192,35800;-1,39066;-0,25479
192,36802;-1,39049;-0,25457
192,37800;-1,39032;-0,25470
192,38802;-1,39020;-0,25463
192,39802;-1,39003;-0,25451
192,40800;-1,38986;-0,25463
192,41802;-1,38969;-0,25441
192,42802;-1,38952;-0,25463
192,43800;-1,38935;-0,25445
192,44802;-1,38918;-0,25474
192,45800;-1,38901;-0,25432
192,46800;-1,38884;-0,25474
192,47802;-1,38867;-0,25438
192,48800;-1,38850;-0,25463
192,49802;-1,38833;-0,25442
192,50802;-1,38816;-0,25456
192,51800;-1,38805;-0,25453
192,52802;-1,38788;-0,25441
192,53802;-1,38771;-0,25457
192,54800;-1,38754;-0,25430
192,55802;-1,38737;-0,25468
192,56802;-1,38720;-0,25434
192,57800;-1,38703;-0,25462
192,58802;-1,38686;-0,25423
192,59800;-1,38669;-0,25462
192,60800;-1,38652;-0,25427
192,61802;-1,38635;-0,25464
192,62800;-1,38618;-0,25446
192,63802;-1,38601;-0,25439
192,64802;-1,38584;-0,25457
192,65800;-1,38567;-0,25432
192,66802;-1,38556;-0,25447
192,67802;-1,38539;-0,25430
192,68800;-1,38522;-0,25447
192,69802;-1,38505;-0,25426
192,70800;-1,38488;-0,25458
192,71800;-1,38471;-0,25425
192,72802;-1,38454;-0,25444
192,73800;-1,38437;-0,25438
192,74802;-1,38420;-0,25430
192,75802;-1,38403;-0,25437
192,76800;-1,38386;-0,25431
192,77802;-1,38369;-0,25432
192,78802;-1,38352;-0,25425
192,79800;-1,38335;-0,25442
192,80802;-1,38318;-0,25426
192,81802;-1,38301;-0,25442
192,82800;-1,38289;-0,25430
192,83802;-1,38272;-0,25441
192,84800;-1,38255;-0,25423
192,85800;-1,38244;-0,25429
192,86802;-1,38227;-0,25425
192,87800;-1,38210;-0,25424
192,88802;-1,38193;-0,25443
192,89802;-1,38176;-0,25418
192,90800;-1,38159;-0,25431
192,91802;-1,38142;-0,25423
192,92802;-1,38125;-0,25426
192,93800;-1,38108;-0,25420
192,94802;-1,38091;-0,25426
192,95800;-1,38074;-0,25411
192,96800;-1,38051;-0,25422
192,97802;-1,38034;-0,25417
192,98800;-1,38023;-0,25413
192,99802;-1,38006;-0,25433
193,00802;-1,37989;-0,25424
193,01800;-1,37972;-0,25434
193,02802;-1,37955;-0,25416
193,03802;-1,37938;-0,25425
193,04800;-1,37921;-0,25402
193,05802;-1,37904;-0,25409
193,06802;-1,37887;-0,25409
193,07800;-1,37870;-0,25404
193,08802;-1,37853;-0,25414
193,09800;-1,37836;-0,25413
193,10800;-1,37819;-0,25419
193,11802;-1,37802;-0,25417
193,12800;-1,37785;-0,25422
193,13802;-1,37768;-0,25403
193,14802;-1,37751;-0,25423
193,15800;-1,37734;-0,25403
193,16802;-1,37717;-0,25408
193,17802;-1,37700;-0,25407
193,18800;-1,37683;-0,25412
193,19802;-1,37666;-0,25400
193,20800;-1,37649;-0,25405
193,21800;-1,37632;-0,25406
193,22802;-1,37621;-0,25394
193,23800;-1,37604;-0,25405
193,24802;-1,37587;-0,25402
193,25802;-1,37570;-0,25406
193,26800;-1,37553;-0,25405
193,27802;-1,37536;-0,25420
193,28802;-1,37519;-0,25387
193,29800;-1,37502;-0,25404
193,30802;-1,37490;-0,25404
193,31802;-1,37473;-0,25395
193,32800;-1,37456;-0,25397
193,33802;-1,37439;-0,25399
193,34800;-1,37422;-0,25391
193,35800;-1,37405;-0,25398
193,36802;-1,37388;-0,25410
193,37800;-1,37371;-0,25384
193,38802;-1,37354;-0,25396
193,39802;-1,37337;-0,25387
193,40800;-1,37320;-0,25398
193,41802;-1,37303;-0,25400
193,42802;-1,37286;-0,25399
193,43800;-1,37269;-0,25385
193,44802;-1,37252;-0,25395
193,45800;-1,37235;-0,25397
193,46800;-1,37218;-0,25388
193,47802;-1,37207;-0,25384
193,48800;-1,37190;-0,25389
193,49802;-1,37173;-0,25386
193,50802;-1,37156;-0,25391
193,51800;-1,37139;-0,25394
193,52802;-1,37122;-0,25390
193,53802;-1,37105;-0,25387
193,54800;-1,37088;-0,25389
193,55802;-1,37071;-0,25387
193,56802;-1,37054;-0,25373
193,57800;-1,37037;-0,25385
193,58802;-1,37020;-0,25372
193,59800;-1,37003;-0,25389
193,60800;-1,36980;-0,25377
193,61802;-1,36963;-0,25381
193,62800;-1,36946;-0,25375
193,63802;-1,36929;-0,25387
193,64802;-1,36918;-0,25386
193,65800;-1,36901;-0,25383
193,66802;-1,36884;-0,25390
193,67802;-1,36867;-0,25371
193,68800;-1,36850;-0,25392
193,69802;-1,36833;-0,25370
193,70800;-1,36822;-0,25384
193,71800;-1,36799;-0,25371
193,72802;-1,36782;-0,25380
193,73800;-1,36765;-0,25369
193,74802;-1,36754;-0,25372
193,75802;-1,36731;-0,25369
193,76800;-1,36720;-0,25365
193,77802;-1,36703;-0,25384
193,78802;-1,36686;-0,25363
193,79800;-1,36669;-0,25384
193,80802;-1,36652;-0,25358
193,81802;-1,36635;-0,25379
193,82800;-1,36618;-0,25358
193,83802;-1,36601;-0,25380
193,84800;-1,36589;-0,25353
193,85800;-1,36572;-0,25378
193,86802;-1,36555;-0,25363
193,87800;-1,36538;-0,25364
193,88802;-1,36521;-0,25380
193,89802;-1,36504;-0,25357
193,90800;-1,36487;-0,25375
193,91802;-1,36470;-0,25353
193,92802;-1,36453;-0,25379
193,93800;-1,36436;-0,25349
193,94802;-1,36419;-0,25379
193,95800;-1,36402;-0,25352
193,96800;-1,36391;-0,25376
193,97802;-1,36374;-0,25363
193,98800;-1,36357;-0,25365
193,99802;-1,36340;-0,25367
194,00802;-1,36323;-0,25348
194,01800;-1,36306;-0,25367
194,02802;-1,36289;-0,25343
194,03802;-1,36272;-0,25379
194,04800;-1,36255;-0,25341
194,05802;-1,36238;-0,25369
194,06802;-1,36221;-0,25354
194,07800;-1,36204;-0,25372
194,08802;-1,36187;-0,25356
194,09800;-1,36170;-0,25360
194,10800;-1,36153;-0,25355
194,11802;-1,36136;-0,25350
194,12800;-1,36119;-0,25378
194,13802;-1,36108;-0,25343
194,14802;-1,36091;-0,25378
194,15800;-1,36074;-0,25344
194,16802;-1,36057;-0,25374
194,17802;-1,36040;-0,25352
194,18800;-1,36023;-0,25358
194,19802;-1,36006;-0,25338
194,20800;-1,35989;-0,25351
194,21800;-1,35972;-0,25357
194,22802;-1,35955;-0,25343
194,23800;-1,35938;-0,25369
194,24802;-1,35921;-0,25334
194,25802;-1,35904;-0,25364
194,26800;-1,35887;-0,25334
194,27802;-1,35870;-0,25365
194,28802;-1,35853;-0,25331
194,29800;-1,35836;-0,25360
194,30802;-1,35819;-0,25345
194,31802;-1,35802;-0,25351
194,32800;-1,35785;-0,25359
194,33802;-1,35768;-0,25343
194,34800;-1,35751;-0,25359
194,35800;-1,35734;-0,25325
194,36802;-1,35717;-0,25364
194,37800;-1,35700;-0,25311
194,38802;-1,35683;-0,25368
194,39802;-1,35666;-0,25322
194,40800;-1,35649;-0,25363
194,41802;-1,35632;-0,25339
194,42802;-1,35615;-0,25347
194,43800;-1,35592;-0,25340
194,44802;-1,35575;-0,25338
194,45800;-1,35558;-0,25352
194,46800;-1,35547;-0,25321
194,47802;-1,35530;-0,25363
194,48800;-1,35513;-0,25316
194,49802;-1,35496;-0,25368
194,50802;-1,35479;-0,25321
194,51800;-1,35462;-0,25350
194,52802;-1,35450;-0,25326
194,53802;-1,35433;-0,25342
194,54800;-1,35416;-0,25331
194,55802;-1,35399;-0,25334
194,56802;-1,35382;-0,25343
194,57800;-1,35365;-0,25324
194,58802;-1,35348;-0,25359
194,59800;-1,35331;-0,25316
194,60800;-1,35320;-0,25355
194,61802;-1,35303;-0,25310
194,62800;-1,35286;-0,25354
194,63802;-1,35269;-0,25319
194,64802;-1,35252;-0,25343
194,65800;-1,35235;-0,25328
194,66802;-1,35218;-0,25328
194,67802;-1,35207;-0,25327
194,68800;-1,35190;-0,25322
194,69802;-1,35173;-0,25326
194,70800;-1,35156;-0,25302
194,71800;-1,35139;-0,25346
194,72802;-1,35122;-0,25308
194,73800;-1,35105;-0,25347
194,74802;-1,35088;-0,25318
194,75802;-1,35071;-0,25334
194,76800;-1,35054;-0,25310
194,77802;-1,35037;-0,25326
194,78802;-1,35020;-0,25309
194,79800;-1,35008;-0,25311
194,80802;-1,34991;-0,25328
194,81802;-1,34974;-0,25308
194,82800;-1,34957;-0,25330
194,83802;-1,34940;-0,25312
194,84800;-1,34923;-0,25335
194,85800;-1,34906;-0,25307
194,86802;-1,34889;-0,25335
194,87800;-1,34872;-0,25306
194,88802;-1,34855;-0,25317
194,89802;-1,34833;-0,25312
194,90800;-1,34816;-0,25308
194,91802;-1,34799;-0,25308
194,92802;-1,34782;-0,25307
194,93800;-1,34765;-0,25311
194,94802;-1,34753;-0,25303
194,95800;-1,34736;-0,25319
194,96800;-1,34719;-0,25296
194,97802;-1,34702;-0,25317
194,98800;-1,34685;-0,25306
194,99802;-1,34668;-0,25304
195,00802;-1,34651;-0,25299
195,01800;-1,34634;-0,25310
195,02802;-1,34617;-0,25310
195,03802;-1,34600;-0,25307
195,04800;-1,34583;-0,25308
195,05802;-1,34566;-0,25297
195,06802;-1,34549;-0,25299
195,07800;-1,34532;-0,25303
195,08802;-1,34515;-0,25300
195,09800;-1,34498;-0,25300
195,10800;-1,34481;-0,25307
195,11802;-1,34464;-0,25303
195,12800;-1,34447;-0,25299
195,13802;-1,34430;-0,25304
195,14802;-1,34413;-0,25294
195,15800;-1,34396;-0,25303
195,16802;-1,34385;-0,25301
195,17802;-1,34368;-0,25303
195,18800;-1,34351;-0,25288
195,19802;-1,34334;-0,25300
195,20800;-1,34317;-0,25288
195,21800;-1,34300;-0,25300
195,22802;-1,34283;-0,25297
195,23800;-1,34266;-0,25304
195,24802;-1,34249;-0,25301
195,25802;-1,34232;-0,25295
195,26800;-1,34215;-0,25302
195,27802;-1,34204;-0,25284
195,28802;-1,34187;-0,25299
195,29800;-1,34170;-0,25285
195,30802;-1,34153;-0,25295
195,31802;-1,34136;-0,25284
195,32800;-1,34119;-0,25302
195,33802;-1,34102;-0,25291
195,34800;-1,34085;-0,25291
195,35800;-1,34068;-0,25308
195,36802;-1,34051;-0,25284
195,37800;-1,34034;-0,25296
195,38802;-1,34017;-0,25291
195,39802;-1,34000;-0,25284
195,40800;-1,33983;-0,25279
195,41802;-1,33971;-0,25293
195,42802;-1,33954;-0,25282
195,43800;-1,33937;-0,25291
195,44802;-1,33920;-0,25294
195,45800;-1,33903;-0,25272
195,46800;-1,33892;-0,25285
195,47802;-1,33875;-0,25283
195,48800;-1,33858;-0,25290
195,49802;-1,33841;-0,25282
195,50802;-1,33818;-0,25290
195,51800;-1,33807;-0,25281
195,52802;-1,33784;-0,25280
195,53802;-1,33767;-0,25282
195,54800;-1,33750;-0,25275
195,55802;-1,33733;-0,25273
195,56802;-1,33716;-0,25283
195,57800;-1,33699;-0,25282
195,58802;-1,33682;-0,25274
195,59800;-1,33671;-0,25297
195,60800;-1,33654;-0,25273
195,61802;-1,33637;-0,25289
195,62800;-1,33620;-0,25276
195,63802;-1,33603;-0,25273
195,64802;-1,33580;-0,25273
195,65800;-1,33563;-0,25284
195,66802;-1,33546;-0,25267
195,67802;-1,33529;-0,25286
195,68800;-1,33512;-0,25277
195,69802;-1,33495;-0,25282
195,70800;-1,33478;-0,25277
195,71800;-1,33461;-0,25268
195,72802;-1,33444;-0,25281
195,73800;-1,33427;-0,25270
195,74802;-1,33410;-0,25278
195,75802;-1,33393;-0,25272
195,76800;-1,33376;-0,25281
195,77802;-1,33359;-0,25270
195,78802;-1,33342;-0,25278
195,79800;-1,33331;-0,25253
195,80802;-1,33314;-0,25278
195,81802;-1,33297;-0,25262
195,82800;-1,33280;-0,25284
195,83802;-1,33263;-0,25277
195,84800;-1,33252;-0,25272
195,85800;-1,33235;-0,25269
195,86802;-1,33218;-0,25265
195,87800;-1,33201;-0,25273
195,88802;-1,33184;-0,25255
195,89802;-1,33167;-0,25274
195,90800;-1,33150;-0,25251
195,91802;-1,33138;-0,25295
195,92802;-1,33121;-0,25258
195,93800;-1,33104;-0,25293
195,94802;-1,33087;-0,25257
195,95800;-1,33070;-0,25271
195,96800;-1,33053;-0,25262
195,97802;-1,33036;-0,25269
195,98800;-1,33019;-0,25258
195,99802;-1,33002;-0,25263
196,00802;-1,32991;-0,25268
196,01800;-1,32974;-0,25258
196,02802;-1,32957;-0,25293
196,03802;-1,32940;-0,25251
196,04800;-1,32923;-0,25278
196,05802;-1,32906;-0,25253
196,06802;-1,32889;-0,25279
196,07800;-1,32872;-0,25255
196,08802;-1,32855;-0,25268
196,09800;-1,32838;-0,25264
196,10800;-1,32821;-0,25271
196,11802;-1,32804;-0,25268
196,12800;-1,32787;-0,25270
196,13802;-1,32770;-0,25260
196,14802;-1,32753;-0,25256
196,15800;-1,32736;-0,25276
196,16802;-1,32719;-0,25257
196,17802;-1,32702;-0,25276
196,18800;-1,32685;-0,25252
196,19802;-1,32668;-0,25263
196,20800;-1,32651;-0,25252
196,21800;-1,32634;-0,25269
196,22802;-1,32617;-0,25251
196,23800;-1,32606;-0,25261
196,24802;-1,32589;-0,25256
196,25802;-1,32572;-0,25256
196,26800;-1,32555;-0,25260
196,27802;-1,32538;-0,25256
196,28802;-1,32521;-0,25255
196,29800;-1,32504;-0,25248
196,30802;-1,32487;-0,25266
196,31802;-1,32470;-0,25249
196,32800;-1,32453;-0,25262
196,33802;-1,32436;-0,25255
196,34800;-1,32419;-0,25262
196,35800;-1,32402;-0,25264
196,36802;-1,32385;-0,25267
196,37800;-1,32368;-0,25251
196,38802;-1,32351;-0,25244
196,39802;-1,32339;-0,25259
196,40800;-1,32322;-0,25250
196,41802;-1,32305;-0,25260
196,42802;-1,32288;-0,25247
196,43800;-1,32271;-0,25257
196,44802;-1,32254;-0,25251
196,45800;-1,32237;-0,25265
196,46800;-1,32220;-0,25247
196,47802;-1,32203;-0,25251
196,48800;-1,32186;-0,25249
196,49802;-1,32169;-0,25253
196,50802;-1,32152;-0,25259
196,51800;-1,32135;-0,25252
196,52802;-1,32118;-0,25250
196,53802;-1,32101;-0,25244
196,54800;-1,32084;-0,25258
196,55802;-1,32067;-0,25242
196,56802;-1,32056;-0,25252
196,57800;-1,32039;-0,25238
196,58802;-1,32022;-0,25251
196,59800;-1,32005;-0,25248
196,60800;-1,31988;-0,25253
196,61802;-1,31971;-0,25247
196,62800;-1,31954;-0,25252
196,63802;-1,31937;-0,25247
196,64802;-1,31920;-0,25250
196,65800;-1,31903;-0,25258
196,66802;-1,31886;-0,25241
196,67802;-1,31869;-0,25249
196,68800;-1,31858;-0,25246
196,69802;-1,31841;-0,25256
196,70800;-1,31824;-0,25237
196,71800;-1,31807;-0,25252
196,72802;-1,31790;-0,25245
196,73800;-1,31773;-0,25249
196,74802;-1,31756;-0,25255
196,75802;-1,31739;-0,25249
196,76800;-1,31722;-0,25240
196,77802;-1,31705;-0,25246
196,78802;-1,31688;-0,25249
196,79800;-1,31671;-0,25235
196,80802;-1,31654;-0,25249
196,81802;-1,31637;-0,25234
196,82800;-1,31620;-0,25251
196,83802;-1,31603;-0,25241
196,84800;-1,31586;-0,25251
196,85802;-1,31569;-0,25238
196,86802;-1,31552;-0,25254
196,87800;-1,31535;-0,25246
196,88802;-1,31518;-0,25241
196,89802;-1,31506;-0,25247
196,90800;-1,31489;-0,25232
196,91802;-1,31472;-0,25245
196,92802;-1,31455;-0,25239
196,93800;-1,31438;-0,25246
196,94802;-1,31416;-0,25224
196,95800;-1,31399;-0,25250
196,96800;-1,31382;-0,25226
196,97802;-1,31365;-0,25252
196,98800;-1,31348;-0,25236
196,99802;-1,31331;-0,25242
197,00802;-1,31314;-0,25242
197,01800;-1,31297;-0,25246
197,02802;-1,31280;-0,25248
197,03802;-1,31263;-0,25238
197,04800;-1,31246;-0,25247
197,05802;-1,31229;-0,25228
197,06802;-1,31212;-0,25247
197,07800;-1,31195;-0,25232
197,08802;-1,31178;-0,25236
197,09800;-1,31166;-0,25220
197,10802;-1,31149;-0,25245
197,11802;-1,31132;-0,25229
197,12800;-1,31115;-0,25244
197,13802;-1,31098;-0,25243
197,14802;-1,31081;-0,25234
197,15800;-1,31064;-0,25246
197,16802;-1,31047;-0,25245
197,17802;-1,31036;-0,25245
197,18800;-1,31019;-0,25223
197,19802;-1,31002;-0,25253
197,20800;-1,30985;-0,25230
197,21800;-1,30968;-0,25255
197,22802;-1,30957;-0,25236
197,23800;-1,30940;-0,25244
197,24802;-1,30923;-0,25228
197,25802;-1,30906;-0,25256
197,26800;-1,30889;-0,25239
197,27802;-1,30872;-0,25228
197,28802;-1,30855;-0,25251
197,29800;-1,30838;-0,25221
197,30802;-1,30821;-0,25247
197,31802;-1,30804;-0,25229
197,32800;-1,30787;-0,25245
197,33802;-1,30770;-0,25221
197,34800;-1,30753;-0,25265
197,35802;-1,30736;-0,25224
197,36802;-1,30719;-0,25244
197,37800;-1,30702;-0,25240
197,38802;-1,30690;-0,25230
197,39802;-1,30673;-0,25249
197,40800;-1,30656;-0,25242
197,41802;-1,30639;-0,25245
197,42802;-1,30622;-0,25227
197,43800;-1,30605;-0,25251
197,44802;-1,30588;-0,25221
197,45800;-1,30571;-0,25241
197,46800;-1,30554;-0,25221
197,47802;-1,30537;-0,25240
197,48800;-1,30520;-0,25228
197,49802;-1,30503;-0,25247
197,50802;-1,30486;-0,25245
197,51800;-1,30469;-0,25230
197,52802;-1,30452;-0,25247
197,53802;-1,30435;-0,25232
197,54800;-1,30418;-0,25246
197,55802;-1,30407;-0,25230
197,56802;-1,30390;-0,25245
197,57800;-1,30367;-0,25219
197,58802;-1,30350;-0,25250
197,59800;-1,30333;-0,25224
197,60802;-1,30316;-0,25245
197,61802;-1,30299;-0,25228
197,62800;-1,30282;-0,25231
197,63802;-1,30265;-0,25239
197,64802;-1,30248;-0,25240
197,65800;-1,30231;-0,25229
197,66802;-1,30214;-0,25238
197,67802;-1,30197;-0,25245
197,68800;-1,30180;-0,25230
197,69802;-1,30163;-0,25253
197,70800;-1,30146;-0,25223
197,71800;-1,30129;-0,25233
197,72802;-1,30112;-0,25234
197,73800;-1,30095;-0,25233
197,74802;-1,30078;-0,25237
197,75802;-1,30061;-0,25235
197,76800;-1,30044;-0,25238
197,77802;-1,30027;-0,25236
197,78802;-1,30010;-0,25251
197,79800;-1,29993;-0,25233
197,80802;-1,29976;-0,25244
197,81802;-1,29959;-0,25230
197,82800;-1,29942;-0,25245
197,83802;-1,29925;-0,25244
197,84800;-1,29908;-0,25242
197,85802;-1,29897;-0,25232
197,86802;-1,29880;-0,25238
197,87800;-1,29863;-0,25247
197,88802;-1,29846;-0,25240
197,89802;-1,29829;-0,25232
197,90800;-1,29812;-0,25229
197,91802;-1,29795;-0,25234
197,92802;-1,29784;-0,25238
197,93800;-1,29767;-0,25252
197,94802;-1,29750;-0,25232
197,95800;-1,29733;-0,25250
197,96800;-1,29716;-0,25241
197,97802;-1,29699;-0,25247
197,98800;-1,29682;-0,25232
197,99802;-1,29670;-0,25237
198,00802;-1,29653;-0,25229
198,01800;-1,29636;-0,25247
198,02802;-1,29619;-0,25241
198,03802;-1,29602;-0,25245
198,04800;-1,29585;-0,25237
198,05802;-1,29568;-0,25240
198,06802;-1,29557;-0,25249
198,07800;-1,29540;-0,25242
198,08802;-1,29523;-0,25236
198,09800;-1,29506;-0,25238
198,10802;-1,29489;-0,25233
198,11802;-1,29472;-0,25242
198,12800;-1,29455;-0,25246
198,13802;-1,29438;-0,25233
198,14802;-1,29421;-0,25246
198,15800;-1,29404;-0,25249
198,16802;-1,29387;-0,25247
198,17802;-1,29370;-0,25251
198,18800;-1,29353;-0,25243
198,19802;-1,29336;-0,25242
198,20800;-1,29319;-0,25240
198,21800;-1,29302;-0,25243
198,22802;-1,29285;-0,25241
198,23800;-1,29268;-0,25253
198,24802;-1,29251;-0,25248
198,25802;-1,29234;-0,25248
198,26800;-1,29217;-0,25252
198,27802;-1,29200;-0,25244
198,28802;-1,29183;-0,25251
198,29800;-1,29166;-0,25240
198,30802;-1,29149;-0,25259
198,31802;-1,29132;-0,25246
198,32800;-1,29115;-0,25263
198,33802;-1,29098;-0,25249
198,34800;-1,29081;-0,25258
198,35802;-1,29064;-0,25248
198,36802;-1,29047;-0,25257
198,37800;-1,29030;-0,25245
198,38802;-1,29013;-0,25245
198,39802;-1,28996;-0,25264
198,40800;-1,28985;-0,25239
198,41802;-1,28968;-0,25273
198,42802;-1,28951;-0,25253
198,43800;-1,28934;-0,25262
198,44802;-1,28917;-0,25245
198,45800;-1,28900;-0,25278
198,46800;-1,28883;-0,25243
198,47802;-1,28866;-0,25266
198,48800;-1,28849;-0,25259
198,49802;-1,28832;-0,25255
198,50802;-1,28815;-0,25267
198,51800;-1,28798;-0,25269
198,52802;-1,28786;-0,25264
198,53802;-1,28769;-0,25252
198,54800;-1,28752;-0,25279
198,55802;-1,28735;-0,25252
198,56802;-1,28718;-0,25280
198,57800;-1,28701;-0,25258
198,58802;-1,28684;-0,25276
198,59800;-1,28667;-0,25251
198,60802;-1,28650;-0,25272
198,61802;-1,28639;-0,25260
198,62800;-1,28622;-0,25266
198,63802;-1,28605;-0,25270
198,64802;-1,28588;-0,25265
198,65800;-1,28571;-0,25272
198,66802;-1,28554;-0,25271
198,67802;-1,28537;-0,25277
198,68800;-1,28520;-0,25260
198,69802;-1,28503;-0,25284
198,70800;-1,28492;-0,25244
198,71800;-1,28469;-0,25285
198,72802;-1,28458;-0,25261
198,73800;-1,28441;-0,25284
198,74802;-1,28424;-0,25274
198,75802;-1,28407;-0,25283
198,76800;-1,28390;-0,25272
198,77802;-1,28373;-0,25277
198,78802;-1,28356;-0,25275
198,79800;-1,28339;-0,25267
198,80802;-1,28322;-0,25288
198,81802;-1,28305;-0,25264
198,82800;-1,28288;-0,25304
198,83802;-1,28271;-0,25279
198,84800;-1,28254;-0,25308
198,85802;-1,28237;-0,25276
198,86802;-1,28220;-0,25292
198,87800;-1,28203;-0,25270
198,88802;-1,28186;-0,25280
198,89802;-1,28169;-0,25276
198,90800;-1,28152;-0,25289
198,91802;-1,28135;-0,25294
198,92802;-1,28118;-0,25286
198,93800;-1,28101;-0,25314
198,94802;-1,28084;-0,25268
198,95800;-1,28067;-0,25313
198,96800;-1,28050;-0,25274
198,97802;-1,28033;-0,25311
198,98800;-1,28016;-0,25281
198,99802;-1,27993;-0,25311
199,00802;-1,27982;-0,25276
199,01800;-1,27965;-0,25311
199,02802;-1,27948;-0,25291
199,03802;-1,27931;-0,25300
199,04800;-1,27914;-0,25312
199,05802;-1,27897;-0,25285
199,06802;-1,27880;-0,25318
199,07800;-1,27863;-0,25298
199,08802;-1,27846;-0,25323
199,09800;-1,27829;-0,25292
199,10802;-1,27812;-0,25319
199,11802;-1,27795;-0,25288
199,12800;-1,27778;-0,25312
199,13802;-1,27761;-0,25305
199,14802;-1,27744;-0,25301
199,15800;-1,27727;-0,25312
199,16802;-1,27715;-0,25315
199,17802;-1,27698;-0,25334
199,18800;-1,27681;-0,25310
199,19802;-1,27664;-0,25330
199,20800;-1,27647;-0,25299
199,21800;-1,27630;-0,25325
199,22802;-1,27619;-0,25315
199,23800;-1,27602;-0,25326
199,24802;-1,27585;-0,25316
199,25802;-1,27568;-0,25330
199,26800;-1,27551;-0,25334
199,27802;-1,27534;-0,25316
199,28802;-1,27523;-0,25342
199,29800;-1,27506;-0,25310
199,30802;-1,27489;-0,25341
199,31802;-1,27472;-0,25324
199,32800;-1,27455;-0,25346
199,33802;-1,27438;-0,25321
199,34800;-1,27426;-0,25357
199,35802;-1,27409;-0,25334
199,36802;-1,27392;-0,25350
199,37800;-1,27375;-0,25341
199,38802;-1,27358;-0,25331
199,39802;-1,27341;-0,25337
199,40800;-1,27324;-0,25335
199,41802;-1,27302;-0,25352
199,42802;-1,27285;-0,25336
199,43800;-1,27268;-0,25364
199,44802;-1,27251;-0,25344
199,45800;-1,27234;-0,25365
199,46800;-1,27217;-0,25350
199,47802;-1,27200;-0,25368
199,48800;-1,27188;-0,25347
199,49802;-1,27171;-0,25366
199,50802;-1,27154;-0,25363
199,51800;-1,27137;-0,25358
199,52802;-1,27120;-0,25371
199,53802;-1,27103;-0,25356
199,54800;-1,27081;-0,25372
199,55802;-1,27064;-0,25357
199,56802;-1,27047;-0,25379
199,57800;-1,27030;-0,25361
199,58802;-1,27013;-0,25393
199,59800;-1,26996;-0,25370
199,60802;-1,26979;-0,25398
199,61802;-1,26962;-0,25378
199,62800;-1,26945;-0,25390
199,63802;-1,26928;-0,25385
199,64802;-1,26911;-0,25384
199,65800;-1,26899;-0,25399
199,66802;-1,26882;-0,25393
199,67802;-1,26865;-0,25408
199,68800;-1,26854;-0,25390
199,69802;-1,26837;-0,25415
199,70800;-1,26820;-0,25381
199,71800;-1,26803;-0,25420
199,72802;-1,26786;-0,25396
199,73800;-1,26769;-0,25414
199,74802;-1,26752;-0,25406
199,75802;-1,26735;-0,25423
199,76800;-1,26718;-0,25416
199,77802;-1,26701;-0,25414
199,78802;-1,26684;-0,25434
199,79800;-1,26673;-0,25400
199,80802;-1,26656;-0,25430
199,81802;-1,26639;-0,25407
199,82800;-1,26622;-0,25443
199,83802;-1,26610;-0,25405
199,84800;-1,26588;-0,25455
199,85802;-1,26576;-0,25422
199,86802;-1,26554;-0,25447
199,87800;-1,26537;-0,25444
199,88802;-1,26520;-0,25434
199,89802;-1,26503;-0,25444
199,90800;-1,26486;-0,25430
199,91802;-1,26469;-0,25457
199,92802;-1,26452;-0,25439
199,93800;-1,26435;-0,25481
199,94802;-1,26418;-0,25440
199,95800;-1,26401;-0,25493
199,96800;-1,26384;-0,25447
199,97802;-1,26372;-0,25493
199,98800;-1,26355;-0,25462
199,99802;-1,26338;-0,25480
200,00802;-1,26321;-0,25485
200,01800;-1,26304;-0,25476
200,02802;-1,26287;-0,25495
200,03802;-1,26270;-0,25479
200,04800;-1,26253;-0,25496
200,05802;-1,26236;-0,25478
200,06802;-1,26219;-0,25512
200,07800;-1,26202;-0,25474
200,08802;-1,26185;-0,25531
200,09800;-1,26168;-0,25488
200,10802;-1,26157;-0,25532
200,11802;-1,26134;-0,25504
200,12800;-1,26117;-0,25525
200,13802;-1,26106;-0,25518
200,14802;-1,26089;-0,25528
200,15800;-1,26072;-0,25524
200,16802;-1,26055;-0,25525
200,17802;-1,26038;-0,25545
200,18800;-1,26021;-0,25521
200,19802;-1,26004;-0,25558
200,20800;-1,25987;-0,25524
200,21800;-1,25964;-0,25583
200,22802;-1,25947;-0,25527
200,23800;-1,25930;-0,25588
200,24802;-1,25913;-0,25556
200,25802;-1,25896;-0,25578
200,26800;-1,25879;-0,25578
200,27802;-1,25862;-0,25585
200,28802;-1,25845;-0,25582
200,29800;-1,25828;-0,25585
200,30802;-1,25811;-0,25611
200,31802;-1,25794;-0,25575
200,32800;-1,25783;-0,25633
200,33802;-1,25766;-0,25583
200,34800;-1,25749;-0,25633
200,35802;-1,25732;-0,25612
200,36802;-1,25715;-0,25641
200,37800;-1,25692;-0,25614
200,38802;-1,25675;-0,25651
200,39802;-1,25658;-0,25631
200,40800;-1,25641;-0,25633
200,41802;-1,25624;-0,25659
200,42802;-1,25607;-0,25637
200,43800;-1,25596;-0,25675
200,44802;-1,25579;-0,25661
200,45800;-1,25562;-0,25693
200,46800;-1,25551;-0,25659
200,47802;-1,25534;-0,25708
200,48800;-1,25517;-0,25680
200,49802;-1,25500;-0,25706
200,50802;-1,25483;-0,25702
200,51800;-1,25466;-0,25709
200,52802;-1,25454;-0,25712
200,53802;-1,25437;-0,25723
200,54800;-1,25420;-0,25735
200,55802;-1,25403;-0,25722
200,56802;-1,25392;-0,25763
200,57800;-1,25375;-0,25743
200,58802;-1,25358;-0,25781
200,59800;-1,25341;-0,25770
200,60802;-1,25324;-0,25795
200,61802;-1,25307;-0,25775
200,62800;-1,25290;-0,25823
200,63802;-1,25273;-0,25806
200,64802;-1,25256;-0,25830
200,65800;-1,25239;-0,25834
200,66802;-1,25222;-0,25841
200,67802;-1,25205;-0,25858
200,68800;-1,25188;-0,25860
200,69802;-1,25171;-0,25885
200,70800;-1,25154;-0,25879
200,71800;-1,25137;-0,25911
200,72802;-1,25120;-0,25897
200,73800;-1,25103;-0,25943
200,74802;-1,25086;-0,25917
200,75802;-1,25069;-0,25970
200,76800;-1,25052;-0,25965
200,77802;-1,25035;-0,25994
200,78802;-1,25018;-0,26014
200,79800;-1,25001;-0,26020
200,80802;-1,24984;-0,26040
200,81802;-1,24967;-0,26058
200,82800;-1,24950;-0,26096
200,83802;-1,24933;-0,26117
200,84800;-1,24916;-0,26171
200,85802;-1,24899;-0,26185
200,86802;-1,24876;-0,26258
200,87800;-1,24859;-0,26295
200,88802;-1,24842;-0,26397
200,89802;-1,24825;-0,26724
200,90800;-1,24808;-0,28121
200,91802;-1,24791;-0,29064
200,92802;-1,24774;-0,30112
200,93800;-1,24757;-0,30425
200,94802;-1,24746;-0,30784
200,95800;-1,24729;-0,30742
200,96800;-1,24718;-0,30755
200,97802;-1,24701;-0,30698
200,98800;-1,24684;-0,30559
200,99802;-1,24667;-0,30633
201,00802;-1,24650;-0,30443
201,01800;-1,24633;-0,30605
201,02802;-1,24616;-0,30409
201,03802;-1,24599;-0,30586
201,04800;-1,24582;-0,30399
201,05802;-1,24565;-0,30546
201,06802;-1,24548;-0,30424
201,07800;-1,24531;-0,30488
201,08802;-1,24514;-0,30454
201,09800;-1,24497;-0,30438
201,10802;-1,24480;-0,30497
201,11802;-1,24468;-0,30377
201,12800;-1,24451;-0,30518
201,13802;-1,24434;-0,30339
201,14802;-1,24417;-0,30504
201,15800;-1,24400;-0,30341
201,16802;-1,24383;-0,30479
201,17802;-1,24366;-0,30346
201,18800;-1,24349;-0,30444
201,19802;-1,24332;-0,30381
201,20800;-1,24315;-0,30379
201,21800;-1,24298;-0,30413
201,22802;-1,24281;-0,30323
201,23800;-1,24264;-0,30419
201,24802;-1,24247;-0,30300
201,25802;-1,24230;-0,30430
201,26800;-1,24213;-0,30280
201,27802;-1,24196;-0,30416
201,28802;-1,24185;-0,30287
201,29800;-1,24168;-0,30371
201,30802;-1,24151;-0,30304
201,31802;-1,24134;-0,30326
201,32800;-1,24117;-0,30317
201,33802;-1,24100;-0,30278
201,34800;-1,24083;-0,30347
201,35802;-1,24066;-0,30249
201,36802;-1,24049;-0,30356
201,37800;-1,24032;-0,30230
201,38802;-1,24015;-0,30349
201,39802;-1,23998;-0,30230
201,40800;-1,23981;-0,30315
201,41802;-1,23964;-0,30226
201,42802;-1,23953;-0,30272
201,43800;-1,23936;-0,30251
201,44802;-1,23919;-0,30243
201,45800;-1,23902;-0,30270
201,46800;-1,23885;-0,30211
201,47802;-1,23868;-0,30275
201,48800;-1,23851;-0,30192
201,49802;-1,23828;-0,30269
201,50802;-1,23811;-0,30182
201,51800;-1,23794;-0,30252
201,52802;-1,23777;-0,30182
201,53802;-1,23760;-0,30236
201,54800;-1,23743;-0,30192
201,55802;-1,23726;-0,30198
201,56802;-1,23709;-0,30197
201,57800;-1,23692;-0,30167
201,58802;-1,23675;-0,30195
201,59800;-1,23658;-0,30152
201,60802;-1,23641;-0,30194
201,61802;-1,23630;-0,30136
201,62800;-1,23613;-0,30199
201,63802;-1,23596;-0,30129
201,64802;-1,23579;-0,30182
201,65800;-1,23562;-0,30129
201,66802;-1,23545;-0,30144
201,67802;-1,23528;-0,30117
201,68800;-1,23505;-0,30141
201,69802;-1,23488;-0,30129
201,70800;-1,23477;-0,30111
201,71800;-1,23460;-0,30139
201,72802;-1,23443;-0,30092
201,73800;-1,23431;-0,30141
201,74802;-1,23414;-0,30080
201,75802;-1,23397;-0,30123
201,76800;-1,23380;-0,30068
201,77802;-1,23369;-0,30115
201,78802;-1,23346;-0,30068
201,79800;-1,23335;-0,30091
201,80802;-1,23318;-0,30062
201,81802;-1,23301;-0,30059
201,82800;-1,23284;-0,30068
201,83802;-1,23267;-0,30040
201,84800;-1,23250;-0,30073
201,85802;-1,23233;-0,30029
201,86802;-1,23216;-0,30070
201,87800;-1,23199;-0,30024
201,88802;-1,23182;-0,30065
201,89802;-1,23171;-0,30016
201,90800;-1,23154;-0,30045
201,91802;-1,23137;-0,30010
201,92802;-1,23120;-0,30014
201,93800;-1,23103;-0,30014
201,94802;-1,23086;-0,29992
201,95800;-1,23074;-0,30018
201,96800;-1,23057;-0,29979
201,97802;-1,23040;-0,30018
201,98800;-1,23023;-0,29974
201,99802;-1,23006;-0,30005
202,00802;-1,22989;-0,29971
202,01800;-1,22972;-0,29989
202,02802;-1,22950;-0,29956
202,03802;-1,22938;-0,29972
202,04800;-1,22916;-0,29956
202,05802;-1,22899;-0,29948
202,06802;-1,22887;-0,29968
202,07800;-1,22870;-0,29932
202,08802;-1,22853;-0,29954
202,09800;-1,22836;-0,29921
202,10802;-1,22819;-0,29948
202,11802;-1,22802;-0,29911
202,12800;-1,22785;-0,29931
202,13802;-1,22768;-0,29904
202,14802;-1,22746;-0,29915
202,15800;-1,22729;-0,29901
202,16802;-1,22712;-0,29900
202,17802;-1,22695;-0,29899
202,18800;-1,22678;-0,29877
202,19802;-1,22661;-0,29900
202,20800;-1,22644;-0,29865
202,21800;-1,22627;-0,29896
202,22802;-1,22610;-0,29851
202,23800;-1,22593;-0,29876
202,24802;-1,22576;-0,29845
202,25802;-1,22564;-0,29865
202,26800;-1,22547;-0,29850
202,27802;-1,22530;-0,29852
202,28802;-1,22513;-0,29843
202,29800;-1,22496;-0,29836
202,30802;-1,22485;-0,29844
202,31802;-1,22462;-0,29810
202,32800;-1,22445;-0,29834
202,33802;-1,22428;-0,29800
202,34800;-1,22411;-0,29826
202,35802;-1,22394;-0,29799
202,36802;-1,22377;-0,29823
202,37800;-1,22360;-0,29795
202,38802;-1,22343;-0,29807
202,39802;-1,22332;-0,29789
202,40800;-1,22315;-0,29789
202,41802;-1,22298;-0,29787
202,42802;-1,22281;-0,29751
202,43800;-1,22264;-0,29776
202,44802;-1,22247;-0,29743
202,45800;-1,22230;-0,29776
202,46800;-1,22213;-0,29735
202,47802;-1,22196;-0,29758
202,48800;-1,22179;-0,29733
202,49802;-1,22162;-0,29751
202,50802;-1,22145;-0,29729
202,51800;-1,22128;-0,29732
202,52802;-1,22111;-0,29728
202,53802;-1,22094;-0,29716
202,54800;-1,22077;-0,29744
202,55802;-1,22066;-0,29697
202,56802;-1,22049;-0,29728
202,57800;-1,22032;-0,29684
202,58802;-1,22015;-0,29711
202,59800;-1,21998;-0,29670
202,60802;-1,21986;-0,29709
202,61802;-1,21969;-0,29669
202,62800;-1,21952;-0,29680
202,63802;-1,21935;-0,29678
202,64802;-1,21918;-0,29681
202,65800;-1,21901;-0,29666
202,66802;-1,21884;-0,29654
202,67802;-1,21867;-0,29664
202,68800;-1,21850;-0,29638
202,69802;-1,21833;-0,29670
202,70800;-1,21822;-0,29633
202,71800;-1,21805;-0,29651
202,72802;-1,21788;-0,29633
202,73800;-1,21771;-0,29647
202,74802;-1,21760;-0,29622
202,75802;-1,21743;-0,29629
202,76800;-1,21726;-0,29611
202,77802;-1,21709;-0,29608
202,78802;-1,21692;-0,29617
202,79800;-1,21675;-0,29604
202,80802;-1,21658;-0,29614
202,81802;-1,21641;-0,29580
202,82800;-1,21624;-0,29602
202,83802;-1,21607;-0,29566
202,84800;-1,21590;-0,29586
202,85802;-1,21573;-0,29556
202,86802;-1,21556;-0,29566
202,87800;-1,21539;-0,29557
202,88802;-1,21522;-0,29569
202,89802;-1,21505;-0,29559
202,90800;-1,21488;-0,29547
202,91802;-1,21471;-0,29550
202,92802;-1,21454;-0,29536
202,93800;-1,21442;-0,29542
202,94802;-1,21425;-0,29513
202,95800;-1,21408;-0,29530
202,96800;-1,21386;-0,29506
202,97802;-1,21369;-0,29528
202,98800;-1,21352;-0,29509
202,99802;-1,21335;-0,29519
203,00802;-1,21318;-0,29499
203,01800;-1,21301;-0,29497
203,02802;-1,21289;-0,29493
203,03802;-1,21272;-0,29481
203,04800;-1,21255;-0,29480
203,05802;-1,21238;-0,29476
203,06802;-1,21221;-0,29470
203,07800;-1,21204;-0,29471
203,08802;-1,21187;-0,29473
203,09800;-1,21170;-0,29447
203,10802;-1,21159;-0,29466
203,11802;-1,21142;-0,29438
203,12800;-1,21125;-0,29443
203,13802;-1,21108;-0,29438
203,14802;-1,21091;-0,29434
203,15800;-1,21074;-0,29433
203,16802;-1,21057;-0,29431
203,17802;-1,21040;-0,29427
203,18800;-1,21023;-0,29413
203,19802;-1,21006;-0,29412
203,20800;-1,20989;-0,29396
203,21800;-1,20972;-0,29405
203,22802;-1,20955;-0,29389
203,23800;-1,20944;-0,29396
203,24802;-1,20927;-0,29376
203,25802;-1,20910;-0,29384
203,26800;-1,20887;-0,29369
203,27802;-1,20876;-0,29371
203,28802;-1,20853;-0,29363
203,29800;-1,20836;-0,29349
203,30802;-1,20819;-0,29364
203,31802;-1,20802;-0,29349
203,32800;-1,20785;-0,29346
203,33802;-1,20768;-0,29335
203,34800;-1,20751;-0,29337
203,35802;-1,20734;-0,29321
203,36802;-1,20717;-0,29325
203,37800;-1,20700;-0,29306
203,38802;-1,20683;-0,29311
203,39802;-1,20666;-0,29314
203,40800;-1,20649;-0,29305
203,41802;-1,20632;-0,29306
203,42802;-1,20615;-0,29292
203,43800;-1,20598;-0,29293
203,44802;-1,20581;-0,29279
203,45800;-1,20564;-0,29289
203,46800;-1,20547;-0,29256
203,47802;-1,20524;-0,29277
203,48800;-1,20507;-0,29263
203,49802;-1,20496;-0,29269
203,50802;-1,20479;-0,29254
203,51800;-1,20462;-0,29255
203,52802;-1,20445;-0,29243
203,53802;-1,20428;-0,29241
203,54800;-1,20411;-0,29250
203,55802;-1,20400;-0,29222
203,56802;-1,20383;-0,29238
203,57800;-1,20366;-0,29218
203,58802;-1,20349;-0,29223
203,59800;-1,20332;-0,29209
203,60802;-1,20315;-0,29211
203,61802;-1,20298;-0,29193
203,62800;-1,20281;-0,29200
203,63802;-1,20264;-0,29192
203,64802;-1,20247;-0,29178
203,65800;-1,20230;-0,29187
203,66802;-1,20213;-0,29168
203,67802;-1,20201;-0,29179
203,68800;-1,20184;-0,29171
203,69802;-1,20167;-0,29172
203,70800;-1,20150;-0,29156
203,71800;-1,20133;-0,29157
203,72802;-1,20116;-0,29148
203,73800;-1,20099;-0,29149
203,74802;-1,20082;-0,29146
203,75802;-1,20065;-0,29133
203,76800;-1,20048;-0,29143
203,77802;-1,20031;-0,29118
203,78802;-1,20014;-0,29142
203,79800;-1,19997;-0,29121
203,80802;-1,19980;-0,29125
203,81802;-1,19963;-0,29116
203,82800;-1,19952;-0,29115
203,83802;-1,19935;-0,29109
203,84800;-1,19918;-0,29100
203,85802;-1,19901;-0,29094
203,86802;-1,19884;-0,29080
203,87800;-1,19867;-0,29081
203,88802;-1,19856;-0,29080
203,89802;-1,19839;-0,29087
203,90800;-1,19822;-0,29069
203,91802;-1,19805;-0,29075
203,92802;-1,19788;-0,29072
203,93800;-1,19771;-0,29062
203,94802;-1,19754;-0,29067
203,95800;-1,19737;-0,29047
203,96800;-1,19720;-0,29051
203,97802;-1,19703;-0,29047
203,98800;-1,19686;-0,29041
203,99802;-1,19674;-0,29037
204,00802;-1,19657;-0,29028
204,01800;-1,19640;-0,29029
204,02802;-1,19623;-0,29034
204,03802;-1,19606;-0,29022
204,04800;-1,19589;-0,29012
204,05802;-1,19572;-0,29015
204,06802;-1,19555;-0,29006
204,07800;-1,19538;-0,29015
204,08802;-1,19521;-0,28998
204,09800;-1,19504;-0,29001
204,10802;-1,19487;-0,28995
204,11802;-1,19470;-0,28991
204,12800;-1,19453;-0,28986
204,13802;-1,19436;-0,28971
204,14802;-1,19419;-0,28964
204,15800;-1,19402;-0,28968
204,16802;-1,19380;-0,28966
204,17802;-1,19368;-0,28962
204,18800;-1,19346;-0,28971
204,19802;-1,19334;-0,28957
204,20800;-1,19317;-0,28960
204,21800;-1,19300;-0,28952
204,22802;-1,19283;-0,28935
204,23800;-1,19266;-0,28945
204,24802;-1,19249;-0,28930
204,25802;-1,19232;-0,28933
204,26800;-1,19215;-0,28924
204,27802;-1,19198;-0,28925
204,28802;-1,19181;-0,28917
204,29800;-1,19164;-0,28932
204,30802;-1,19147;-0,28917
204,31802;-1,19136;-0,28915
204,32800;-1,19119;-0,28919
204,33802;-1,19102;-0,28905
204,34800;-1,19085;-0,28906
204,35802;-1,19068;-0,28894
204,36802;-1,19051;-0,28886
204,37800;-1,19034;-0,28887
204,38802;-1,19017;-0,28886
204,39802;-1,19000;-0,28870
204,40800;-1,18983;-0,28876
204,41802;-1,18972;-0,28869
204,42802;-1,18955;-0,28872
204,43800;-1,18938;-0,28860
204,44802;-1,18921;-0,28863
204,45800;-1,18904;-0,28858
204,46800;-1,18887;-0,28855
204,47802;-1,18870;-0,28854
204,48800;-1,18853;-0,28847
204,49802;-1,18841;-0,28844
204,50802;-1,18824;-0,28834
204,51800;-1,18807;-0,28838
204,52802;-1,18790;-0,28817
204,53802;-1,18773;-0,28841
204,54800;-1,18756;-0,28809
204,55802;-1,18739;-0,28826
204,56802;-1,18722;-0,28813
204,57800;-1,18705;-0,28818
204,58802;-1,18688;-0,28814
204,59800;-1,18671;-0,28819
204,60802;-1,18654;-0,28800
204,61802;-1,18637;-0,28795
204,62800;-1,18620;-0,28804
204,63802;-1,18603;-0,28778
204,64802;-1,18586;-0,28795
204,65800;-1,18569;-0,28772
204,66802;-1,18552;-0,28786
204,67802;-1,18535;-0,28772
204,68800;-1,18518;-0,28787
204,69802;-1,18501;-0,28768
204,70800;-1,18484;-0,28769
204,71800;-1,18467;-0,28772
204,72802;-1,18450;-0,28757
204,73800;-1,18433;-0,28753
204,74802;-1,18416;-0,28753
204,75802;-1,18399;-0,28752
204,76800;-1,18382;-0,28731
204,77802;-1,18365;-0,28754
204,78802;-1,18348;-0,28728
204,79800;-1,18331;-0,28737
204,80802;-1,18314;-0,28731
204,81802;-1,18297;-0,28734
204,82800;-1,18280;-0,28724
204,83802;-1,18263;-0,28733
204,84800;-1,18252;-0,28717
204,85802;-1,18235;-0,28721
204,86802;-1,18218;-0,28716
204,87800;-1,18201;-0,28703
204,88802;-1,18184;-0,28709
204,89802;-1,18173;-0,28701
204,90800;-1,18156;-0,28704
204,91802;-1,18139;-0,28703
204,92802;-1,18122;-0,28705
204,93800;-1,18105;-0,28688
204,94802;-1,18088;-0,28702
204,95800;-1,18071;-0,28684
204,96800;-1,18054;-0,28692
204,97802;-1,18042;-0,28683
204,98800;-1,18025;-0,28676
204,99802;-1,18003;-0,28674
205,00802;-1,17986;-0,28676
205,01800;-1,17969;-0,28677
205,02802;-1,17952;-0,28673
205,03802;-1,17935;-0,28665
205,04800;-1,17918;-0,28662
205,05802;-1,17901;-0,28661
205,06802;-1,17884;-0,28660
205,07800;-1,17867;-0,28660
205,08802;-1,17850;-0,28651
205,09800;-1,17838;-0,28647
205,10802;-1,17821;-0,28658
205,11802;-1,17804;-0,28644
205,12800;-1,17787;-0,28641
205,13802;-1,17770;-0,28634
205,14802;-1,17753;-0,28619
205,15800;-1,17736;-0,28644
205,16802;-1,17719;-0,28629
205,17802;-1,17708;-0,28635
205,18800;-1,17691;-0,28627
205,19802;-1,17674;-0,28636
205,20800;-1,17657;-0,28631
205,21800;-1,17640;-0,28640
205,22802;-1,17623;-0,28613
205,23800;-1,17606;-0,28620
205,24802;-1,17589;-0,28619
205,25802;-1,17572;-0,28616
205,26800;-1,17555;-0,28618
205,27802;-1,17538;-0,28601
205,28802;-1,17521;-0,28611
205,29800;-1,17504;-0,28609
205,30802;-1,17487;-0,28623
205,31802;-1,17470;-0,28609
205,32800;-1,17459;-0,28603
205,33802;-1,17442;-0,28618
205,34800;-1,17425;-0,28616
205,35802;-1,17408;-0,28611
205,36802;-1,17391;-0,28614
205,37800;-1,17374;-0,28599
205,38802;-1,17357;-0,28600
205,39802;-1,17340;-0,28618
205,40800;-1,17323;-0,28609
205,41802;-1,17300;-0,28610
205,42802;-1,17283;-0,28617
205,43800;-1,17266;-0,28614
205,44802;-1,17249;-0,28619
205,45800;-1,17232;-0,28620
205,46800;-1,17215;-0,28610
205,47802;-1,17204;-0,28618
205,48800;-1,17187;-0,28617
205,49802;-1,17170;-0,28625
205,50802;-1,17153;-0,28628
205,51800;-1,17136;-0,28634
205,52802;-1,17119;-0,28639
205,53802;-1,17102;-0,28644
205,54800;-1,17085;-0,28653
205,55802;-1,17068;-0,28656
205,56802;-1,17051;-0,28664
205,57800;-1,17034;-0,28665
205,58802;-1,17017;-0,28685
205,59800;-1,17000;-0,28682
205,60802;-1,16988;-0,28723
205,61802;-1,16971;-0,28712
205,62800;-1,16954;-0,28741
205,63802;-1,16937;-0,28752
205,64802;-1,16920;-0,28771
205,65800;-1,16903;-0,28799
205,66802;-1,16886;-0,28846
205,67802;-1,16869;-0,28938
205,68800;-1,16852;-0,29710
205,69802;-1,16835;-0,30837
205,70800;-1,16818;-0,31750
205,71800;-1,16801;-0,32329
205,72802;-1,16784;-0,32728
205,73800;-1,16773;-0,32722
205,74802;-1,16756;-0,32880
205,75802;-1,16739;-0,32668
205,76800;-1,16722;-0,32747
205,77802;-1,16705;-0,32564
205,78802;-1,16688;-0,32643
205,79800;-1,16671;-0,32516
205,80802;-1,16654;-0,32556
205,81802;-1,16637;-0,32543
205,82800;-1,16626;-0,32492
205,83802;-1,16609;-0,32551
205,84800;-1,16592;-0,32456
205,85802;-1,16575;-0,32550
205,86802;-1,16552;-0,32421
205,87800;-1,16535;-0,32549
205,88802;-1,16518;-0,32416
205,89802;-1,16501;-0,32493
205,90800;-1,16484;-0,32424
205,91802;-1,16467;-0,32450
205,92802;-1,16450;-0,32429
205,93800;-1,16433;-0,32400
205,94802;-1,16416;-0,32437
205,95800;-1,16399;-0,32344
205,96800;-1,16382;-0,32437
205,97802;-1,16365;-0,32330
205,98800;-1,16348;-0,32403
205,99802;-1,16331;-0,32310
206,00802;-1,16314;-0,32393
206,01800;-1,16297;-0,32300
206,02802;-1,16280;-0,32333
206,03802;-1,16263;-0,32320
206,04800;-1,16246;-0,32281
206,05802;-1,16229;-0,32319
206,06802;-1,16212;-0,32265
206,07800;-1,16195;-0,32303
206,08802;-1,16178;-0,32225
206,09800;-1,16161;-0,32311
206,10802;-1,16144;-0,32211
206,11802;-1,16127;-0,32272
206,12800;-1,16116;-0,32217
206,13802;-1,16099;-0,32237
206,14802;-1,16082;-0,32208
206,15800;-1,16065;-0,32201
206,16802;-1,16048;-0,32212
206,17802;-1,16036;-0,32147
206,18800;-1,16014;-0,32218
206,19802;-1,16002;-0,32141
206,20800;-1,15985;-0,32191
206,21800;-1,15968;-0,32123
206,22802;-1,15951;-0,32167
206,23800;-1,15934;-0,32120
206,24802;-1,15917;-0,32134
206,25802;-1,15900;-0,32123
206,26800;-1,15883;-0,32087
206,27802;-1,15866;-0,32108
206,28802;-1,15849;-0,32063
206,29800;-1,15832;-0,32098
206,30802;-1,15815;-0,32032
206,31802;-1,15798;-0,32089
206,32800;-1,15781;-0,32018
206,33802;-1,15764;-0,32061
206,34800;-1,15747;-0,32028
206,35802;-1,15730;-0,32019
206,36802;-1,15713;-0,32016
206,37800;-1,15696;-0,31995
206,38802;-1,15679;-0,32007
206,39802;-1,15662;-0,31964
206,40800;-1,15645;-0,31996
206,41802;-1,15628;-0,31938
206,42802;-1,15611;-0,31970
206,43800;-1,15600;-0,31925
206,44802;-1,15583;-0,31958
206,45800;-1,15566;-0,31908
206,46800;-1,15555;-0,31925
206,47802;-1,15538;-0,31910
206,48800;-1,15521;-0,31885
206,49802;-1,15504;-0,31906
206,50802;-1,15487;-0,31876
206,51800;-1,15470;-0,31880
206,52802;-1,15458;-0,31852
206,53802;-1,15436;-0,31869
206,54800;-1,15419;-0,31820
206,55802;-1,15402;-0,31846
206,56802;-1,15385;-0,31812
206,57800;-1,15368;-0,31814
206,58802;-1,15351;-0,31808
206,59800;-1,15339;-0,31796
206,60802;-1,15322;-0,31803
206,61802;-1,15305;-0,31767
206,62800;-1,15288;-0,31790
206,63802;-1,15271;-0,31746
206,64802;-1,15254;-0,31770
206,65800;-1,15237;-0,31732
206,66802;-1,15220;-0,31742
206,67802;-1,15203;-0,31714
206,68800;-1,15186;-0,31712
206,69802;-1,15164;-0,31702
206,70800;-1,15147;-0,31671
206,71800;-1,15130;-0,31698
206,72802;-1,15113;-0,31658
206,73800;-1,15096;-0,31679
206,74802;-1,15079;-0,31642
206,75802;-1,15062;-0,31658
206,76800;-1,15045;-0,31623
206,77802;-1,15028;-0,31632
206,78802;-1,15011;-0,31617
206,79800;-1,14994;-0,31605
206,80802;-1,14977;-0,31601
206,81802;-1,14960;-0,31576
206,82800;-1,14943;-0,31592
206,83802;-1,14926;-0,31552
206,84800;-1,14909;-0,31574
206,85802;-1,14892;-0,31533
206,86802;-1,14875;-0,31546
206,87800;-1,14858;-0,31524
206,88802;-1,14841;-0,31529
206,89802;-1,14829;-0,31504
206,90800;-1,14812;-0,31503
206,91802;-1,14795;-0,31507
206,92802;-1,14778;-0,31475
206,93800;-1,14761;-0,31490
206,94802;-1,14744;-0,31448
206,95800;-1,14727;-0,31464
206,96800;-1,14710;-0,31430
206,97802;-1,14693;-0,31458
206,98800;-1,14676;-0,31417
206,99802;-1,14659;-0,31425
207,00802;-1,14642;-0,31420
207,01800;-1,14625;-0,31397
207,02802;-1,14608;-0,31403
207,03802;-1,14597;-0,31376
207,04800;-1,14580;-0,31383
207,05802;-1,14563;-0,31341
207,06802;-1,14546;-0,31374
207,07800;-1,14529;-0,31323
207,08802;-1,14512;-0,31347
207,09800;-1,14495;-0,31323
207,10802;-1,14478;-0,31319
207,11802;-1,14461;-0,31305
207,12800;-1,14444;-0,31293
207,13802;-1,14427;-0,31299
207,14802;-1,14410;-0,31262
207,15800;-1,14393;-0,31287
207,16802;-1,14376;-0,31239
207,17802;-1,14359;-0,31263
207,18800;-1,14336;-0,31217
207,19802;-1,14325;-0,31235
207,20800;-1,14308;-0,31206
207,21800;-1,14291;-0,31206
207,22802;-1,14274;-0,31204
207,23800;-1,14257;-0,31182
207,24802;-1,14246;-0,31189
207,25802;-1,14229;-0,31167
207,26800;-1,14212;-0,31187
207,27802;-1,14200;-0,31140
207,28802;-1,14183;-0,31166
207,29800;-1,14166;-0,31122
207,30802;-1,14149;-0,31136
207,31802;-1,14132;-0,31117
207,32800;-1,14115;-0,31111
207,33802;-1,14098;-0,31102
207,34800;-1,14081;-0,31080
207,35802;-1,14064;-0,31097
207,36802;-1,14047;-0,31052
207,37800;-1,14030;-0,31077
207,38802;-1,14013;-0,31039
207,39802;-1,13996;-0,31054
207,40800;-1,13979;-0,31024
207,41802;-1,13962;-0,31040
207,42802;-1,13945;-0,31004
207,43800;-1,13934;-0,31003
207,44802;-1,13917;-0,30999
207,45800;-1,13900;-0,30980
207,46800;-1,13883;-0,30982
207,47802;-1,13866;-0,30959
207,48800;-1,13849;-0,30970
207,49802;-1,13832;-0,30937
207,50802;-1,13815;-0,30962
207,51800;-1,13798;-0,30919
207,52802;-1,13781;-0,30925
207,53802;-1,13764;-0,30905
207,54800;-1,13747;-0,30910
207,55802;-1,13730;-0,30885
207,56802;-1,13713;-0,30888
207,57800;-1,13696;-0,30883
207,58802;-1,13679;-0,30862
207,59800;-1,13662;-0,30864
207,60802;-1,13645;-0,30845
207,61802;-1,13628;-0,30842
207,62800;-1,13611;-0,30818
207,63802;-1,13594;-0,30837
207,64802;-1,13577;-0,30797
207,65800;-1,13560;-0,30811
207,66802;-1,13543;-0,30785
207,67802;-1,13526;-0,30788
207,68800;-1,13509;-0,30767
207,69802;-1,13492;-0,30759
207,70800;-1,13475;-0,30761
207,71800;-1,13464;-0,30733
207,72802;-1,13447;-0,30750
207,73800;-1,13430;-0,30720
207,74802;-1,13413;-0,30726
207,75802;-1,13396;-0,30703
207,76800;-1,13384;-0,30714
207,77802;-1,13367;-0,30675
207,78802;-1,13350;-0,30695
207,79800;-1,13333;-0,30665
207,80802;-1,13316;-0,30667
207,81802;-1,13299;-0,30662
207,82800;-1,13282;-0,30642
207,83802;-1,13265;-0,30646
207,84800;-1,13248;-0,30624
207,85802;-1,13231;-0,30630
207,86802;-1,13214;-0,30601
207,87800;-1,13197;-0,30608
207,88802;-1,13180;-0,30585
207,89802;-1,13169;-0,30591
207,90800;-1,13152;-0,30563
207,91802;-1,13135;-0,30573
207,92802;-1,13118;-0,30562
207,93800;-1,13101;-0,30539
207,94802;-1,13084;-0,30542
207,95800;-1,13067;-0,30518
207,96800;-1,13050;-0,30519
207,97802;-1,13033;-0,30505
207,98800;-1,13016;-0,30498
207,99802;-1,12999;-0,30470
208,00802;-1,12976;-0,30485
208,01800;-1,12959;-0,30470
208,02802;-1,12942;-0,30459
208,03802;-1,12925;-0,30448
208,04800;-1,12908;-0,30433
208,05802;-1,12891;-0,30428
208,06802;-1,12874;-0,30409
208,07800;-1,12863;-0,30420
208,08802;-1,12846;-0,30393
208,09800;-1,12829;-0,30389
208,10802;-1,12812;-0,30384
208,11802;-1,12795;-0,30380
208,12800;-1,12778;-0,30352
208,13802;-1,12761;-0,30359
208,14802;-1,12744;-0,30337
208,15800;-1,12727;-0,30330
208,16802;-1,12710;-0,30336
208,17802;-1,12693;-0,30309
208,18800;-1,12676;-0,30301
208,19802;-1,12665;-0,30305
208,20800;-1,12648;-0,30292
208,21800;-1,12631;-0,30276
208,22802;-1,12619;-0,30282
208,23800;-1,12602;-0,30249
208,24802;-1,12585;-0,30261
208,25802;-1,12568;-0,30246
208,26800;-1,12551;-0,30239
208,27802;-1,12534;-0,30211
208,28802;-1,12517;-0,30218
208,29800;-1,12500;-0,30204
208,30802;-1,12483;-0,30196
208,31802;-1,12466;-0,30189
208,32800;-1,12449;-0,30182
208,33802;-1,12432;-0,30158
208,34800;-1,12415;-0,30158
208,35802;-1,12398;-0,30162
208,36802;-1,12381;-0,30122
208,37800;-1,12364;-0,30139
208,38802;-1,12347;-0,30113
208,39802;-1,12330;-0,30121
208,40800;-1,12319;-0,30107
208,41802;-1,12302;-0,30104
208,42802;-1,12285;-0,30076
208,43800;-1,12268;-0,30084
208,44802;-1,12251;-0,30062
208,45800;-1,12234;-0,30058
208,46800;-1,12217;-0,30044
208,47802;-1,12200;-0,30028
208,48800;-1,12183;-0,30036
208,49802;-1,12160;-0,30008
208,50802;-1,12143;-0,30024
208,51800;-1,12126;-0,29984
208,52802;-1,12109;-0,29999
208,53802;-1,12092;-0,29972
208,54800;-1,12081;-0,29984
208,55802;-1,12064;-0,29950
208,56802;-1,12047;-0,29956
208,57800;-1,12030;-0,29935
208,58802;-1,12013;-0,29936
208,59800;-1,11996;-0,29926
208,60802;-1,11979;-0,29903
208,61802;-1,11962;-0,29916
208,62800;-1,11945;-0,29882
208,63802;-1,11928;-0,29903
208,64802;-1,11911;-0,29865
208,65800;-1,11894;-0,29879
208,66802;-1,11877;-0,29840
208,67802;-1,11860;-0,29867
208,68800;-1,11843;-0,29826
208,69802;-1,11832;-0,29833
208,70800;-1,11815;-0,29819
208,71800;-1,11798;-0,29809
208,72802;-1,11781;-0,29807
208,73800;-1,11764;-0,29781
208,74802;-1,11747;-0,29793
208,75802;-1,11730;-0,29757
208,76800;-1,11713;-0,29779
208,77802;-1,11696;-0,29746
208,78802;-1,11679;-0,29758
208,79800;-1,11667;-0,29723
208,80802;-1,11645;-0,29739
208,81802;-1,11628;-0,29707
208,82800;-1,11611;-0,29712
208,83802;-1,11599;-0,29706
208,84800;-1,11582;-0,29681
208,85802;-1,11565;-0,29696
208,86802;-1,11548;-0,29657
208,87800;-1,11531;-0,29684
208,88802;-1,11514;-0,29635
208,89802;-1,11497;-0,29660
208,90800;-1,11480;-0,29618
208,91802;-1,11463;-0,29639
208,92802;-1,11446;-0,29609
208,93800;-1,11429;-0,29621
208,94802;-1,11412;-0,29594
208,95800;-1,11395;-0,29588
208,96800;-1,11378;-0,29585
208,97802;-1,11361;-0,29546
208,98800;-1,11344;-0,29577
208,99802;-1,11333;-0,29527
209,00802;-1,11316;-0,29559
209,01800;-1,11299;-0,29522
209,02802;-1,11282;-0,29546
209,03802;-1,11265;-0,29494
209,04800;-1,11248;-0,29518
209,05802;-1,11237;-0,29492
209,06802;-1,11220;-0,29479
209,07800;-1,11203;-0,29482
209,08802;-1,11186;-0,29450
209,09800;-1,11169;-0,29469
209,10802;-1,11152;-0,29436
209,11802;-1,11135;-0,29467
209,12800;-1,11118;-0,29407
209,13802;-1,11106;-0,29442
209,14802;-1,11089;-0,29394
209,15800;-1,11072;-0,29423
209,16802;-1,11055;-0,29374
209,17802;-1,11038;-0,29385
209,18800;-1,11021;-0,29363
209,19802;-1,11004;-0,29364
209,20800;-1,10987;-0,29362
209,21800;-1,10970;-0,29333
209,22802;-1,10953;-0,29336
209,23800;-1,10936;-0,29310
209,24802;-1,10919;-0,29328
209,25802;-1,10902;-0,29283
209,26800;-1,10885;-0,29315
209,27802;-1,10868;-0,29259
209,28802;-1,10851;-0,29286
209,29800;-1,10834;-0,29261
209,30802;-1,10812;-0,29260
209,31802;-1,10795;-0,29238
209,32800;-1,10778;-0,29229
209,33802;-1,10761;-0,29225
209,34800;-1,10744;-0,29200
209,35802;-1,10727;-0,29221
209,36802;-1,10710;-0,29169
209,37800;-1,10693;-0,29199
209,38802;-1,10676;-0,29156
209,39802;-1,10664;-0,29187
209,40800;-1,10647;-0,29138
209,41802;-1,10630;-0,29155
209,42802;-1,10613;-0,29129
209,43800;-1,10596;-0,29121
209,44802;-1,10579;-0,29123
209,45800;-1,10562;-0,29094
209,46802;-1,10545;-0,29106
209,47802;-1,10528;-0,29076
209,48800;-1,10517;-0,29091
209,49802;-1,10500;-0,29059
209,50802;-1,10483;-0,29083
209,51800;-1,10472;-0,29036
209,52802;-1,10455;-0,29059
209,53802;-1,10438;-0,29032
209,54800;-1,10421;-0,29021
209,55802;-1,10404;-0,29025
209,56802;-1,10387;-0,28994
209,57800;-1,10375;-0,28997
209,58802;-1,10358;-0,28987
209,59800;-1,10341;-0,28988
209,60802;-1,10324;-0,28966
209,61802;-1,10307;-0,28973
209,62800;-1,10290;-0,28940
209,63802;-1,10273;-0,28953
209,64802;-1,10256;-0,28926
209,65800;-1,10239;-0,28913
209,66802;-1,10222;-0,28910
209,67802;-1,10205;-0,28889
209,68800;-1,10188;-0,28902
209,69802;-1,10171;-0,28880
209,70800;-1,10154;-0,28876
209,71802;-1,10137;-0,28858
209,72802;-1,10120;-0,28862
209,73800;-1,10103;-0,28839
209,74802;-1,10086;-0,28841
209,75802;-1,10069;-0,28812
209,76800;-1,10052;-0,28813
209,77802;-1,10035;-0,28805
209,78802;-1,10018;-0,28800
209,79800;-1,10001;-0,28782
209,80802;-1,09984;-0,28775
209,81802;-1,09967;-0,28762
209,82800;-1,09950;-0,28760
209,83802;-1,09939;-0,28752
209,84800;-1,09922;-0,28740
209,85802;-1,09905;-0,28724
209,86802;-1,09888;-0,28716
209,87800;-1,09871;-0,28713
209,88802;-1,09854;-0,28703
209,89802;-1,09837;-0,28695
209,90800;-1,09820;-0,28678
209,91802;-1,09803;-0,28671
209,92802;-1,09786;-0,28658
209,93800;-1,09769;-0,28662
209,94802;-1,09752;-0,28632
209,95800;-1,09735;-0,28631
209,96802;-1,09718;-0,28616
209,97802;-1,09701;-0,28617
209,98800;-1,09684;-0,28601
209,99802;-1,09667;-0,28594
210,00802;-1,09650;-0,28582
210,01800;-1,09633;-0,28572
210,02802;-1,09622;-0,28581
210,03802;-1,09605;-0,28546
210,04800;-1,09588;-0,28561
210,05802;-1,09571;-0,28531
210,06802;-1,09554;-0,28535
210,07800;-1,09537;-0,28510
210,08802;-1,09520;-0,28503
210,09800;-1,09503;-0,28490
210,10802;-1,09486;-0,28477
210,11802;-1,09469;-0,28483
210,12800;-1,09452;-0,28455
210,13802;-1,09435;-0,28468
210,14802;-1,09418;-0,28437
210,15800;-1,09406;-0,28450
210,16802;-1,09389;-0,28417
210,17802;-1,09372;-0,28423
210,18800;-1,09355;-0,28396
210,19802;-1,09338;-0,28398
210,20800;-1,09321;-0,28393
210,21802;-1,09304;-0,28378
210,22802;-1,09287;-0,28378
210,23800;-1,09270;-0,28351
210,24802;-1,09253;-0,28361
210,25802;-1,09236;-0,28324
210,26800;-1,09219;-0,28330
210,27802;-1,09202;-0,28315
210,28802;-1,09185;-0,28313
210,29800;-1,09168;-0,28291
210,30802;-1,09151;-0,28292
210,31802;-1,09140;-0,28279
210,32800;-1,09123;-0,28265
210,33802;-1,09106;-0,28264
210,34800;-1,09089;-0,28239
210,35802;-1,09072;-0,28239
210,36802;-1,09061;-0,28222
210,37800;-1,09044;-0,28214
210,38802;-1,09027;-0,28194
210,39802;-1,09010;-0,28207
210,40800;-1,08987;-0,28183
210,41802;-1,08970;-0,28188
210,42802;-1,08953;-0,28178
210,43800;-1,08936;-0,28160
210,44802;-1,08919;-0,28147
210,45800;-1,08902;-0,28146
210,46802;-1,08885;-0,28130
210,47802;-1,08868;-0,28117
210,48800;-1,08857;-0,28117
210,49802;-1,08840;-0,28099
210,50802;-1,08823;-0,28100
210,51800;-1,08806;-0,28087
210,52802;-1,08789;-0,28075
210,53802;-1,08772;-0,28057
210,54800;-1,08749;-0,28059
210,55802;-1,08732;-0,28040
210,56802;-1,08715;-0,28034
210,57800;-1,08698;-0,28026
210,58802;-1,08681;-0,28002
210,59800;-1,08664;-0,28006
210,60802;-1,08647;-0,27983
210,61802;-1,08630;-0,27984
210,62800;-1,08613;-0,27961
210,63802;-1,08596;-0,27960
210,64802;-1,08579;-0,27936
210,65800;-1,08562;-0,27936
210,66802;-1,08545;-0,27923
210,67802;-1,08528;-0,27918
210,68800;-1,08511;-0,27904
210,69802;-1,08494;-0,27895
210,70800;-1,08483;-0,27879
210,71802;-1,08466;-0,27870
210,72802;-1,08449;-0,27863
210,73800;-1,08432;-0,27851
210,74802;-1,08415;-0,27839
210,75802;-1,08398;-0,27823
210,76800;-1,08381;-0,27821
210,77802;-1,08364;-0,27812
210,78802;-1,08347;-0,27798
210,79800;-1,08335;-0,27784
210,80802;-1,08318;-0,27788
210,81802;-1,08301;-0,27767
210,82800;-1,08284;-0,27770
210,83802;-1,08273;-0,27746
210,84800;-1,08256;-0,27752
210,85802;-1,08239;-0,27726
210,86802;-1,08222;-0,27737
210,87800;-1,08205;-0,27705
210,88802;-1,08188;-0,27703
210,89802;-1,08171;-0,27697
210,90800;-1,08154;-0,27684
210,91802;-1,08137;-0,27683
210,92802;-1,08120;-0,27664
210,93800;-1,08103;-0,27661
210,94802;-1,08086;-0,27630
210,95800;-1,08069;-0,27654
210,96802;-1,08052;-0,27610
210,97802;-1,08035;-0,27622
210,98800;-1,08024;-0,27589
210,99802;-1,08007;-0,27600
211,00802;-1,07990;-0,27574
211,01800;-1,07973;-0,27576
211,02802;-1,07956;-0,27564
211,03802;-1,07939;-0,27543
211,04800;-1,07922;-0,27554
211,05802;-1,07905;-0,27524
211,06802;-1,07888;-0,27527
211,07800;-1,07871;-0,27498
211,08802;-1,07854;-0,27518
211,09800;-1,07837;-0,27473
211,10802;-1,07820;-0,27496
211,11802;-1,07803;-0,27464
211,12800;-1,07786;-0,27475
211,13802;-1,07769;-0,27452
211,14802;-1,07752;-0,27443
211,15800;-1,07740;-0,27442
211,16802;-1,07723;-0,27417
211,17802;-1,07706;-0,27429
211,18800;-1,07689;-0,27392
211,19802;-1,07672;-0,27408
211,20800;-1,07655;-0,27365
211,21802;-1,07638;-0,27399
211,22802;-1,07621;-0,27345
211,23800;-1,07604;-0,27371
211,24802;-1,07587;-0,27329
211,25802;-1,07570;-0,27334
211,26800;-1,07553;-0,27327
211,27802;-1,07536;-0,27300
211,28802;-1,07519;-0,27309
211,29800;-1,07502;-0,27270
211,30802;-1,07485;-0,27284
211,31802;-1,07468;-0,27259
211,32800;-1,07451;-0,27272
211,33802;-1,07434;-0,27227
211,34800;-1,07417;-0,27252
211,35802;-1,07400;-0,27210
211,36802;-1,07383;-0,27214
211,37800;-1,07366;-0,27201
211,38802;-1,07349;-0,27191
211,39802;-1,07332;-0,27187
211,40800;-1,07315;-0,27168
211,41802;-1,07298;-0,27169
211,42802;-1,07281;-0,27143
211,43800;-1,07264;-0,27149
211,44802;-1,07247;-0,27121
211,45800;-1,07230;-0,27134
211,46802;-1,07213;-0,27104
211,47802;-1,07196;-0,27101
211,48800;-1,07185;-0,27095
211,49802;-1,07168;-0,27074
211,50802;-1,07145;-0,27070
211,51800;-1,07128;-0,27057
211,52802;-1,07117;-0,27054
211,53802;-1,07100;-0,27037
211,54800;-1,07083;-0,27039
211,55802;-1,07066;-0,27010
211,56802;-1,07049;-0,27018
211,57800;-1,07032;-0,26997
211,58802;-1,07015;-0,26988
211,59800;-1,06998;-0,26980
211,60802;-1,06981;-0,26967
211,61802;-1,06964;-0,26961
211,62800;-1,06947;-0,26948
211,63802;-1,06936;-0,26944
211,64802;-1,06919;-0,26929
211,65800;-1,06902;-0,26926
211,66802;-1,06885;-0,26918
211,67802;-1,06868;-0,26902
211,68800;-1,06856;-0,26882
211,69802;-1,06839;-0,26895
211,70800;-1,06817;-0,26867
211,71802;-1,06805;-0,26866
211,72802;-1,06783;-0,26864
211,73800;-1,06766;-0,26836
211,74802;-1,06749;-0,26835
211,75802;-1,06732;-0,26828
211,76800;-1,06715;-0,26807
211,77802;-1,06703;-0,26804
211,78802;-1,06686;-0,26798
211,79800;-1,06669;-0,26779
211,80802;-1,06652;-0,26775
211,81802;-1,06635;-0,26768
211,82800;-1,06618;-0,26747
211,83802;-1,06596;-0,26735
211,84800;-1,06579;-0,26728
211,85802;-1,06562;-0,26720
211,86802;-1,06545;-0,26700
211,87800;-1,06528;-0,26693
211,88802;-1,06511;-0,26690
211,89802;-1,06494;-0,26665
211,90800;-1,06477;-0,26678
211,91802;-1,06460;-0,26651
211,92802;-1,06443;-0,26645
211,93800;-1,06426;-0,26627
211,94802;-1,06409;-0,26628
211,95800;-1,06392;-0,26608
211,96802;-1,06375;-0,26603
211,97802;-1,06363;-0,26587
211,98800;-1,06346;-0,26589
211,99802;-1,06329;-0,26574
212,00802;-1,06312;-0,26569
212,01800;-1,06295;-0,26562
212,02802;-1,06284;-0,26537
212,03802;-1,06267;-0,26541
212,04800;-1,06250;-0,26518
212,05802;-1,06233;-0,26516
212,06802;-1,06216;-0,26495
212,07800;-1,06199;-0,26499
212,08802;-1,06182;-0,26474
212,09800;-1,06165;-0,26477
212,10802;-1,06148;-0,26463
212,11802;-1,06131;-0,26453
212,12800;-1,06120;-0,26447
212,13802;-1,06103;-0,26427
212,14802;-1,06086;-0,26436
212,15800;-1,06069;-0,26406
212,16802;-1,06052;-0,26418
212,17802;-1,06035;-0,26382
212,18800;-1,06018;-0,26383
212,19802;-1,06001;-0,26370
212,20800;-1,05984;-0,26362
212,21802;-1,05972;-0,26352
212,22802;-1,05955;-0,26339
212,23800;-1,05938;-0,26341
212,24802;-1,05921;-0,26320
212,25802;-1,05904;-0,26328
212,26800;-1,05887;-0,26284
212,27802;-1,05870;-0,26308
212,28802;-1,05853;-0,26270
212,29800;-1,05836;-0,26282
212,30802;-1,05819;-0,26259
212,31802;-1,05808;-0,26249
212,32800;-1,05791;-0,26239
212,33802;-1,05768;-0,26226
212,34800;-1,05751;-0,26224
212,35802;-1,05734;-0,26201
212,36802;-1,05717;-0,26210
212,37800;-1,05700;-0,26161
212,38802;-1,05683;-0,26198
212,39802;-1,05666;-0,26156
212,40800;-1,05649;-0,26163
212,41802;-1,05632;-0,26139
212,42802;-1,05615;-0,26136
212,43800;-1,05598;-0,26133
212,44802;-1,05587;-0,26115
212,45800;-1,05570;-0,26118
212,46802;-1,05553;-0,26071
212,47802;-1,05536;-0,26099
212,48800;-1,05519;-0,26054
212,49802;-1,05502;-0,26080
212,50802;-1,05485;-0,26037
212,51800;-1,05468;-0,26055
212,52802;-1,05451;-0,26033
212,53802;-1,05428;-0,26024
212,54800;-1,05417;-0,26024
212,55802;-1,05394;-0,25980
212,56802;-1,05377;-0,26001
212,57800;-1,05360;-0,25961
212,58802;-1,05343;-0,25994
212,59800;-1,05326;-0,25928
212,60802;-1,05309;-0,25962
212,61802;-1,05298;-0,25912
212,62800;-1,05281;-0,25931
212,63802;-1,05264;-0,25908
212,64802;-1,05247;-0,25894
212,65800;-1,05230;-0,25890
212,66802;-1,05213;-0,25859
212,67802;-1,05196;-0,25888
212,68800;-1,05179;-0,25838
212,69802;-1,05162;-0,25869
212,70800;-1,05145;-0,25820
212,71802;-1,05128;-0,25846
212,72802;-1,05111;-0,25797
212,73800;-1,05094;-0,25826
212,74802;-1,05077;-0,25794
212,75802;-1,05060;-0,25771
212,76800;-1,05049;-0,25783
212,77802;-1,05032;-0,25757
212,78802;-1,05015;-0,25774
212,79800;-1,04998;-0,25730
212,80802;-1,04981;-0,25757
212,81802;-1,04964;-0,25696
212,82800;-1,04947;-0,25740
212,83802;-1,04935;-0,25691
212,84800;-1,04918;-0,25706
212,85802;-1,04901;-0,25675
212,86802;-1,04884;-0,25677
212,87800;-1,04867;-0,25673
212,88802;-1,04856;-0,25643
212,89802;-1,04839;-0,25659
212,90800;-1,04822;-0,25608
212,91802;-1,04805;-0,25646
212,92802;-1,04794;-0,25600
212,93800;-1,04777;-0,25627
212,94802;-1,04760;-0,25579
212,95800;-1,04743;-0,25590
212,96802;-1,04726;-0,25571
212,97802;-1,04709;-0,25559
212,98800;-1,04692;-0,25561
212,99802;-1,04675;-0,25534
213,00802;-1,04652;-0,25539
213,01800;-1,04635;-0,25510
213,02802;-1,04618;-0,25521
213,03802;-1,04601;-0,25482
213,04800;-1,04584;-0,25505
213,05802;-1,04567;-0,25470
213,06802;-1,04550;-0,25471
213,07800;-1,04533;-0,25447
213,08802;-1,04516;-0,25442
213,09800;-1,04505;-0,25430
213,10802;-1,04488;-0,25418
213,11802;-1,04471;-0,25416
213,12800;-1,04448;-0,25384
213,13802;-1,04431;-0,25398
213,14802;-1,04414;-0,25378
213,15800;-1,04397;-0,25378
213,16802;-1,04380;-0,25333
213,17802;-1,04363;-0,25360
213,18800;-1,04346;-0,25316
213,19802;-1,04329;-0,25329
213,20800;-1,04306;-0,25307
213,21802;-1,04295;-0,25296
213,22802;-1,04278;-0,25292
213,23800;-1,04261;-0,25273
213,24802;-1,04244;-0,25276
213,25802;-1,04227;-0,25251
213,26800;-1,04216;-0,25249
213,27802;-1,04199;-0,25215
213,28802;-1,04182;-0,25245
213,29800;-1,04165;-0,25202
213,30802;-1,04148;-0,25210
213,31802;-1,04136;-0,25191
213,32800;-1,04119;-0,25192
213,33802;-1,04102;-0,25173
213,34800;-1,04085;-0,25166
213,35802;-1,04068;-0,25152
213,36802;-1,04051;-0,25123
213,37800;-1,04034;-0,25141
213,38802;-1,04017;-0,25108
213,39802;-1,04000;-0,25118
213,40800;-1,03989;-0,25097
213,41802;-1,03972;-0,25102
213,42802;-1,03955;-0,25064
213,43800;-1,03938;-0,25082
213,44802;-1,03921;-0,25059
213,45800;-1,03904;-0,25031
213,46802;-1,03887;-0,25033
213,47802;-1,03870;-0,25016
213,48800;-1,03853;-0,25017
213,49802;-1,03836;-0,25005
213,50802;-1,03819;-0,25002
213,51800;-1,03802;-0,24974
213,52802;-1,03785;-0,24978
213,53802;-1,03768;-0,24975
213,54800;-1,03751;-0,24941
213,55802;-1,03734;-0,24945
213,56802;-1,03717;-0,24923
213,57800;-1,03700;-0,24918
213,58802;-1,03689;-0,24911
213,59800;-1,03672;-0,24908
213,60802;-1,03655;-0,24874
213,61802;-1,03638;-0,24875
213,62800;-1,03621;-0,24870
213,63802;-1,03604;-0,24851
213,64802;-1,03587;-0,24843
213,65800;-1,03570;-0,24824
213,66802;-1,03553;-0,24814
213,67802;-1,03536;-0,24805
213,68800;-1,03519;-0,24814
213,69802;-1,03502;-0,24780
213,70800;-1,03485;-0,24776
213,71802;-1,03468;-0,24770
213,72802;-1,03451;-0,24750
213,73800;-1,03434;-0,24732
213,74802;-1,03422;-0,24739
213,75802;-1,03405;-0,24714
213,76800;-1,03388;-0,24710
213,77802;-1,03371;-0,24711
213,78802;-1,03354;-0,24689
213,79800;-1,03337;-0,24682
213,80802;-1,03320;-0,24673
213,81802;-1,03303;-0,24654
213,82800;-1,03286;-0,24641
213,83802;-1,03264;-0,24643
213,84800;-1,03247;-0,24610
213,85802;-1,03230;-0,24608
213,86802;-1,03213;-0,24604
213,87800;-1,03196;-0,24585
213,88802;-1,03179;-0,24574
213,89802;-1,03162;-0,24565
213,90800;-1,03145;-0,24549
213,91802;-1,03128;-0,24537
213,92802;-1,03116;-0,24544
213,93800;-1,03099;-0,24514
213,94802;-1,03082;-0,24504
213,95800;-1,03065;-0,24495
213,96802;-1,03048;-0,24482
213,97802;-1,03031;-0,24464
213,98800;-1,03009;-0,24466
213,99802;-1,02992;-0,24444
214,00802;-1,02975;-0,24438
214,01800;-1,02958;-0,24437
214,02802;-1,02941;-0,24411
214,03802;-1,02929;-0,24407
214,04800;-1,02912;-0,24401
214,05802;-1,02895;-0,24392
214,06802;-1,02878;-0,24369
214,07800;-1,02867;-0,24374
214,08802;-1,02844;-0,24340
214,09800;-1,02833;-0,24343
214,10802;-1,02816;-0,24329
214,11802;-1,02799;-0,24330
214,12800;-1,02782;-0,24304
214,13802;-1,02765;-0,24302
214,14802;-1,02748;-0,24297
214,15800;-1,02737;-0,24284
214,16802;-1,02720;-0,24273
214,17802;-1,02703;-0,24250
214,18800;-1,02686;-0,24261
214,19802;-1,02674;-0,24228
214,20800;-1,02657;-0,24245
214,21802;-1,02640;-0,24211
214,22802;-1,02623;-0,24213
214,23800;-1,02606;-0,24199
214,24802;-1,02589;-0,24190
214,25802;-1,02572;-0,24185
214,26800;-1,02555;-0,24159
214,27802;-1,02538;-0,24163
214,28802;-1,02521;-0,24139
214,29800;-1,02504;-0,24148
214,30802;-1,02487;-0,24114
214,31802;-1,02470;-0,24118
214,32800;-1,02453;-0,24098
214,33802;-1,02436;-0,24089
214,34800;-1,02419;-0,24082
214,35802;-1,02402;-0,24063
214,36802;-1,02385;-0,24063
214,37800;-1,02368;-0,24028
214,38802;-1,02351;-0,24049
214,39802;-1,02334;-0,24007
214,40800;-1,02317;-0,24023
214,41802;-1,02300;-0,23984
214,42802;-1,02283;-0,23993
214,43800;-1,02266;-0,23970
214,44802;-1,02249;-0,23966
214,45800;-1,02232;-0,23965
214,46802;-1,02215;-0,23944
214,47802;-1,02198;-0,23934
214,48800;-1,02181;-0,23916
214,49802;-1,02164;-0,23925
214,50802;-1,02147;-0,23883
214,51800;-1,02130;-0,23908
214,52802;-1,02113;-0,23857
214,53802;-1,02096;-0,23880
214,54800;-1,02079;-0,23858
214,55802;-1,02062;-0,23854
214,56802;-1,02051;-0,23828
214,57800;-1,02034;-0,23823
214,58802;-1,02017;-0,23817
214,59800;-1,02006;-0,23797
214,60802;-1,01989;-0,23800
214,61802;-1,01972;-0,23768
214,62800;-1,01955;-0,23779
214,63802;-1,01938;-0,23754
214,64802;-1,01921;-0,23763
214,65800;-1,01904;-0,23720
214,66802;-1,01887;-0,23730
214,67802;-1,01870;-0,23717
214,68800;-1,01853;-0,23698
214,69802;-1,01836;-0,23699
214,70800;-1,01824;-0,23678
214,71802;-1,01807;-0,23665
214,72802;-1,01790;-0,23664
214,73800;-1,01773;-0,23662
214,74802;-1,01756;-0,23631
214,75802;-1,01739;-0,23638
214,76800;-1,01722;-0,23621
214,77802;-1,01705;-0,23603
214,78802;-1,01688;-0,23600
214,79800;-1,01671;-0,23579
214,80802;-1,01654;-0,23573
214,81802;-1,01637;-0,23559
214,82800;-1,01620;-0,23556
214,83802;-1,01603;-0,23538
214,84800;-1,01586;-0,23529
214,85802;-1,01569;-0,23521
214,86802;-1,01552;-0,23503
214,87800;-1,01535;-0,23494
214,88802;-1,01524;-0,23481
214,89802;-1,01507;-0,23473
214,90800;-1,01490;-0,23458
214,91802;-1,01473;-0,23461
214,92802;-1,01456;-0,23437
214,93800;-1,01439;-0,23431
214,94802;-1,01422;-0,23427
214,95800;-1,01405;-0,23404
214,96802;-1,01388;-0,23397
214,97802;-1,01371;-0,23381
214,98800;-1,01354;-0,23361
214,99802;-1,01337;-0,23359
215,00802;-1,01320;-0,23353
215,01800;-1,01303;-0,23340
215,02802;-1,01292;-0,23323
215,03802;-1,01275;-0,23317
215,04800;-1,01258;-0,23311
215,05802;-1,01241;-0,23297
215,06802;-1,01224;-0,23275
215,07800;-1,01207;-0,23265
215,08802;-1,01190;-0,23252
215,09800;-1,01167;-0,23249
215,10802;-1,01150;-0,23241
215,11802;-1,01133;-0,23219
215,12800;-1,01116;-0,23218
215,13802;-1,01093;-0,23209
215,14802;-1,01076;-0,23198
215,15800;-1,01059;-0,23181
215,16802;-1,01042;-0,23168
215,17802;-1,01025;-0,23145
215,18800;-1,01008;-0,23142
215,19802;-1,00991;-0,23125
215,20800;-1,00980;-0,23120
215,21802;-1,00963;-0,23110
215,22802;-1,00946;-0,23100
215,23800;-1,00929;-0,23080
215,24802;-1,00912;-0,23080
215,25802;-1,00895;-0,23059
215,26800;-1,00878;-0,23050
215,27802;-1,00861;-0,23038
215,28802;-1,00844;-0,23026
215,29800;-1,00827;-0,23021
215,30802;-1,00810;-0,23003
215,31802;-1,00793;-0,22999
215,32800;-1,00776;-0,22975
215,33802;-1,00765;-0,22982
215,34800;-1,00748;-0,22961
215,35802;-1,00736;-0,22958
215,36802;-1,00719;-0,22939
215,37800;-1,00702;-0,22926
215,38802;-1,00685;-0,22920
215,39802;-1,00668;-0,22916
215,40800;-1,00651;-0,22907
215,41802;-1,00634;-0,22884
215,42802;-1,00617;-0,22878
215,43800;-1,00600;-0,22864
215,44802;-1,00589;-0,22864
215,45800;-1,00572;-0,22837
215,46802;-1,00555;-0,22828
215,47802;-1,00538;-0,22818
215,48800;-1,00521;-0,22811
215,49802;-1,00504;-0,22800
215,50802;-1,00487;-0,22785
215,51800;-1,00470;-0,22776
215,52802;-1,00459;-0,22763
215,53802;-1,00442;-0,22769
215,54800;-1,00425;-0,22748
215,55802;-1,00408;-0,22734
215,56802;-1,00391;-0,22724
215,57800;-1,00374;-0,22712
215,58802;-1,00357;-0,22696
215,59800;-1,00340;-0,22686
215,60802;-1,00323;-0,22678
215,61802;-1,00306;-0,22661
215,62800;-1,00283;-0,22669
215,63802;-1,00266;-0,22649
215,64802;-1,00249;-0,22636
215,65800;-1,00232;-0,22618
215,66802;-1,00221;-0,22619
215,67802;-1,00204;-0,22591
215,68800;-1,00187;-0,22580
215,69802;-1,00170;-0,22561
215,70800;-1,00153;-0,22550
215,71802;-1,00136;-0,22546
215,72802;-1,00119;-0,22544
215,73800;-1,00102;-0,22520
215,74802;-1,00085;-0,22515
215,75802;-1,00062;-0,22510
215,76800;-1,00045;-0,22485
215,77802;-1,00028;-0,22480
215,78802;-1,00011;-0,22459
215,79800;-0,99994;-0,22453
215,80802;-0,99977;-0,22443
215,81802;-0,99960;-0,22436
215,82800;-0,99943;-0,22419
215,83802;-0,99926;-0,22406
215,84800;-0,99909;-0,22398
215,85802;-0,99898;-0,22389
215,86802;-0,99881;-0,22379
215,87800;-0,99864;-0,22358
215,88802;-0,99852;-0,22356
215,89802;-0,99835;-0,22342
215,90800;-0,99813;-0,22338
215,91802;-0,99796;-0,22331
215,92802;-0,99779;-0,22305
215,93800;-0,99762;-0,22308
215,94802;-0,99745;-0,22288
215,95800;-0,99728;-0,22271
215,96802;-0,99711;-0,22263
215,97802;-0,99694;-0,22249
215,98800;-0,99677;-0,22233
215,99802;-0,99660;-0,22240
216,00802;-0,99648;-0,22215
216,01800;-0,99626;-0,22203
216,02802;-0,99614;-0,22189
216,03802;-0,99592;-0,22175
216,04800;-0,99580;-0,22171
216,05802;-0,99563;-0,22156
216,06802;-0,99546;-0,22142
216,07800;-0,99529;-0,22134
216,08802;-0,99512;-0,22128
216,09800;-0,99495;-0,22110
216,10802;-0,99478;-0,22113
216,11802;-0,99461;-0,22079
216,12800;-0,99450;-0,22090
216,13802;-0,99433;-0,22066
216,14802;-0,99416;-0,22068
216,15800;-0,99399;-0,22043
216,16802;-0,99382;-0,22041
216,17802;-0,99365;-0,22028
216,18800;-0,99348;-0,22015
216,19802;-0,99337;-0,22011
216,20800;-0,99320;-0,21993
216,21802;-0,99303;-0,21990
216,22802;-0,99286;-0,21964
216,23800;-0,99269;-0,21982
216,24802;-0,99257;-0,21949
216,25802;-0,99240;-0,21963
216,26800;-0,99223;-0,21924
216,27802;-0,99206;-0,21923
216,28802;-0,99189;-0,21902
216,29800;-0,99172;-0,21902
216,30802;-0,99155;-0,21879
216,31802;-0,99138;-0,21864
216,32800;-0,99121;-0,21881
216,33802;-0,99104;-0,21841
216,34800;-0,99093;-0,21865
216,35802;-0,99076;-0,21825
216,36802;-0,99053;-0,21815
216,37800;-0,99036;-0,21799
216,38802;-0,99019;-0,21803
216,39802;-0,99002;-0,21783
216,40800;-0,98985;-0,21777
216,41802;-0,98968;-0,21762
216,42802;-0,98951;-0,21748
216,43800;-0,98934;-0,21756
216,44802;-0,98917;-0,21716
216,45800;-0,98900;-0,21730
216,46802;-0,98878;-0,21684
216,47802;-0,98861;-0,21707
216,48800;-0,98844;-0,21671
216,49802;-0,98827;-0,21670
216,50802;-0,98815;-0,21652
216,51800;-0,98798;-0,21651
216,52802;-0,98781;-0,21639
216,53802;-0,98764;-0,21621
216,54800;-0,98747;-0,21607
216,55802;-0,98730;-0,21581
216,56802;-0,98713;-0,21597
216,57800;-0,98696;-0,21555
216,58802;-0,98679;-0,21579
216,59800;-0,98662;-0,21542
216,60802;-0,98645;-0,21554
216,61802;-0,98634;-0,21527
216,62800;-0,98617;-0,21523
216,63802;-0,98600;-0,21499
216,64802;-0,98583;-0,21496
216,65800;-0,98572;-0,21488
216,66802;-0,98555;-0,21472
216,67802;-0,98538;-0,21475
216,68800;-0,98521;-0,21443
216,69802;-0,98504;-0,21457
216,70800;-0,98487;-0,21427
216,71802;-0,98470;-0,21429
216,72802;-0,98458;-0,21404
216,73800;-0,98441;-0,21399
216,74802;-0,98424;-0,21392
216,75802;-0,98407;-0,21373
216,76800;-0,98390;-0,21370
216,77802;-0,98373;-0,21351
216,78802;-0,98356;-0,21344
216,79800;-0,98339;-0,21321
216,80802;-0,98322;-0,21330
216,81802;-0,98305;-0,21293
216,82800;-0,98288;-0,21296
216,83802;-0,98271;-0,21288
216,84800;-0,98254;-0,21272
216,85802;-0,98237;-0,21269
216,86802;-0,98220;-0,21248
216,87800;-0,98203;-0,21235
216,88802;-0,98186;-0,21218
216,89802;-0,98169;-0,21222
216,90800;-0,98152;-0,21195
216,91802;-0,98135;-0,21199
216,92802;-0,98118;-0,21177
216,93800;-0,98101;-0,21168
216,94802;-0,98084;-0,21153
216,95800;-0,98067;-0,21140
216,96802;-0,98050;-0,21134
216,97802;-0,98033;-0,21110
216,98800;-0,98016;-0,21109
216,99802;-0,97999;-0,21093
217,00802;-0,97982;-0,21086
217,01800;-0,97965;-0,21076
217,02802;-0,97948;-0,21064
217,03802;-0,97931;-0,21041
217,04800;-0,97914;-0,21044
217,05802;-0,97897;-0,21031
217,06802;-0,97880;-0,21009
217,07800;-0,97863;-0,21009
217,08802;-0,97846;-0,20986
217,09800;-0,97829;-0,20980
217,10802;-0,97812;-0,20972
217,11802;-0,97795;-0,20950
217,12800;-0,97778;-0,20937
217,13802;-0,97761;-0,20926
217,14802;-0,97744;-0,20921
217,15800;-0,97733;-0,20909
217,16802;-0,97716;-0,20905
217,17802;-0,97699;-0,20879
217,18800;-0,97682;-0,20882
217,19802;-0,97665;-0,20868
217,20800;-0,97648;-0,20856
217,21802;-0,97631;-0,20833
217,22802;-0,97614;-0,20831
217,23800;-0,97597;-0,20820
217,24802;-0,97580;-0,20805
217,25802;-0,97563;-0,20812
217,26800;-0,97546;-0,20775
217,27802;-0,97535;-0,20784
217,28802;-0,97512;-0,20756
217,29800;-0,97495;-0,20759
217,30802;-0,97484;-0,20731
217,31802;-0,97461;-0,20728
217,32800;-0,97444;-0,20704
217,33802;-0,97427;-0,20700
217,34800;-0,97410;-0,20701
217,35802;-0,97393;-0,20674
217,36802;-0,97376;-0,20680
217,37800;-0,97359;-0,20647
217,38802;-0,97348;-0,20655
217,39802;-0,97331;-0,20610
217,40800;-0,97314;-0,20640
217,41802;-0,97297;-0,20581
217,42802;-0,97280;-0,20603
217,43800;-0,97263;-0,20588
217,44802;-0,97246;-0,20570
217,45800;-0,97234;-0,20576
217,46802;-0,97217;-0,20560
217,47802;-0,97200;-0,20551
217,48800;-0,97183;-0,20523
217,49802;-0,97172;-0,20544
217,50802;-0,97155;-0,20483
217,51800;-0,97138;-0,20524
217,52802;-0,97121;-0,20468
217,53802;-0,97104;-0,20495
217,54800;-0,97087;-0,20453
217,55802;-0,97076;-0,20470
217,56802;-0,97053;-0,20438
217,57800;-0,97042;-0,20427
217,58802;-0,97019;-0,20425
217,59800;-0,97002;-0,20388
217,60802;-0,96991;-0,20410
217,61802;-0,96974;-0,20373
217,62800;-0,96957;-0,20389
217,63802;-0,96940;-0,20347
217,64802;-0,96923;-0,20372
217,65800;-0,96906;-0,20326
217,66802;-0,96889;-0,20337
217,67802;-0,96872;-0,20312
217,68800;-0,96855;-0,20302
217,69802;-0,96832;-0,20292
217,70800;-0,96815;-0,20270
217,71802;-0,96798;-0,20276
217,72802;-0,96781;-0,20238
217,73800;-0,96764;-0,20253
217,74802;-0,96747;-0,20215
217,75802;-0,96730;-0,20220
217,76800;-0,96713;-0,20200
217,77802;-0,96696;-0,20194
217,78802;-0,96679;-0,20177
217,79800;-0,96662;-0,20172
217,80802;-0,96645;-0,20161
217,81802;-0,96628;-0,20144
217,82800;-0,96617;-0,20141
217,83802;-0,96600;-0,20119
217,84800;-0,96583;-0,20112
217,85802;-0,96566;-0,20095
217,86802;-0,96543;-0,20084
217,87800;-0,96532;-0,20074
217,88802;-0,96515;-0,20066
217,89802;-0,96498;-0,20057
217,90800;-0,96481;-0,20042
217,91802;-0,96469;-0,20042
217,92802;-0,96452;-0,20011
217,93800;-0,96435;-0,20003
217,94802;-0,96418;-0,19994
217,95800;-0,96401;-0,19979
217,96802;-0,96384;-0,19969
217,97802;-0,96367;-0,19977
217,98800;-0,96350;-0,19946
217,99802;-0,96333;-0,19944
218,00802;-0,96316;-0,19943
218,01800;-0,96299;-0,19912
218,02802;-0,96282;-0,19918
218,03802;-0,96265;-0,19893
218,04800;-0,96248;-0,19883
218,05802;-0,96237;-0,19873
218,06802;-0,96220;-0,19872
218,07800;-0,96203;-0,19839
218,08802;-0,96186;-0,19846
218,09800;-0,96169;-0,19823
218,10802;-0,96152;-0,19825
218,11802;-0,96135;-0,19806
218,12800;-0,96118;-0,19786
218,13802;-0,96101;-0,19780
218,14802;-0,96084;-0,19763
218,15800;-0,96067;-0,19776
218,16802;-0,96050;-0,19738
218,17802;-0,96033;-0,19745
218,18800;-0,96016;-0,19721
218,19802;-0,95999;-0,19729
218,20800;-0,95982;-0,19699
218,21802;-0,95965;-0,19697
218,22802;-0,95948;-0,19678
218,23800;-0,95931;-0,19665
218,24802;-0,95914;-0,19676
218,25802;-0,95897;-0,19641
218,26800;-0,95880;-0,19644
218,27802;-0,95863;-0,19613
218,28802;-0,95846;-0,19625
218,29800;-0,95829;-0,19597
218,30802;-0,95812;-0,19596
218,31802;-0,95795;-0,19579
218,32800;-0,95778;-0,19561
218,33802;-0,95761;-0,19564
218,34800;-0,95744;-0,19534
218,35802;-0,95727;-0,19543
218,36802;-0,95710;-0,19514
218,37800;-0,95693;-0,19512
218,38802;-0,95676;-0,19490
218,39802;-0,95659;-0,19484
218,40800;-0,95642;-0,19471
218,41802;-0,95625;-0,19457
218,42802;-0,95614;-0,19460
218,43800;-0,95597;-0,19433
218,44802;-0,95580;-0,19445
218,45800;-0,95563;-0,19418
218,46802;-0,95546;-0,19419
218,47802;-0,95529;-0,19381
218,48800;-0,95512;-0,19392
218,49802;-0,95495;-0,19374
218,50802;-0,95478;-0,19364
218,51800;-0,95461;-0,19347
218,52802;-0,95444;-0,19333
218,53802;-0,95427;-0,19332
218,54800;-0,95410;-0,19319
218,55802;-0,95393;-0,19312
218,56802;-0,95381;-0,19278
218,57800;-0,95359;-0,19293
218,58802;-0,95347;-0,19256
218,59800;-0,95325;-0,19270
218,60802;-0,95308;-0,19246
218,61802;-0,95291;-0,19236
218,62800;-0,95274;-0,19236
218,63802;-0,95262;-0,19219
218,64802;-0,95245;-0,19215
218,65800;-0,95228;-0,19184
218,66802;-0,95211;-0,19191
218,67802;-0,95194;-0,19167
218,68800;-0,95177;-0,19167
218,69802;-0,95160;-0,19137
218,70800;-0,95149;-0,19137
218,71802;-0,95132;-0,19127
218,72802;-0,95115;-0,19114
218,73800;-0,95098;-0,19112
218,74802;-0,95081;-0,19074
218,75802;-0,95064;-0,19094
218,76800;-0,95053;-0,19062
218,77802;-0,95036;-0,19080
218,78802;-0,95019;-0,19042
218,79800;-0,95002;-0,19041
218,80802;-0,94985;-0,19029
218,81802;-0,94968;-0,19018
218,82800;-0,94956;-0,19002
218,83802;-0,94939;-0,18985
218,84800;-0,94922;-0,18991
218,85802;-0,94905;-0,18959
218,86802;-0,94888;-0,18979
218,87800;-0,94871;-0,18940
218,88802;-0,94854;-0,18945
218,89802;-0,94837;-0,18926
218,90800;-0,94820;-0,18923
218,91802;-0,94803;-0,18894
218,92802;-0,94786;-0,18894
218,93800;-0,94769;-0,18882
218,94802;-0,94752;-0,18867
218,95800;-0,94735;-0,18871
218,96802;-0,94718;-0,18840
218,97802;-0,94701;-0,18837
218,98800;-0,94684;-0,18825
218,99802;-0,94667;-0,18823
219,00802;-0,94650;-0,18798
219,01800;-0,94633;-0,18793
219,02802;-0,94616;-0,18780
219,03802;-0,94594;-0,18771
219,04800;-0,94577;-0,18765
219,05802;-0,94560;-0,18747
219,06802;-0,94543;-0,18731
219,07800;-0,94531;-0,18715
219,08802;-0,94514;-0,18714
219,09800;-0,94497;-0,18690
219,10802;-0,94480;-0,18692
219,11802;-0,94463;-0,18670
219,12800;-0,94446;-0,18661
219,13802;-0,94429;-0,18654
219,14802;-0,94412;-0,18636
219,15800;-0,94395;-0,18629
219,16802;-0,94378;-0,18613
219,17802;-0,94361;-0,18610
219,18800;-0,94344;-0,18594
219,19802;-0,94327;-0,18596
219,20800;-0,94310;-0,18571
219,21802;-0,94299;-0,18563
219,22802;-0,94282;-0,18551
219,23800;-0,94265;-0,18540
219,24802;-0,94248;-0,18531
219,25802;-0,94231;-0,18506
219,26800;-0,94214;-0,18518
219,27802;-0,94197;-0,18485
219,28802;-0,94180;-0,18496
219,29800;-0,94163;-0,18470
219,30802;-0,94146;-0,18469
219,31802;-0,94129;-0,18448
219,32800;-0,94112;-0,18445
219,33802;-0,94095;-0,18427
219,34800;-0,94078;-0,18410
219,35802;-0,94061;-0,18411
219,36802;-0,94044;-0,18384
219,37800;-0,94027;-0,18393
219,38802;-0,94010;-0,18369
219,39802;-0,93999;-0,18381
219,40800;-0,93982;-0,18332
219,41802;-0,93965;-0,18353
219,42802;-0,93948;-0,18323
219,43800;-0,93931;-0,18324
219,44802;-0,93914;-0,18309
219,45800;-0,93897;-0,18286
219,46802;-0,93880;-0,18288
219,47802;-0,93863;-0,18264
219,48800;-0,93846;-0,18281
219,49802;-0,93829;-0,18234
219,50802;-0,93812;-0,18248
219,51800;-0,93795;-0,18212
219,52802;-0,93778;-0,18234
219,53802;-0,93761;-0,18199
219,54800;-0,93744;-0,18203
219,55802;-0,93727;-0,18184
219,56802;-0,93715;-0,18169
219,57800;-0,93698;-0,18177
219,58802;-0,93681;-0,18141
219,59800;-0,93670;-0,18146
219,60802;-0,93653;-0,18102
219,61802;-0,93636;-0,18138
219,62800;-0,93619;-0,18085
219,63802;-0,93596;-0,18116
219,64802;-0,93585;-0,18075
219,65800;-0,93568;-0,18084
219,66802;-0,93551;-0,18068
219,67802;-0,93534;-0,18057
219,68800;-0,93517;-0,18034
219,69802;-0,93500;-0,18024
219,70800;-0,93483;-0,18030
219,71802;-0,93466;-0,17989
219,72802;-0,93449;-0,18017
219,73800;-0,93432;-0,17963
219,74802;-0,93415;-0,17986
219,75802;-0,93398;-0,17952
219,76800;-0,93381;-0,17956
219,77802;-0,93364;-0,17934
219,78802;-0,93347;-0,17925
219,79800;-0,93336;-0,17913
219,80802;-0,93313;-0,17906
219,81802;-0,93296;-0,17903
219,82800;-0,93279;-0,17871
219,83802;-0,93262;-0,17881
219,84800;-0,93245;-0,17846
219,85802;-0,93234;-0,17858
219,86802;-0,93217;-0,17833
219,87800;-0,93200;-0,17830
219,88802;-0,93183;-0,17810
219,89802;-0,93166;-0,17810
219,90800;-0,93149;-0,17801
219,91802;-0,93132;-0,17780
219,92802;-0,93109;-0,17772
219,93800;-0,93098;-0,17757
219,94802;-0,93081;-0,17753
219,95800;-0,93064;-0,17730
219,96802;-0,93047;-0,17737
219,97802;-0,93030;-0,17711
219,98800;-0,93013;-0,17714
219,99802;-0,92996;-0,17698
220,00802;-0,92979;-0,17685
220,01800;-0,92962;-0,17676
220,02802;-0,92950;-0,17658
220,03802;-0,92933;-0,17655
220,04800;-0,92916;-0,17639
220,05802;-0,92905;-0,17634
220,06802;-0,92888;-0,17617
220,07800;-0,92871;-0,17617
220,08802;-0,92854;-0,17600
220,09800;-0,92837;-0,17591
220,10802;-0,92826;-0,17583
220,11802;-0,92809;-0,17560
220,12800;-0,92786;-0,17559
220,13802;-0,92769;-0,17534
220,14802;-0,92752;-0,17535
220,15800;-0,92735;-0,17511
220,16802;-0,92718;-0,17510
220,17802;-0,92701;-0,17487
220,18800;-0,92684;-0,17494
220,19802;-0,92667;-0,17478
220,20800;-0,92656;-0,17466
220,21802;-0,92639;-0,17460
220,22802;-0,92622;-0,17427
220,23800;-0,92605;-0,17432
220,24802;-0,92588;-0,17411
220,25802;-0,92571;-0,17410
220,26800;-0,92548;-0,17375
220,27802;-0,92531;-0,17394
220,28802;-0,92514;-0,17368
220,29800;-0,92497;-0,17365
220,30802;-0,92480;-0,17349
220,31802;-0,92463;-0,17335
220,32800;-0,92446;-0,17327
220,33802;-0,92429;-0,17319
220,34800;-0,92412;-0,17303
220,35802;-0,92395;-0,17276
220,36802;-0,92378;-0,17282
220,37800;-0,92361;-0,17264
220,38802;-0,92344;-0,17261
220,39802;-0,92327;-0,17247
220,40800;-0,92310;-0,17226
220,41802;-0,92299;-0,17213
220,42802;-0,92282;-0,17221
220,43800;-0,92265;-0,17200
220,44802;-0,92248;-0,17175
220,45800;-0,92231;-0,17183
220,46802;-0,92214;-0,17165
220,47802;-0,92197;-0,17166
220,48800;-0,92180;-0,17157
220,49802;-0,92168;-0,17129
220,50802;-0,92151;-0,17116
220,51800;-0,92134;-0,17122
220,52802;-0,92117;-0,17100
220,53802;-0,92100;-0,17087
220,54800;-0,92083;-0,17071
220,55802;-0,92066;-0,17062
220,56802;-0,92049;-0,17057
220,57800;-0,92032;-0,17050
220,58802;-0,92015;-0,17030
220,59800;-0,91998;-0,17007
220,60802;-0,91981;-0,17017
220,61802;-0,91964;-0,16999
220,62800;-0,91947;-0,16985
220,63802;-0,91930;-0,16971
220,64802;-0,91919;-0,16964
220,65800;-0,91902;-0,16950
220,66802;-0,91885;-0,16961
220,67802;-0,91868;-0,16927
220,68800;-0,91851;-0,16919
220,69802;-0,91834;-0,16904
220,70800;-0,91817;-0,16893
220,71802;-0,91806;-0,16891
220,72802;-0,91789;-0,16879
220,73800;-0,91772;-0,16862
220,74802;-0,91755;-0,16853
220,75802;-0,91738;-0,16862
220,76800;-0,91721;-0,16831
220,77802;-0,91704;-0,16839
220,78802;-0,91681;-0,16805
220,79800;-0,91664;-0,16803
220,80802;-0,91647;-0,16786
220,81802;-0,91630;-0,16782
220,82800;-0,91613;-0,16767
220,83802;-0,91596;-0,16748
220,84800;-0,91579;-0,16756
220,85802;-0,91568;-0,16722
220,86802;-0,91551;-0,16738
220,87800;-0,91534;-0,16712
220,88802;-0,91517;-0,16702
220,89802;-0,91500;-0,16672
220,90800;-0,91483;-0,16693
220,91802;-0,91466;-0,16657
220,92802;-0,91449;-0,16657
220,93800;-0,91432;-0,16645
220,94802;-0,91415;-0,16614
220,95800;-0,91398;-0,16629
220,96802;-0,91381;-0,16601
220,97802;-0,91364;-0,16610
220,98800;-0,91347;-0,16576
220,99802;-0,91330;-0,16593
221,00802;-0,91313;-0,16564
221,01800;-0,91301;-0,16565
221,02802;-0,91284;-0,16544
221,03802;-0,91267;-0,16533
221,04800;-0,91250;-0,16525
221,05802;-0,91233;-0,16523
221,06802;-0,91216;-0,16515
221,07800;-0,91199;-0,16474
221,08802;-0,91182;-0,16493
221,09800;-0,91165;-0,16462
221,10802;-0,91148;-0,16465
221,11802;-0,91131;-0,16447
221,12800;-0,91114;-0,16435
221,13802;-0,91097;-0,16416
221,14802;-0,91086;-0,16428
221,15800;-0,91069;-0,16405
221,16802;-0,91052;-0,16391
221,17802;-0,91035;-0,16386
221,18800;-0,91018;-0,16383
221,19802;-0,91001;-0,16370
221,20800;-0,90984;-0,16351
221,21802;-0,90967;-0,16343
221,22802;-0,90950;-0,16317
221,23800;-0,90933;-0,16321
221,24802;-0,90916;-0,16313
221,25802;-0,90899;-0,16292
221,26800;-0,90882;-0,16293
221,27802;-0,90871;-0,16281
221,28802;-0,90854;-0,16265
221,29800;-0,90837;-0,16262
221,30802;-0,90820;-0,16242
221,31802;-0,90803;-0,16224
221,32800;-0,90786;-0,16232
221,33802;-0,90774;-0,16199
221,34800;-0,90757;-0,16195
221,35802;-0,90740;-0,16198
221,36802;-0,90723;-0,16173
221,37800;-0,90706;-0,16170
221,38802;-0,90689;-0,16157
221,39802;-0,90672;-0,16140
221,40800;-0,90655;-0,16130
221,41802;-0,90638;-0,16122
221,42802;-0,90621;-0,16101
221,43800;-0,90604;-0,16089
221,44802;-0,90587;-0,16087
221,45800;-0,90570;-0,16068
221,46802;-0,90548;-0,16059
221,47802;-0,90536;-0,16049
221,48800;-0,90519;-0,16038
221,49802;-0,90502;-0,16029
221,50802;-0,90485;-0,16027
221,51800;-0,90468;-0,16021
221,52802;-0,90457;-0,15994
221,53802;-0,90434;-0,15998
221,54800;-0,90417;-0,15974
221,55802;-0,90400;-0,15956
221,56802;-0,90383;-0,15953
221,57800;-0,90366;-0,15937
221,58802;-0,90349;-0,15933
221,59800;-0,90332;-0,15912
221,60802;-0,90315;-0,15911
221,61802;-0,90298;-0,15882
221,62800;-0,90281;-0,15899
221,63802;-0,90264;-0,15866
221,64802;-0,90242;-0,15856
221,65800;-0,90230;-0,15851
221,66802;-0,90213;-0,15838
221,67802;-0,90196;-0,15832
221,68800;-0,90179;-0,15816
221,69802;-0,90162;-0,15816
221,70800;-0,90145;-0,15786
221,71802;-0,90128;-0,15807
221,72802;-0,90111;-0,15764
221,73800;-0,90100;-0,15773
221,74802;-0,90083;-0,15745
221,75802;-0,90060;-0,15744
221,76800;-0,90049;-0,15737
221,77802;-0,90032;-0,15730
221,78802;-0,90015;-0,15720
221,79800;-0,89998;-0,15702
221,80802;-0,89981;-0,15710
221,81802;-0,89964;-0,15674
221,82800;-0,89953;-0,15685
221,83802;-0,89936;-0,15653
221,84800;-0,89919;-0,15662
221,85802;-0,89902;-0,15642
221,86802;-0,89885;-0,15646
221,87800;-0,89868;-0,15627
221,88802;-0,89851;-0,15610
221,89802;-0,89834;-0,15620
221,90800;-0,89817;-0,15592
221,91802;-0,89800;-0,15593
221,92802;-0,89783;-0,15571
221,93800;-0,89766;-0,15567
221,94802;-0,89749;-0,15545
221,95800;-0,89732;-0,15557
221,96802;-0,89715;-0,15528
221,97802;-0,89698;-0,15520
221,98800;-0,89681;-0,15515
221,99802;-0,89664;-0,15490
222,00802;-0,89647;-0,15503
222,01800;-0,89630;-0,15469
222,02802;-0,89613;-0,15473
222,03802;-0,89596;-0,15441
222,04800;-0,89584;-0,15456
222,05802;-0,89562;-0,15424
222,06802;-0,89545;-0,15423
222,07800;-0,89528;-0,15405
222,08802;-0,89511;-0,15405
222,09800;-0,89494;-0,15391
222,10802;-0,89477;-0,15381
222,11802;-0,89460;-0,15378
222,12800;-0,89443;-0,15344
222,13802;-0,89431;-0,15363
222,14802;-0,89414;-0,15329
222,15800;-0,89397;-0,15339
222,16802;-0,89380;-0,15308
222,17802;-0,89369;-0,15309
222,18800;-0,89352;-0,15284
222,19802;-0,89335;-0,15293
222,20800;-0,89318;-0,15262
222,21802;-0,89295;-0,15264
222,22802;-0,89278;-0,15261
222,23800;-0,89261;-0,15232
222,24802;-0,89244;-0,15244
222,25802;-0,89227;-0,15213
222,26800;-0,89210;-0,15213
222,27802;-0,89193;-0,15193
222,28802;-0,89176;-0,15201
222,29800;-0,89159;-0,15165
222,30802;-0,89142;-0,15167
222,31802;-0,89131;-0,15158
222,32802;-0,89114;-0,15135
222,33802;-0,89097;-0,15139
222,34800;-0,89080;-0,15112
222,35802;-0,89063;-0,15120
222,36802;-0,89046;-0,15080
222,37800;-0,89029;-0,15115
222,38802;-0,89012;-0,15059
222,39802;-0,88995;-0,15085
222,40800;-0,88978;-0,15058
222,41802;-0,88961;-0,15053
222,42802;-0,88944;-0,15047
222,43800;-0,88927;-0,15039
222,44802;-0,88916;-0,15030
222,45800;-0,88899;-0,15003
222,46802;-0,88882;-0,15032
222,47802;-0,88865;-0,14975
222,48800;-0,88848;-0,15010
222,49802;-0,88831;-0,14961
222,50802;-0,88814;-0,14975
222,51800;-0,88797;-0,14943
222,52802;-0,88780;-0,14962
222,53802;-0,88763;-0,14925
222,54800;-0,88746;-0,14936
222,55802;-0,88729;-0,14921
222,56802;-0,88712;-0,14898
222,57802;-0,88695;-0,14912
222,58802;-0,88678;-0,14882
222,59800;-0,88666;-0,14891
222,60802;-0,88649;-0,14853
222,61802;-0,88632;-0,14872
222,62800;-0,88615;-0,14834
222,63802;-0,88598;-0,14845
222,64802;-0,88587;-0,14814
222,65800;-0,88570;-0,14824
222,66802;-0,88553;-0,14804
222,67802;-0,88536;-0,14810
222,68800;-0,88519;-0,14793
222,69802;-0,88502;-0,14766
222,70800;-0,88485;-0,14780
222,71802;-0,88468;-0,14747
222,72802;-0,88451;-0,14756
222,73800;-0,88434;-0,14731
222,74802;-0,88417;-0,14729
222,75802;-0,88400;-0,14713
222,76800;-0,88383;-0,14721
222,77802;-0,88366;-0,14691
222,78802;-0,88349;-0,14698
222,79800;-0,88332;-0,14679
222,80802;-0,88315;-0,14676
222,81802;-0,88304;-0,14662
222,82802;-0,88287;-0,14649
222,83802;-0,88264;-0,14635
222,84800;-0,88247;-0,14625
222,85802;-0,88230;-0,14628
222,86802;-0,88213;-0,14615
222,87800;-0,88196;-0,14601
222,88802;-0,88179;-0,14583
222,89802;-0,88162;-0,14581
222,90800;-0,88145;-0,14560
222,91802;-0,88128;-0,14556
222,92802;-0,88111;-0,14545
222,93800;-0,88094;-0,14534
222,94802;-0,88077;-0,14535
222,95800;-0,88060;-0,14518
222,96802;-0,88043;-0,14507
222,97802;-0,88026;-0,14491
222,98800;-0,88015;-0,14487
222,99802;-0,87998;-0,14472
223,00802;-0,87981;-0,14474
223,01800;-0,87964;-0,14450
223,02802;-0,87947;-0,14451
223,03802;-0,87930;-0,14436
223,04800;-0,87913;-0,14428
223,05802;-0,87896;-0,14420
223,06802;-0,87884;-0,14405
223,07802;-0,87862;-0,14397
223,08802;-0,87850;-0,14387
223,09800;-0,87833;-0,14384
223,10802;-0,87816;-0,14358
223,11802;-0,87799;-0,14367
223,12800;-0,87788;-0,14349
223,13802;-0,87771;-0,14335
223,14802;-0,87754;-0,14338
223,15800;-0,87737;-0,14316
223,16802;-0,87720;-0,14312
223,17802;-0,87703;-0,14302
223,18800;-0,87686;-0,14297
223,19802;-0,87669;-0,14278
223,20800;-0,87652;-0,14279
223,21802;-0,87635;-0,14269
223,22802;-0,87624;-0,14254
223,23800;-0,87601;-0,14250
223,24802;-0,87584;-0,14228
223,25802;-0,87567;-0,14225
223,26800;-0,87550;-0,14201
223,27802;-0,87539;-0,14213
223,28802;-0,87522;-0,14187
223,29800;-0,87505;-0,14189
223,30802;-0,87488;-0,14178
223,31802;-0,87471;-0,14160
223,32802;-0,87454;-0,14163
223,33802;-0,87437;-0,14131
223,34800;-0,87420;-0,14133
223,35802;-0,87403;-0,14112
223,36802;-0,87386;-0,14121
223,37800;-0,87369;-0,14095
223,38802;-0,87352;-0,14108
223,39802;-0,87335;-0,14074
223,40800;-0,87318;-0,14071
223,41802;-0,87301;-0,14064
223,42802;-0,87284;-0,14048
223,43800;-0,87267;-0,14048
223,44802;-0,87250;-0,14024
223,45800;-0,87238;-0,14025
223,46802;-0,87221;-0,14005
223,47802;-0,87204;-0,14017
223,48800;-0,87187;-0,13985
223,49802;-0,87170;-0,13994
223,50802;-0,87153;-0,13962
223,51800;-0,87136;-0,13974
223,52802;-0,87119;-0,13944
223,53802;-0,87102;-0,13947
223,54800;-0,87085;-0,13930
223,55802;-0,87068;-0,13918
223,56802;-0,87051;-0,13921
223,57802;-0,87034;-0,13890
223,58802;-0,87017;-0,13906
223,59800;-0,87000;-0,13870
223,60802;-0,86983;-0,13882
223,61802;-0,86966;-0,13851
223,62800;-0,86949;-0,13868
223,63802;-0,86932;-0,13830
223,64802;-0,86915;-0,13837
223,65800;-0,86898;-0,13827
223,66802;-0,86881;-0,13804
223,67802;-0,86864;-0,13815
223,68800;-0,86847;-0,13779
223,69802;-0,86830;-0,13801
223,70800;-0,86813;-0,13760
223,71802;-0,86796;-0,13787
223,72802;-0,86779;-0,13736
223,73800;-0,86762;-0,13752
223,74802;-0,86745;-0,13720
223,75802;-0,86728;-0,13734
223,76800;-0,86717;-0,13710
223,77802;-0,86700;-0,13697
223,78802;-0,86683;-0,13703
223,79800;-0,86666;-0,13667
223,80802;-0,86649;-0,13695
223,81802;-0,86632;-0,13642
223,82802;-0,86615;-0,13669
223,83802;-0,86598;-0,13620
223,84800;-0,86581;-0,13651
223,85802;-0,86564;-0,13612
223,86802;-0,86547;-0,13618
223,87800;-0,86530;-0,13601
223,88802;-0,86513;-0,13594
223,89802;-0,86496;-0,13596
223,90800;-0,86479;-0,13568
223,91802;-0,86468;-0,13581
223,92802;-0,86451;-0,13540
223,93800;-0,86434;-0,13565
223,94802;-0,86417;-0,13530
223,95800;-0,86400;-0,13541
223,96802;-0,86383;-0,13511
223,97802;-0,86371;-0,13514
223,98800;-0,86354;-0,13509
223,99802;-0,86337;-0,13495
224,00802;-0,86320;-0,13490
224,01800;-0,86303;-0,13465
224,02802;-0,86286;-0,13475
224,03802;-0,86269;-0,13447
224,04800;-0,86252;-0,13460
224,05802;-0,86235;-0,13436
224,06802;-0,86218;-0,13427
224,07802;-0,86201;-0,13432
224,08802;-0,86190;-0,13414
224,09800;-0,86173;-0,13400
224,10802;-0,86156;-0,13402
224,11802;-0,86139;-0,13379
224,12800;-0,86122;-0,13371
224,13802;-0,86099;-0,13378
224,14802;-0,86082;-0,13353
224,15800;-0,86065;-0,13348
224,16802;-0,86048;-0,13347
224,17802;-0,86031;-0,13322
224,18800;-0,86014;-0,13326
224,19802;-0,85997;-0,13302
224,20800;-0,85980;-0,13298
224,21802;-0,85958;-0,13287
224,22802;-0,85946;-0,13277
224,23800;-0,85929;-0,13267
224,24802;-0,85912;-0,13255
224,25802;-0,85895;-0,13258
224,26800;-0,85878;-0,13241
224,27802;-0,85861;-0,13225
224,28802;-0,85844;-0,13233
224,29800;-0,85833;-0,13215
224,30802;-0,85816;-0,13202
224,31802;-0,85799;-0,13194
224,32802;-0,85782;-0,13181
224,33802;-0,85765;-0,13173
224,34800;-0,85748;-0,13173
224,35802;-0,85731;-0,13151
224,36802;-0,85714;-0,13141
224,37800;-0,85697;-0,13145
224,38802;-0,85686;-0,13130
224,39802;-0,85669;-0,13127
224,40800;-0,85652;-0,13109
224,41802;-0,85635;-0,13098
224,42802;-0,85623;-0,13089
224,43800;-0,85606;-0,13086
224,44802;-0,85589;-0,13070
224,45800;-0,85572;-0,13054
224,46802;-0,85555;-0,13061
224,47802;-0,85538;-0,13043
224,48800;-0,85521;-0,13042
224,49802;-0,85504;-0,13029
224,50802;-0,85487;-0,13015
224,51800;-0,85470;-0,13009
224,52802;-0,85453;-0,12997
224,53802;-0,85436;-0,12985
224,54800;-0,85419;-0,12970
224,55802;-0,85402;-0,12980
224,56802;-0,85385;-0,12955
224,57802;-0,85368;-0,12958
224,58802;-0,85357;-0,12940
224,59800;-0,85340;-0,12946
224,60802;-0,85323;-0,12926
224,61802;-0,85306;-0,12919
224,62800;-0,85289;-0,12910
224,63802;-0,85272;-0,12882
224,64802;-0,85255;-0,12894
224,65800;-0,85238;-0,12873
224,66802;-0,85221;-0,12880
224,67802;-0,85204;-0,12855
224,68800;-0,85187;-0,12868
224,69802;-0,85170;-0,12832
224,70800;-0,85153;-0,12843
224,71802;-0,85136;-0,12822
224,72802;-0,85119;-0,12798
224,73800;-0,85108;-0,12817
224,74802;-0,85091;-0,12787
224,75802;-0,85074;-0,12802
224,76800;-0,85057;-0,12777
224,77802;-0,85040;-0,12787
224,78802;-0,85023;-0,12748
224,79800;-0,85006;-0,12774
224,80802;-0,84983;-0,12733
224,81802;-0,84966;-0,12727
224,82802;-0,84949;-0,12717
224,83802;-0,84932;-0,12705
224,84800;-0,84915;-0,12707
224,85802;-0,84898;-0,12686
224,86802;-0,84881;-0,12697
224,87800;-0,84864;-0,12652
224,88802;-0,84847;-0,12686
224,89802;-0,84830;-0,12642
224,90800;-0,84813;-0,12646
224,91802;-0,84796;-0,12629
224,92802;-0,84779;-0,12630
224,93800;-0,84762;-0,12621
224,94802;-0,84751;-0,12613
224,95800;-0,84728;-0,12610
224,96802;-0,84711;-0,12575
224,97802;-0,84694;-0,12603
224,98800;-0,84677;-0,12555
224,99802;-0,84660;-0,12564
225,00802;-0,84643;-0,12549
225,01800;-0,84626;-0,12539
225,02802;-0,84609;-0,12529
225,03802;-0,84592;-0,12533
225,04800;-0,84581;-0,12517
225,05802;-0,84564;-0,12505
225,06802;-0,84547;-0,12515
225,07802;-0,84530;-0,12480
225,08802;-0,84513;-0,12501
225,09800;-0,84496;-0,12478
225,10802;-0,84479;-0,12483
225,11802;-0,84462;-0,12452
225,12800;-0,84450;-0,12462
225,13802;-0,84433;-0,12436
225,14802;-0,84416;-0,12436
225,15800;-0,84399;-0,12418
225,16802;-0,84382;-0,12408
225,17802;-0,84365;-0,12406
225,18800;-0,84348;-0,12397
225,19802;-0,84331;-0,12391
225,20800;-0,84314;-0,12368
225,21802;-0,84303;-0,12375
225,22802;-0,84286;-0,12352
225,23800;-0,84269;-0,12362
225,24802;-0,84258;-0,12335
225,25802;-0,84235;-0,12340
225,26800;-0,84224;-0,12313
225,27802;-0,84207;-0,12332
225,28802;-0,84190;-0,12306
225,29800;-0,84173;-0,12297
225,30802;-0,84156;-0,12292
225,31802;-0,84133;-0,12277
225,32802;-0,84116;-0,12276
225,33802;-0,84105;-0,12255
225,34800;-0,84082;-0,12261
225,35802;-0,84065;-0,12226
225,36802;-0,84048;-0,12248
225,37800;-0,84037;-0,12223
225,38802;-0,84020;-0,12228
225,39802;-0,84003;-0,12206
225,40800;-0,83986;-0,12204
225,41802;-0,83969;-0,12194
225,42802;-0,83952;-0,12181
225,43800;-0,83935;-0,12189
225,44802;-0,83918;-0,12160
225,45800;-0,83895;-0,12175
225,46802;-0,83878;-0,12149
225,47802;-0,83861;-0,12159
225,48800;-0,83844;-0,12130
225,49802;-0,83827;-0,12128
225,50802;-0,83810;-0,12120
225,51800;-0,83793;-0,12107
225,52802;-0,83776;-0,12109
225,53802;-0,83759;-0,12083
225,54800;-0,83742;-0,12092
225,55802;-0,83725;-0,12068
225,56802;-0,83714;-0,12076
225,57802;-0,83697;-0,12064
225,58802;-0,83680;-0,12054
225,59800;-0,83668;-0,12034
225,60802;-0,83651;-0,12041
225,61802;-0,83634;-0,12033
225,62800;-0,83617;-0,12007
225,63802;-0,83600;-0,12030
225,64802;-0,83583;-0,11989
225,65800;-0,83566;-0,12011
225,66802;-0,83549;-0,11991
225,67802;-0,83532;-0,11987
225,68800;-0,83515;-0,11976
225,69802;-0,83498;-0,11969
225,70800;-0,83481;-0,11962
225,71802;-0,83464;-0,11940
225,72802;-0,83453;-0,11944
225,73800;-0,83436;-0,11918
225,74802;-0,83419;-0,11927
225,75802;-0,83402;-0,11909
225,76800;-0,83385;-0,11921
225,77802;-0,83368;-0,11890
225,78802;-0,83351;-0,11910
225,79800;-0,83340;-0,11885
225,80802;-0,83323;-0,11874
225,81802;-0,83306;-0,11865
225,82802;-0,83289;-0,11856
225,83802;-0,83272;-0,11852
225,84800;-0,83255;-0,11841
225,85802;-0,83238;-0,11839
225,86802;-0,83221;-0,11817
225,87800;-0,83204;-0,11835
225,88802;-0,83187;-0,11814
225,89802;-0,83170;-0,11821
225,90800;-0,83158;-0,11800
225,91802;-0,83141;-0,11808
225,92802;-0,83124;-0,11776
225,93800;-0,83107;-0,11791
225,94802;-0,83090;-0,11774
225,95800;-0,83068;-0,11767
225,96802;-0,83051;-0,11774
225,97802;-0,83034;-0,11764
225,98800;-0,83022;-0,11765
225,99802;-0,83005;-0,11736
226,00802;-0,82983;-0,11754
226,01800;-0,82971;-0,11713
226,02802;-0,82954;-0,11750
226,03802;-0,82937;-0,11703
226,04800;-0,82920;-0,11720
226,05802;-0,82909;-0,11699
226,06802;-0,82892;-0,11694
226,07802;-0,82869;-0,11684
226,08802;-0,82852;-0,11672
226,09800;-0,82835;-0,11680
226,10802;-0,82818;-0,11643
226,11802;-0,82801;-0,11680
226,12800;-0,82784;-0,11622
226,13802;-0,82762;-0,11658
226,14802;-0,82745;-0,11612
226,15800;-0,82728;-0,11630
226,16802;-0,82711;-0,11600
226,17802;-0,82694;-0,11604
226,18800;-0,82677;-0,11601
226,19802;-0,82660;-0,11569
226,20800;-0,82643;-0,11606
226,21802;-0,82626;-0,11547
226,22802;-0,82614;-0,11586
226,23800;-0,82597;-0,11539
226,24802;-0,82580;-0,11561
226,25802;-0,82563;-0,11512
226,26800;-0,82546;-0,11544
226,27802;-0,82529;-0,11512
226,28802;-0,82512;-0,11513
226,29800;-0,82495;-0,11520
226,30802;-0,82478;-0,11486
226,31802;-0,82461;-0,11500
226,32802;-0,82444;-0,11465
226,33802;-0,82427;-0,11481
226,34800;-0,82410;-0,11434
226,35802;-0,82393;-0,11482
226,36802;-0,82382;-0,11435
226,37800;-0,82365;-0,11451
226,38802;-0,82348;-0,11437
226,39802;-0,82331;-0,11427
226,40800;-0,82314;-0,11422
226,41802;-0,82297;-0,11405
226,42802;-0,82280;-0,11411
226,43800;-0,82263;-0,11376
226,44802;-0,82252;-0,11410
226,45800;-0,82235;-0,11365
226,46802;-0,82218;-0,11390
226,47802;-0,82201;-0,11357
226,48800;-0,82184;-0,11371
226,49802;-0,82167;-0,11340
226,50802;-0,82155;-0,11346
226,51800;-0,82138;-0,11336
226,52802;-0,82121;-0,11320
226,53802;-0,82104;-0,11330
226,54800;-0,82087;-0,11302
226,55802;-0,82070;-0,11317
226,56802;-0,82059;-0,11286
226,57802;-0,82042;-0,11296
226,58802;-0,82019;-0,11262
226,59800;-0,82002;-0,11292
226,60802;-0,81985;-0,11246
226,61802;-0,81968;-0,11264
226,62800;-0,81951;-0,11246
226,63802;-0,81934;-0,11236
226,64802;-0,81917;-0,11233
226,65800;-0,81900;-0,11229
226,66802;-0,81883;-0,11212
226,67802;-0,81866;-0,11204
226,68800;-0,81849;-0,11223
226,69802;-0,81838;-0,11182
226,70800;-0,81821;-0,11204
226,71802;-0,81804;-0,11165
226,72802;-0,81781;-0,11183
226,73800;-0,81764;-0,11151
226,74802;-0,81747;-0,11164
226,75802;-0,81730;-0,11136
226,76800;-0,81713;-0,11138
226,77802;-0,81696;-0,11137
226,78802;-0,81674;-0,11121
226,79800;-0,81657;-0,11129
226,80802;-0,81645;-0,11108
226,81802;-0,81623;-0,11114
226,82802;-0,81611;-0,11065
226,83802;-0,81594;-0,11105
226,84800;-0,81577;-0,11052
226,85802;-0,81560;-0,11075
226,86802;-0,81549;-0,11057
226,87800;-0,81532;-0,11056
226,88802;-0,81515;-0,11054
226,89802;-0,81504;-0,11044
226,90800;-0,81487;-0,11041
226,91802;-0,81470;-0,11011
226,92802;-0,81453;-0,11031
226,93800;-0,81436;-0,10991
226,94802;-0,81419;-0,11013
226,95800;-0,81402;-0,10984
226,96802;-0,81385;-0,10993
226,97802;-0,81368;-0,10973
226,98800;-0,81351;-0,10994
226,99802;-0,81334;-0,10967
227,00802;-0,81317;-0,10960
227,01800;-0,81305;-0,10958
227,02802;-0,81288;-0,10937
227,03802;-0,81271;-0,10943
227,04800;-0,81254;-0,10925
227,05802;-0,81237;-0,10934
227,06802;-0,81220;-0,10906
227,07802;-0,81203;-0,10931
227,08802;-0,81186;-0,10899
227,09800;-0,81169;-0,10909
227,10802;-0,81152;-0,10885
227,11802;-0,81135;-0,10882
227,12800;-0,81118;-0,10868
227,13802;-0,81101;-0,10868
227,14802;-0,81084;-0,10868
227,15800;-0,81067;-0,10840
227,16802;-0,81050;-0,10872
227,17802;-0,81033;-0,10830
227,18800;-0,81022;-0,10859
227,19802;-0,81005;-0,10823
227,20800;-0,80988;-0,10829
227,21802;-0,80971;-0,10800
227,22802;-0,80954;-0,10824
227,23800;-0,80937;-0,10787
227,24802;-0,80920;-0,10798
227,25802;-0,80903;-0,10791
227,26800;-0,80886;-0,10770
227,27802;-0,80869;-0,10791
227,28802;-0,80852;-0,10758
227,29800;-0,80835;-0,10773
227,30802;-0,80818;-0,10737
227,31802;-0,80807;-0,10769
227,32802;-0,80790;-0,10723
227,33802;-0,80773;-0,10744
227,34800;-0,80756;-0,10717
227,35802;-0,80739;-0,10718
227,36802;-0,80722;-0,10709
227,37800;-0,80705;-0,10700
227,38802;-0,80688;-0,10691
227,39802;-0,80671;-0,10687
227,40800;-0,80654;-0,10696
227,41802;-0,80631;-0,10664
227,42802;-0,80614;-0,10683
227,43800;-0,80597;-0,10651
227,44802;-0,80580;-0,10650
227,45800;-0,80563;-0,10646
227,46802;-0,80546;-0,10643
227,47802;-0,80529;-0,10623
227,48800;-0,80512;-0,10630
227,49802;-0,80495;-0,10615
227,50802;-0,80478;-0,10609
227,51800;-0,80461;-0,10617
227,52802;-0,80450;-0,10599
227,53802;-0,80433;-0,10594
227,54800;-0,80416;-0,10590
227,55802;-0,80399;-0,10588
227,56802;-0,80382;-0,10569
227,57802;-0,80365;-0,10567
227,58802;-0,80348;-0,10559
227,59800;-0,80331;-0,10546
227,60802;-0,80314;-0,10557
227,61802;-0,80297;-0,10542
227,62800;-0,80280;-0,10527
227,63802;-0,80263;-0,10524
227,64802;-0,80246;-0,10522
227,65800;-0,80234;-0,10509
227,66802;-0,80217;-0,10510
227,67802;-0,80200;-0,10503
227,68800;-0,80183;-0,10498
227,69802;-0,80172;-0,10493
227,70800;-0,80155;-0,10489
227,71802;-0,80138;-0,10467
227,72802;-0,80121;-0,10467
227,73800;-0,80104;-0,10472
227,74802;-0,80087;-0,10464
227,75802;-0,80070;-0,10451
227,76800;-0,80059;-0,10455
227,77802;-0,80042;-0,10442
227,78802;-0,80025;-0,10449
227,79800;-0,80008;-0,10439
227,80802;-0,79991;-0,10432
227,81802;-0,79974;-0,10426
227,82802;-0,79957;-0,10414
227,83802;-0,79940;-0,10417
227,84800;-0,79923;-0,10410
227,85802;-0,79906;-0,10405
227,86802;-0,79889;-0,10384
227,87800;-0,79872;-0,10396
227,88802;-0,79855;-0,10385
227,89802;-0,79838;-0,10386
227,90800;-0,79821;-0,10369
227,91802;-0,79804;-0,10361
227,92802;-0,79787;-0,10352
227,93800;-0,79770;-0,10352
227,94802;-0,79753;-0,10349
227,95800;-0,79736;-0,10326
227,96802;-0,79719;-0,10337
227,97802;-0,79702;-0,10319
227,98800;-0,79690;-0,10330
227,99802;-0,79673;-0,10314
228,00802;-0,79656;-0,10316
228,01800;-0,79639;-0,10284
228,02802;-0,79622;-0,10298
228,03802;-0,79605;-0,10292
228,04800;-0,79588;-0,10269
228,05802;-0,79566;-0,10273
228,06802;-0,79549;-0,10254
228,07802;-0,79532;-0,10264
228,08802;-0,79515;-0,10252
228,09800;-0,79498;-0,10248
228,10802;-0,79481;-0,10226
228,11802;-0,79464;-0,10249
228,12800;-0,79447;-0,10215
228,13802;-0,79430;-0,10224
228,14802;-0,79413;-0,10207
228,15800;-0,79401;-0,10192
228,16802;-0,79384;-0,10198
228,17802;-0,79367;-0,10190
228,18800;-0,79356;-0,10192
228,19802;-0,79339;-0,10176
228,20800;-0,79322;-0,10182
228,21802;-0,79305;-0,10165
228,22802;-0,79288;-0,10168
228,23800;-0,79271;-0,10145
228,24802;-0,79248;-0,10151
228,25802;-0,79237;-0,10123
228,26800;-0,79220;-0,10147
228,27802;-0,79203;-0,10125
228,28802;-0,79186;-0,10115
228,29800;-0,79169;-0,10126
228,30802;-0,79152;-0,10107
228,31802;-0,79141;-0,10112
228,32802;-0,79124;-0,10104
228,33802;-0,79107;-0,10097
228,34800;-0,79090;-0,10071
228,35802;-0,79073;-0,10099
228,36802;-0,79056;-0,10057
228,37800;-0,79039;-0,10086
228,38802;-0,79022;-0,10064
228,39802;-0,79005;-0,10066
228,40800;-0,78988;-0,10051
228,41802;-0,78971;-0,10055
228,42802;-0,78954;-0,10035
228,43800;-0,78937;-0,10017
228,44802;-0,78920;-0,10034
228,45800;-0,78903;-0,10016
228,46802;-0,78886;-0,10019
228,47802;-0,78869;-0,10007
228,48800;-0,78852;-0,10017
228,49802;-0,78840;-0,09983
228,50802;-0,78823;-0,10011
228,51800;-0,78806;-0,09972
228,52802;-0,78789;-0,09975
228,53802;-0,78772;-0,09976
228,54800;-0,78755;-0,09966
228,55802;-0,78738;-0,09963
228,56802;-0,78721;-0,09962
228,57802;-0,78704;-0,09953
228,58802;-0,78687;-0,09940
228,59800;-0,78670;-0,09956
228,60802;-0,78653;-0,09929
228,61802;-0,78636;-0,09934
228,62800;-0,78619;-0,09923
228,63802;-0,78608;-0,09922
228,64802;-0,78591;-0,09903
228,65800;-0,78574;-0,09908
228,66802;-0,78557;-0,09897
228,67802;-0,78540;-0,09878
228,68800;-0,78523;-0,09893
228,69802;-0,78500;-0,09885
228,70800;-0,78483;-0,09868
228,71802;-0,78466;-0,09870
228,72802;-0,78449;-0,09861
228,73800;-0,78427;-0,09842
228,74802;-0,78410;-0,09861
228,75802;-0,78393;-0,09843
228,76800;-0,78376;-0,09830
228,77802;-0,78359;-0,09834
228,78802;-0,78342;-0,09835
228,79800;-0,78325;-0,09815
228,80802;-0,78313;-0,09823
228,81802;-0,78296;-0,09805
228,82802;-0,78279;-0,09803
228,83802;-0,78268;-0,09806
228,84800;-0,78251;-0,09799
228,85802;-0,78228;-0,09783
228,86802;-0,78211;-0,09783
228,87800;-0,78194;-0,09785
228,88802;-0,78177;-0,09775
228,89802;-0,78160;-0,09773
228,90800;-0,78143;-0,09758
228,91802;-0,78126;-0,09760
228,92802;-0,78115;-0,09750
228,93800;-0,78098;-0,09756
228,94802;-0,78081;-0,09746
228,95800;-0,78070;-0,09730
228,96802;-0,78053;-0,09741
228,97802;-0,78036;-0,09723
228,98800;-0,78019;-0,09733
228,99802;-0,78002;-0,09707
229,00802;-0,77985;-0,09712
229,01800;-0,77968;-0,09695
229,02802;-0,77951;-0,09714
229,03802;-0,77934;-0,09685
229,04800;-0,77922;-0,09700
229,05802;-0,77905;-0,09672
229,06802;-0,77888;-0,09679
229,07802;-0,77871;-0,09676
229,08802;-0,77854;-0,09665
229,09800;-0,77837;-0,09661
229,10802;-0,77820;-0,09645
229,11802;-0,77803;-0,09663
229,12800;-0,77786;-0,09630
229,13802;-0,77775;-0,09655
229,14802;-0,77758;-0,09618
229,15800;-0,77741;-0,09638
229,16802;-0,77724;-0,09610
229,17802;-0,77707;-0,09628
229,18800;-0,77690;-0,09597
229,19802;-0,77673;-0,09601
229,20800;-0,77656;-0,09601
229,21802;-0,77639;-0,09581
229,22802;-0,77622;-0,09601
229,23800;-0,77605;-0,09565
229,24802;-0,77582;-0,09593
229,25802;-0,77571;-0,09552
229,26800;-0,77554;-0,09594
229,27802;-0,77537;-0,09540
229,28802;-0,77520;-0,09569
229,29800;-0,77503;-0,09533
229,30802;-0,77486;-0,09550
229,31802;-0,77469;-0,09536
229,32802;-0,77452;-0,09523
229,33802;-0,77435;-0,09524
229,34800;-0,77418;-0,09502
229,35802;-0,77401;-0,09518
229,36802;-0,77384;-0,09490
229,37800;-0,77367;-0,09522
229,38802;-0,77350;-0,09479
229,39802;-0,77333;-0,09514
229,40800;-0,77316;-0,09468
229,41802;-0,77299;-0,09499
229,42802;-0,77282;-0,09461
229,43800;-0,77265;-0,09470
229,44802;-0,77248;-0,09459
229,45800;-0,77231;-0,09453
229,46802;-0,77220;-0,09465
229,47802;-0,77203;-0,09435
229,48800;-0,77186;-0,09460
229,49802;-0,77169;-0,09420
229,50802;-0,77152;-0,09461
229,51800;-0,77135;-0,09415
229,52802;-0,77118;-0,09450
229,53802;-0,77101;-0,09405
229,54800;-0,77084;-0,09419
229,55802;-0,77067;-0,09404
229,56802;-0,77050;-0,09397
229,57802;-0,77033;-0,09400
229,58802;-0,77016;-0,09385
229,59800;-0,76999;-0,09389
229,60802;-0,76982;-0,09370
229,61802;-0,76970;-0,09393
229,62800;-0,76953;-0,09350
229,63802;-0,76931;-0,09379
229,64802;-0,76914;-0,09348
229,65800;-0,76902;-0,09367
229,66802;-0,76880;-0,09336
229,67802;-0,76868;-0,09344
229,68800;-0,76851;-0,09334
229,69802;-0,76834;-0,09338
229,70800;-0,76817;-0,09334
229,71802;-0,76800;-0,09309
229,72802;-0,76783;-0,09313
229,73800;-0,76766;-0,09306
229,74802;-0,76749;-0,09308
229,75802;-0,76732;-0,09285
229,76800;-0,76715;-0,09298
229,77802;-0,76698;-0,09282
229,78802;-0,76681;-0,09295
229,79800;-0,76670;-0,09286
229,80802;-0,76653;-0,09274
229,81802;-0,76636;-0,09263
229,82802;-0,76619;-0,09265
229,83802;-0,76602;-0,09263
229,84800;-0,76585;-0,09247
229,85802;-0,76574;-0,09244
229,86802;-0,76557;-0,09232
229,87800;-0,76540;-0,09240
229,88802;-0,76523;-0,09235
229,89802;-0,76506;-0,09229
229,90800;-0,76489;-0,09226
229,91802;-0,76472;-0,09221
229,92802;-0,76455;-0,09213
229,93800;-0,76438;-0,09206
229,94802;-0,76421;-0,09200
229,95800;-0,76404;-0,09177
229,96802;-0,76387;-0,09190
229,97802;-0,76370;-0,09168
229,98800;-0,76353;-0,09180
229,99802;-0,76336;-0,09159
230,00802;-0,76319;-0,09170
230,01800;-0,76302;-0,09153
230,02802;-0,76285;-0,09162
230,03802;-0,76268;-0,09147
230,04800;-0,76245;-0,09147
230,05802;-0,76228;-0,09132
230,06802;-0,76211;-0,09128
230,07802;-0,76194;-0,09128
230,08802;-0,76177;-0,09108
230,09800;-0,76160;-0,09128
230,10802;-0,76143;-0,09097
230,11802;-0,76132;-0,09118
230,12800;-0,76115;-0,09081
230,13802;-0,76098;-0,09099
230,14802;-0,76081;-0,09067
230,15800;-0,76064;-0,09082
230,16802;-0,76047;-0,09055
230,17802;-0,76024;-0,09079
230,18800;-0,76007;-0,09056
230,19802;-0,75990;-0,09058
230,20800;-0,75979;-0,09061
230,21802;-0,75962;-0,09049
230,22802;-0,75945;-0,09050
230,23800;-0,75933;-0,09022
230,24802;-0,75916;-0,09037
230,25802;-0,75899;-0,09006
230,26800;-0,75882;-0,09025
230,27802;-0,75865;-0,09001
230,28802;-0,75848;-0,09025
230,29800;-0,75831;-0,08986
230,30802;-0,75820;-0,09008
230,31802;-0,75803;-0,08984
230,32802;-0,75786;-0,08978
230,33802;-0,75769;-0,08976
230,34800;-0,75752;-0,08964
230,35802;-0,75735;-0,08964
230,36802;-0,75724;-0,08961
230,37800;-0,75707;-0,08965
230,38802;-0,75690;-0,08940
230,39802;-0,75673;-0,08959
230,40800;-0,75656;-0,08922
230,41802;-0,75639;-0,08950
230,42802;-0,75622;-0,08915
230,43800;-0,75605;-0,08933
230,44802;-0,75593;-0,08913
230,45800;-0,75576;-0,08926
230,46802;-0,75559;-0,08911
230,47802;-0,75542;-0,08912
230,48800;-0,75520;-0,08901
230,49802;-0,75503;-0,08883
230,50802;-0,75486;-0,08888
230,51800;-0,75469;-0,08870
230,52802;-0,75452;-0,08882
230,53802;-0,75435;-0,08854
230,54800;-0,75418;-0,08874
230,55802;-0,75401;-0,08851
230,56802;-0,75384;-0,08853
230,57802;-0,75367;-0,08847
230,58802;-0,75350;-0,08839
230,59800;-0,75333;-0,08843
230,60802;-0,75316;-0,08826
230,61802;-0,75299;-0,08822
230,62800;-0,75282;-0,08813
230,63802;-0,75265;-0,08814
230,64802;-0,75248;-0,08792
230,65800;-0,75231;-0,08808
230,66802;-0,75214;-0,08783
230,67802;-0,75191;-0,08782
230,68800;-0,75174;-0,08789
230,69802;-0,75157;-0,08777
230,70800;-0,75146;-0,08778
230,71802;-0,75129;-0,08762
230,72802;-0,75112;-0,08769
230,73800;-0,75095;-0,08752
230,74802;-0,75078;-0,08759
230,75802;-0,75066;-0,08743
230,76800;-0,75049;-0,08738
230,77802;-0,75032;-0,08736
230,78802;-0,75015;-0,08742
230,79800;-0,74998;-0,08733
230,80802;-0,74981;-0,08714
230,81802;-0,74964;-0,08729
230,82802;-0,74947;-0,08697
230,83802;-0,74930;-0,08721
230,84800;-0,74913;-0,08696
230,85802;-0,74902;-0,08699
230,86802;-0,74885;-0,08692
230,87800;-0,74868;-0,08701
230,88802;-0,74851;-0,08693
230,89802;-0,74834;-0,08687
230,90800;-0,74817;-0,08678
230,91802;-0,74800;-0,08661
230,92802;-0,74783;-0,08673
230,93800;-0,74766;-0,08655
230,94802;-0,74749;-0,08652
230,95800;-0,74732;-0,08642
230,96802;-0,74715;-0,08651
230,97802;-0,74698;-0,08636
230,98800;-0,74681;-0,08645
230,99802;-0,74664;-0,08632
231,00802;-0,74647;-0,08616
231,01800;-0,74630;-0,08631
231,02802;-0,74613;-0,08610
231,03802;-0,74596;-0,08613
231,04800;-0,74585;-0,08608
231,05802;-0,74568;-0,08602
231,06802;-0,74551;-0,08590
231,07802;-0,74534;-0,08597
231,08802;-0,74522;-0,08582
231,09800;-0,74505;-0,08576
231,10802;-0,74488;-0,08578
231,11802;-0,74471;-0,08564
231,12800;-0,74460;-0,08571
231,13802;-0,74443;-0,08567
231,14802;-0,74426;-0,08561
231,15800;-0,74409;-0,08541
231,16802;-0,74392;-0,08548
231,17802;-0,74375;-0,08540
231,18800;-0,74358;-0,08539
231,19802;-0,74341;-0,08530
231,20800;-0,74324;-0,08533
231,21802;-0,74307;-0,08520
231,22802;-0,74290;-0,08532
231,23800;-0,74273;-0,08508
231,24802;-0,74256;-0,08498
231,25802;-0,74239;-0,08494
231,26800;-0,74222;-0,08496
231,27802;-0,74205;-0,08482
231,28802;-0,74188;-0,08487
231,29800;-0,74171;-0,08475
231,30802;-0,74154;-0,08467
231,31802;-0,74137;-0,08483
231,32802;-0,74120;-0,08459
231,33802;-0,74097;-0,08457
231,34800;-0,74080;-0,08446
231,35802;-0,74063;-0,08459
231,36802;-0,74052;-0,08427
231,37800;-0,74029;-0,08452
231,38802;-0,74012;-0,08425
231,39802;-0,74001;-0,08434
231,40800;-0,73984;-0,08429
231,41802;-0,73967;-0,08421
231,42802;-0,73950;-0,08411
231,43800;-0,73933;-0,08402
231,44802;-0,73916;-0,08411
231,45800;-0,73899;-0,08392
231,46802;-0,73882;-0,08403
231,47802;-0,73865;-0,08389
231,48800;-0,73848;-0,08402
231,49802;-0,73831;-0,08377
231,50802;-0,73814;-0,08389
231,51800;-0,73803;-0,08361
231,52802;-0,73786;-0,08370
231,53802;-0,73769;-0,08360
231,54800;-0,73752;-0,08363
231,55802;-0,73740;-0,08357
231,56802;-0,73723;-0,08352
231,57802;-0,73706;-0,08347
231,58802;-0,73689;-0,08342
231,59800;-0,73672;-0,08348
231,60802;-0,73655;-0,08319
231,61802;-0,73638;-0,08343
231,62800;-0,73621;-0,08301
231,63802;-0,73604;-0,08331
231,64802;-0,73587;-0,08301
231,65800;-0,73570;-0,08318
231,66802;-0,73553;-0,08293
231,67802;-0,73536;-0,08304
231,68800;-0,73519;-0,08289
231,69802;-0,73508;-0,08285
231,70800;-0,73491;-0,08280
231,71802;-0,73474;-0,08273
231,72802;-0,73457;-0,08278
231,73800;-0,73440;-0,08262
231,74802;-0,73423;-0,08280
231,75802;-0,73406;-0,08239
231,76800;-0,73389;-0,08266
231,77802;-0,73372;-0,08232
231,78802;-0,73355;-0,08254
231,79800;-0,73338;-0,08236
231,80802;-0,73321;-0,08252
231,81802;-0,73304;-0,08235
231,82802;-0,73287;-0,08248
231,83802;-0,73264;-0,08236
231,84800;-0,73253;-0,08219
231,85802;-0,73236;-0,08235
231,86802;-0,73219;-0,08201
231,87800;-0,73202;-0,08227
231,88802;-0,73185;-0,08205
231,89802;-0,73168;-0,08221
231,90800;-0,73151;-0,08194
231,91802;-0,73134;-0,08211
231,92802;-0,73117;-0,08187
231,93800;-0,73100;-0,08189
231,94802;-0,73083;-0,08182
231,95800;-0,73066;-0,08167
231,96802;-0,73049;-0,08173
231,97802;-0,73032;-0,08160
231,98800;-0,73015;-0,08176
231,99802;-0,72998;-0,08154
232,00802;-0,72981;-0,08167
232,01800;-0,72964;-0,08147
232,02802;-0,72947;-0,08151
232,03802;-0,72930;-0,08135
232,04800;-0,72919;-0,08136
232,05802;-0,72902;-0,08123
232,06802;-0,72885;-0,08125
232,07802;-0,72868;-0,08132
232,08802;-0,72851;-0,08114
232,09800;-0,72834;-0,08129
232,10802;-0,72817;-0,08099
232,11802;-0,72800;-0,08104
232,12800;-0,72783;-0,08100
232,13802;-0,72766;-0,08096
232,14802;-0,72749;-0,08084
232,15800;-0,72732;-0,08097
232,16802;-0,72715;-0,08093
232,17802;-0,72703;-0,08084
232,18800;-0,72681;-0,08093
232,19802;-0,72669;-0,08062
232,20800;-0,72647;-0,08066
232,21802;-0,72630;-0,08056
232,22802;-0,72613;-0,08063
232,23800;-0,72596;-0,08040
232,24802;-0,72579;-0,08049
232,25802;-0,72562;-0,08045
232,26800;-0,72545;-0,08036
232,27802;-0,72528;-0,08051
232,28802;-0,72511;-0,08026
232,29800;-0,72494;-0,08024
232,30802;-0,72477;-0,08013
232,31802;-0,72460;-0,08025
232,32802;-0,72448;-0,08004
232,33802;-0,72431;-0,08008
232,34800;-0,72414;-0,07999
232,35802;-0,72397;-0,07990
232,36802;-0,72380;-0,08003
232,37800;-0,72369;-0,07989
232,38802;-0,72352;-0,07985
232,39802;-0,72335;-0,07971
232,40800;-0,72318;-0,07977
232,41802;-0,72301;-0,07962
232,42802;-0,72284;-0,07976
232,43800;-0,72267;-0,07953
232,44802;-0,72250;-0,07944
232,45800;-0,72233;-0,07951
232,46802;-0,72222;-0,07949
232,47802;-0,72199;-0,07933
232,48800;-0,72188;-0,07939
232,49802;-0,72171;-0,07937
232,50802;-0,72154;-0,07933
232,51800;-0,72137;-0,07935
232,52802;-0,72120;-0,07923
232,53802;-0,72103;-0,07912
232,54800;-0,72086;-0,07908
232,55802;-0,72074;-0,07910
232,56802;-0,72057;-0,07892
232,57802;-0,72035;-0,07895
232,58802;-0,72018;-0,07890
232,59800;-0,72001;-0,07888
232,60802;-0,71984;-0,07884
232,61802;-0,71967;-0,07878
232,62800;-0,71950;-0,07866
232,63802;-0,71933;-0,07861
232,64802;-0,71916;-0,07871
232,65800;-0,71899;-0,07845
232,66802;-0,71882;-0,07862
232,67802;-0,71865;-0,07836
232,68800;-0,71848;-0,07859
232,69802;-0,71831;-0,07831
232,70800;-0,71814;-0,07848
232,71802;-0,71797;-0,07828
232,72802;-0,71780;-0,07830
232,73800;-0,71763;-0,07823
232,74802;-0,71746;-0,07813
232,75802;-0,71729;-0,07814
232,76800;-0,71712;-0,07794
232,77802;-0,71695;-0,07814
232,78802;-0,71678;-0,07769
232,79800;-0,71666;-0,07818
232,80802;-0,71649;-0,07779
232,81802;-0,71632;-0,07794
232,82802;-0,71615;-0,07763
232,83802;-0,71598;-0,07767
232,84800;-0,71581;-0,07761
232,85802;-0,71564;-0,07764
232,86802;-0,71547;-0,07756
232,87800;-0,71530;-0,07743
232,88802;-0,71513;-0,07757
232,89802;-0,71496;-0,07734
232,90800;-0,71485;-0,07757
232,91802;-0,71462;-0,07723
232,92802;-0,71451;-0,07741
232,93800;-0,71428;-0,07723
232,94802;-0,71417;-0,07731
232,95800;-0,71394;-0,07705
232,96802;-0,71383;-0,07707
232,97802;-0,71366;-0,07702
232,98800;-0,71349;-0,07698
232,99802;-0,71332;-0,07694
233,00802;-0,71315;-0,07695
233,01800;-0,71298;-0,07678
233,02802;-0,71281;-0,07688
233,03802;-0,71264;-0,07674
233,04800;-0,71247;-0,07666
233,05802;-0,71230;-0,07661
233,06802;-0,71213;-0,07666
233,07802;-0,71196;-0,07665
233,08802;-0,71179;-0,07655
233,09800;-0,71162;-0,07653
233,10802;-0,71145;-0,07637
233,11802;-0,71128;-0,07638
233,12800;-0,71111;-0,07633
233,13802;-0,71094;-0,07620
233,14802;-0,71077;-0,07617
233,15800;-0,71060;-0,07603
233,16802;-0,71043;-0,07616
233,17802;-0,71026;-0,07607
233,18800;-0,71009;-0,07605
233,19802;-0,70998;-0,07597
233,20800;-0,70981;-0,07600
233,21802;-0,70958;-0,07585
233,22802;-0,70941;-0,07583
233,23800;-0,70924;-0,07585
233,24802;-0,70907;-0,07571
233,25802;-0,70890;-0,07579
233,26800;-0,70873;-0,07567
233,27802;-0,70856;-0,07574
233,28802;-0,70839;-0,07547
233,29800;-0,70822;-0,07564
233,30802;-0,70811;-0,07552
233,31802;-0,70794;-0,07544
233,32802;-0,70777;-0,07549
233,33802;-0,70760;-0,07534
233,34800;-0,70743;-0,07523
233,35802;-0,70731;-0,07527
233,36802;-0,70714;-0,07533
233,37800;-0,70697;-0,07506
233,38802;-0,70680;-0,07536
233,39802;-0,70663;-0,07513
233,40800;-0,70646;-0,07517
233,41802;-0,70629;-0,07512
233,42802;-0,70612;-0,07500
233,43800;-0,70595;-0,07493
233,44802;-0,70578;-0,07491
233,45800;-0,70561;-0,07486
233,46802;-0,70544;-0,07470
233,47802;-0,70527;-0,07481
233,48800;-0,70510;-0,07461
233,49802;-0,70493;-0,07470
233,50802;-0,70476;-0,07463
233,51800;-0,70459;-0,07473
233,52802;-0,70442;-0,07446
233,53802;-0,70425;-0,07452
233,54800;-0,70408;-0,07441
233,55802;-0,70391;-0,07437
233,56802;-0,70374;-0,07440
233,57802;-0,70357;-0,07438
233,58802;-0,70346;-0,07430
233,59800;-0,70329;-0,07437
233,60802;-0,70312;-0,07437
233,61802;-0,70295;-0,07412
233,62800;-0,70278;-0,07421
233,63802;-0,70267;-0,07405
233,64802;-0,70250;-0,07397
233,65800;-0,70233;-0,07400
233,66802;-0,70221;-0,07398
233,67802;-0,70204;-0,07383
233,68800;-0,70187;-0,07403
233,69802;-0,70170;-0,07392
233,70800;-0,70153;-0,07386
233,71802;-0,70136;-0,07384
233,72802;-0,70119;-0,07369
233,73800;-0,70102;-0,07370
233,74802;-0,70085;-0,07367
233,75802;-0,70068;-0,07361
233,76800;-0,70051;-0,07358
233,77802;-0,70034;-0,07359
233,78802;-0,70017;-0,07352
233,79800;-0,70000;-0,07359
233,80802;-0,69989;-0,07341
233,81802;-0,69972;-0,07332
233,82802;-0,69955;-0,07322
233,83802;-0,69938;-0,07325
233,84800;-0,69921;-0,07330
233,85802;-0,69904;-0,07308
233,86802;-0,69887;-0,07318
233,87800;-0,69864;-0,07302
233,88802;-0,69847;-0,07294
233,89802;-0,69830;-0,07299
233,90800;-0,69813;-0,07300
233,91802;-0,69796;-0,07282
233,92802;-0,69779;-0,07294
233,93800;-0,69762;-0,07285
233,94802;-0,69745;-0,07263
233,95800;-0,69728;-0,07282
233,96802;-0,69711;-0,07256
233,97802;-0,69694;-0,07260
233,98800;-0,69677;-0,07252
233,99802;-0,69660;-0,07256
234,00802;-0,69643;-0,07243
234,01800;-0,69626;-0,07249
234,02802;-0,69609;-0,07244
234,03802;-0,69592;-0,07231
234,04800;-0,69575;-0,07245
234,05802;-0,69564;-0,07219
234,06802;-0,69547;-0,07226
234,07802;-0,69530;-0,07207
234,08802;-0,69513;-0,07222
234,09800;-0,69496;-0,07203
234,10802;-0,69485;-0,07220
234,11802;-0,69468;-0,07211
234,12800;-0,69451;-0,07191
234,13802;-0,69434;-0,07208
234,14802;-0,69417;-0,07175
234,15800;-0,69400;-0,07188
234,16802;-0,69383;-0,07168
234,17802;-0,69366;-0,07184
234,18800;-0,69349;-0,07166
234,19802;-0,69332;-0,07182
234,20800;-0,69315;-0,07159
234,21802;-0,69298;-0,07159
234,22802;-0,69281;-0,07158
234,23800;-0,69264;-0,07142
234,24802;-0,69247;-0,07153
234,25802;-0,69230;-0,07127
234,26800;-0,69213;-0,07152
234,27802;-0,69196;-0,07111
234,28802;-0,69184;-0,07150
234,29800;-0,69167;-0,07121
234,30802;-0,69150;-0,07128
234,31802;-0,69133;-0,07114
234,32802;-0,69116;-0,07116
234,33802;-0,69105;-0,07110
234,34800;-0,69088;-0,07105
234,35802;-0,69071;-0,07107
234,36802;-0,69054;-0,07079
234,37800;-0,69037;-0,07112
234,38802;-0,69014;-0,07083
234,39802;-0,68997;-0,07100
234,40800;-0,68980;-0,07077
234,41802;-0,68963;-0,07087
234,42802;-0,68946;-0,07067
234,43800;-0,68929;-0,07084
234,44802;-0,68912;-0,07060
234,45800;-0,68895;-0,07059
234,46802;-0,68884;-0,07071
234,47802;-0,68867;-0,07051
234,48800;-0,68850;-0,07063
234,49802;-0,68833;-0,07040
234,50802;-0,68816;-0,07050
234,51800;-0,68799;-0,07027
234,52802;-0,68782;-0,07058
234,53802;-0,68765;-0,07028
234,54800;-0,68748;-0,07041
234,55802;-0,68731;-0,07030
234,56802;-0,68714;-0,07036
234,57802;-0,68697;-0,07018
234,58802;-0,68680;-0,07020
234,59800;-0,68663;-0,07029
234,60802;-0,68646;-0,07006
234,61802;-0,68629;-0,07024
234,62800;-0,68612;-0,07004
234,63802;-0,68601;-0,07011
234,64802;-0,68584;-0,07001
234,65800;-0,68567;-0,07010
234,66802;-0,68550;-0,06981
234,67802;-0,68533;-0,07006
234,68800;-0,68516;-0,06991
234,69802;-0,68499;-0,06978
234,70800;-0,68482;-0,06998
234,71802;-0,68465;-0,06966
234,72802;-0,68448;-0,06982
234,73800;-0,68431;-0,06976
234,74802;-0,68414;-0,06973
234,75802;-0,68397;-0,06956
234,76800;-0,68380;-0,06970
234,77802;-0,68368;-0,06951
234,78802;-0,68351;-0,06953
234,79800;-0,68334;-0,06957
234,80802;-0,68317;-0,06937
234,81802;-0,68300;-0,06942
234,82802;-0,68283;-0,06931
234,83802;-0,68266;-0,06943
234,84800;-0,68249;-0,06909
234,85802;-0,68232;-0,06938
234,86802;-0,68215;-0,06910
234,87800;-0,68198;-0,06918
234,88802;-0,68181;-0,06918
234,89802;-0,68164;-0,06899
234,90800;-0,68147;-0,06904
234,91802;-0,68130;-0,06891
234,92802;-0,68113;-0,06901
234,93800;-0,68096;-0,06886
234,94802;-0,68085;-0,06900
234,95800;-0,68068;-0,06861
234,96802;-0,68051;-0,06896
234,97802;-0,68034;-0,06861
234,98800;-0,68017;-0,06874
234,99802;-0,68000;-0,06856
235,00802;-0,67989;-0,06858
235,01800;-0,67972;-0,06862
235,02802;-0,67949;-0,06855
235,03802;-0,67932;-0,06856
235,04800;-0,67915;-0,06832
235,05802;-0,67898;-0,06845
235,06802;-0,67881;-0,06826
235,07802;-0,67864;-0,06844
235,08802;-0,67847;-0,06815
235,09800;-0,67836;-0,06843
235,10802;-0,67819;-0,06816
235,11802;-0,67802;-0,06827
235,12800;-0,67785;-0,06822
235,13802;-0,67768;-0,06798
235,14802;-0,67751;-0,06811
235,15800;-0,67734;-0,06796
235,16802;-0,67717;-0,06800
235,17802;-0,67700;-0,06788
235,18802;-0,67683;-0,06797
235,19802;-0,67660;-0,06773
235,20800;-0,67643;-0,06788
235,21802;-0,67626;-0,06766
235,22802;-0,67609;-0,06779
235,23800;-0,67592;-0,06752
235,24802;-0,67575;-0,06762
235,25802;-0,67558;-0,06757
235,26800;-0,67541;-0,06743
235,27802;-0,67530;-0,06764
235,28802;-0,67513;-0,06735
235,29800;-0,67496;-0,06743
235,30802;-0,67479;-0,06730
235,31802;-0,67462;-0,06740
235,32802;-0,67445;-0,06711
235,33802;-0,67428;-0,06738
235,34800;-0,67411;-0,06697
235,35802;-0,67399;-0,06725
235,36802;-0,67382;-0,06702
235,37800;-0,67365;-0,06708
235,38802;-0,67348;-0,06704
235,39802;-0,67331;-0,06689
235,40800;-0,67314;-0,06710
235,41802;-0,67303;-0,06679
235,42802;-0,67286;-0,06705
235,43802;-0,67269;-0,06665
235,44802;-0,67252;-0,06690
235,45800;-0,67235;-0,06661
235,46802;-0,67218;-0,06688
235,47802;-0,67201;-0,06651
235,48800;-0,67184;-0,06678
235,49802;-0,67167;-0,06661
235,50802;-0,67150;-0,06655
235,51800;-0,67133;-0,06665
235,52802;-0,67116;-0,06633
235,53802;-0,67099;-0,06651
235,54800;-0,67082;-0,06617
235,55802;-0,67065;-0,06650
235,56802;-0,67048;-0,06602
235,57802;-0,67031;-0,06646
235,58802;-0,67020;-0,06613
235,59800;-0,67003;-0,06630
235,60802;-0,66986;-0,06611
235,61802;-0,66969;-0,06616
235,62800;-0,66952;-0,06603
235,63802;-0,66935;-0,06604
235,64802;-0,66918;-0,06605
235,65800;-0,66901;-0,06566
235,66802;-0,66884;-0,06600
235,67802;-0,66867;-0,06556
235,68802;-0,66850;-0,06590
235,69802;-0,66833;-0,06561
235,70800;-0,66816;-0,06585
235,71802;-0,66799;-0,06554
235,72802;-0,66782;-0,06584
235,73800;-0,66765;-0,06562
235,74802;-0,66753;-0,06559
235,75802;-0,66736;-0,06562
235,76800;-0,66719;-0,06547
235,77802;-0,66702;-0,06564
235,78802;-0,66691;-0,06534
235,79800;-0,66668;-0,06554
235,80802;-0,66651;-0,06512
235,81802;-0,66634;-0,06550
235,82802;-0,66617;-0,06515
235,83802;-0,66600;-0,06541
235,84800;-0,66583;-0,06505
235,85802;-0,66566;-0,06518
235,86802;-0,66549;-0,06505
235,87800;-0,66532;-0,06518
235,88802;-0,66515;-0,06506
235,89802;-0,66498;-0,06491
235,90800;-0,66481;-0,06511
235,91802;-0,66464;-0,06483
235,92802;-0,66447;-0,06509
235,93802;-0,66436;-0,06474
235,94802;-0,66419;-0,06490
235,95800;-0,66402;-0,06456
235,96802;-0,66385;-0,06492
235,97802;-0,66368;-0,06461
235,98800;-0,66351;-0,06479
235,99802;-0,66334;-0,06457
236,00802;-0,66317;-0,06465
236,01800;-0,66300;-0,06460
236,02802;-0,66283;-0,06455
236,03802;-0,66266;-0,06460
236,04800;-0,66249;-0,06426
236,05802;-0,66238;-0,06460
236,06802;-0,66221;-0,06431
236,07802;-0,66204;-0,06455
236,08802;-0,66187;-0,06418
236,09800;-0,66170;-0,06443
236,10802;-0,66153;-0,06408
236,11802;-0,66136;-0,06427
236,12800;-0,66119;-0,06420
236,13802;-0,66102;-0,06411
236,14802;-0,66085;-0,06406
236,15800;-0,66073;-0,06400
236,16802;-0,66056;-0,06407
236,17802;-0,66039;-0,06385
236,18802;-0,66022;-0,06412
236,19802;-0,66005;-0,06366
236,20800;-0,65988;-0,06401
236,21802;-0,65971;-0,06372
236,22802;-0,65954;-0,06382
236,23800;-0,65943;-0,06365
236,24802;-0,65926;-0,06365
236,25802;-0,65909;-0,06355
236,26800;-0,65892;-0,06353
236,27802;-0,65875;-0,06357
236,28802;-0,65858;-0,06336
236,29800;-0,65841;-0,06352
236,30802;-0,65824;-0,06330
236,31802;-0,65807;-0,06356
236,32802;-0,65790;-0,06315
236,33802;-0,65767;-0,06341
236,34800;-0,65750;-0,06308
236,35802;-0,65733;-0,06323
236,36802;-0,65716;-0,06313
236,37800;-0,65699;-0,06310
236,38802;-0,65688;-0,06299
236,39802;-0,65671;-0,06308
236,40800;-0,65654;-0,06307
236,41802;-0,65637;-0,06296
236,42802;-0,65620;-0,06299
236,43802;-0,65603;-0,06272
236,44802;-0,65586;-0,06294
236,45800;-0,65563;-0,06268
236,46802;-0,65546;-0,06273
236,47802;-0,65529;-0,06256
236,48800;-0,65512;-0,06269
236,49802;-0,65495;-0,06254
236,50802;-0,65478;-0,06270
236,51800;-0,65461;-0,06241
236,52802;-0,65444;-0,06249
236,53802;-0,65427;-0,06243
236,54800;-0,65410;-0,06235
236,55802;-0,65393;-0,06234
236,56802;-0,65376;-0,06223
236,57802;-0,65359;-0,06231
236,58802;-0,65342;-0,06216
236,59800;-0,65325;-0,06235
236,60802;-0,65314;-0,06198
236,61802;-0,65297;-0,06228
236,62800;-0,65280;-0,06186
236,63802;-0,65263;-0,06214
236,64802;-0,65246;-0,06190
236,65800;-0,65229;-0,06193
236,66802;-0,65212;-0,06182
236,67802;-0,65195;-0,06185
236,68802;-0,65184;-0,06179
236,69802;-0,65167;-0,06175
236,70800;-0,65150;-0,06187
236,71802;-0,65133;-0,06163
236,72802;-0,65116;-0,06178
236,73800;-0,65104;-0,06139
236,74802;-0,65087;-0,06164
236,75802;-0,65070;-0,06132
236,76800;-0,65053;-0,06147
236,77802;-0,65036;-0,06146
236,78802;-0,65019;-0,06129
236,79800;-0,65002;-0,06141
236,80802;-0,64985;-0,06135
236,81802;-0,64968;-0,06134
236,82802;-0,64951;-0,06122
236,83802;-0,64934;-0,06138
236,84800;-0,64917;-0,06099
236,85802;-0,64900;-0,06119
236,86802;-0,64883;-0,06102
236,87800;-0,64866;-0,06102
236,88802;-0,64855;-0,06105
236,89802;-0,64838;-0,06097
236,90800;-0,64821;-0,06103
236,91802;-0,64804;-0,06093
236,92802;-0,64787;-0,06088
236,93802;-0,64770;-0,06075
236,94802;-0,64753;-0,06085
236,95800;-0,64736;-0,06057
236,96802;-0,64719;-0,06076
236,97802;-0,64702;-0,06059
236,98800;-0,64685;-0,06063
236,99802;-0,64668;-0,06046
237,00802;-0,64651;-0,06057
237,01800;-0,64634;-0,06051
237,02802;-0,64623;-0,06050
237,03802;-0,64606;-0,06055
237,04800;-0,64589;-0,06041
237,05802;-0,64572;-0,06032
237,06802;-0,64555;-0,06028
237,07802;-0,64538;-0,06026
237,08802;-0,64521;-0,06007
237,09800;-0,64504;-0,06016
237,10802;-0,64487;-0,06006
237,11802;-0,64470;-0,06011
237,12800;-0,64453;-0,06005
237,13802;-0,64436;-0,05997
237,14802;-0,64419;-0,05995
237,15800;-0,64402;-0,05999
237,16802;-0,64385;-0,05992
237,17802;-0,64368;-0,05984
237,18802;-0,64351;-0,05987
237,19802;-0,64334;-0,05969
237,20800;-0,64317;-0,05979
237,21802;-0,64300;-0,05972
237,22802;-0,64283;-0,05960
237,23800;-0,64266;-0,05962
237,24802;-0,64254;-0,05954
237,25802;-0,64237;-0,05953
237,26800;-0,64220;-0,05939
237,27802;-0,64203;-0,05940
237,28802;-0,64186;-0,05922
237,29800;-0,64169;-0,05931
237,30802;-0,64152;-0,05923
237,31802;-0,64135;-0,05928
237,32802;-0,64118;-0,05913
237,33802;-0,64101;-0,05922
237,34800;-0,64084;-0,05914
237,35802;-0,64067;-0,05913
237,36802;-0,64050;-0,05910
237,37800;-0,64033;-0,05894
237,38802;-0,64016;-0,05901
237,39802;-0,63999;-0,05891
237,40800;-0,63982;-0,05903
237,41802;-0,63971;-0,05887
237,42802;-0,63948;-0,05900
237,43802;-0,63937;-0,05863
237,44802;-0,63920;-0,05883
237,45800;-0,63903;-0,05858
237,46802;-0,63886;-0,05856
237,47802;-0,63869;-0,05854
237,48800;-0,63852;-0,05861
237,49802;-0,63835;-0,05852
237,50802;-0,63818;-0,05844
237,51800;-0,63801;-0,05856
237,52802;-0,63784;-0,05820
237,53802;-0,63767;-0,05849
237,54800;-0,63756;-0,05826
237,55802;-0,63739;-0,05838
237,56802;-0,63722;-0,05811
237,57802;-0,63705;-0,05833
237,58802;-0,63688;-0,05802
237,59800;-0,63671;-0,05817
237,60802;-0,63654;-0,05801
237,61802;-0,63637;-0,05804
237,62800;-0,63620;-0,05808
237,63802;-0,63603;-0,05790
237,64802;-0,63586;-0,05798
237,65800;-0,63569;-0,05776
237,66802;-0,63552;-0,05791
237,67802;-0,63535;-0,05777
237,68802;-0,63518;-0,05787
237,69802;-0,63501;-0,05777
237,70800;-0,63489;-0,05768
237,71802;-0,63472;-0,05760
237,72802;-0,63450;-0,05762
237,73800;-0,63433;-0,05751
237,74802;-0,63416;-0,05760
237,75802;-0,63399;-0,05758
237,76800;-0,63382;-0,05747
237,77802;-0,63365;-0,05753
237,78802;-0,63348;-0,05739
237,79800;-0,63331;-0,05723
237,80802;-0,63308;-0,05731
237,81802;-0,63291;-0,05719
237,82802;-0,63274;-0,05720
237,83802;-0,63257;-0,05734
237,84800;-0,63246;-0,05712
237,85802;-0,63229;-0,05723
237,86802;-0,63212;-0,05708
237,87800;-0,63195;-0,05704
237,88802;-0,63178;-0,05699
237,89802;-0,63166;-0,05702
237,90800;-0,63149;-0,05683
237,91802;-0,63132;-0,05695
237,92802;-0,63115;-0,05687
237,93802;-0,63098;-0,05689
237,94802;-0,63081;-0,05678
237,95800;-0,63064;-0,05678
237,96802;-0,63047;-0,05664
237,97802;-0,63030;-0,05672
237,98800;-0,63019;-0,05673
237,99802;-0,63002;-0,05659
238,00802;-0,62985;-0,05661
238,01800;-0,62968;-0,05666
238,02802;-0,62951;-0,05655
238,03802;-0,62940;-0,05646
238,04800;-0,62923;-0,05650
238,05802;-0,62906;-0,05619
238,06802;-0,62889;-0,05646
238,07802;-0,62872;-0,05623
238,08802;-0,62855;-0,05640
238,09800;-0,62838;-0,05617
238,10802;-0,62821;-0,05634
238,11802;-0,62804;-0,05617
238,12800;-0,62787;-0,05619
238,13802;-0,62770;-0,05609
238,14802;-0,62753;-0,05602
238,15800;-0,62736;-0,05607
238,16802;-0,62719;-0,05597
238,17802;-0,62702;-0,05607
238,18802;-0,62685;-0,05576
238,19802;-0,62668;-0,05601
238,20800;-0,62656;-0,05574
238,21802;-0,62639;-0,05591
238,22802;-0,62622;-0,05568
238,23800;-0,62605;-0,05575
238,24802;-0,62588;-0,05572
238,25802;-0,62571;-0,05571
238,26800;-0,62554;-0,05566
238,27802;-0,62537;-0,05551
238,28802;-0,62520;-0,05564
238,29800;-0,62503;-0,05539
238,30802;-0,62486;-0,05563
238,31802;-0,62469;-0,05532
238,32802;-0,62452;-0,05557
238,33802;-0,62435;-0,05535
238,34800;-0,62424;-0,05544
238,35802;-0,62407;-0,05526
238,36802;-0,62390;-0,05532
238,37800;-0,62373;-0,05513
238,38802;-0,62356;-0,05510
238,39802;-0,62339;-0,05504
238,40800;-0,62316;-0,05506
238,41802;-0,62299;-0,05506
238,42802;-0,62282;-0,05500
238,43802;-0,62265;-0,05509
238,44802;-0,62248;-0,05481
238,45800;-0,62231;-0,05497
238,46802;-0,62214;-0,05473
238,47802;-0,62197;-0,05492
238,48800;-0,62180;-0,05461
238,49802;-0,62163;-0,05484
238,50802;-0,62146;-0,05463
238,51800;-0,62129;-0,05487
238,52802;-0,62112;-0,05462
238,53802;-0,62095;-0,05470
238,54800;-0,62084;-0,05457
238,55802;-0,62067;-0,05453
238,56802;-0,62044;-0,05456
238,57802;-0,62027;-0,05424
238,58802;-0,62016;-0,05453
238,59800;-0,61993;-0,05415
238,60802;-0,61976;-0,05446
238,61802;-0,61959;-0,05415
238,62800;-0,61942;-0,05438
238,63802;-0,61931;-0,05417
238,64802;-0,61914;-0,05420
238,65800;-0,61897;-0,05410
238,66802;-0,61880;-0,05404
238,67802;-0,61863;-0,05405
238,68802;-0,61846;-0,05387
238,69802;-0,61829;-0,05411
238,70800;-0,61818;-0,05375
238,71802;-0,61801;-0,05415
238,72802;-0,61784;-0,05379
238,73800;-0,61767;-0,05392
238,74802;-0,61750;-0,05384
238,75802;-0,61733;-0,05376
238,76800;-0,61716;-0,05371
238,77802;-0,61699;-0,05375
238,78802;-0,61682;-0,05371
238,79800;-0,61665;-0,05355
238,80802;-0,61653;-0,05381
238,81802;-0,61636;-0,05348
238,82802;-0,61619;-0,05368
238,83802;-0,61602;-0,05346
238,84800;-0,61585;-0,05358
238,85802;-0,61568;-0,05330
238,86802;-0,61557;-0,05345
238,87800;-0,61540;-0,05331
238,88802;-0,61523;-0,05318
238,89802;-0,61506;-0,05330
238,90800;-0,61489;-0,05315
238,91802;-0,61472;-0,05323
238,92802;-0,61455;-0,05308
238,93802;-0,61432;-0,05312
238,94802;-0,61415;-0,05292
238,95800;-0,61398;-0,05314
238,96802;-0,61381;-0,05290
238,97802;-0,61370;-0,05307
238,98800;-0,61353;-0,05281
238,99802;-0,61336;-0,05301
239,00802;-0,61319;-0,05277
239,01800;-0,61302;-0,05285
239,02802;-0,61285;-0,05276
239,03802;-0,61268;-0,05265
239,04800;-0,61245;-0,05271
239,05802;-0,61228;-0,05263
239,06802;-0,61211;-0,05271
239,07802;-0,61194;-0,05238
239,08802;-0,61177;-0,05272
239,09800;-0,61160;-0,05228
239,10802;-0,61143;-0,05267
239,11802;-0,61126;-0,05226
239,12800;-0,61109;-0,05250
239,13802;-0,61092;-0,05217
239,14802;-0,61075;-0,05235
239,15800;-0,61064;-0,05223
239,16802;-0,61047;-0,05206
239,17802;-0,61030;-0,05223
239,18802;-0,61013;-0,05195
239,19802;-0,60996;-0,05227
239,20800;-0,60979;-0,05180
239,21802;-0,60968;-0,05224
239,22802;-0,60951;-0,05170
239,23800;-0,60934;-0,05208
239,24802;-0,60917;-0,05177
239,25802;-0,60900;-0,05195
239,26800;-0,60883;-0,05179
239,27802;-0,60866;-0,05168
239,28802;-0,60849;-0,05189
239,29800;-0,60832;-0,05161
239,30802;-0,60815;-0,05190
239,31802;-0,60798;-0,05145
239,32802;-0,60786;-0,05181
239,33802;-0,60769;-0,05128
239,34800;-0,60752;-0,05180
239,35802;-0,60735;-0,05126
239,36802;-0,60718;-0,05150
239,37800;-0,60701;-0,05141
239,38802;-0,60684;-0,05131
239,39802;-0,60673;-0,05141
239,40800;-0,60656;-0,05121
239,41802;-0,60639;-0,05130
239,42802;-0,60622;-0,05110
239,43802;-0,60605;-0,05142
239,44802;-0,60588;-0,05102
239,45800;-0,60571;-0,05143
239,46802;-0,60554;-0,05099
239,47802;-0,60537;-0,05112
239,48800;-0,60520;-0,05103
239,49802;-0,60503;-0,05099
239,50802;-0,60492;-0,05100
239,51800;-0,60475;-0,05081
239,52802;-0,60458;-0,05098
239,53802;-0,60441;-0,05080
239,54800;-0,60424;-0,05086
239,55802;-0,60407;-0,05076
239,56802;-0,60384;-0,05079
239,57802;-0,60373;-0,05056
239,58802;-0,60356;-0,05085
239,59800;-0,60339;-0,05059
239,60802;-0,60322;-0,05056
239,61802;-0,60305;-0,05060
239,62800;-0,60288;-0,05051
239,63802;-0,60271;-0,05063
239,64802;-0,60259;-0,05053
239,65800;-0,60242;-0,05053
239,66802;-0,60225;-0,05035
239,67802;-0,60208;-0,05048
239,68802;-0,60186;-0,05029
239,69802;-0,60169;-0,05027
239,70800;-0,60152;-0,05015
239,71802;-0,60135;-0,05015
239,72802;-0,60118;-0,05014
239,73800;-0,60101;-0,05023
239,74802;-0,60084;-0,05015
239,75802;-0,60061;-0,05002
239,76800;-0,60044;-0,05011
239,77802;-0,60027;-0,05006
239,78802;-0,60010;-0,05007
239,79800;-0,59993;-0,04990
239,80802;-0,59982;-0,04996
239,81802;-0,59965;-0,04982
239,82802;-0,59948;-0,05001
239,83802;-0,59931;-0,04992
239,84800;-0,59914;-0,04983
239,85802;-0,59897;-0,04965
239,86802;-0,59880;-0,04974
239,87800;-0,59863;-0,04962
239,88802;-0,59846;-0,04960
239,89802;-0,59829;-0,04956
239,90800;-0,59812;-0,04943
239,91802;-0,59795;-0,04955
239,92802;-0,59778;-0,04947
239,93802;-0,59761;-0,04957
239,94802;-0,59744;-0,04933
239,95800;-0,59727;-0,04943
239,96802;-0,59715;-0,04940
239,97802;-0,59698;-0,04928
239,98800;-0,59681;-0,04929
239,99802;-0,59664;-0,04918
240,00802;-0,59647;-0,04924
240,01800;-0,59630;-0,04915
240,02802;-0,59613;-0,04922
240,03802;-0,59602;-0,04907
240,04800;-0,59585;-0,04922
240,05802;-0,59568;-0,04906
240,06802;-0,59551;-0,04910
240,07802;-0,59534;-0,04897
240,08802;-0,59517;-0,04890
240,09800;-0,59500;-0,04894
240,10802;-0,59483;-0,04884
240,11802;-0,59472;-0,04897
240,12800;-0,59455;-0,04880
240,13802;-0,59438;-0,04887
240,14802;-0,59421;-0,04877
240,15800;-0,59404;-0,04879
240,16802;-0,59392;-0,04861
240,17802;-0,59375;-0,04864
240,18802;-0,59358;-0,04857
240,19802;-0,59341;-0,04858
240,20800;-0,59319;-0,04851
240,21802;-0,59302;-0,04851
240,22802;-0,59285;-0,04851
240,23800;-0,59268;-0,04845
240,24802;-0,59251;-0,04846
240,25802;-0,59234;-0,04838
240,26800;-0,59217;-0,04832
240,27802;-0,59200;-0,04835
240,28802;-0,59188;-0,04821
240,29800;-0,59171;-0,04823
240,30802;-0,59154;-0,04817
240,31802;-0,59137;-0,04817
240,32802;-0,59120;-0,04811
240,33802;-0,59103;-0,04807
240,34800;-0,59086;-0,04815
240,35802;-0,59064;-0,04793
240,36802;-0,59047;-0,04800
240,37800;-0,59030;-0,04780
240,38802;-0,59013;-0,04790
240,39802;-0,58996;-0,04789
240,40800;-0,58979;-0,04795
240,41802;-0,58962;-0,04776
240,42802;-0,58945;-0,04778
240,43802;-0,58928;-0,04775
240,44802;-0,58911;-0,04772
240,45800;-0,58899;-0,04773
240,46802;-0,58882;-0,04754
240,47802;-0,58871;-0,04761
240,48800;-0,58854;-0,04756
240,49802;-0,58837;-0,04757
240,50802;-0,58820;-0,04746
240,51800;-0,58803;-0,04747
240,52802;-0,58786;-0,04745
240,53802;-0,58769;-0,04752
240,54800;-0,58752;-0,04735
240,55802;-0,58735;-0,04744
240,56802;-0,58718;-0,04725
240,57802;-0,58701;-0,04733
240,58802;-0,58684;-0,04730
240,59800;-0,58673;-0,04729
240,60802;-0,58656;-0,04713
240,61802;-0,58639;-0,04715
240,62800;-0,58622;-0,04701
240,63802;-0,58605;-0,04719
240,64802;-0,58593;-0,04699
240,65800;-0,58571;-0,04707
240,66802;-0,58554;-0,04703
240,67802;-0,58537;-0,04694
240,68802;-0,58520;-0,04701
240,69802;-0,58503;-0,04685
240,70800;-0,58486;-0,04688
240,71802;-0,58469;-0,04672
240,72802;-0,58452;-0,04701
240,73800;-0,58435;-0,04668
240,74802;-0,58418;-0,04693
240,75802;-0,58401;-0,04660
240,76800;-0,58384;-0,04680
240,77802;-0,58367;-0,04656
240,78802;-0,58350;-0,04673
240,79800;-0,58338;-0,04664
240,80802;-0,58321;-0,04652
240,81802;-0,58304;-0,04657
240,82802;-0,58287;-0,04648
240,83802;-0,58270;-0,04652
240,84800;-0,58253;-0,04638
240,85802;-0,58236;-0,04660
240,86802;-0,58219;-0,04622
240,87800;-0,58202;-0,04657
240,88802;-0,58185;-0,04616
240,89802;-0,58168;-0,04633
240,90800;-0,58151;-0,04620
240,91802;-0,58134;-0,04625
240,92802;-0,58117;-0,04622
240,93802;-0,58106;-0,04621
240,94802;-0,58089;-0,04619
240,95800;-0,58072;-0,04606
240,96802;-0,58055;-0,04618
240,97802;-0,58038;-0,04594
240,98800;-0,58021;-0,04613
240,99802;-0,58004;-0,04596
241,00802;-0,57987;-0,04616
241,01800;-0,57970;-0,04594
241,02802;-0,57947;-0,04607
241,03802;-0,57930;-0,04583
241,04800;-0,57913;-0,04590
241,05802;-0,57896;-0,04582
241,06802;-0,57879;-0,04588
241,07802;-0,57862;-0,04574
241,08802;-0,57845;-0,04574
241,09800;-0,57828;-0,04574
241,10802;-0,57811;-0,04557
241,11802;-0,57794;-0,04581
241,12800;-0,57783;-0,04536
241,13802;-0,57766;-0,04575
241,14802;-0,57749;-0,04546
241,15800;-0,57732;-0,04572
241,16802;-0,57715;-0,04552
241,17802;-0,57698;-0,04568
241,18802;-0,57681;-0,04544
241,19802;-0,57658;-0,04552
241,20800;-0,57641;-0,04546
241,21802;-0,57624;-0,04534
241,22802;-0,57607;-0,04544
241,23800;-0,57596;-0,04521
241,24802;-0,57579;-0,04557
241,25802;-0,57562;-0,04513
241,26800;-0,57551;-0,04555
241,27802;-0,57534;-0,04510
241,28802;-0,57517;-0,04532
241,29800;-0,57500;-0,04506
241,30802;-0,57483;-0,04528
241,31802;-0,57466;-0,04492
241,32802;-0,57449;-0,04516
241,33802;-0,57437;-0,04515
241,34800;-0,57420;-0,04514
241,35802;-0,57403;-0,04515
241,36802;-0,57386;-0,04477
241,37800;-0,57369;-0,04509
241,38802;-0,57352;-0,04466
241,39802;-0,57335;-0,04515
241,40800;-0,57318;-0,04469
241,41802;-0,57307;-0,04494
241,42802;-0,57290;-0,04470
241,43802;-0,57273;-0,04509
241,44802;-0,57256;-0,04471
241,45800;-0,57239;-0,04486
241,46802;-0,57222;-0,04465
241,47802;-0,57205;-0,04462
241,48800;-0,57188;-0,04481
241,49802;-0,57171;-0,04451
241,50802;-0,57154;-0,04468
241,51800;-0,57137;-0,04437
241,52802;-0,57120;-0,04481
241,53802;-0,57103;-0,04438
241,54800;-0,57080;-0,04470
241,55802;-0,57069;-0,04422
241,56802;-0,57046;-0,04451
241,57802;-0,57035;-0,04433
241,58802;-0,57018;-0,04443
241,59800;-0,57001;-0,04433
241,60802;-0,56984;-0,04421
241,61802;-0,56967;-0,04439
241,62800;-0,56944;-0,04411
241,63802;-0,56927;-0,04437
241,64802;-0,56910;-0,04393
241,65800;-0,56893;-0,04418
241,66802;-0,56876;-0,04393
241,67802;-0,56859;-0,04423
241,68802;-0,56842;-0,04394
241,69802;-0,56825;-0,04412
241,70800;-0,56808;-0,04396
241,71802;-0,56791;-0,04399
241,72802;-0,56774;-0,04409
241,73800;-0,56763;-0,04387
241,74802;-0,56746;-0,04391
241,75802;-0,56735;-0,04381
241,76800;-0,56718;-0,04396
241,77802;-0,56701;-0,04368
241,78802;-0,56684;-0,04390
241,79800;-0,56667;-0,04366
241,80802;-0,56650;-0,04380
241,81802;-0,56633;-0,04372
241,82802;-0,56616;-0,04370
241,83802;-0,56599;-0,04367
241,84800;-0,56582;-0,04374
241,85802;-0,56565;-0,04366
241,86802;-0,56548;-0,04356
241,87800;-0,56531;-0,04358
241,88802;-0,56514;-0,04342
241,89802;-0,56497;-0,04352
241,90800;-0,56480;-0,04338
241,91802;-0,56468;-0,04350
241,92802;-0,56451;-0,04336
241,93802;-0,56434;-0,04350
241,94802;-0,56417;-0,04335
241,95800;-0,56400;-0,04332
241,96802;-0,56383;-0,04326
241,97802;-0,56366;-0,04327
241,98800;-0,56349;-0,04316
241,99802;-0,56332;-0,04323
242,00802;-0,56315;-0,04319
242,01800;-0,56298;-0,04312
242,02802;-0,56281;-0,04326
242,03802;-0,56264;-0,04309
242,04800;-0,56247;-0,04312
242,05802;-0,56230;-0,04301
242,06802;-0,56213;-0,04309
242,07802;-0,56196;-0,04290
242,08802;-0,56179;-0,04297
242,09800;-0,56162;-0,04291
242,10802;-0,56145;-0,04297
242,11802;-0,56134;-0,04298
242,12800;-0,56117;-0,04289
242,13802;-0,56100;-0,04282
242,14802;-0,56083;-0,04289
242,15800;-0,56066;-0,04286
242,16802;-0,56049;-0,04269
242,17802;-0,56032;-0,04277
242,18802;-0,56015;-0,04260
242,19802;-0,55998;-0,04268
242,20800;-0,55981;-0,04272
242,21802;-0,55964;-0,04263
242,22802;-0,55947;-0,04255
242,23800;-0,55936;-0,04268
242,24802;-0,55919;-0,04251
242,25802;-0,55902;-0,04258
242,26800;-0,55885;-0,04237
242,27802;-0,55868;-0,04244
242,28802;-0,55851;-0,04228
242,29800;-0,55834;-0,04247
242,30802;-0,55817;-0,04229
242,31802;-0,55794;-0,04227
242,32802;-0,55777;-0,04231
242,33802;-0,55760;-0,04232
242,34800;-0,55743;-0,04234
242,35802;-0,55726;-0,04222
242,36802;-0,55709;-0,04233
242,37800;-0,55692;-0,04198
242,38802;-0,55675;-0,04237
242,39802;-0,55658;-0,04200
242,40800;-0,55647;-0,04213
242,41802;-0,55630;-0,04201
242,42802;-0,55613;-0,04208
242,43802;-0,55601;-0,04202
242,44802;-0,55584;-0,04204
242,45800;-0,55562;-0,04189
242,46802;-0,55545;-0,04182
242,47802;-0,55528;-0,04203
242,48800;-0,55511;-0,04174
242,49802;-0,55494;-0,04202
242,50802;-0,55477;-0,04171
242,51800;-0,55460;-0,04193
242,52802;-0,55443;-0,04168
242,53802;-0,55431;-0,04192
242,54800;-0,55414;-0,04170
242,55802;-0,55397;-0,04168
242,56802;-0,55386;-0,04162
242,57802;-0,55369;-0,04159
242,58802;-0,55352;-0,04157
242,59800;-0,55335;-0,04154
242,60802;-0,55318;-0,04162
242,61802;-0,55301;-0,04135
242,62800;-0,55284;-0,04168
242,63802;-0,55267;-0,04139
242,64802;-0,55250;-0,04158
242,65800;-0,55239;-0,04140
242,66802;-0,55222;-0,04142
242,67802;-0,55205;-0,04132
242,68802;-0,55188;-0,04144
242,69802;-0,55171;-0,04138
242,70800;-0,55154;-0,04126
242,71802;-0,55137;-0,04144
242,72802;-0,55120;-0,04111
242,73800;-0,55108;-0,04137
242,74802;-0,55091;-0,04113
242,75802;-0,55074;-0,04123
242,76800;-0,55057;-0,04099
242,77802;-0,55040;-0,04125
242,78802;-0,55023;-0,04101
242,79800;-0,55006;-0,04112
242,80802;-0,54989;-0,04106
242,81802;-0,54972;-0,04096
242,82802;-0,54955;-0,04108
242,83802;-0,54938;-0,04091
242,84800;-0,54921;-0,04107
242,85802;-0,54904;-0,04072
242,86802;-0,54887;-0,04106
242,87800;-0,54870;-0,04069
242,88802;-0,54853;-0,04091
242,89802;-0,54836;-0,04072
242,90800;-0,54819;-0,04087
242,91802;-0,54802;-0,04066
242,92802;-0,54785;-0,04084
242,93802;-0,54768;-0,04077
242,94802;-0,54751;-0,04054
242,95800;-0,54734;-0,04083
242,96802;-0,54717;-0,04043
242,97802;-0,54700;-0,04073
242,98800;-0,54683;-0,04046
242,99802;-0,54666;-0,04076
243,00802;-0,54649;-0,04047
243,01800;-0,54632;-0,04065
243,02802;-0,54615;-0,04039
243,03802;-0,54598;-0,04063
243,04800;-0,54581;-0,04041
243,05802;-0,54570;-0,04040
243,06802;-0,54553;-0,04045
243,07802;-0,54542;-0,04022
243,08802;-0,54525;-0,04044
243,09800;-0,54508;-0,04014
243,10802;-0,54491;-0,04047
243,11802;-0,54474;-0,04006
243,12800;-0,54451;-0,04041
243,13802;-0,54434;-0,04017
243,14802;-0,54417;-0,04029
243,15800;-0,54400;-0,04009
243,16802;-0,54383;-0,04024
243,17802;-0,54366;-0,04008
243,18802;-0,54355;-0,04015
243,19802;-0,54338;-0,04027
243,20800;-0,54321;-0,03991
243,21802;-0,54304;-0,04026
243,22802;-0,54287;-0,03988
243,23800;-0,54270;-0,04017
243,24802;-0,54253;-0,03989
243,25802;-0,54236;-0,04007
243,26800;-0,54219;-0,03981
243,27802;-0,54202;-0,04004
243,28802;-0,54185;-0,03991
243,29800;-0,54168;-0,03992
243,30802;-0,54151;-0,03987
243,31802;-0,54134;-0,03973
243,32802;-0,54117;-0,03992
243,33802;-0,54100;-0,03963
243,34800;-0,54083;-0,03994
243,35802;-0,54066;-0,03959
243,36802;-0,54049;-0,03980
243,37800;-0,54032;-0,03956
243,38802;-0,54015;-0,03984
243,39802;-0,53998;-0,03950
243,40800;-0,53986;-0,03967
243,41802;-0,53969;-0,03943
243,42802;-0,53952;-0,03959
243,43802;-0,53935;-0,03950
243,44802;-0,53918;-0,03951
243,45800;-0,53901;-0,03957
243,46802;-0,53884;-0,03934
243,47802;-0,53867;-0,03959
243,48800;-0,53850;-0,03931
243,49802;-0,53833;-0,03954
243,50802;-0,53816;-0,03917
243,51800;-0,53805;-0,03950
243,52802;-0,53788;-0,03919
243,53802;-0,53771;-0,03954
243,54800;-0,53754;-0,03921
243,55802;-0,53737;-0,03934
243,56802;-0,53726;-0,03921
243,57802;-0,53703;-0,03912
243,58802;-0,53686;-0,03920
243,59800;-0,53669;-0,03904
243,60802;-0,53652;-0,03929
243,61802;-0,53635;-0,03907
243,62800;-0,53618;-0,03929
243,63802;-0,53601;-0,03891
243,64802;-0,53584;-0,03925
243,65800;-0,53567;-0,03878
243,66802;-0,53550;-0,03913
243,67802;-0,53533;-0,03881
243,68802;-0,53516;-0,03895
243,69802;-0,53499;-0,03900
243,70800;-0,53482;-0,03891
243,71802;-0,53465;-0,03896
243,72802;-0,53448;-0,03885
243,73800;-0,53431;-0,03893
243,74802;-0,53414;-0,03865
243,75802;-0,53397;-0,03890
243,76800;-0,53380;-0,03861
243,77802;-0,53363;-0,03882
243,78802;-0,53346;-0,03863
243,79800;-0,53329;-0,03881
243,80802;-0,53312;-0,03868
243,81802;-0,53295;-0,03872
243,82802;-0,53278;-0,03868
243,83802;-0,53261;-0,03849
243,84800;-0,53250;-0,03864
243,85802;-0,53233;-0,03843
243,86802;-0,53216;-0,03864
243,87800;-0,53199;-0,03844
243,88802;-0,53182;-0,03870
243,89802;-0,53165;-0,03836
243,90800;-0,53148;-0,03858
243,91802;-0,53131;-0,03834
243,92802;-0,53119;-0,03836
243,93802;-0,53102;-0,03834
243,94802;-0,53085;-0,03839
243,95800;-0,53068;-0,03838
243,96802;-0,53051;-0,03828
243,97802;-0,53034;-0,03840
243,98800;-0,53017;-0,03823
243,99802;-0,53006;-0,03829
244,00802;-0,52989;-0,03818
244,01800;-0,52972;-0,03818
244,02802;-0,52955;-0,03806
244,03802;-0,52938;-0,03822
244,04800;-0,52927;-0,03810
244,05802;-0,52910;-0,03813
244,06802;-0,52893;-0,03806
244,07802;-0,52876;-0,03808
244,08802;-0,52859;-0,03801
244,09800;-0,52836;-0,03795
244,10802;-0,52819;-0,03796
244,11802;-0,52802;-0,03787
244,12800;-0,52785;-0,03800
244,13802;-0,52768;-0,03786
244,14802;-0,52751;-0,03799
244,15800;-0,52728;-0,03777
244,16802;-0,52717;-0,03785
244,17802;-0,52700;-0,03776
244,18802;-0,52683;-0,03772
244,19802;-0,52666;-0,03764
244,20800;-0,52649;-0,03768
244,21802;-0,52626;-0,03762
244,22802;-0,52609;-0,03765
244,23800;-0,52592;-0,03771
244,24802;-0,52575;-0,03759
244,25802;-0,52558;-0,03758
244,26800;-0,52541;-0,03755
244,27802;-0,52524;-0,03756
244,28802;-0,52507;-0,03758
244,29800;-0,52490;-0,03750
244,30802;-0,52479;-0,03743
244,31802;-0,52462;-0,03750
244,32802;-0,52445;-0,03746
244,33802;-0,52428;-0,03742
244,34800;-0,52411;-0,03735
244,35802;-0,52400;-0,03736
244,36802;-0,52383;-0,03730
244,37800;-0,52366;-0,03732
244,38802;-0,52349;-0,03735
244,39802;-0,52332;-0,03726
244,40800;-0,52315;-0,03723
244,41802;-0,52298;-0,03719
244,42802;-0,52281;-0,03723
244,43802;-0,52264;-0,03716
244,44802;-0,52247;-0,03714
244,45800;-0,52230;-0,03721
244,46802;-0,52218;-0,03708
244,47802;-0,52201;-0,03716
244,48800;-0,52184;-0,03709
244,49802;-0,52167;-0,03696
244,50802;-0,52150;-0,03698
244,51800;-0,52133;-0,03698
244,52802;-0,52116;-0,03695
244,53802;-0,52094;-0,03700
244,54800;-0,52082;-0,03683
244,55802;-0,52065;-0,03687
244,56802;-0,52048;-0,03701
244,57802;-0,52026;-0,03679
244,58802;-0,52014;-0,03697
244,59800;-0,51997;-0,03683
244,60802;-0,51980;-0,03677
244,61802;-0,51963;-0,03676
244,62800;-0,51946;-0,03674
244,63802;-0,51929;-0,03660
244,64802;-0,51912;-0,03675
244,65800;-0,51895;-0,03666
244,66802;-0,51878;-0,03668
244,67802;-0,51861;-0,03668
244,68802;-0,51850;-0,03658
244,69802;-0,51833;-0,03658
244,70800;-0,51816;-0,03649
244,71802;-0,51799;-0,03651
244,72802;-0,51788;-0,03644
244,73800;-0,51771;-0,03641
244,74802;-0,51754;-0,03644
244,75802;-0,51737;-0,03632
244,76800;-0,51720;-0,03641
244,77802;-0,51703;-0,03628
244,78802;-0,51686;-0,03628
244,79800;-0,51669;-0,03627
244,80802;-0,51652;-0,03631
244,81802;-0,51640;-0,03624
244,82802;-0,51623;-0,03628
244,83802;-0,51606;-0,03633
244,84800;-0,51589;-0,03614
244,85802;-0,51572;-0,03637
244,86802;-0,51555;-0,03606
244,87800;-0,51538;-0,03623
244,88802;-0,51521;-0,03606
244,89802;-0,51504;-0,03613
244,90800;-0,51487;-0,03601
244,91802;-0,51470;-0,03599
244,92802;-0,51453;-0,03591
244,93802;-0,51431;-0,03583
244,94802;-0,51414;-0,03607
244,95800;-0,51397;-0,03577
244,96802;-0,51380;-0,03614
244,97802;-0,51363;-0,03574
244,98800;-0,51346;-0,03606
244,99802;-0,51329;-0,03575
245,00802;-0,51312;-0,03594
245,01800;-0,51300;-0,03567
245,02802;-0,51283;-0,03580
245,03802;-0,51266;-0,03581
245,04800;-0,51249;-0,03573
245,05802;-0,51232;-0,03590
245,06802;-0,51210;-0,03552
245,07802;-0,51193;-0,03585
245,08802;-0,51176;-0,03537
245,09800;-0,51164;-0,03582
245,10802;-0,51147;-0,03538
245,11802;-0,51130;-0,03555
245,12800;-0,51113;-0,03546
245,13802;-0,51096;-0,03557
245,14802;-0,51079;-0,03546
245,15800;-0,51068;-0,03546
245,16802;-0,51051;-0,03550
245,17802;-0,51034;-0,03524
245,18802;-0,51017;-0,03565
245,19802;-0,51000;-0,03508
245,20800;-0,50983;-0,03551
245,21802;-0,50966;-0,03505
245,22802;-0,50949;-0,03544
245,23800;-0,50932;-0,03512
245,24802;-0,50915;-0,03540
245,25802;-0,50898;-0,03510
245,26800;-0,50881;-0,03531
245,27802;-0,50864;-0,03517
245,28802;-0,50847;-0,03512
245,29800;-0,50836;-0,03525
245,30802;-0,50819;-0,03501
245,31802;-0,50802;-0,03532
245,32802;-0,50785;-0,03495
245,33802;-0,50768;-0,03533
245,34800;-0,50751;-0,03485
245,35802;-0,50739;-0,03518
245,36802;-0,50717;-0,03482
245,37800;-0,50705;-0,03509
245,38802;-0,50683;-0,03482
245,39802;-0,50666;-0,03498
245,40800;-0,50649;-0,03480
245,41802;-0,50632;-0,03495
245,42802;-0,50615;-0,03486
245,43802;-0,50598;-0,03469
245,44802;-0,50581;-0,03488
245,45800;-0,50564;-0,03454
245,46802;-0,50547;-0,03490
245,47802;-0,50530;-0,03460
245,48800;-0,50513;-0,03481
245,49802;-0,50496;-0,03451
245,50802;-0,50479;-0,03481
245,51800;-0,50462;-0,03447
245,52802;-0,50445;-0,03471
245,53802;-0,50428;-0,03458
245,54800;-0,50411;-0,03439
245,55802;-0,50394;-0,03459
245,56802;-0,50377;-0,03448
245,57802;-0,50360;-0,03468
245,58802;-0,50343;-0,03432
245,59800;-0,50326;-0,03458
245,60802;-0,50309;-0,03418
245,61802;-0,50297;-0,03447
245,62800;-0,50280;-0,03431
245,63802;-0,50263;-0,03426
245,64802;-0,50246;-0,03427
245,65800;-0,50229;-0,03440
245,66802;-0,50212;-0,03426
245,67802;-0,50195;-0,03421
245,68802;-0,50178;-0,03424
245,69802;-0,50161;-0,03406
245,70800;-0,50144;-0,03423
245,71802;-0,50127;-0,03411
245,72802;-0,50110;-0,03410
245,73800;-0,50093;-0,03408
245,74802;-0,50082;-0,03411
245,75802;-0,50065;-0,03414
245,76800;-0,50048;-0,03410
245,77802;-0,50031;-0,03398
245,78802;-0,50014;-0,03395
245,79800;-0,49997;-0,03392
245,80802;-0,49980;-0,03394
245,81802;-0,49963;-0,03381
245,82802;-0,49946;-0,03391
245,83802;-0,49929;-0,03382
245,84800;-0,49912;-0,03390
245,85802;-0,49895;-0,03385
245,86802;-0,49878;-0,03383
245,87800;-0,49861;-0,03361
245,88802;-0,49844;-0,03374
245,89802;-0,49827;-0,03366
245,90800;-0,49810;-0,03358
245,91802;-0,49793;-0,03371
245,92802;-0,49776;-0,03351
245,93802;-0,49759;-0,03371
245,94802;-0,49748;-0,03361
245,95800;-0,49731;-0,03366
245,96802;-0,49714;-0,03345
245,97802;-0,49702;-0,03359
245,98800;-0,49685;-0,03344
245,99802;-0,49668;-0,03363
246,00802;-0,49651;-0,03346
246,01800;-0,49634;-0,03351
246,02802;-0,49617;-0,03347
246,03802;-0,49600;-0,03344
246,04800;-0,49589;-0,03346
246,05802;-0,49572;-0,03331
246,06802;-0,49555;-0,03332
246,07802;-0,49538;-0,03332
246,08802;-0,49521;-0,03335
246,09800;-0,49504;-0,03324
246,10802;-0,49487;-0,03334
246,11802;-0,49470;-0,03314
246,12800;-0,49453;-0,03321
246,13802;-0,49442;-0,03314
246,14802;-0,49425;-0,03308
246,15800;-0,49408;-0,03309
246,16802;-0,49391;-0,03308
246,17802;-0,49368;-0,03310
246,18802;-0,49351;-0,03307
246,19802;-0,49334;-0,03307
246,20800;-0,49317;-0,03301
246,21802;-0,49300;-0,03302
246,22802;-0,49283;-0,03288
246,23800;-0,49266;-0,03298
246,24802;-0,49249;-0,03287
246,25802;-0,49232;-0,03281
246,26800;-0,49215;-0,03285
246,27802;-0,49198;-0,03281
246,28802;-0,49181;-0,03282
246,29800;-0,49164;-0,03280
246,30802;-0,49147;-0,03266
246,31802;-0,49130;-0,03266
246,32802;-0,49113;-0,03273
246,33802;-0,49096;-0,03271
246,34800;-0,49079;-0,03264
246,35802;-0,49062;-0,03268
246,36802;-0,49045;-0,03262
246,37800;-0,49028;-0,03276
246,38802;-0,49011;-0,03253
246,39802;-0,48994;-0,03255
246,40800;-0,48983;-0,03240
246,41802;-0,48966;-0,03250
246,42802;-0,48949;-0,03248
246,43802;-0,48932;-0,03245
246,44802;-0,48915;-0,03245
246,45800;-0,48898;-0,03245
246,46802;-0,48881;-0,03244
246,47802;-0,48864;-0,03231
246,48800;-0,48847;-0,03242
246,49802;-0,48830;-0,03221
246,50802;-0,48813;-0,03233
246,51800;-0,48801;-0,03227
246,52802;-0,48784;-0,03229
246,53802;-0,48762;-0,03222
246,54800;-0,48750;-0,03213
246,55802;-0,48733;-0,03221
246,56802;-0,48716;-0,03206
246,57802;-0,48699;-0,03225
246,58802;-0,48682;-0,03205
246,59800;-0,48665;-0,03212
246,60802;-0,48648;-0,03213
246,61802;-0,48631;-0,03208
246,62800;-0,48614;-0,03203
246,63802;-0,48597;-0,03197
246,64802;-0,48580;-0,03196
246,65800;-0,48569;-0,03198
246,66802;-0,48546;-0,03198
246,67802;-0,48535;-0,03189
246,68802;-0,48512;-0,03191
246,69802;-0,48495;-0,03187
246,70800;-0,48478;-0,03182
246,71802;-0,48461;-0,03193
246,72802;-0,48444;-0,03172
246,73800;-0,48427;-0,03185
246,74802;-0,48410;-0,03170
246,75802;-0,48393;-0,03181
246,76800;-0,48382;-0,03176
246,77802;-0,48365;-0,03174
246,78802;-0,48348;-0,03170
246,79800;-0,48331;-0,03161
246,80802;-0,48314;-0,03164
246,81802;-0,48297;-0,03145
246,82802;-0,48280;-0,03161
246,83802;-0,48263;-0,03142
246,84800;-0,48246;-0,03164
246,85802;-0,48229;-0,03146
246,86802;-0,48212;-0,03166
246,87800;-0,48195;-0,03148
246,88802;-0,48178;-0,03140
246,89802;-0,48161;-0,03142
246,90800;-0,48144;-0,03134
246,91802;-0,48133;-0,03138
246,92802;-0,48116;-0,03132
246,93802;-0,48099;-0,03142
246,94802;-0,48082;-0,03117
246,95800;-0,48065;-0,03137
246,96802;-0,48048;-0,03117
246,97802;-0,48031;-0,03120
246,98800;-0,48014;-0,03112
246,99802;-0,48002;-0,03120
247,00802;-0,47980;-0,03115
247,01800;-0,47963;-0,03105
247,02802;-0,47946;-0,03122
247,03802;-0,47929;-0,03097
247,04800;-0,47917;-0,03109
247,05802;-0,47900;-0,03103
247,06802;-0,47883;-0,03096
247,07802;-0,47866;-0,03095
247,08802;-0,47849;-0,03097
247,09800;-0,47832;-0,03085
247,10802;-0,47815;-0,03086
247,11802;-0,47798;-0,03080
247,12800;-0,47781;-0,03070
247,13802;-0,47764;-0,03078
247,14802;-0,47747;-0,03070
247,15800;-0,47730;-0,03061
247,16802;-0,47713;-0,03075
247,17802;-0,47696;-0,03057
247,18802;-0,47679;-0,03064
247,19802;-0,47662;-0,03069
247,20800;-0,47645;-0,03056
247,21802;-0,47628;-0,03055
247,22802;-0,47617;-0,03053
247,23800;-0,47600;-0,03055
247,24802;-0,47583;-0,03038
247,25802;-0,47566;-0,03056
247,26800;-0,47555;-0,03043
247,27802;-0,47538;-0,03051
247,28802;-0,47521;-0,03046
247,29800;-0,47504;-0,03053
247,30802;-0,47492;-0,03024
247,31802;-0,47470;-0,03040
247,32802;-0,47453;-0,03031
247,33802;-0,47436;-0,03019
247,34800;-0,47419;-0,03040
247,35802;-0,47402;-0,03022
247,36802;-0,47385;-0,03049
247,37800;-0,47368;-0,03036
247,38802;-0,47351;-0,03053
247,39802;-0,47334;-0,03020
247,40800;-0,47322;-0,03045
247,41802;-0,47305;-0,03014
247,42802;-0,47288;-0,03031
247,43802;-0,47271;-0,03017
247,44802;-0,47254;-0,03021
247,45800;-0,47237;-0,03014
247,46802;-0,47220;-0,03014
247,47802;-0,47203;-0,03017
247,48800;-0,47181;-0,02996
247,49802;-0,47164;-0,03018
247,50802;-0,47147;-0,02995
247,51800;-0,47130;-0,03020
247,52802;-0,47113;-0,02995
247,53802;-0,47096;-0,03010
247,54800;-0,47079;-0,02995
247,55802;-0,47062;-0,03013
247,56802;-0,47045;-0,02988
247,57802;-0,47028;-0,03012
247,58802;-0,47011;-0,02988
247,59800;-0,46999;-0,03001
247,60802;-0,46982;-0,02990
247,61802;-0,46965;-0,02984
247,62800;-0,46948;-0,02984
247,63802;-0,46931;-0,02976
247,64802;-0,46914;-0,02988
247,65800;-0,46897;-0,02960
247,66802;-0,46880;-0,02987
247,67802;-0,46863;-0,02966
247,68802;-0,46846;-0,02979
247,69802;-0,46835;-0,02968
247,70800;-0,46818;-0,02991
247,71802;-0,46801;-0,02959
247,72802;-0,46784;-0,02974
247,73800;-0,46767;-0,02969
247,74802;-0,46750;-0,02946
247,75802;-0,46733;-0,02975
247,76800;-0,46716;-0,02953
247,77802;-0,46699;-0,02965
247,78802;-0,46682;-0,02952
247,79800;-0,46665;-0,02970
247,80802;-0,46654;-0,02942
247,81802;-0,46631;-0,02959
247,82802;-0,46620;-0,02922
247,83802;-0,46603;-0,02943
247,84800;-0,46586;-0,02928
247,85802;-0,46569;-0,02940
247,86802;-0,46552;-0,02940
247,87800;-0,46535;-0,02930
247,88802;-0,46518;-0,02943
247,89802;-0,46501;-0,02928
247,90800;-0,46484;-0,02935
247,91802;-0,46467;-0,02915
247,92802;-0,46455;-0,02923
247,93802;-0,46438;-0,02901
247,94802;-0,46421;-0,02932
247,95800;-0,46404;-0,02906
247,96802;-0,46382;-0,02929
247,97802;-0,46365;-0,02906
247,98800;-0,46348;-0,02913
247,99802;-0,46331;-0,02908
248,00802;-0,46314;-0,02903
248,01800;-0,46297;-0,02904
248,02802;-0,46280;-0,02897
248,03802;-0,46263;-0,02913
248,04802;-0,46246;-0,02898
248,05802;-0,46229;-0,02919
248,06802;-0,46217;-0,02891
248,07802;-0,46200;-0,02909
248,08802;-0,46183;-0,02882
248,09800;-0,46166;-0,02911
248,10802;-0,46149;-0,02884
248,11802;-0,46132;-0,02892
248,12800;-0,46115;-0,02896
248,13802;-0,46098;-0,02889
248,14802;-0,46081;-0,02901
248,15800;-0,46064;-0,02886
248,16802;-0,46047;-0,02885
248,17802;-0,46030;-0,02871
248,18802;-0,46013;-0,02893
248,19802;-0,45996;-0,02856
248,20800;-0,45979;-0,02894
248,21802;-0,45962;-0,02863
248,22802;-0,45945;-0,02877
248,23800;-0,45934;-0,02873
248,24802;-0,45917;-0,02864
248,25802;-0,45900;-0,02861
248,26800;-0,45883;-0,02862
248,27802;-0,45866;-0,02859
248,28802;-0,45849;-0,02850
248,29802;-0,45832;-0,02870
248,30802;-0,45815;-0,02843
248,31802;-0,45798;-0,02869
248,32802;-0,45781;-0,02823
248,33802;-0,45764;-0,02860
248,34800;-0,45747;-0,02828
248,35802;-0,45730;-0,02851
248,36802;-0,45719;-0,02836
248,37800;-0,45702;-0,02844
248,38802;-0,45685;-0,02841
248,39802;-0,45668;-0,02838
248,40800;-0,45651;-0,02845
248,41802;-0,45634;-0,02822
248,42802;-0,45617;-0,02829
248,43802;-0,45600;-0,02815
248,44802;-0,45583;-0,02836
248,45800;-0,45566;-0,02804
248,46802;-0,45549;-0,02843
248,47802;-0,45532;-0,02806
248,48800;-0,45515;-0,02823
248,49802;-0,45498;-0,02815
248,50802;-0,45481;-0,02812
248,51800;-0,45464;-0,02806
248,52802;-0,45447;-0,02811
248,53802;-0,45435;-0,02805
248,54802;-0,45418;-0,02796
248,55802;-0,45401;-0,02812
248,56802;-0,45384;-0,02791
248,57802;-0,45373;-0,02804
248,58802;-0,45356;-0,02777
248,59800;-0,45339;-0,02804
248,60802;-0,45322;-0,02775
248,61802;-0,45305;-0,02794
248,62800;-0,45288;-0,02784
248,63802;-0,45271;-0,02783
248,64802;-0,45254;-0,02776
248,65800;-0,45231;-0,02786
248,66802;-0,45214;-0,02769
248,67802;-0,45197;-0,02778
248,68802;-0,45186;-0,02775
248,69802;-0,45169;-0,02760
248,70800;-0,45152;-0,02776
248,71802;-0,45135;-0,02750
248,72802;-0,45118;-0,02764
248,73800;-0,45101;-0,02754
248,74802;-0,45084;-0,02754
248,75802;-0,45067;-0,02744
248,76800;-0,45050;-0,02756
248,77802;-0,45027;-0,02736
248,78802;-0,45010;-0,02743
248,79802;-0,44993;-0,02750
248,80802;-0,44976;-0,02739
248,81802;-0,44959;-0,02748
248,82802;-0,44942;-0,02726
248,83802;-0,44925;-0,02745
248,84800;-0,44908;-0,02723
248,85802;-0,44891;-0,02736
248,86802;-0,44874;-0,02727
248,87800;-0,44863;-0,02724
248,88802;-0,44846;-0,02733
248,89802;-0,44829;-0,02729
248,90800;-0,44812;-0,02725
248,91802;-0,44795;-0,02714
248,92802;-0,44778;-0,02726
248,93802;-0,44761;-0,02703
248,94802;-0,44744;-0,02735
248,95800;-0,44727;-0,02708
248,96802;-0,44710;-0,02718
248,97802;-0,44699;-0,02718
248,98800;-0,44682;-0,02711
248,99802;-0,44665;-0,02720
249,00802;-0,44648;-0,02718
249,01800;-0,44631;-0,02705
249,02802;-0,44614;-0,02704
249,03802;-0,44597;-0,02712
249,04802;-0,44585;-0,02701
249,05802;-0,44568;-0,02703
249,06802;-0,44546;-0,02695
249,07802;-0,44534;-0,02706
249,08802;-0,44517;-0,02706
249,09800;-0,44500;-0,02698
249,10802;-0,44483;-0,02702
249,11802;-0,44466;-0,02682
249,12800;-0,44449;-0,02691
249,13802;-0,44432;-0,02706
249,14802;-0,44415;-0,02681
249,15800;-0,44398;-0,02694
249,16802;-0,44381;-0,02677
249,17802;-0,44364;-0,02681
249,18802;-0,44347;-0,02675
249,19802;-0,44330;-0,02680
249,20800;-0,44313;-0,02666
249,21802;-0,44296;-0,02682
249,22802;-0,44279;-0,02669
249,23800;-0,44262;-0,02671
249,24802;-0,44245;-0,02671
249,25802;-0,44228;-0,02656
249,26800;-0,44211;-0,02679
249,27802;-0,44194;-0,02654
249,28802;-0,44177;-0,02670
249,29802;-0,44160;-0,02650
249,30802;-0,44143;-0,02660
249,31802;-0,44126;-0,02650
249,32802;-0,44115;-0,02658
249,33802;-0,44098;-0,02646
249,34800;-0,44081;-0,02659
249,35802;-0,44064;-0,02649
249,36802;-0,44053;-0,02654
249,37800;-0,44036;-0,02655
249,38802;-0,44019;-0,02638
249,39802;-0,44002;-0,02652
249,40800;-0,43985;-0,02635
249,41802;-0,43968;-0,02654
249,42802;-0,43951;-0,02640
249,43802;-0,43934;-0,02648
249,44802;-0,43917;-0,02632
249,45800;-0,43900;-0,02642
249,46802;-0,43883;-0,02631
249,47802;-0,43866;-0,02646
249,48800;-0,43849;-0,02634
249,49802;-0,43832;-0,02631
249,50802;-0,43815;-0,02635
249,51800;-0,43798;-0,02637
249,52802;-0,43781;-0,02637
249,53802;-0,43764;-0,02627
249,54802;-0,43747;-0,02632
249,55802;-0,43730;-0,02618
249,56802;-0,43718;-0,02642
249,57802;-0,43701;-0,02613
249,58802;-0,43679;-0,02622
249,59800;-0,43662;-0,02613
249,60802;-0,43645;-0,02620
249,61802;-0,43628;-0,02612
249,62800;-0,43611;-0,02618
249,63802;-0,43594;-0,02607
249,64802;-0,43582;-0,02594
249,65800;-0,43565;-0,02620
249,66802;-0,43548;-0,02595
249,67802;-0,43531;-0,02618
249,68802;-0,43514;-0,02590
249,69802;-0,43497;-0,02622
249,70800;-0,43480;-0,02589
249,71802;-0,43469;-0,02612
249,72802;-0,43452;-0,02595
249,73800;-0,43435;-0,02592
249,74802;-0,43418;-0,02594
249,75802;-0,43401;-0,02595
249,76800;-0,43384;-0,02601
249,77802;-0,43367;-0,02588
249,78802;-0,43350;-0,02611
249,79802;-0,43333;-0,02578
249,80802;-0,43316;-0,02609
249,81802;-0,43299;-0,02578
249,82802;-0,43282;-0,02593
249,83802;-0,43271;-0,02583
249,84800;-0,43254;-0,02594
249,85802;-0,43237;-0,02580
249,86802;-0,43220;-0,02587
249,87800;-0,43208;-0,02583
249,88802;-0,43191;-0,02570
249,89802;-0,43169;-0,02584
249,90800;-0,43157;-0,02559
249,91802;-0,43140;-0,02579
249,92802;-0,43123;-0,02563
249,93802;-0,43101;-0,02584
249,94802;-0,43084;-0,02555
249,95800;-0,43067;-0,02574
249,96802;-0,43050;-0,02559
249,97802;-0,43033;-0,02569
249,98800;-0,43016;-0,02562
249,99802;-0,43004;-0,02558
250,00802;-0,42987;-0,02560
250,01800;-0,42970;-0,02542
250,02802;-0,42953;-0,02565
250,03802;-0,42931;-0,02537
250,04802;-0,42914;-0,02555
250,05802;-0,42897;-0,02536
250,06802;-0,42880;-0,02566
250,07802;-0,42863;-0,02537
250,08802;-0,42846;-0,02556
250,09800;-0,42829;-0,02529
250,10802;-0,42812;-0,02536
250,11802;-0,42795;-0,02534
250,12800;-0,42778;-0,02540
250,13802;-0,42761;-0,02543
250,14802;-0,42744;-0,02531
250,15800;-0,42727;-0,02543
250,16802;-0,42710;-0,02523
250,17802;-0,42698;-0,02553
250,18802;-0,42681;-0,02509
250,19802;-0,42664;-0,02539
250,20800;-0,42647;-0,02506
250,21802;-0,42630;-0,02535
250,22802;-0,42613;-0,02502
250,23800;-0,42596;-0,02524
250,24802;-0,42579;-0,02507
250,25802;-0,42562;-0,02506
250,26800;-0,42551;-0,02514
250,27802;-0,42534;-0,02504
250,28802;-0,42517;-0,02516
250,29802;-0,42500;-0,02486
250,30802;-0,42483;-0,02530
250,31802;-0,42466;-0,02484
250,32802;-0,42455;-0,02529
250,33802;-0,42438;-0,02487
250,34800;-0,42421;-0,02506
250,35802;-0,42404;-0,02488
250,36802;-0,42387;-0,02510
250,37800;-0,42370;-0,02488
250,38802;-0,42353;-0,02489
250,39802;-0,42336;-0,02487
250,40800;-0,42324;-0,02473
250,41802;-0,42302;-0,02493
250,42802;-0,42285;-0,02462
250,43802;-0,42273;-0,02496
250,44802;-0,42251;-0,02453
250,45800;-0,42234;-0,02496
250,46802;-0,42222;-0,02462
250,47802;-0,42205;-0,02489
250,48800;-0,42188;-0,02461
250,49802;-0,42171;-0,02473
250,50802;-0,42154;-0,02472
250,51800;-0,42137;-0,02476
250,52802;-0,42120;-0,02472
250,53802;-0,42103;-0,02459
250,54802;-0,42086;-0,02472
250,55802;-0,42069;-0,02443
250,56802;-0,42052;-0,02479
250,57802;-0,42035;-0,02440
250,58802;-0,42018;-0,02462
250,59800;-0,42001;-0,02446
250,60802;-0,41984;-0,02461
250,61802;-0,41967;-0,02444
250,62800;-0,41950;-0,02449
250,63802;-0,41933;-0,02441
250,64802;-0,41922;-0,02435
250,65800;-0,41905;-0,02449
250,66802;-0,41888;-0,02423
250,67802;-0,41871;-0,02444
250,68802;-0,41854;-0,02422
250,69802;-0,41837;-0,02439
250,70800;-0,41820;-0,02423
250,71802;-0,41803;-0,02440
250,72802;-0,41786;-0,02417
250,73800;-0,41769;-0,02430
250,74802;-0,41752;-0,02424
250,75802;-0,41735;-0,02422
250,76800;-0,41718;-0,02429
250,77802;-0,41701;-0,02423
250,78802;-0,41684;-0,02437
250,79802;-0,41667;-0,02410
250,80802;-0,41650;-0,02435
250,81802;-0,41633;-0,02395
250,82802;-0,41616;-0,02431
250,83802;-0,41605;-0,02394
250,84800;-0,41588;-0,02429
250,85802;-0,41571;-0,02404
250,86802;-0,41554;-0,02422
250,87800;-0,41537;-0,02405
250,88802;-0,41520;-0,02412
250,89802;-0,41503;-0,02403
250,90800;-0,41486;-0,02396
250,91802;-0,41469;-0,02412
250,92802;-0,41452;-0,02381
250,93802;-0,41435;-0,02419
250,94802;-0,41418;-0,02373
250,95800;-0,41401;-0,02410
250,96802;-0,41384;-0,02381
250,97802;-0,41372;-0,02404
250,98800;-0,41355;-0,02375
250,99802;-0,41338;-0,02384
251,00802;-0,41321;-0,02378
251,01800;-0,41304;-0,02378
251,02802;-0,41287;-0,02398
251,03802;-0,41270;-0,02374
251,04802;-0,41253;-0,02398
251,05802;-0,41236;-0,02366
251,06802;-0,41219;-0,02394
251,07802;-0,41202;-0,02356
251,08802;-0,41185;-0,02367
251,09800;-0,41168;-0,02354
251,10802;-0,41151;-0,02371
251,11802;-0,41140;-0,02360
251,12800;-0,41123;-0,02372
251,13802;-0,41106;-0,02357
251,14802;-0,41089;-0,02340
251,15800;-0,41072;-0,02367
251,16802;-0,41055;-0,02339
251,17802;-0,41044;-0,02357
251,18802;-0,41021;-0,02344
251,19802;-0,41004;-0,02349
251,20800;-0,40987;-0,02334
251,21802;-0,40970;-0,02353
251,22802;-0,40953;-0,02332
251,23800;-0,40936;-0,02340
251,24802;-0,40919;-0,02330
251,25802;-0,40902;-0,02329
251,26800;-0,40885;-0,02339
251,27802;-0,40868;-0,02327
251,28802;-0,40851;-0,02335
251,29802;-0,40840;-0,02314
251,30802;-0,40823;-0,02334
251,31802;-0,40806;-0,02304
251,32802;-0,40783;-0,02324
251,33802;-0,40766;-0,02302
251,34800;-0,40749;-0,02303
251,35802;-0,40732;-0,02308
251,36802;-0,40715;-0,02321
251,37800;-0,40692;-0,02311
251,38802;-0,40675;-0,02311
251,39802;-0,40658;-0,02322
251,40800;-0,40641;-0,02298
251,41802;-0,40624;-0,02313
251,42802;-0,40607;-0,02290
251,43802;-0,40590;-0,02300
251,44802;-0,40573;-0,02290
251,45800;-0,40562;-0,02310
251,46802;-0,40545;-0,02295
251,47802;-0,40528;-0,02283
251,48800;-0,40511;-0,02280
251,49802;-0,40494;-0,02286
251,50802;-0,40483;-0,02286
251,51800;-0,40466;-0,02285
251,52802;-0,40449;-0,02289
251,53802;-0,40432;-0,02269
251,54802;-0,40415;-0,02289
251,55802;-0,40398;-0,02278
251,56802;-0,40381;-0,02281
251,57802;-0,40364;-0,02266
251,58802;-0,40347;-0,02274
251,59800;-0,40335;-0,02265
251,60802;-0,40318;-0,02277
251,61802;-0,40301;-0,02265
251,62800;-0,40284;-0,02256
251,63802;-0,40273;-0,02269
251,64802;-0,40256;-0,02258
251,65800;-0,40239;-0,02276
251,66802;-0,40222;-0,02249
251,67802;-0,40205;-0,02263
251,68802;-0,40188;-0,02242
251,69802;-0,40171;-0,02273
251,70800;-0,40154;-0,02249
251,71802;-0,40137;-0,02254
251,72802;-0,40120;-0,02247
251,73800;-0,40103;-0,02243
251,74802;-0,40086;-0,02246
251,75802;-0,40069;-0,02235
251,76800;-0,40052;-0,02253
251,77802;-0,40035;-0,02226
251,78802;-0,40018;-0,02257
251,79802;-0,40001;-0,02225
251,80802;-0,39984;-0,02239
251,81802;-0,39973;-0,02232
251,82802;-0,39956;-0,02236
251,83802;-0,39939;-0,02229
251,84800;-0,39922;-0,02229
251,85802;-0,39905;-0,02232
251,86802;-0,39888;-0,02209
251,87800;-0,39871;-0,02228
251,88802;-0,39854;-0,02200
251,89802;-0,39837;-0,02229
251,90800;-0,39820;-0,02206
251,91802;-0,39803;-0,02228
251,92802;-0,39786;-0,02210
251,93802;-0,39769;-0,02209
251,94802;-0,39752;-0,02215
251,95800;-0,39735;-0,02202
251,96802;-0,39718;-0,02223
251,97802;-0,39701;-0,02199
251,98800;-0,39684;-0,02217
251,99802;-0,39667;-0,02196
252,00802;-0,39650;-0,02217
252,01800;-0,39633;-0,02178
252,02802;-0,39616;-0,02205
252,03802;-0,39599;-0,02185
252,04802;-0,39582;-0,02197
252,05802;-0,39565;-0,02186
252,06802;-0,39548;-0,02202
252,07802;-0,39531;-0,02185
252,08802;-0,39514;-0,02192
252,09800;-0,39497;-0,02189
252,10802;-0,39480;-0,02179
252,11802;-0,39463;-0,02186
252,12800;-0,39446;-0,02166
252,13802;-0,39429;-0,02178
252,14802;-0,39412;-0,02157
252,15800;-0,39395;-0,02180
252,16802;-0,39378;-0,02159
252,17802;-0,39361;-0,02191
252,18802;-0,39344;-0,02160
252,19802;-0,39327;-0,02174
252,20800;-0,39310;-0,02155
252,21802;-0,39293;-0,02164
252,22802;-0,39276;-0,02151
252,23800;-0,39259;-0,02155
252,24802;-0,39242;-0,02161
252,25802;-0,39230;-0,02153
252,26800;-0,39213;-0,02182
252,27802;-0,39196;-0,02138
252,28802;-0,39179;-0,02167
252,29802;-0,39162;-0,02125
252,30802;-0,39145;-0,02158
252,31802;-0,39128;-0,02131
252,32802;-0,39117;-0,02158
252,33802;-0,39100;-0,02131
252,34800;-0,39083;-0,02140
252,35802;-0,39060;-0,02144
252,36802;-0,39049;-0,02127
252,37800;-0,39032;-0,02147
252,38802;-0,39015;-0,02114
252,39802;-0,38998;-0,02150
252,40800;-0,38981;-0,02100
252,41802;-0,38964;-0,02155
252,42802;-0,38947;-0,02107
252,43802;-0,38930;-0,02140
252,44802;-0,38919;-0,02114
252,45800;-0,38902;-0,02120
252,46802;-0,38885;-0,02119
252,47802;-0,38868;-0,02115
252,48800;-0,38851;-0,02122
252,49802;-0,38834;-0,02099
252,50802;-0,38817;-0,02127
252,51800;-0,38800;-0,02093
252,52802;-0,38783;-0,02134
252,53802;-0,38766;-0,02094
252,54802;-0,38749;-0,02125
252,55802;-0,38732;-0,02094
252,56802;-0,38715;-0,02107
252,57802;-0,38698;-0,02105
252,58802;-0,38681;-0,02122
252,59800;-0,38669;-0,02100
252,60802;-0,38652;-0,02115
252,61802;-0,38635;-0,02089
252,62800;-0,38613;-0,02082
252,63802;-0,38596;-0,02111
252,64802;-0,38579;-0,02073
252,65800;-0,38562;-0,02090
252,66802;-0,38545;-0,02076
252,67802;-0,38528;-0,02087
252,68802;-0,38511;-0,02077
252,69802;-0,38494;-0,02100
252,70800;-0,38477;-0,02060
252,71802;-0,38460;-0,02085
252,72802;-0,38443;-0,02067
252,73800;-0,38426;-0,02074
252,74802;-0,38409;-0,02076
252,75802;-0,38392;-0,02057
252,76800;-0,38375;-0,02078
252,77802;-0,38363;-0,02065
252,78802;-0,38346;-0,02082
252,79802;-0,38329;-0,02058
252,80802;-0,38312;-0,02074
252,81802;-0,38295;-0,02043
252,82802;-0,38278;-0,02067
252,83802;-0,38261;-0,02041
252,84800;-0,38244;-0,02062
252,85802;-0,38227;-0,02047
252,86802;-0,38210;-0,02048
252,87800;-0,38193;-0,02068
252,88802;-0,38176;-0,02041
252,89802;-0,38165;-0,02058
252,90800;-0,38148;-0,02039
252,91802;-0,38131;-0,02044
252,92802;-0,38114;-0,02034
252,93802;-0,38103;-0,02061
252,94802;-0,38086;-0,02019
252,95800;-0,38069;-0,02048
252,96802;-0,38052;-0,02023
252,97802;-0,38035;-0,02037
252,98800;-0,38018;-0,02038
252,99802;-0,38001;-0,02026
253,00802;-0,37984;-0,02026
253,01800;-0,37967;-0,02026
253,02802;-0,37950;-0,02044
253,03802;-0,37933;-0,02022
253,04802;-0,37916;-0,02045
253,05802;-0,37899;-0,02003
253,06802;-0,37887;-0,02039
253,07802;-0,37870;-0,02012
253,08802;-0,37853;-0,02025
253,09800;-0,37836;-0,02012
253,10802;-0,37819;-0,02014
253,11802;-0,37802;-0,02025
253,12800;-0,37791;-0,02016
253,13802;-0,37774;-0,02015
253,14802;-0,37757;-0,01999
253,15800;-0,37734;-0,02011
253,16802;-0,37717;-0,01994
253,17802;-0,37706;-0,02032
253,18802;-0,37683;-0,01995
253,19802;-0,37672;-0,02008
253,20800;-0,37649;-0,02003
253,21802;-0,37632;-0,02001
253,22802;-0,37621;-0,01992
253,23800;-0,37604;-0,01998
253,24802;-0,37587;-0,01993
253,25802;-0,37570;-0,01985
253,26800;-0,37553;-0,01994
253,27802;-0,37536;-0,01981
253,28802;-0,37519;-0,01989
253,29802;-0,37502;-0,01979
253,30802;-0,37485;-0,01998
253,31802;-0,37468;-0,01977
253,32802;-0,37451;-0,01987
253,33802;-0,37428;-0,01969
253,34800;-0,37411;-0,01965
253,35802;-0,37394;-0,01967
253,36802;-0,37377;-0,01968
253,37800;-0,37360;-0,01973
253,38802;-0,37343;-0,01957
253,39802;-0,37326;-0,01972
253,40800;-0,37309;-0,01948
253,41802;-0,37292;-0,01964
253,42802;-0,37275;-0,01940
253,43802;-0,37264;-0,01957
253,44802;-0,37247;-0,01941
253,45800;-0,37230;-0,01951
253,46802;-0,37213;-0,01939
253,47802;-0,37196;-0,01948
253,48800;-0,37179;-0,01947
253,49802;-0,37162;-0,01928
253,50802;-0,37145;-0,01947
253,51800;-0,37128;-0,01920
253,52802;-0,37111;-0,01946
253,53802;-0,37094;-0,01932
253,54802;-0,37077;-0,01937
253,55802;-0,37066;-0,01920
253,56802;-0,37049;-0,01943
253,57802;-0,37032;-0,01918
253,58802;-0,37020;-0,01932
253,59800;-0,37003;-0,01923
253,60802;-0,36986;-0,01905
253,61802;-0,36969;-0,01928
253,62800;-0,36952;-0,01913
253,63802;-0,36935;-0,01922
253,64802;-0,36918;-0,01913
253,65800;-0,36901;-0,01928
253,66802;-0,36884;-0,01902
253,67802;-0,36873;-0,01925
253,68802;-0,36856;-0,01908
253,69802;-0,36839;-0,01914
253,70800;-0,36822;-0,01910
253,71802;-0,36805;-0,01898
253,72802;-0,36788;-0,01912
253,73800;-0,36771;-0,01891
253,74802;-0,36760;-0,01915
253,75802;-0,36743;-0,01887
253,76800;-0,36726;-0,01893
253,77802;-0,36709;-0,01883
253,78802;-0,36692;-0,01900
253,79802;-0,36675;-0,01884
253,80802;-0,36652;-0,01897
253,81802;-0,36635;-0,01880
253,82802;-0,36618;-0,01891
253,83802;-0,36601;-0,01901
253,84800;-0,36584;-0,01864
253,85802;-0,36567;-0,01888
253,86802;-0,36550;-0,01866
253,87800;-0,36533;-0,01893
253,88802;-0,36522;-0,01874
253,89802;-0,36505;-0,01894
253,90800;-0,36488;-0,01855
253,91802;-0,36471;-0,01885
253,92802;-0,36454;-0,01869
253,93802;-0,36431;-0,01866
253,94802;-0,36414;-0,01864
253,95800;-0,36397;-0,01851
253,96802;-0,36380;-0,01862
253,97802;-0,36363;-0,01848
253,98800;-0,36346;-0,01868
253,99802;-0,36329;-0,01847
254,00802;-0,36312;-0,01871
254,01800;-0,36295;-0,01845
254,02802;-0,36278;-0,01868
254,03802;-0,36261;-0,01845
254,04802;-0,36244;-0,01851
254,05802;-0,36233;-0,01836
254,06802;-0,36216;-0,01844
254,07802;-0,36199;-0,01839
254,08802;-0,36182;-0,01835
254,09800;-0,36170;-0,01848
254,10802;-0,36153;-0,01836
254,11802;-0,36136;-0,01840
254,12800;-0,36119;-0,01833
254,13802;-0,36102;-0,01839
254,14802;-0,36085;-0,01799
254,15800;-0,36068;-0,01841
254,16802;-0,36051;-0,01811
254,17802;-0,36034;-0,01837
254,18802;-0,36017;-0,01816
254,19802;-0,36006;-0,01835
254,20800;-0,35989;-0,01809
254,21802;-0,35972;-0,01823
254,22802;-0,35961;-0,01810
254,23800;-0,35944;-0,01792
254,24802;-0,35927;-0,01810
254,25802;-0,35910;-0,01790
254,26800;-0,35887;-0,01815
254,27802;-0,35870;-0,01789
254,28802;-0,35853;-0,01828
254,29802;-0,35836;-0,01773
254,30802;-0,35819;-0,01820
254,31802;-0,35802;-0,01776
254,32802;-0,35785;-0,01806
254,33802;-0,35768;-0,01788
254,34800;-0,35751;-0,01798
254,35802;-0,35734;-0,01798
254,36802;-0,35717;-0,01791
254,37800;-0,35700;-0,01801
254,38802;-0,35689;-0,01773
254,39802;-0,35672;-0,01800
254,40800;-0,35655;-0,01761
254,41802;-0,35638;-0,01798
254,42802;-0,35621;-0,01754
254,43802;-0,35604;-0,01790
254,44802;-0,35587;-0,01769
254,45800;-0,35570;-0,01791
254,46802;-0,35553;-0,01766
254,47802;-0,35536;-0,01774
254,48800;-0,35519;-0,01763
254,49802;-0,35502;-0,01753
254,50802;-0,35485;-0,01773
254,51800;-0,35468;-0,01757
254,52802;-0,35451;-0,01778
254,53802;-0,35439;-0,01759
254,54802;-0,35422;-0,01784
254,55802;-0,35405;-0,01738
254,56802;-0,35388;-0,01765
254,57802;-0,35371;-0,01730
254,58802;-0,35354;-0,01762
254,59800;-0,35337;-0,01747
254,60802;-0,35320;-0,01760
254,61802;-0,35303;-0,01753
254,62800;-0,35286;-0,01741
254,63802;-0,35264;-0,01751
254,64802;-0,35247;-0,01733
254,65800;-0,35230;-0,01756
254,66802;-0,35213;-0,01722
254,67802;-0,35196;-0,01754
254,68802;-0,35179;-0,01720
254,69802;-0,35162;-0,01760
254,70800;-0,35150;-0,01720
254,71802;-0,35133;-0,01759
254,72802;-0,35116;-0,01720
254,73800;-0,35099;-0,01732
254,74802;-0,35082;-0,01721
254,75802;-0,35065;-0,01708
254,76800;-0,35048;-0,01725
254,77802;-0,35031;-0,01707
254,78802;-0,35014;-0,01735
254,79802;-0,34997;-0,01710
254,80802;-0,34980;-0,01738
254,81802;-0,34963;-0,01700
254,82802;-0,34946;-0,01729
254,83802;-0,34935;-0,01692
254,84800;-0,34918;-0,01722
254,85802;-0,34901;-0,01695
254,86802;-0,34890;-0,01712
254,87800;-0,34873;-0,01713
254,88802;-0,34856;-0,01707
254,89802;-0,34839;-0,01707
254,90800;-0,34822;-0,01690
254,91802;-0,34805;-0,01709
254,92802;-0,34788;-0,01676
254,93802;-0,34771;-0,01703
254,94802;-0,34754;-0,01672
254,95800;-0,34737;-0,01710
254,96802;-0,34720;-0,01684
254,97802;-0,34708;-0,01716
254,98800;-0,34691;-0,01684
254,99802;-0,34674;-0,01698
255,00802;-0,34657;-0,01681
255,01800;-0,34640;-0,01675
255,02802;-0,34623;-0,01678
255,03802;-0,34606;-0,01661
255,04802;-0,34589;-0,01673
255,05802;-0,34572;-0,01666
255,06802;-0,34555;-0,01691
255,07802;-0,34538;-0,01651
255,08802;-0,34521;-0,01694
255,09800;-0,34504;-0,01654
255,10802;-0,34487;-0,01671
255,11802;-0,34470;-0,01672
255,12800;-0,34453;-0,01673
255,13802;-0,34436;-0,01667
255,14802;-0,34419;-0,01671
255,15800;-0,34402;-0,01669
255,16802;-0,34385;-0,01655
255,17802;-0,34368;-0,01671
255,18802;-0,34351;-0,01642
255,19802;-0,34334;-0,01665
255,20800;-0,34317;-0,01635
255,21802;-0,34300;-0,01658
255,22802;-0,34283;-0,01635
255,23800;-0,34266;-0,01648
255,24802;-0,34249;-0,01649
255,25802;-0,34232;-0,01648
255,26800;-0,34215;-0,01642
255,27802;-0,34198;-0,01639
255,28802;-0,34181;-0,01643
255,29802;-0,34164;-0,01629
255,30802;-0,34147;-0,01656
255,31802;-0,34130;-0,01632
255,32802;-0,34113;-0,01653
255,33802;-0,34096;-0,01629
255,34800;-0,34079;-0,01644
255,35802;-0,34062;-0,01621
255,36802;-0,34051;-0,01621
255,37800;-0,34034;-0,01616
255,38802;-0,34017;-0,01613
255,39802;-0,34000;-0,01626
255,40800;-0,33983;-0,01619
255,41802;-0,33966;-0,01621
255,42802;-0,33949;-0,01609
255,43802;-0,33932;-0,01623
255,44802;-0,33915;-0,01607
255,45800;-0,33898;-0,01621
255,46802;-0,33881;-0,01599
255,47802;-0,33864;-0,01606
255,48800;-0,33847;-0,01611
255,49802;-0,33830;-0,01604
255,50802;-0,33819;-0,01610
255,51800;-0,33802;-0,01592
255,52802;-0,33785;-0,01601
255,53802;-0,33768;-0,01584
255,54802;-0,33751;-0,01600
255,55802;-0,33734;-0,01585
255,56802;-0,33717;-0,01599
255,57802;-0,33700;-0,01592
255,58802;-0,33683;-0,01613
255,59800;-0,33666;-0,01603
255,60802;-0,33649;-0,01587
255,61802;-0,33632;-0,01592
255,62800;-0,33615;-0,01573
255,63802;-0,33598;-0,01590
255,64802;-0,33581;-0,01579
255,65800;-0,33564;-0,01592
255,66802;-0,33547;-0,01585
255,67802;-0,33530;-0,01590
255,68802;-0,33513;-0,01576
255,69802;-0,33501;-0,01575
255,70800;-0,33484;-0,01543
255,71802;-0,33467;-0,01555
255,72802;-0,33450;-0,01566
255,73800;-0,33433;-0,01572
255,74802;-0,33416;-0,01588
255,75802;-0,33399;-0,01578
255,76800;-0,33382;-0,01584
255,77802;-0,33365;-0,01566
255,78802;-0,33348;-0,01564
255,79802;-0,33331;-0,01542
255,80802;-0,33314;-0,01552
255,81802;-0,33297;-0,01543
255,82802;-0,33286;-0,01576
255,83802;-0,33269;-0,01558
255,84800;-0,33252;-0,01575
255,85802;-0,33235;-0,01555
255,86802;-0,33218;-0,01551
255,87800;-0,33201;-0,01548
255,88802;-0,33184;-0,01537
255,89802;-0,33167;-0,01536
255,90800;-0,33150;-0,01538
255,91802;-0,33133;-0,01554
255,92802;-0,33110;-0,01546
255,93802;-0,33093;-0,01550
255,94802;-0,33076;-0,01530
255,95800;-0,33059;-0,01531
255,96802;-0,33042;-0,01512
255,97802;-0,33025;-0,01515
255,98800;-0,33008;-0,01512
255,99802;-0,32991;-0,01517
256,00803;-0,32974;-0,01531
256,01800;-0,32963;-0,01543
256,02802;-0,32946;-0,01539
256,03803;-0,32929;-0,01539
256,04800;-0,32912;-0,01529
256,05802;-0,32895;-0,01506
256,06803;-0,32878;-0,01511
256,07800;-0,32861;-0,01503
256,08802;-0,32844;-0,01516
256,09802;-0,32827;-0,01518
256,10800;-0,32810;-0,01523
256,11802;-0,32793;-0,01517
256,12802;-0,32782;-0,01513
256,13800;-0,32765;-0,01501
256,14802;-0,32748;-0,01493
256,15802;-0,32736;-0,01486
256,16800;-0,32719;-0,01506
256,17802;-0,32702;-0,01510
256,18802;-0,32685;-0,01508
256,19800;-0,32668;-0,01524
256,20800;-0,32651;-0,01511
256,21802;-0,32634;-0,01504
256,22803;-0,32617;-0,01492
256,23800;-0,32600;-0,01478
256,24802;-0,32583;-0,01472
256,25803;-0,32572;-0,01495
256,26800;-0,32555;-0,01492
256,27802;-0,32538;-0,01499
256,28803;-0,32521;-0,01492
256,29800;-0,32504;-0,01489
256,30802;-0,32487;-0,01483
256,31803;-0,32470;-0,01469
256,32800;-0,32453;-0,01465
256,33802;-0,32436;-0,01456
256,34802;-0,32425;-0,01485
256,35800;-0,32408;-0,01489
256,36802;-0,32391;-0,01500
256,37802;-0,32374;-0,01485
256,38800;-0,32357;-0,01494
256,39802;-0,32340;-0,01467
256,40802;-0,32323;-0,01470
256,41800;-0,32306;-0,01455
256,42802;-0,32283;-0,01455
256,43802;-0,32266;-0,01476
256,44800;-0,32249;-0,01470
256,45800;-0,32232;-0,01475
256,46802;-0,32221;-0,01469
256,47803;-0,32204;-0,01452
256,48800;-0,32187;-0,01449
256,49802;-0,32170;-0,01440
256,50803;-0,32153;-0,01430
256,51800;-0,32136;-0,01454
256,52802;-0,32119;-0,01455
256,53803;-0,32102;-0,01462
256,54800;-0,32085;-0,01473
256,55802;-0,32062;-0,01458
256,56803;-0,32045;-0,01453
256,57800;-0,32028;-0,01450
256,58802;-0,32011;-0,01429
256,59802;-0,31994;-0,01420
256,60800;-0,31977;-0,01424
256,61802;-0,31960;-0,01430
256,62802;-0,31943;-0,01448
256,63800;-0,31926;-0,01454
256,64802;-0,31909;-0,01443
256,65802;-0,31898;-0,01431
256,66800;-0,31881;-0,01421
256,67802;-0,31864;-0,01408
256,68802;-0,31847;-0,01415
256,69800;-0,31830;-0,01413
256,70800;-0,31813;-0,01441
256,71802;-0,31796;-0,01428
256,72803;-0,31779;-0,01450
256,73800;-0,31762;-0,01422
256,74802;-0,31745;-0,01416
256,75803;-0,31728;-0,01397
256,76800;-0,31711;-0,01403
256,77802;-0,31694;-0,01397
256,78803;-0,31682;-0,01411
256,79800;-0,31665;-0,01416
256,80802;-0,31648;-0,01420
256,81803;-0,31631;-0,01425
256,82800;-0,31614;-0,01398
256,83802;-0,31592;-0,01401
256,84802;-0,31580;-0,01369
256,85800;-0,31558;-0,01383
256,86802;-0,31546;-0,01386
256,87802;-0,31529;-0,01414
256,88800;-0,31512;-0,01413
256,89802;-0,31495;-0,01427
256,90802;-0,31478;-0,01404
256,91800;-0,31461;-0,01380
256,92802;-0,31444;-0,01375
256,93802;-0,31427;-0,01350
256,94800;-0,31416;-0,01373
256,95800;-0,31399;-0,01365
256,96802;-0,31382;-0,01399
256,97803;-0,31365;-0,01396
256,98800;-0,31348;-0,01405
256,99802;-0,31337;-0,01379
257,00803;-0,31320;-0,01369
257,01800;-0,31303;-0,01341
257,02802;-0,31286;-0,01349
257,03803;-0,31269;-0,01354
257,04800;-0,31257;-0,01372
257,05802;-0,31240;-0,01406
257,06803;-0,31218;-0,01407
257,07800;-0,31206;-0,01402
257,08802;-0,31189;-0,01368
257,09802;-0,31172;-0,01355
257,10800;-0,31150;-0,01322
257,11802;-0,31138;-0,01342
257,12802;-0,31121;-0,01337
257,13800;-0,31104;-0,01366
257,14802;-0,31087;-0,01362
257,15802;-0,31070;-0,01391
257,16800;-0,31053;-0,01362
257,17802;-0,31036;-0,01353
257,18802;-0,31019;-0,01325
257,19800;-0,31002;-0,01308
257,20800;-0,30985;-0,01327
257,21802;-0,30968;-0,01333
257,22803;-0,30951;-0,01362
257,23800;-0,30929;-0,01366
257,24802;-0,30912;-0,01375
257,25803;-0,30895;-0,01337
257,26800;-0,30878;-0,01347
257,27802;-0,30861;-0,01305
257,28803;-0,30844;-0,01314
257,29800;-0,30827;-0,01317
257,30802;-0,30810;-0,01336
257,31803;-0,30798;-0,01348
257,32800;-0,30781;-0,01351
257,33802;-0,30764;-0,01340
257,34802;-0,30747;-0,01322
257,35800;-0,30730;-0,01306
257,36802;-0,30713;-0,01287
257,37802;-0,30696;-0,01296
257,38800;-0,30679;-0,01299
257,39802;-0,30662;-0,01329
257,40802;-0,30645;-0,01334
257,41800;-0,30628;-0,01355
257,42802;-0,30617;-0,01322
257,43802;-0,30600;-0,01310
257,44800;-0,30583;-0,01286
257,45800;-0,30566;-0,01274
257,46802;-0,30555;-0,01282
257,47803;-0,30538;-0,01304
257,48800;-0,30521;-0,01306
257,49802;-0,30504;-0,01323
257,50803;-0,30487;-0,01342
257,51800;-0,30470;-0,01297
257,52802;-0,30458;-0,01309
257,53803;-0,30441;-0,01262
257,54800;-0,30424;-0,01264
257,55802;-0,30407;-0,01266
257,56803;-0,30390;-0,01300
257,57800;-0,30373;-0,01286
257,58802;-0,30356;-0,01318
257,59802;-0,30339;-0,01311
257,60800;-0,30322;-0,01298
257,61802;-0,30305;-0,01292
257,62802;-0,30288;-0,01254
257,63800;-0,30271;-0,01264
257,64802;-0,30254;-0,01259
257,65802;-0,30237;-0,01296
257,66800;-0,30220;-0,01276
257,67802;-0,30203;-0,01310
257,68802;-0,30186;-0,01283
257,69800;-0,30169;-0,01286
257,70800;-0,30152;-0,01252
257,71802;-0,30135;-0,01249
257,72803;-0,30118;-0,01236
257,73800;-0,30101;-0,01251
257,74802;-0,30084;-0,01277
257,75803;-0,30067;-0,01270
257,76800;-0,30050;-0,01293
257,77802;-0,30033;-0,01273
257,78803;-0,30016;-0,01274
257,79800;-0,29999;-0,01236
257,80802;-0,29982;-0,01248
257,81803;-0,29965;-0,01221
257,82800;-0,29948;-0,01251
257,83802;-0,29931;-0,01246
257,84802;-0,29914;-0,01271
257,85800;-0,29897;-0,01267
257,86802;-0,29880;-0,01265
257,87802;-0,29863;-0,01257
257,88800;-0,29846;-0,01231
257,89802;-0,29829;-0,01235
257,90802;-0,29812;-0,01218
257,91800;-0,29795;-0,01239
257,92802;-0,29778;-0,01235
257,93802;-0,29761;-0,01259
257,94800;-0,29744;-0,01239
257,95800;-0,29733;-0,01252
257,96802;-0,29716;-0,01217
257,97803;-0,29699;-0,01227
257,98800;-0,29682;-0,01216
257,99802;-0,29665;-0,01216
258,00803;-0,29648;-0,01229
258,01800;-0,29631;-0,01232
258,02802;-0,29614;-0,01248
258,03803;-0,29597;-0,01228
258,04800;-0,29580;-0,01236
258,05802;-0,29563;-0,01212
258,06803;-0,29546;-0,01229
258,07800;-0,29535;-0,01204
258,08802;-0,29518;-0,01222
258,09802;-0,29501;-0,01207
258,10800;-0,29484;-0,01223
258,11802;-0,29461;-0,01207
258,12802;-0,29444;-0,01200
258,13800;-0,29427;-0,01207
258,14802;-0,29410;-0,01187
258,15802;-0,29393;-0,01210
258,16800;-0,29376;-0,01198
258,17802;-0,29359;-0,01211
258,18802;-0,29348;-0,01197
258,19800;-0,29331;-0,01217
258,20800;-0,29314;-0,01180
258,21802;-0,29297;-0,01202
258,22803;-0,29280;-0,01187
258,23800;-0,29263;-0,01191
258,24802;-0,29246;-0,01203
258,25803;-0,29234;-0,01208
258,26800;-0,29217;-0,01209
258,27802;-0,29200;-0,01197
258,28803;-0,29183;-0,01201
258,29800;-0,29172;-0,01164
258,30802;-0,29155;-0,01182
258,31803;-0,29138;-0,01164
258,32800;-0,29121;-0,01185
258,33802;-0,29110;-0,01170
258,34802;-0,29093;-0,01193
258,35800;-0,29076;-0,01172
258,36802;-0,29059;-0,01172
258,37802;-0,29042;-0,01176
258,38800;-0,29025;-0,01147
258,39802;-0,29008;-0,01171
258,40802;-0,28991;-0,01171
258,41800;-0,28974;-0,01193
258,42802;-0,28957;-0,01177
258,43802;-0,28940;-0,01214
258,44800;-0,28923;-0,01169
258,45800;-0,28906;-0,01172
258,46802;-0,28889;-0,01149
258,47803;-0,28872;-0,01138
258,48800;-0,28855;-0,01131
258,49802;-0,28838;-0,01152
258,50803;-0,28821;-0,01151
258,51800;-0,28798;-0,01152
258,52802;-0,28781;-0,01172
258,53803;-0,28764;-0,01143
258,54800;-0,28747;-0,01160
258,55802;-0,28730;-0,01135
258,56803;-0,28713;-0,01145
258,57800;-0,28696;-0,01142
258,58802;-0,28679;-0,01169
258,59802;-0,28662;-0,01148
258,60800;-0,28645;-0,01174
258,61802;-0,28634;-0,01142
258,62802;-0,28617;-0,01149
258,63800;-0,28600;-0,01129
258,64802;-0,28583;-0,01135
258,65802;-0,28566;-0,01121
258,66800;-0,28549;-0,01114
258,67802;-0,28532;-0,01142
258,68802;-0,28515;-0,01127
258,69800;-0,28498;-0,01141
258,70800;-0,28481;-0,01120
258,71802;-0,28464;-0,01125
258,72803;-0,28452;-0,01101
258,73800;-0,28435;-0,01136
258,74802;-0,28418;-0,01103
258,75803;-0,28401;-0,01125
258,76800;-0,28384;-0,01120
258,77802;-0,28367;-0,01132
258,78803;-0,28350;-0,01136
258,79800;-0,28333;-0,01117
258,80802;-0,28316;-0,01116
258,81803;-0,28299;-0,01098
258,82800;-0,28288;-0,01125
258,83802;-0,28271;-0,01098
258,84802;-0,28254;-0,01125
258,85800;-0,28237;-0,01097
258,86802;-0,28220;-0,01133
258,87802;-0,28203;-0,01102
258,88800;-0,28186;-0,01114
258,89802;-0,28169;-0,01081
258,90802;-0,28158;-0,01082
258,91800;-0,28141;-0,01083
258,92802;-0,28124;-0,01089
258,93802;-0,28107;-0,01110
258,94800;-0,28090;-0,01092
258,95800;-0,28073;-0,01126
258,96802;-0,28056;-0,01096
258,97803;-0,28039;-0,01115
258,98800;-0,28022;-0,01059
258,99802;-0,28005;-0,01089
259,00803;-0,27988;-0,01046
259,01800;-0,27965;-0,01083
259,02802;-0,27948;-0,01076
259,03803;-0,27931;-0,01096
259,04800;-0,27920;-0,01089
259,05802;-0,27903;-0,01098
259,06803;-0,27886;-0,01089
259,07800;-0,27869;-0,01052
259,08802;-0,27852;-0,01074
259,09802;-0,27835;-0,01031
259,10800;-0,27818;-0,01089
259,11802;-0,27801;-0,01067
259,12802;-0,27784;-0,01114
259,13800;-0,27767;-0,01075
259,14802;-0,27750;-0,01110
259,15802;-0,27733;-0,01063
259,16800;-0,27716;-0,01065
259,17802;-0,27699;-0,01044
259,18802;-0,27682;-0,01032
259,19800;-0,27665;-0,01054
259,20800;-0,27648;-0,01061
259,21802;-0,27631;-0,01092
259,22803;-0,27619;-0,01066
259,23800;-0,27602;-0,01091
259,24802;-0,27585;-0,01029
259,25803;-0,27568;-0,01057
259,26800;-0,27551;-0,01011
259,27802;-0,27534;-0,01029
259,28803;-0,27517;-0,01021
259,29800;-0,27500;-0,01059
259,30802;-0,27483;-0,01057
259,31803;-0,27466;-0,01065
259,32800;-0,27449;-0,01057
259,33802;-0,27432;-0,01030
259,34802;-0,27415;-0,01039
259,35800;-0,27398;-0,01016
259,36802;-0,27387;-0,01036
259,37802;-0,27364;-0,01021
259,38800;-0,27353;-0,01059
259,39802;-0,27336;-0,01046
259,40802;-0,27319;-0,01065
259,41800;-0,27296;-0,01036
259,42802;-0,27279;-0,01037
259,43802;-0,27262;-0,01021
259,44800;-0,27245;-0,01018
259,45800;-0,27228;-0,01017
259,46802;-0,27211;-0,01009
259,47803;-0,27200;-0,01034
259,48800;-0,27183;-0,01025
259,49802;-0,27166;-0,01046
259,50803;-0,27149;-0,01019
259,51800;-0,27132;-0,01023
259,52802;-0,27115;-0,00997
259,53803;-0,27098;-0,01015
259,54800;-0,27081;-0,01004
259,55802;-0,27070;-0,01012
259,56803;-0,27053;-0,01017
259,57800;-0,27036;-0,01016
259,58802;-0,27019;-0,01021
259,59802;-0,27007;-0,01014
259,60800;-0,26990;-0,01006
259,61802;-0,26973;-0,00989
259,62802;-0,26956;-0,01001
259,63800;-0,26939;-0,00997
259,64802;-0,26922;-0,00993
259,65802;-0,26905;-0,01003
259,66800;-0,26888;-0,01000
259,67802;-0,26871;-0,01000
259,68802;-0,26854;-0,00998
259,69800;-0,26837;-0,00991
259,70800;-0,26820;-0,00981
259,71802;-0,26803;-0,00990
259,72803;-0,26786;-0,00999
259,73800;-0,26775;-0,00996
259,74802;-0,26758;-0,00997
259,75803;-0,26741;-0,00987
259,76800;-0,26724;-0,00980
259,77802;-0,26701;-0,00972
259,78803;-0,26684;-0,00973
259,79800;-0,26667;-0,00981
259,80802;-0,26650;-0,00981
259,81803;-0,26633;-0,00994
259,82800;-0,26616;-0,00984
259,83802;-0,26599;-0,00985
259,84802;-0,26582;-0,00974
259,85800;-0,26565;-0,00964
259,86802;-0,26548;-0,00962
259,87802;-0,26531;-0,00967
259,88800;-0,26514;-0,00973
259,89802;-0,26497;-0,00971
259,90802;-0,26480;-0,00981
259,91800;-0,26463;-0,00960
259,92802;-0,26446;-0,00977
259,93802;-0,26429;-0,00948
259,94800;-0,26412;-0,00958
259,95800;-0,26395;-0,00951
259,96802;-0,26378;-0,00954
259,97803;-0,26361;-0,00957
259,98800;-0,26344;-0,00951
259,99802;-0,26333;-0,00958
260,00803;-0,26316;-0,00946
260,01800;-0,26299;-0,00957
260,02802;-0,26282;-0,00938
260,03803;-0,26265;-0,00955
260,04800;-0,26248;-0,00935
260,05802;-0,26231;-0,00962
260,06803;-0,26214;-0,00931
260,07800;-0,26197;-0,00955
260,08802;-0,26180;-0,00929
260,09802;-0,26163;-0,00934
260,10800;-0,26152;-0,00938
260,11802;-0,26135;-0,00939
260,12802;-0,26118;-0,00937
260,13800;-0,26101;-0,00941
260,14802;-0,26084;-0,00949
260,15802;-0,26067;-0,00932
260,16800;-0,26050;-0,00948
260,17802;-0,26033;-0,00912
260,18802;-0,26016;-0,00927
260,19800;-0,25999;-0,00908
260,20800;-0,25982;-0,00930
260,21802;-0,25965;-0,00918
260,22803;-0,25948;-0,00930
260,23800;-0,25931;-0,00927
260,24802;-0,25914;-0,00920
260,25803;-0,25902;-0,00929
260,26800;-0,25880;-0,00913
260,27802;-0,25863;-0,00911
260,28803;-0,25846;-0,00903
260,29800;-0,25829;-0,00916
260,30802;-0,25812;-0,00901
260,31803;-0,25795;-0,00929
260,32800;-0,25778;-0,00901
260,33802;-0,25761;-0,00907
260,34802;-0,25744;-0,00899
260,35800;-0,25727;-0,00898
260,36802;-0,25715;-0,00895
260,37802;-0,25698;-0,00892
260,38800;-0,25681;-0,00909
260,39802;-0,25664;-0,00890
260,40802;-0,25647;-0,00918
260,41800;-0,25630;-0,00880
260,42802;-0,25613;-0,00896
260,43802;-0,25596;-0,00869
260,44800;-0,25579;-0,00906
260,45800;-0,25562;-0,00876
260,46802;-0,25545;-0,00893
260,47803;-0,25528;-0,00891
260,48800;-0,25511;-0,00889
260,49802;-0,25494;-0,00904
260,50803;-0,25477;-0,00880
260,51800;-0,25460;-0,00886
260,52802;-0,25443;-0,00860
260,53803;-0,25432;-0,00884
260,54800;-0,25415;-0,00860
260,55802;-0,25398;-0,00886
260,56803;-0,25381;-0,00866
260,57800;-0,25364;-0,00876
260,58802;-0,25347;-0,00876
260,59802;-0,25330;-0,00872
260,60800;-0,25313;-0,00862
260,61802;-0,25296;-0,00859
260,62802;-0,25279;-0,00862
260,63800;-0,25262;-0,00856
260,64802;-0,25245;-0,00878
260,65802;-0,25228;-0,00861
260,66800;-0,25217;-0,00864
260,67802;-0,25200;-0,00860
260,68802;-0,25183;-0,00859
260,69800;-0,25166;-0,00854
260,70800;-0,25149;-0,00856
260,71802;-0,25132;-0,00848
260,72803;-0,25109;-0,00854
260,73800;-0,25092;-0,00854
260,74802;-0,25081;-0,00855
260,75803;-0,25064;-0,00850
260,76800;-0,25047;-0,00842
260,77802;-0,25030;-0,00843
260,78803;-0,25013;-0,00847
260,79800;-0,24996;-0,00851
260,80802;-0,24979;-0,00848
260,81803;-0,24962;-0,00852
260,82800;-0,24950;-0,00842
260,83802;-0,24933;-0,00851
260,84802;-0,24916;-0,00832
260,85800;-0,24905;-0,00834
260,86802;-0,24888;-0,00821
260,87802;-0,24871;-0,00833
260,88800;-0,24860;-0,00841
260,89802;-0,24843;-0,00834
260,90802;-0,24826;-0,00845
260,91800;-0,24809;-0,00821
260,92802;-0,24792;-0,00837
260,93802;-0,24775;-0,00812
260,94800;-0,24752;-0,00829
260,95800;-0,24735;-0,00809
260,96802;-0,24718;-0,00830
260,97803;-0,24701;-0,00811
260,98800;-0,24684;-0,00821
260,99802;-0,24667;-0,00820
261,00803;-0,24656;-0,00804
261,01800;-0,24639;-0,00831
261,02802;-0,24622;-0,00789
261,03803;-0,24605;-0,00818
261,04800;-0,24588;-0,00791
261,05802;-0,24571;-0,00810
261,06803;-0,24554;-0,00796
261,07800;-0,24537;-0,00822
261,08802;-0,24514;-0,00793
261,09802;-0,24497;-0,00807
261,10800;-0,24480;-0,00811
261,11802;-0,24463;-0,00792
261,12802;-0,24446;-0,00810
261,13800;-0,24429;-0,00788
261,14802;-0,24412;-0,00810
261,15802;-0,24395;-0,00792
261,16800;-0,24378;-0,00802
261,17802;-0,24361;-0,00786
261,18802;-0,24344;-0,00794
261,19800;-0,24333;-0,00787
261,20800;-0,24316;-0,00802
261,21802;-0,24299;-0,00785
261,22803;-0,24282;-0,00794
261,23800;-0,24265;-0,00789
261,24802;-0,24248;-0,00787
261,25803;-0,24231;-0,00786
261,26800;-0,24214;-0,00780
261,27802;-0,24202;-0,00778
261,28803;-0,24185;-0,00782
261,29800;-0,24168;-0,00780
261,30802;-0,24151;-0,00774
261,31803;-0,24134;-0,00784
261,32800;-0,24123;-0,00763
261,33802;-0,24106;-0,00784
261,34802;-0,24089;-0,00759
261,35800;-0,24072;-0,00769
261,36802;-0,24055;-0,00757
261,37802;-0,24038;-0,00765
261,38800;-0,24021;-0,00768
261,39802;-0,24004;-0,00757
261,40802;-0,23987;-0,00770
261,41800;-0,23970;-0,00751
261,42802;-0,23953;-0,00763
261,43802;-0,23936;-0,00751
261,44800;-0,23919;-0,00777
261,45800;-0,23902;-0,00743
261,46802;-0,23885;-0,00774
261,47803;-0,23868;-0,00753
261,48800;-0,23851;-0,00761
261,49802;-0,23834;-0,00757
261,50803;-0,23823;-0,00752
261,51800;-0,23806;-0,00749
261,52802;-0,23789;-0,00744
261,53803;-0,23772;-0,00750
261,54800;-0,23755;-0,00733
261,55802;-0,23738;-0,00760
261,56803;-0,23721;-0,00734
261,57800;-0,23704;-0,00754
261,58802;-0,23687;-0,00739
261,59802;-0,23670;-0,00747
261,60800;-0,23653;-0,00735
261,61802;-0,23636;-0,00735
261,62802;-0,23619;-0,00733
261,63800;-0,23602;-0,00721
261,64802;-0,23585;-0,00748
261,65802;-0,23568;-0,00723
261,66800;-0,23551;-0,00742
261,67802;-0,23534;-0,00718
261,68802;-0,23522;-0,00748
261,69800;-0,23505;-0,00715
261,70800;-0,23488;-0,00729
261,71802;-0,23471;-0,00714
261,72803;-0,23454;-0,00710
261,73800;-0,23437;-0,00726
261,74802;-0,23420;-0,00717
261,75803;-0,23403;-0,00730
261,76800;-0,23386;-0,00701
261,77802;-0,23369;-0,00739
261,78803;-0,23352;-0,00686
261,79800;-0,23335;-0,00726
261,80802;-0,23318;-0,00692
261,81803;-0,23301;-0,00713
261,82800;-0,23284;-0,00706
261,83802;-0,23273;-0,00730
261,84802;-0,23256;-0,00703
261,85800;-0,23239;-0,00706
261,86802;-0,23222;-0,00716
261,87802;-0,23205;-0,00685
261,88800;-0,23188;-0,00719
261,89802;-0,23171;-0,00679
261,90802;-0,23154;-0,00718
261,91800;-0,23137;-0,00688
261,92802;-0,23120;-0,00722
261,93802;-0,23103;-0,00687
261,94800;-0,23086;-0,00718
261,95800;-0,23069;-0,00680
261,96802;-0,23058;-0,00699
261,97803;-0,23041;-0,00685
261,98800;-0,23024;-0,00683
261,99802;-0,23007;-0,00697
262,00803;-0,22990;-0,00671
262,01800;-0,22967;-0,00702
262,02802;-0,22956;-0,00668
262,03803;-0,22933;-0,00708
262,04800;-0,22916;-0,00666
262,05802;-0,22899;-0,00701
262,06803;-0,22882;-0,00661
262,07800;-0,22865;-0,00693
262,08802;-0,22854;-0,00675
262,09802;-0,22837;-0,00690
262,10800;-0,22820;-0,00678
262,11802;-0,22803;-0,00672
262,12802;-0,22786;-0,00686
262,13800;-0,22769;-0,00655
262,14800;-0,22757;-0,00695
262,15803;-0,22740;-0,00654
262,16800;-0,22723;-0,00686
262,17800;-0,22706;-0,00648
262,18803;-0,22689;-0,00692
262,19800;-0,22672;-0,00637
262,20800;-0,22655;-0,00690
262,21803;-0,22638;-0,00646
262,22803;-0,22621;-0,00668
262,23800;-0,22604;-0,00663
262,24803;-0,22587;-0,00666
262,25803;-0,22570;-0,00664
262,26800;-0,22553;-0,00641
262,27800;-0,22536;-0,00665
262,28803;-0,22519;-0,00625
262,29800;-0,22502;-0,00670
262,30800;-0,22485;-0,00629
262,31803;-0,22474;-0,00672
262,32800;-0,22457;-0,00635
262,33800;-0,22440;-0,00681
262,34803;-0,22423;-0,00635
262,35800;-0,22400;-0,00657
262,36800;-0,22383;-0,00639
262,37803;-0,22366;-0,00633
262,38800;-0,22349;-0,00650
262,39800;-0,22332;-0,00631
262,40803;-0,22315;-0,00648
262,41800;-0,22298;-0,00617
262,42800;-0,22281;-0,00655
262,43803;-0,22264;-0,00624
262,44800;-0,22247;-0,00651
262,45800;-0,22230;-0,00625
262,46803;-0,22213;-0,00645
262,47803;-0,22196;-0,00621
262,48800;-0,22179;-0,00637
262,49803;-0,22162;-0,00622
262,50803;-0,22145;-0,00616
262,51800;-0,22134;-0,00623
262,52800;-0,22117;-0,00616
262,53803;-0,22100;-0,00622
262,54800;-0,22083;-0,00614
262,55800;-0,22066;-0,00624
262,56803;-0,22049;-0,00606
262,57800;-0,22032;-0,00628
262,58800;-0,22015;-0,00613
262,59803;-0,22004;-0,00632
262,60800;-0,21987;-0,00597
262,61800;-0,21970;-0,00621
262,62803;-0,21958;-0,00603
262,63800;-0,21941;-0,00613
262,64800;-0,21924;-0,00612
262,65803;-0,21907;-0,00608
262,66800;-0,21890;-0,00608
262,67800;-0,21873;-0,00619
262,68803;-0,21856;-0,00619
262,69800;-0,21839;-0,00600
262,70800;-0,21822;-0,00608
262,71803;-0,21805;-0,00577
262,72803;-0,21788;-0,00609
262,73800;-0,21771;-0,00589
262,74803;-0,21754;-0,00599
262,75803;-0,21737;-0,00594
262,76800;-0,21720;-0,00596
262,77800;-0,21703;-0,00596
262,78803;-0,21686;-0,00600
262,79800;-0,21669;-0,00596
262,80800;-0,21652;-0,00587
262,81803;-0,21641;-0,00605
262,82800;-0,21624;-0,00583
262,83800;-0,21607;-0,00600
262,84803;-0,21590;-0,00575
262,85800;-0,21573;-0,00598
262,86800;-0,21556;-0,00580
262,87803;-0,21539;-0,00591
262,88800;-0,21522;-0,00573
262,89800;-0,21505;-0,00586
262,90803;-0,21482;-0,00579
262,91800;-0,21465;-0,00590
262,92800;-0,21448;-0,00576
262,93803;-0,21437;-0,00577
262,94800;-0,21420;-0,00582
262,95800;-0,21403;-0,00577
262,96803;-0,21386;-0,00586
262,97803;-0,21369;-0,00568
262,98800;-0,21352;-0,00574
262,99803;-0,21335;-0,00568
263,00803;-0,21318;-0,00581
263,01800;-0,21301;-0,00557
263,02800;-0,21284;-0,00577
263,03803;-0,21267;-0,00558
263,04800;-0,21250;-0,00571
263,05800;-0,21233;-0,00576
263,06803;-0,21210;-0,00572
263,07800;-0,21199;-0,00557
263,08800;-0,21176;-0,00572
263,09803;-0,21159;-0,00579
263,10800;-0,21142;-0,00564
263,11800;-0,21125;-0,00579
263,12803;-0,21114;-0,00556
263,13800;-0,21097;-0,00568
263,14800;-0,21080;-0,00552
263,15803;-0,21063;-0,00565
263,16800;-0,21046;-0,00546
263,17800;-0,21029;-0,00557
263,18803;-0,21012;-0,00547
263,19800;-0,20995;-0,00549
263,20800;-0,20978;-0,00550
263,21803;-0,20961;-0,00552
263,22803;-0,20944;-0,00559
263,23800;-0,20927;-0,00544
263,24803;-0,20916;-0,00563
263,25803;-0,20899;-0,00543
263,26800;-0,20882;-0,00549
263,27800;-0,20865;-0,00540
263,28803;-0,20848;-0,00546
263,29800;-0,20836;-0,00548
263,30800;-0,20814;-0,00557
263,31803;-0,20802;-0,00548
263,32800;-0,20785;-0,00549
263,33800;-0,20768;-0,00548
263,34803;-0,20751;-0,00547
263,35800;-0,20734;-0,00546
263,36800;-0,20717;-0,00538
263,37803;-0,20700;-0,00541
263,38800;-0,20683;-0,00532
263,39800;-0,20666;-0,00541
263,40803;-0,20649;-0,00539
263,41800;-0,20632;-0,00533
263,42800;-0,20615;-0,00541
263,43803;-0,20604;-0,00550
263,44800;-0,20587;-0,00543
263,45800;-0,20570;-0,00545
263,46803;-0,20553;-0,00542
263,47803;-0,20536;-0,00526
263,48800;-0,20525;-0,00534
263,49803;-0,20508;-0,00537
263,50803;-0,20491;-0,00518
263,51800;-0,20474;-0,00528
263,52800;-0,20457;-0,00528
263,53803;-0,20434;-0,00538
263,54800;-0,20417;-0,00526
263,55800;-0,20400;-0,00545
263,56803;-0,20383;-0,00524
263,57800;-0,20366;-0,00515
263,58800;-0,20355;-0,00524
263,59803;-0,20338;-0,00511
263,60800;-0,20321;-0,00518
263,61800;-0,20304;-0,00525
263,62803;-0,20287;-0,00529
263,63800;-0,20270;-0,00511
263,64800;-0,20253;-0,00539
263,65803;-0,20236;-0,00505
263,66800;-0,20219;-0,00524
263,67800;-0,20202;-0,00511
263,68803;-0,20185;-0,00502
263,69800;-0,20162;-0,00506
263,70800;-0,20145;-0,00514
263,71803;-0,20128;-0,00510
263,72803;-0,20111;-0,00509
263,73800;-0,20094;-0,00514
263,74803;-0,20077;-0,00494
263,75803;-0,20060;-0,00506
263,76800;-0,20043;-0,00503
263,77800;-0,20026;-0,00499
263,78803;-0,20009;-0,00491
263,79800;-0,19998;-0,00513
263,80800;-0,19981;-0,00493
263,81803;-0,19964;-0,00499
263,82800;-0,19947;-0,00497
263,83800;-0,19930;-0,00487
263,84803;-0,19918;-0,00481
263,85800;-0,19901;-0,00494
263,86800;-0,19884;-0,00481
263,87803;-0,19867;-0,00490
263,88800;-0,19850;-0,00487
263,89800;-0,19833;-0,00484
263,90803;-0,19816;-0,00491
263,91800;-0,19805;-0,00487
263,92800;-0,19788;-0,00481
263,93803;-0,19771;-0,00471
263,94800;-0,19754;-0,00486
263,95800;-0,19737;-0,00474
263,96803;-0,19720;-0,00482
263,97803;-0,19703;-0,00476
263,98800;-0,19686;-0,00475
263,99803;-0,19669;-0,00470
264,00803;-0,19652;-0,00473
264,01800;-0,19635;-0,00466
264,02800;-0,19624;-0,00464
264,03803;-0,19601;-0,00476
264,04800;-0,19590;-0,00470
264,05800;-0,19567;-0,00473
264,06803;-0,19550;-0,00469
264,07800;-0,19539;-0,00476
264,08800;-0,19522;-0,00464
264,09803;-0,19505;-0,00463
264,10800;-0,19488;-0,00463
264,11800;-0,19471;-0,00453
264,12803;-0,19454;-0,00472
264,13800;-0,19437;-0,00465
264,14800;-0,19420;-0,00466
264,15803;-0,19403;-0,00470
264,16800;-0,19386;-0,00458
264,17800;-0,19369;-0,00460
264,18803;-0,19352;-0,00448
264,19800;-0,19335;-0,00454
264,20800;-0,19318;-0,00449
264,21803;-0,19301;-0,00464
264,22803;-0,19284;-0,00454
264,23800;-0,19267;-0,00463
264,24803;-0,19250;-0,00454
264,25803;-0,19238;-0,00456
264,26800;-0,19221;-0,00445
264,27800;-0,19204;-0,00450
264,28803;-0,19187;-0,00457
264,29800;-0,19170;-0,00455
264,30800;-0,19153;-0,00470
264,31803;-0,19131;-0,00449
264,32800;-0,19114;-0,00454
264,33800;-0,19097;-0,00448
264,34803;-0,19080;-0,00451
264,35800;-0,19063;-0,00433
264,36800;-0,19046;-0,00439
264,37803;-0,19029;-0,00432
264,38800;-0,19012;-0,00451
264,39800;-0,18995;-0,00445
264,40803;-0,18978;-0,00456
264,41800;-0,18961;-0,00440
264,42800;-0,18944;-0,00441
264,43803;-0,18932;-0,00442
264,44800;-0,18915;-0,00431
264,45800;-0,18898;-0,00436
264,46803;-0,18881;-0,00432
264,47803;-0,18864;-0,00439
264,48800;-0,18847;-0,00435
264,49803;-0,18830;-0,00446
264,50803;-0,18813;-0,00422
264,51800;-0,18796;-0,00433
264,52800;-0,18779;-0,00421
264,53803;-0,18762;-0,00428
264,54800;-0,18745;-0,00429
264,55800;-0,18728;-0,00425
264,56803;-0,18717;-0,00438
264,57800;-0,18700;-0,00419
264,58800;-0,18683;-0,00433
264,59803;-0,18666;-0,00418
264,60800;-0,18649;-0,00424
264,61800;-0,18632;-0,00405
264,62803;-0,18615;-0,00423
264,63800;-0,18598;-0,00405
264,64800;-0,18581;-0,00419
264,65803;-0,18564;-0,00422
264,66800;-0,18547;-0,00418
264,67800;-0,18530;-0,00432
264,68803;-0,18513;-0,00416
264,69800;-0,18496;-0,00421
264,70800;-0,18485;-0,00404
264,71803;-0,18468;-0,00421
264,72803;-0,18451;-0,00403
264,73800;-0,18434;-0,00418
264,74803;-0,18417;-0,00415
264,75803;-0,18405;-0,00414
264,76800;-0,18388;-0,00416
264,77800;-0,18371;-0,00416
264,78803;-0,18354;-0,00405
264,79800;-0,18337;-0,00408
264,80800;-0,18320;-0,00411
264,81803;-0,18303;-0,00399
264,82800;-0,18286;-0,00422
264,83800;-0,18269;-0,00408
264,84803;-0,18252;-0,00409
264,85800;-0,18235;-0,00407
264,86800;-0,18218;-0,00409
264,87803;-0,18201;-0,00394
264,88800;-0,18190;-0,00407
264,89800;-0,18173;-0,00397
264,90803;-0,18156;-0,00399
264,91800;-0,18139;-0,00399
264,92800;-0,18122;-0,00404
264,93803;-0,18105;-0,00392
264,94800;-0,18088;-0,00390
264,95800;-0,18065;-0,00394
264,96803;-0,18048;-0,00382
264,97803;-0,18031;-0,00390
264,98800;-0,18014;-0,00383
264,99803;-0,17997;-0,00384
265,00803;-0,17980;-0,00389
265,01800;-0,17963;-0,00395
265,02800;-0,17946;-0,00389
265,03803;-0,17929;-0,00390
265,04800;-0,17912;-0,00392
265,05800;-0,17895;-0,00379
265,06803;-0,17878;-0,00387
265,07800;-0,17861;-0,00382
265,08800;-0,17844;-0,00377
265,09803;-0,17833;-0,00377
265,10800;-0,17816;-0,00395
265,11800;-0,17799;-0,00361
265,12803;-0,17782;-0,00385
265,13800;-0,17765;-0,00370
265,14800;-0,17748;-0,00380
265,15803;-0,17731;-0,00376
265,16800;-0,17720;-0,00381
265,17800;-0,17703;-0,00376
265,18803;-0,17686;-0,00370
265,19800;-0,17669;-0,00382
265,20800;-0,17652;-0,00364
265,21803;-0,17640;-0,00381
265,22803;-0,17623;-0,00356
265,23800;-0,17606;-0,00379
265,24803;-0,17589;-0,00359
265,25803;-0,17572;-0,00383
265,26800;-0,17555;-0,00353
265,27800;-0,17538;-0,00371
265,28803;-0,17521;-0,00371
265,29800;-0,17504;-0,00352
265,30800;-0,17487;-0,00379
265,31803;-0,17470;-0,00358
265,32800;-0,17453;-0,00374
265,33800;-0,17436;-0,00364
265,34803;-0,17419;-0,00379
265,35800;-0,17402;-0,00339
265,36800;-0,17385;-0,00376
265,37803;-0,17368;-0,00351
265,38800;-0,17351;-0,00363
265,39800;-0,17334;-0,00351
265,40803;-0,17323;-0,00354
265,41800;-0,17306;-0,00356
265,42800;-0,17289;-0,00352
265,43803;-0,17272;-0,00363
265,44800;-0,17255;-0,00341
265,45800;-0,17238;-0,00361
265,46803;-0,17221;-0,00346
265,47803;-0,17204;-0,00355
265,48800;-0,17187;-0,00342
265,49803;-0,17170;-0,00348
265,50803;-0,17153;-0,00335
265,51800;-0,17136;-0,00352
265,52800;-0,17119;-0,00356
265,53803;-0,17102;-0,00343
265,54800;-0,17091;-0,00358
265,55800;-0,17074;-0,00330
265,56803;-0,17057;-0,00355
265,57800;-0,17040;-0,00328
265,58800;-0,17023;-0,00352
265,59803;-0,17006;-0,00331
265,60800;-0,16983;-0,00352
265,61800;-0,16966;-0,00342
265,62803;-0,16949;-0,00350
265,63800;-0,16932;-0,00342
265,64800;-0,16915;-0,00334
265,65803;-0,16898;-0,00353
265,66800;-0,16881;-0,00323
265,67800;-0,16864;-0,00353
265,68803;-0,16847;-0,00324
265,69800;-0,16830;-0,00347
265,70800;-0,16813;-0,00312
265,71803;-0,16802;-0,00354
265,72803;-0,16785;-0,00319
265,73800;-0,16768;-0,00347
265,74803;-0,16751;-0,00326
265,75803;-0,16734;-0,00337
265,76800;-0,16717;-0,00328
265,77800;-0,16700;-0,00330
265,78803;-0,16683;-0,00340
265,79800;-0,16666;-0,00317
265,80800;-0,16649;-0,00339
265,81803;-0,16632;-0,00311
265,82800;-0,16615;-0,00344
265,83800;-0,16598;-0,00305
265,84803;-0,16581;-0,00347
265,85800;-0,16569;-0,00302
265,86800;-0,16552;-0,00346
265,87803;-0,16535;-0,00319
265,88800;-0,16518;-0,00321
265,89800;-0,16501;-0,00326
265,90803;-0,16484;-0,00315
265,91800;-0,16467;-0,00326
265,92800;-0,16450;-0,00314
265,93803;-0,16433;-0,00331
265,94800;-0,16416;-0,00293
265,95800;-0,16405;-0,00346
265,96803;-0,16388;-0,00299
265,97803;-0,16371;-0,00334
265,98800;-0,16354;-0,00296
265,99803;-0,16337;-0,00322
266,00803;-0,16320;-0,00308
266,01800;-0,16303;-0,00317
266,02800;-0,16286;-0,00315
266,03803;-0,16269;-0,00307
266,04800;-0,16258;-0,00332
266,05800;-0,16241;-0,00306
266,06803;-0,16224;-0,00335
266,07800;-0,16207;-0,00292
266,08800;-0,16190;-0,00331
266,09803;-0,16173;-0,00294
266,10800;-0,16156;-0,00333
266,11800;-0,16139;-0,00296
266,12803;-0,16122;-0,00325
266,13800;-0,16105;-0,00307
266,14800;-0,16088;-0,00317
266,15803;-0,16071;-0,00306
266,16800;-0,16054;-0,00302
266,17800;-0,16037;-0,00314
266,18803;-0,16020;-0,00291
266,19800;-0,16003;-0,00333
266,20800;-0,15986;-0,00279
266,21803;-0,15969;-0,00322
266,22803;-0,15952;-0,00289
266,23800;-0,15935;-0,00315
266,24803;-0,15918;-0,00287
266,25803;-0,15901;-0,00314
266,26800;-0,15884;-0,00291
266,27800;-0,15867;-0,00294
266,28803;-0,15850;-0,00302
266,29800;-0,15827;-0,00278
266,30800;-0,15810;-0,00313
266,31803;-0,15793;-0,00280
266,32800;-0,15776;-0,00326
266,33800;-0,15759;-0,00276
266,34803;-0,15742;-0,00314
266,35800;-0,15725;-0,00284
266,36800;-0,15708;-0,00304
266,37803;-0,15697;-0,00282
266,38800;-0,15680;-0,00300
266,39800;-0,15663;-0,00296
266,40803;-0,15646;-0,00288
266,41800;-0,15629;-0,00318
266,42800;-0,15612;-0,00279
266,43803;-0,15595;-0,00326
266,44800;-0,15578;-0,00270
266,45800;-0,15561;-0,00315
266,46803;-0,15544;-0,00269
266,47803;-0,15527;-0,00303
266,48800;-0,15510;-0,00283
266,49803;-0,15498;-0,00304
266,50803;-0,15481;-0,00291
266,51800;-0,15464;-0,00296
266,52800;-0,15447;-0,00298
266,53803;-0,15436;-0,00279
266,54800;-0,15419;-0,00300
266,55800;-0,15402;-0,00268
266,56803;-0,15385;-0,00297
266,57800;-0,15368;-0,00270
266,58800;-0,15351;-0,00305
266,59803;-0,15334;-0,00269
266,60800;-0,15317;-0,00302
266,61800;-0,15300;-0,00269
266,62803;-0,15283;-0,00301
266,63800;-0,15266;-0,00284
266,64800;-0,15249;-0,00292
266,65803;-0,15232;-0,00276
266,66800;-0,15215;-0,00288
266,67800;-0,15204;-0,00290
266,68803;-0,15187;-0,00273
266,69800;-0,15170;-0,00296
266,70800;-0,15153;-0,00263
266,71803;-0,15136;-0,00298
266,72803;-0,15119;-0,00267
266,73800;-0,15102;-0,00299
266,74803;-0,15085;-0,00246
266,75803;-0,15068;-0,00297
266,76800;-0,15051;-0,00263
266,77800;-0,15034;-0,00295
266,78803;-0,15022;-0,00266
266,79800;-0,15000;-0,00278
266,80800;-0,14983;-0,00267
266,81803;-0,14971;-0,00272
266,82800;-0,14954;-0,00288
266,83800;-0,14937;-0,00255
266,84803;-0,14920;-0,00291
266,85800;-0,14903;-0,00260
266,86800;-0,14886;-0,00295
266,87803;-0,14869;-0,00251
266,88800;-0,14852;-0,00286
266,89800;-0,14835;-0,00241
266,90803;-0,14818;-0,00281
266,91800;-0,14801;-0,00258
266,92800;-0,14784;-0,00263
266,93803;-0,14767;-0,00273
266,94800;-0,14750;-0,00259
266,95800;-0,14728;-0,00274
266,96803;-0,14711;-0,00250
266,97803;-0,14694;-0,00281
266,98800;-0,14677;-0,00235
266,99803;-0,14660;-0,00290
267,00803;-0,14643;-0,00241
267,01800;-0,14626;-0,00284
267,02800;-0,14614;-0,00246
267,03803;-0,14597;-0,00275
267,04800;-0,14580;-0,00252
267,05800;-0,14563;-0,00254
267,06803;-0,14546;-0,00257
267,07800;-0,14529;-0,00242
267,08800;-0,14512;-0,00261
267,09803;-0,14495;-0,00245
267,10800;-0,14478;-0,00274
267,11800;-0,14461;-0,00233
267,12803;-0,14444;-0,00288
267,13800;-0,14427;-0,00233
267,14800;-0,14410;-0,00279
267,15803;-0,14393;-0,00244
267,16800;-0,14376;-0,00259
267,17800;-0,14365;-0,00242
267,18803;-0,14348;-0,00256
267,19800;-0,14331;-0,00245
267,20800;-0,14314;-0,00242
267,21803;-0,14297;-0,00263
267,22803;-0,14280;-0,00222
267,23800;-0,14263;-0,00277
267,24803;-0,14246;-0,00224
267,25803;-0,14229;-0,00270
267,26800;-0,14212;-0,00223
267,27800;-0,14195;-0,00253
267,28803;-0,14178;-0,00220
267,29800;-0,14161;-0,00249
267,30800;-0,14144;-0,00232
267,31803;-0,14133;-0,00243
267,32800;-0,14116;-0,00249
267,33800;-0,14099;-0,00239
267,34803;-0,14082;-0,00256
267,35800;-0,14065;-0,00225
267,36800;-0,14053;-0,00260
267,37803;-0,14036;-0,00211
267,38800;-0,14019;-0,00257
267,39800;-0,14002;-0,00213
267,40803;-0,13985;-0,00244
267,41800;-0,13968;-0,00221
267,42800;-0,13951;-0,00251
267,43803;-0,13934;-0,00222
267,44800;-0,13917;-0,00238
267,45800;-0,13900;-0,00233
267,46803;-0,13883;-0,00225
267,47803;-0,13866;-0,00252
267,48800;-0,13849;-0,00204
267,49803;-0,13832;-0,00259
267,50803;-0,13815;-0,00206
267,51800;-0,13798;-0,00259
267,52800;-0,13781;-0,00214
267,53803;-0,13764;-0,00241
267,54800;-0,13747;-0,00208
267,55800;-0,13725;-0,00230
267,56803;-0,13708;-0,00223
267,57800;-0,13691;-0,00219
267,58800;-0,13674;-0,00241
267,59803;-0,13657;-0,00199
267,60800;-0,13640;-0,00250
267,61800;-0,13623;-0,00203
267,62803;-0,13611;-0,00250
267,63800;-0,13594;-0,00195
267,64800;-0,13577;-0,00243
267,65803;-0,13560;-0,00205
267,66800;-0,13549;-0,00243
267,67800;-0,13532;-0,00216
267,68803;-0,13515;-0,00213
267,69800;-0,13498;-0,00216
267,70800;-0,13481;-0,00210
267,71803;-0,13464;-0,00230
267,72803;-0,13453;-0,00199
267,73800;-0,13436;-0,00234
267,74803;-0,13413;-0,00203
267,75803;-0,13402;-0,00241
267,76800;-0,13385;-0,00207
267,77800;-0,13368;-0,00229
267,78803;-0,13351;-0,00193
267,79800;-0,13334;-0,00229
267,80800;-0,13317;-0,00214
267,81803;-0,13305;-0,00217
267,82800;-0,13288;-0,00216
267,83800;-0,13271;-0,00210
267,84803;-0,13254;-0,00228
267,85800;-0,13237;-0,00215
267,86800;-0,13220;-0,00225
267,87803;-0,13203;-0,00194
267,88800;-0,13186;-0,00222
267,89800;-0,13169;-0,00201
267,90803;-0,13152;-0,00228
267,91800;-0,13135;-0,00203
267,92800;-0,13118;-0,00220
267,93803;-0,13101;-0,00206
267,94800;-0,13084;-0,00218
267,95800;-0,13067;-0,00210
267,96803;-0,13050;-0,00203
267,97803;-0,13033;-0,00215
267,98800;-0,13016;-0,00196
267,99803;-0,12999;-0,00218
268,00803;-0,12988;-0,00199
268,01800;-0,12971;-0,00219
268,02800;-0,12954;-0,00195
268,03803;-0,12937;-0,00220
268,04800;-0,12920;-0,00200
268,05800;-0,12903;-0,00205
268,06803;-0,12886;-0,00197
268,07800;-0,12863;-0,00198
268,08800;-0,12846;-0,00200
268,09803;-0,12835;-0,00195
268,10800;-0,12812;-0,00220
268,11800;-0,12801;-0,00188
268,12803;-0,12784;-0,00214
268,13800;-0,12767;-0,00191
268,14800;-0,12750;-0,00209
268,15803;-0,12733;-0,00188
268,16800;-0,12716;-0,00208
268,17800;-0,12699;-0,00184
268,18803;-0,12682;-0,00199
268,19800;-0,12665;-0,00197
268,20800;-0,12648;-0,00194
268,21803;-0,12631;-0,00198
268,22803;-0,12608;-0,00183
268,23800;-0,12591;-0,00200
268,24803;-0,12574;-0,00187
268,25803;-0,12557;-0,00208
268,26800;-0,12540;-0,00171
268,27800;-0,12523;-0,00206
268,28803;-0,12506;-0,00173
268,29800;-0,12489;-0,00201
268,30800;-0,12478;-0,00172
268,31803;-0,12461;-0,00197
268,32800;-0,12444;-0,00182
268,33800;-0,12433;-0,00202
268,34803;-0,12416;-0,00187
268,35800;-0,12399;-0,00171
268,36800;-0,12382;-0,00189
268,37803;-0,12365;-0,00165
268,38800;-0,12348;-0,00190
268,39800;-0,12325;-0,00164
268,40803;-0,12308;-0,00192
268,41800;-0,12291;-0,00166
268,42800;-0,12280;-0,00206
268,43803;-0,12263;-0,00173
268,44800;-0,12246;-0,00187
268,45800;-0,12229;-0,00171
268,46803;-0,12217;-0,00176
268,47803;-0,12200;-0,00180
268,48800;-0,12183;-0,00164
268,49803;-0,12166;-0,00184
268,50803;-0,12149;-0,00161
268,51800;-0,12132;-0,00195
268,52800;-0,12115;-0,00172
268,53803;-0,12098;-0,00199
268,54800;-0,12081;-0,00162
268,55800;-0,12064;-0,00190
268,56803;-0,12053;-0,00172
268,57800;-0,12036;-0,00177
268,58800;-0,12019;-0,00172
268,59803;-0,12002;-0,00172
268,60800;-0,11985;-0,00171
268,61800;-0,11974;-0,00170
268,62803;-0,11957;-0,00190
268,63800;-0,11940;-0,00151
268,64800;-0,11923;-0,00186
268,65803;-0,11906;-0,00162
268,66800;-0,11894;-0,00172
268,67800;-0,11877;-0,00166
268,68803;-0,11860;-0,00173
268,69800;-0,11838;-0,00165
268,70800;-0,11826;-0,00167
268,71803;-0,11809;-0,00182
268,72803;-0,11787;-0,00163
268,73800;-0,11770;-0,00182
268,74803;-0,11753;-0,00159
268,75803;-0,11736;-0,00177
268,76800;-0,11719;-0,00158
268,77800;-0,11702;-0,00176
268,78803;-0,11685;-0,00156
268,79800;-0,11673;-0,00169
268,80800;-0,11656;-0,00170
268,81803;-0,11634;-0,00167
268,82800;-0,11617;-0,00180
268,83800;-0,11600;-0,00169
268,84803;-0,11583;-0,00180
268,85800;-0,11566;-0,00163
268,86800;-0,11549;-0,00187
268,87803;-0,11532;-0,00155
268,88800;-0,11515;-0,00178
268,89800;-0,11492;-0,00144
268,90803;-0,11475;-0,00172
268,91800;-0,11458;-0,00147
268,92800;-0,11441;-0,00163
268,93803;-0,11424;-0,00156
268,94800;-0,11413;-0,00158
268,95800;-0,11396;-0,00168
268,96803;-0,11384;-0,00161
268,97803;-0,11367;-0,00171
268,98800;-0,11350;-0,00148
268,99803;-0,11333;-0,00170
269,00803;-0,11316;-0,00152
269,01800;-0,11299;-0,00173
269,02800;-0,11282;-0,00146
269,03803;-0,11265;-0,00170
269,04800;-0,11248;-0,00148
269,05800;-0,11231;-0,00165
269,06803;-0,11214;-0,00165
269,07800;-0,11197;-0,00155
269,08800;-0,11186;-0,00159
269,09803;-0,11169;-0,00151
269,10800;-0,11152;-0,00165
269,11800;-0,11141;-0,00140
269,12803;-0,11124;-0,00167
269,13800;-0,11107;-0,00143
269,14800;-0,11090;-0,00175
269,15803;-0,11073;-0,00154
269,16800;-0,11056;-0,00161
269,17800;-0,11039;-0,00149
269,18803;-0,11022;-0,00153
269,19800;-0,11005;-0,00151
269,20800;-0,10988;-0,00154
269,21803;-0,10971;-0,00150
269,22803;-0,10954;-0,00149
269,23800;-0,10937;-0,00176
269,24803;-0,10920;-0,00152
269,25803;-0,10903;-0,00172
269,26800;-0,10886;-0,00152
269,27800;-0,10869;-0,00161
269,28803;-0,10852;-0,00147
269,29800;-0,10835;-0,00155
269,30800;-0,10818;-0,00139
269,31803;-0,10801;-0,00152
269,32800;-0,10789;-0,00145
269,33800;-0,10772;-0,00150
269,34803;-0,10755;-0,00150
269,35800;-0,10738;-0,00150
269,36800;-0,10716;-0,00155
269,37803;-0,10704;-0,00149
269,38800;-0,10687;-0,00152
269,39800;-0,10670;-0,00144
269,40803;-0,10653;-0,00150
269,41800;-0,10636;-0,00140
269,42800;-0,10619;-0,00160
269,43803;-0,10602;-0,00137
269,44800;-0,10591;-0,00162
269,45800;-0,10568;-0,00143
269,46803;-0,10557;-0,00153
269,47803;-0,10534;-0,00148
269,48800;-0,10517;-0,00158
269,49803;-0,10500;-0,00147
269,50803;-0,10483;-0,00153
269,51800;-0,10466;-0,00156
269,52800;-0,10449;-0,00147
269,53803;-0,10432;-0,00154
269,54800;-0,10415;-0,00133
269,55800;-0,10398;-0,00159
269,56803;-0,10376;-0,00130
269,57800;-0,10359;-0,00169
269,58800;-0,10347;-0,00148
269,59803;-0,10330;-0,00154
269,60800;-0,10313;-0,00138
269,61800;-0,10296;-0,00163
269,62803;-0,10279;-0,00134
269,63800;-0,10262;-0,00153
269,64800;-0,10245;-0,00151
269,65803;-0,10228;-0,00132
269,66800;-0,10211;-0,00162
269,67800;-0,10194;-0,00133
269,68803;-0,10177;-0,00152
269,69800;-0,10160;-0,00127
269,70800;-0,10143;-0,00155
269,71803;-0,10126;-0,00128
269,72803;-0,10109;-0,00156
269,73800;-0,10098;-0,00136
269,74803;-0,10081;-0,00147
269,75803;-0,10064;-0,00141
269,76800;-0,10047;-0,00140
269,77800;-0,10030;-0,00147
269,78803;-0,10013;-0,00123
269,79800;-0,09996;-0,00154
269,80800;-0,09979;-0,00128
269,81803;-0,09962;-0,00165
269,82800;-0,09945;-0,00132
269,83800;-0,09928;-0,00154
269,84803;-0,09911;-0,00128
269,85800;-0,09900;-0,00152
269,86800;-0,09883;-0,00138
269,87803;-0,09866;-0,00148
269,88800;-0,09849;-0,00148
269,89800;-0,09832;-0,00145
269,90803;-0,09815;-0,00155
269,91800;-0,09798;-0,00133
269,92800;-0,09781;-0,00145
269,93803;-0,09769;-0,00115
269,94800;-0,09752;-0,00146
269,95800;-0,09735;-0,00127
269,96803;-0,09718;-0,00152
269,97803;-0,09701;-0,00131
269,98800;-0,09690;-0,00146
269,99803;-0,09673;-0,00135
270,00803;-0,09656;-0,00143
270,01800;-0,09639;-0,00139
270,02800;-0,09616;-0,00128
270,03803;-0,09605;-0,00144
270,04800;-0,09588;-0,00134
270,05800;-0,09571;-0,00148
270,06803;-0,09554;-0,00131
270,07800;-0,09537;-0,00140
270,08800;-0,09520;-0,00125
270,09803;-0,09503;-0,00139
270,10800;-0,09486;-0,00128
270,11800;-0,09469;-0,00136
270,12803;-0,09452;-0,00136
270,13800;-0,09435;-0,00134
270,14800;-0,09418;-0,00149
270,15803;-0,09401;-0,00138
270,16800;-0,09378;-0,00149
270,17800;-0,09361;-0,00128
270,18803;-0,09344;-0,00137
270,19800;-0,09327;-0,00121
270,20800;-0,09310;-0,00138
270,21803;-0,09293;-0,00124
270,22803;-0,09276;-0,00140
270,23800;-0,09259;-0,00136
270,24803;-0,09242;-0,00138
270,25803;-0,09231;-0,00148
270,26800;-0,09214;-0,00131
270,27800;-0,09197;-0,00143
270,28803;-0,09180;-0,00127
270,29800;-0,09169;-0,00142
270,30800;-0,09152;-0,00122
270,31803;-0,09129;-0,00135
270,32800;-0,09112;-0,00112
270,33800;-0,09095;-0,00131
270,34803;-0,09078;-0,00117
270,35800;-0,09061;-0,00127
270,36800;-0,09050;-0,00131
270,37803;-0,09033;-0,00120
270,38800;-0,09016;-0,00138
270,39800;-0,08999;-0,00127
270,40803;-0,08982;-0,00147
270,41800;-0,08965;-0,00117
270,42800;-0,08948;-0,00136
270,43803;-0,08931;-0,00107
270,44800;-0,08914;-0,00123
270,45800;-0,08897;-0,00120
270,46803;-0,08880;-0,00124
270,47803;-0,08863;-0,00121
270,48800;-0,08846;-0,00136
270,49803;-0,08829;-0,00129
270,50803;-0,08812;-0,00125
270,51800;-0,08795;-0,00137
270,52800;-0,08778;-0,00106
270,53803;-0,08761;-0,00134
270,54800;-0,08744;-0,00119
270,55800;-0,08727;-0,00126
270,56803;-0,08710;-0,00126
270,57800;-0,08698;-0,00126
270,58800;-0,08681;-0,00131
270,59803;-0,08664;-0,00129
270,60800;-0,08647;-0,00129
270,61800;-0,08630;-0,00117
270,62803;-0,08613;-0,00127
270,63800;-0,08596;-0,00110
270,64800;-0,08585;-0,00135
270,65803;-0,08568;-0,00115
270,66800;-0,08551;-0,00131
270,67800;-0,08528;-0,00122
270,68803;-0,08517;-0,00131
270,69800;-0,08500;-0,00122
270,70800;-0,08483;-0,00119
270,71803;-0,08466;-0,00120
270,72803;-0,08449;-0,00120
270,73800;-0,08432;-0,00124
270,74803;-0,08421;-0,00114
270,75803;-0,08404;-0,00137
270,76800;-0,08387;-0,00114
270,77800;-0,08370;-0,00128
270,78803;-0,08347;-0,00107
270,79800;-0,08336;-0,00123
270,80800;-0,08319;-0,00118
270,81803;-0,08296;-0,00127
270,82800;-0,08279;-0,00111
270,83800;-0,08262;-0,00124
270,84803;-0,08245;-0,00123
270,85800;-0,08228;-0,00134
270,86800;-0,08211;-0,00124
270,87803;-0,08194;-0,00115
270,88800;-0,08177;-0,00130
270,89800;-0,08160;-0,00110
270,90803;-0,08149;-0,00128
270,91800;-0,08132;-0,00113
270,92800;-0,08115;-0,00119
270,93803;-0,08098;-0,00116
270,94800;-0,08081;-0,00137
270,95800;-0,08064;-0,00102
270,96803;-0,08047;-0,00116
270,97803;-0,08030;-0,00105
270,98800;-0,08013;-0,00111
270,99803;-0,07996;-0,00119
271,00803;-0,07979;-0,00119
271,01800;-0,07962;-0,00125
271,02800;-0,07945;-0,00117
271,03803;-0,07933;-0,00131
271,04800;-0,07916;-0,00107
271,05800;-0,07899;-0,00118
271,06803;-0,07882;-0,00104
271,07800;-0,07865;-0,00118
271,08800;-0,07848;-0,00111
271,09803;-0,07831;-0,00128
271,10800;-0,07814;-0,00115
271,11800;-0,07797;-0,00117
271,12803;-0,07780;-0,00115
271,13800;-0,07769;-0,00102
271,14800;-0,07752;-0,00125
271,15803;-0,07735;-0,00115
271,16800;-0,07718;-0,00122
271,17800;-0,07701;-0,00111
271,18803;-0,07684;-0,00125
271,19800;-0,07667;-0,00108
271,20800;-0,07656;-0,00120
271,21803;-0,07639;-0,00100
271,22803;-0,07622;-0,00111
271,23800;-0,07605;-0,00107
271,24803;-0,07588;-0,00117
271,25803;-0,07571;-0,00116
271,26800;-0,07554;-0,00099
271,27800;-0,07537;-0,00120
271,28803;-0,07520;-0,00111
271,29800;-0,07503;-0,00118
271,30800;-0,07486;-0,00106
271,31803;-0,07469;-0,00100
271,32800;-0,07452;-0,00105
271,33800;-0,07435;-0,00124
271,34803;-0,07418;-0,00107
271,35800;-0,07401;-0,00115
271,36800;-0,07384;-0,00115
271,37803;-0,07367;-0,00101
271,38800;-0,07350;-0,00126
271,39800;-0,07333;-0,00099
271,40803;-0,07316;-0,00099
271,41800;-0,07299;-0,00104
271,42800;-0,07282;-0,00114
271,43803;-0,07265;-0,00105
271,44800;-0,07248;-0,00121
271,45800;-0,07225;-0,00107
271,46803;-0,07214;-0,00098
271,47803;-0,07191;-0,00105
271,48800;-0,07174;-0,00097
271,49803;-0,07163;-0,00102
271,50803;-0,07146;-0,00098
271,51800;-0,07129;-0,00111
271,52800;-0,07112;-0,00102
271,53803;-0,07095;-0,00117
271,54800;-0,07078;-0,00106
271,55800;-0,07066;-0,00112
271,56803;-0,07049;-0,00104
271,57800;-0,07032;-0,00112
271,58800;-0,07015;-0,00099
271,59803;-0,06998;-0,00104
271,60800;-0,06981;-0,00102
271,61800;-0,06964;-0,00097
271,62803;-0,06947;-0,00115
271,63800;-0,06930;-0,00102
271,64800;-0,06913;-0,00103
271,65803;-0,06896;-0,00106
271,66800;-0,06879;-0,00118
271,67800;-0,06862;-0,00092
271,68803;-0,06845;-0,00118
271,69800;-0,06828;-0,00099
271,70800;-0,06811;-0,00096
271,71803;-0,06794;-0,00104
271,72803;-0,06777;-0,00092
271,73800;-0,06760;-0,00100
271,74803;-0,06743;-0,00096
271,75803;-0,06726;-0,00118
271,76800;-0,06709;-0,00093
271,77800;-0,06692;-0,00126
271,78803;-0,06675;-0,00093
271,79800;-0,06664;-0,00113
271,80800;-0,06647;-0,00087
271,81803;-0,06630;-0,00105
271,82800;-0,06613;-0,00088
271,83800;-0,06596;-0,00100
271,84803;-0,06579;-0,00112
271,85800;-0,06562;-0,00084
271,86800;-0,06545;-0,00131
271,87803;-0,06528;-0,00087
271,88800;-0,06517;-0,00121
271,89800;-0,06500;-0,00079
271,90803;-0,06483;-0,00122
271,91800;-0,06466;-0,00067
271,92800;-0,06449;-0,00126
271,93803;-0,06432;-0,00093
271,94800;-0,06420;-0,00114
271,95800;-0,06403;-0,00119
271,96803;-0,06386;-0,00096
271,97803;-0,06369;-0,00115
271,98800;-0,06352;-0,00083
271,99803;-0,06335;-0,00119
272,00803;-0,06318;-0,00067
272,01800;-0,06307;-0,00131
272,02800;-0,06290;-0,00076
272,03803;-0,06273;-0,00127
272,04800;-0,06256;-0,00090
272,05800;-0,06239;-0,00118
272,06803;-0,06222;-0,00086
272,07800;-0,06205;-0,00110
272,08800;-0,06188;-0,00107
272,09803;-0,06171;-0,00086
272,10800;-0,06154;-0,00116
272,11800;-0,06137;-0,00078
272,12803;-0,06114;-0,00113
272,13800;-0,06097;-0,00083
272,14800;-0,06080;-0,00128
272,15803;-0,06063;-0,00061
272,16800;-0,06046;-0,00122
272,17800;-0,06029;-0,00071
272,18803;-0,06012;-0,00108
272,19800;-0,05995;-0,00096
272,20800;-0,05984;-0,00098
272,21803;-0,05967;-0,00089
272,22803;-0,05950;-0,00100
272,23800;-0,05933;-0,00105
272,24803;-0,05916;-0,00077
272,25803;-0,05899;-0,00123
272,26800;-0,05876;-0,00058
272,27800;-0,05859;-0,00122
272,28803;-0,05842;-0,00070
272,29800;-0,05831;-0,00116
272,30800;-0,05814;-0,00061
272,31803;-0,05797;-0,00108
272,32800;-0,05780;-0,00080
272,33800;-0,05763;-0,00092
272,34803;-0,05752;-0,00097
272,35800;-0,05735;-0,00078
272,36800;-0,05718;-0,00096
272,37803;-0,05701;-0,00082
272,38800;-0,05684;-0,00107
272,39800;-0,05667;-0,00060
272,40803;-0,05650;-0,00117
272,41800;-0,05633;-0,00061
272,42800;-0,05616;-0,00107
272,43803;-0,05599;-0,00079
272,44800;-0,05582;-0,00093
272,45800;-0,05565;-0,00082
272,46803;-0,05553;-0,00097
272,47803;-0,05536;-0,00101
272,48800;-0,05519;-0,00073
272,49803;-0,05502;-0,00114
272,50803;-0,05485;-0,00063
272,51800;-0,05474;-0,00096
272,52800;-0,05457;-0,00075
272,53803;-0,05440;-0,00102
272,54800;-0,05423;-0,00071
272,55800;-0,05406;-0,00105
272,56803;-0,05389;-0,00075
272,57800;-0,05372;-0,00091
272,58800;-0,05355;-0,00090
272,59803;-0,05338;-0,00068
272,60800;-0,05321;-0,00087
272,61800;-0,05304;-0,00082
272,62803;-0,05287;-0,00101
272,63800;-0,05270;-0,00072
272,64800;-0,05253;-0,00112
272,65803;-0,05236;-0,00075
272,66800;-0,05219;-0,00095
272,67800;-0,05202;-0,00086
272,68803;-0,05185;-0,00088
272,69800;-0,05168;-0,00079
272,70800;-0,05151;-0,00088
272,71803;-0,05134;-0,00092
272,72803;-0,05117;-0,00080
272,73800;-0,05100;-0,00102
272,74803;-0,05083;-0,00074
272,75803;-0,05066;-0,00102
272,76800;-0,05049;-0,00087
272,77800;-0,05032;-0,00102
272,78803;-0,05015;-0,00083
272,79800;-0,04998;-0,00099
272,80800;-0,04981;-0,00084
272,81803;-0,04964;-0,00087
272,82800;-0,04947;-0,00096
272,83800;-0,04930;-0,00086
272,84803;-0,04913;-0,00100
272,85800;-0,04902;-0,00086
272,86800;-0,04885;-0,00100
272,87803;-0,04868;-0,00074
272,88800;-0,04851;-0,00096
272,89800;-0,04834;-0,00072
272,90803;-0,04817;-0,00090
272,91800;-0,04800;-0,00085
272,92800;-0,04783;-0,00087
272,93803;-0,04766;-0,00086
272,94800;-0,04749;-0,00086
272,95800;-0,04732;-0,00108
272,96803;-0,04715;-0,00082
272,97803;-0,04698;-0,00103
272,98800;-0,04681;-0,00073
272,99803;-0,04664;-0,00095
273,00803;-0,04647;-0,00074
273,01800;-0,04630;-0,00094
273,02800;-0,04613;-0,00073
273,03803;-0,04596;-0,00089
273,04800;-0,04579;-0,00090
273,05800;-0,04562;-0,00083
273,06803;-0,04545;-0,00096
273,07800;-0,04528;-0,00069
273,08800;-0,04511;-0,00090
273,09803;-0,04494;-0,00077
273,10800;-0,04477;-0,00099
273,11800;-0,04460;-0,00066
273,12803;-0,04448;-0,00096
273,13800;-0,04431;-0,00085
273,14800;-0,04414;-0,00093
273,15803;-0,04397;-0,00092
273,16800;-0,04386;-0,00079
273,17800;-0,04369;-0,00089
273,18803;-0,04352;-0,00079
273,19800;-0,04335;-0,00090
273,20800;-0,04318;-0,00065
273,21803;-0,04301;-0,00092
273,22803;-0,04290;-0,00070
273,23800;-0,04273;-0,00102
273,24803;-0,04256;-0,00076
273,25803;-0,04239;-0,00091
273,26800;-0,04222;-0,00080
273,27800;-0,04205;-0,00083
273,28803;-0,04188;-0,00082
273,29800;-0,04171;-0,00082
273,30800;-0,04154;-0,00095
273,31803;-0,04137;-0,00071
273,32800;-0,04120;-0,00098
273,33800;-0,04108;-0,00071
273,34803;-0,04091;-0,00098
273,35800;-0,04074;-0,00073
273,36800;-0,04057;-0,00097
273,37803;-0,04040;-0,00068
273,38800;-0,04018;-0,00078
273,39800;-0,04001;-0,00092
273,40803;-0,03984;-0,00062
273,41800;-0,03967;-0,00094
273,42800;-0,03950;-0,00058
273,43803;-0,03933;-0,00094
273,44800;-0,03916;-0,00063
273,45800;-0,03899;-0,00113
273,46803;-0,03882;-0,00060
273,47803;-0,03865;-0,00100
273,48800;-0,03848;-0,00073
273,49803;-0,03836;-0,00080
273,50803;-0,03819;-0,00076
273,51800;-0,03802;-0,00065
273,52800;-0,03785;-0,00081
273,53803;-0,03768;-0,00061
273,54800;-0,03751;-0,00109
273,55800;-0,03734;-0,00056
273,56803;-0,03717;-0,00105
273,57800;-0,03700;-0,00067
273,58800;-0,03683;-0,00094
273,59803;-0,03666;-0,00067
273,60800;-0,03649;-0,00085
273,61800;-0,03632;-0,00064
273,62803;-0,03621;-0,00076
273,63800;-0,03604;-0,00095
273,64800;-0,03587;-0,00058
273,65803;-0,03570;-0,00095
273,66800;-0,03553;-0,00067
273,67800;-0,03536;-0,00089
273,68803;-0,03519;-0,00066
273,69800;-0,03502;-0,00094
273,70800;-0,03485;-0,00050
273,71803;-0,03468;-0,00090
273,72803;-0,03451;-0,00066
273,73800;-0,03434;-0,00083
273,74803;-0,03417;-0,00071
273,75803;-0,03400;-0,00080
273,76800;-0,03383;-0,00080
273,77800;-0,03366;-0,00072
273,78803;-0,03355;-0,00087
273,79800;-0,03338;-0,00068
273,80800;-0,03321;-0,00084
273,81803;-0,03304;-0,00077
273,82800;-0,03287;-0,00083
273,83800;-0,03270;-0,00060
273,84803;-0,03253;-0,00088
273,85800;-0,03236;-0,00059
273,86800;-0,03219;-0,00080
273,87803;-0,03202;-0,00068
273,88800;-0,03185;-0,00071
273,89800;-0,03168;-0,00073
273,90803;-0,03151;-0,00063
273,91800;-0,03134;-0,00068
273,92800;-0,03117;-0,00065
273,93803;-0,03100;-0,00078
273,94800;-0,03083;-0,00067
273,95800;-0,03066;-0,00083
273,96803;-0,03049;-0,00076
273,97803;-0,03037;-0,00082
273,98800;-0,03020;-0,00070
273,99803;-0,03003;-0,00080
274,00803;-0,02986;-0,00061
274,01800;-0,02969;-0,00061
274,02800;-0,02952;-0,00079
274,03803;-0,02935;-0,00070
274,04800;-0,02918;-0,00081
274,05800;-0,02901;-0,00084
274,06803;-0,02884;-0,00071
274,07800;-0,02867;-0,00074
274,08800;-0,02850;-0,00075
274,09803;-0,02833;-0,00075
274,10800;-0,02816;-0,00059
274,11800;-0,02799;-0,00083
274,12803;-0,02782;-0,00056
274,13800;-0,02765;-0,00075
274,14800;-0,02748;-0,00071
274,15803;-0,02737;-0,00071
274,16800;-0,02720;-0,00072
274,17800;-0,02703;-0,00078
274,18803;-0,02686;-0,00071
274,19800;-0,02669;-0,00060
274,20800;-0,02652;-0,00078
274,21803;-0,02635;-0,00058
274,22803;-0,02618;-0,00082
274,23800;-0,02601;-0,00056
274,24803;-0,02584;-0,00080
274,25803;-0,02567;-0,00057
274,26800;-0,02550;-0,00081
274,27800;-0,02533;-0,00059
274,28803;-0,02516;-0,00065
274,29800;-0,02499;-0,00062
274,30800;-0,02482;-0,00074
274,31803;-0,02465;-0,00062
274,32800;-0,02448;-0,00061
274,33800;-0,02431;-0,00077
274,34803;-0,02414;-0,00047
274,35800;-0,02397;-0,00083
274,36800;-0,02380;-0,00048
274,37803;-0,02363;-0,00070
274,38800;-0,02346;-0,00052
274,39800;-0,02329;-0,00077
274,40803;-0,02312;-0,00049
274,41800;-0,02295;-0,00075
274,42800;-0,02278;-0,00059
274,43803;-0,02261;-0,00073
274,44800;-0,02250;-0,00064
274,45800;-0,02233;-0,00058
274,46803;-0,02216;-0,00068
274,47803;-0,02204;-0,00059
274,48800;-0,02187;-0,00080
274,49803;-0,02170;-0,00056
274,50803;-0,02153;-0,00074
274,51800;-0,02136;-0,00048
274,52800;-0,02119;-0,00071
274,53803;-0,02102;-0,00043
274,54800;-0,02085;-0,00074
274,55800;-0,02068;-0,00046
274,56803;-0,02051;-0,00067
274,57800;-0,02034;-0,00067
274,58800;-0,02017;-0,00052
274,59803;-0,02000;-0,00066
274,60800;-0,01989;-0,00044
274,61800;-0,01972;-0,00070
274,62803;-0,01955;-0,00046
274,63800;-0,01938;-0,00075
274,64800;-0,01921;-0,00038
274,65803;-0,01898;-0,00084
274,66800;-0,01881;-0,00054
274,67800;-0,01864;-0,00074
274,68803;-0,01847;-0,00054
274,69800;-0,01830;-0,00053
274,70800;-0,01813;-0,00071
274,71803;-0,01796;-0,00047
274,72803;-0,01779;-0,00067
274,73800;-0,01762;-0,00040
274,74803;-0,01745;-0,00073
274,75803;-0,01728;-0,00043
274,76800;-0,01711;-0,00083
274,77800;-0,01694;-0,00036
274,78803;-0,01677;-0,00057
274,79800;-0,01660;-0,00056
274,80800;-0,01643;-0,00049
274,81803;-0,01626;-0,00058
274,82800;-0,01609;-0,00046
274,83800;-0,01598;-0,00068
274,84803;-0,01581;-0,00046
274,85800;-0,01564;-0,00079
274,86800;-0,01547;-0,00041
274,87803;-0,01530;-0,00072
274,88800;-0,01513;-0,00037
274,89800;-0,01496;-0,00062
274,90803;-0,01485;-0,00051
274,91800;-0,01468;-0,00059
274,92800;-0,01451;-0,00054
274,93803;-0,01434;-0,00044
274,94800;-0,01417;-0,00062
274,95800;-0,01400;-0,00038
274,96803;-0,01383;-0,00066
274,97803;-0,01366;-0,00045
274,98800;-0,01349;-0,00062
274,99803;-0,01332;-0,00031
275,00803;-0,01315;-0,00073
275,01800;-0,01298;-0,00034
275,02800;-0,01281;-0,00059
275,03803;-0,01264;-0,00054
275,04800;-0,01247;-0,00054
275,05800;-0,01230;-0,00060
275,06803;-0,01213;-0,00062
275,07800;-0,01196;-0,00049
275,08800;-0,01179;-0,00047
275,09803;-0,01162;-0,00068
275,10800;-0,01145;-0,00044
275,11800;-0,01133;-0,00064
275,12803;-0,01116;-0,00041
275,13800;-0,01099;-0,00056
275,14800;-0,01082;-0,00048
275,15803;-0,01065;-0,00070
275,16800;-0,01048;-0,00043
275,17800;-0,01031;-0,00054
275,18803;-0,01009;-0,00051
275,19800;-0,00992;-0,00045
275,20800;-0,00975;-0,00051
275,21803;-0,00958;-0,00052
275,22803;-0,00941;-0,00049
275,23800;-0,00924;-0,00044
275,24803;-0,00912;-0,00074
275,25803;-0,00895;-0,00042
275,26800;-0,00878;-0,00052
275,27800;-0,00867;-0,00059
275,28803;-0,00850;-0,00048
275,29800;-0,00833;-0,00053
275,30800;-0,00816;-0,00046
275,31803;-0,00799;-0,00050
275,32800;-0,00782;-0,00042
275,33800;-0,00765;-0,00064
275,34803;-0,00748;-0,00043
275,35800;-0,00731;-0,00055
275,36800;-0,00714;-0,00050
275,37803;-0,00697;-0,00058
275,38800;-0,00680;-0,00049
275,39800;-0,00663;-0,00047
275,40803;-0,00652;-0,00051
275,41800;-0,00635;-0,00033
275,42800;-0,00618;-0,00061
275,43803;-0,00601;-0,00035
275,44800;-0,00584;-0,00054
275,45800;-0,00567;-0,00042
275,46803;-0,00550;-0,00054
275,47803;-0,00533;-0,00047
275,48800;-0,00516;-0,00048
275,49803;-0,00499;-0,00044
275,50803;-0,00482;-0,00038
275,51800;-0,00465;-0,00060
275,52800;-0,00448;-0,00028
275,53803;-0,00431;-0,00062
275,54800;-0,00414;-0,00033
275,55800;-0,00397;-0,00061
275,56803;-0,00385;-0,00037
275,57800;-0,00368;-0,00055
275,58800;-0,00351;-0,00040
275,59803;-0,00334;-0,00047
275,60800;-0,00317;-0,00049
275,61800;-0,00300;-0,00036
275,62803;-0,00283;-0,00051
275,63800;-0,00266;-0,00035
275,64800;-0,00249;-0,00054
275,65803;-0,00232;-0,00040
275,66800;-0,00215;-0,00060
275,67800;-0,00198;-0,00029
275,68803;-0,00181;-0,00048
275,69800;-0,00164;-0,00039
275,70800;-0,00147;-0,00031
275,71803;-0,00130;-0,00037
275,72803;-0,00113;-0,00043
275,73800;-0,00102;-0,00047
275,74803;-0,00085;-0,00040
275,75803;-0,00068;-0,00059
275,76800;-0,00051;-0,00031
275,77800;-0,00034;-0,00058
275,78803;-0,00023;-0,00022
275,79800;-0,00006;-0,00048
275,80200;0,00000;-0,00030
